exp_name,method,dataset,order,seed,backbone,lr,lr_candidates,loss_selection,best_lr,best_loss,total_search_flops,selection_loss,storage_bytes,tasks,selection_loss_eval_flops,average_incremental_accuracy,final_average_accuracy,average_forgetting,mean_final_accuracy_loss,backward_transfer,worst_forgotten_task,forgetting_mean,forgetting_median,forgetting_std,forgetting_min,forgetting_q25,forgetting_q75,forgetting_max,forgetting_positive_fraction,task_end_seen_accuracy_curve,forgetting_per_task,intransigence,intransigence_mean,final_hidden_neurons,training_runtime_s,training_gpu_ms,initial_task_s,incremental_tasks_total_s,mean_incremental_task_s,median_incremental_task_s,terminal_flops_per_sample,overall_learning_flops,core_training_flops,learning_auxiliary_flops,single_sample_forward_flops,model_parameter_bytes,replay_sample_bytes,replay_label_bytes,auxiliary_bytes,persistent_storage_bytes,persistent_storage_mib,inference_latency_ms_per_sample,peak_allocated_gpu_memory_mib,intransigence_reference_lr,intransigence_reference_file
texture-all-4,ewc,texture,1,52,resnet18_cifar,0.1,"[0.1,0.05,0.01]",last_epoch_train_mean,0.01,0.338444124489899,,,,,,,,,,,,,,,,,,,,,,,,,,,,,,,,,,,,,,,,,,,,,
texture-all-4,ewc,texture,1,52,resnet18_cifar,0.05,"[0.1,0.05,0.01]",last_epoch_train_mean,0.01,0.338444124489899,,1.0082143213739039,44699952,4,0,0.20515609973563206,0.15,0.3517963517963518,0.3517963517963518,-0.3517963517963518,1,0.3517963517963518,0.34615384615384615,0.06933448079444778,0.2698412698412698,0.307997557997558,0.39277389277389274,0.4393939393939394,1.0,"[0.4393939393939394,0.13178294573643412,0.09944751381215469,0.15]","[0.4393939393939394,0.2698412698412698,0.34615384615384615]","[0.5606060606060606,0.7301587301587302,0.6538461538461539,0.38983050847457623]",0.5836103632713803,512,109.61224631099321,109620.138671875,17.60283650299243,92.00940980800078,30.669803269333595,31.299912930990104,919747731448.3307,2318552224487274,2208223941671796,110328282815478,38301453324,44699952,0,0,402338140,447038092,426.3287467956543,0.8401469291735945,10411.79541015625,0.01,
texture-all-4,ewc,texture,1,52,resnet18_cifar,0.01,"[0.1,0.05,0.01]",last_epoch_train_mean,0.01,0.338444124489899,,0.338444124489899,44699952,4,0,0.50433289434237,0.24166666666666667,1.0,1.0,-1.0,1,1.0,1.0,0.0,1.0,1.0,1.0,1.0,1.0,"[1.0,0.4883720930232558,0.287292817679558,0.24166666666666667]","[1.0,1.0,1.0]","[0.0,0.0,0.0,0.016949152542372836]",0.004237288135593209,512,109.3252799819893,109334.9521484375,15.877181283998652,93.44809869799064,31.14936623266355,31.768401797991828,919747731448.3307,2318552224487274,2208223941671796,110328282815478,38301453324,44699952,0,0,402338140,447038092,426.3287467956543,0.7030149041990322,10411.79541015625,0.01,/nobackup/proj/disk/naiss2026-4-902/shared/yizhil/Avalanche/avalanche-master/joint_result_texture-all-4/ewc/order1/joint_texture_ewc__order-1__seed-052.json
texture-all-4,ewc,texture,1,53,resnet18_cifar,0.1,"[0.1,0.05,0.01]",last_epoch_train_mean,0.01,0.3363051347712758,6955656673461822,0.7709417212058894,44699952,4,0,0.30017019416833113,0.18333333333333332,0.5567025567025566,0.5567025567025566,-0.5567025567025566,2,0.5567025567025566,0.5303030303030303,0.18364110061087616,0.34615384615384615,0.4382284382284382,0.6619769119769119,0.7936507936507936,1.0,"[0.5303030303030303,0.3875968992248062,0.09944751381215469,0.18333333333333332]","[0.5303030303030303,0.7936507936507936,0.34615384615384615]","[0.4696969696969697,0.2063492063492064,-0.1923076923076923,0.2542372881355932]",0.18449394296851926,512,111.73530460201437,111744.6953125,16.838700039006653,94.89660456300771,31.63220152100257,31.549973525005043,919747731448.3307,2318552224487274,2208223941671796,110328282815478,38301453324,44699952,0,0,402338140,447038092,426.3287467956543,0.8543836875105626,10411.794921875,0.01,
texture-all-4,ewc,texture,1,53,resnet18_cifar,0.05,"[0.1,0.05,0.01]",last_epoch_train_mean,0.01,0.3363051347712758,6955656673461822,0.6557495091960638,44699952,4,0,0.44436525654203607,0.1875,0.7993487993487993,0.7993487993487993,-0.7993487993487993,1,0.7993487993487993,0.9365079365079365,0.2402702350552685,0.46153846153846156,0.699023199023199,0.9682539682539683,1.0,1.0,"[1.0,0.4573643410852713,0.13259668508287292,0.1875]","[1.0,0.9365079365079365,0.46153846153846156]","[0.0,0.06349206349206349,-0.3076923076923077,0.23728813559322037]",-0.001728027151755962,512,111.63793185600662,111648.0703125,17.08893277500465,94.54899908100197,31.516333027000655,32.31315042100323,919747731448.3307,2318552224487274,2208223941671796,110328282815478,38301453324,44699952,0,0,402338140,447038092,426.3287467956543,0.8682511707471955,10411.79541015625,0.01,
texture-all-4,ewc,texture,1,53,resnet18_cifar,0.01,"[0.1,0.05,0.01]",last_epoch_train_mean,0.01,0.3363051347712758,6955656673461822,0.3363051347712758,44699952,4,0,0.5032912276757034,0.2375,1.0,1.0,-1.0,1,1.0,1.0,0.0,1.0,1.0,1.0,1.0,1.0,"[1.0,0.4883720930232558,0.287292817679558,0.2375]","[1.0,1.0,1.0]","[0.0,0.0,-0.8461538461538461,0.03389830508474578]",-0.2030638852672751,512,111.02205136000703,111029.751953125,16.57510272700165,94.44694863300538,31.48231621100179,31.901239971004543,919747731448.3307,2318552224487274,2208223941671796,110328282815478,38301453324,44699952,0,0,402338140,447038092,426.3287467956543,0.7536407917238345,10411.79541015625,0.01,/nobackup/proj/disk/naiss2026-4-902/shared/yizhil/Avalanche/avalanche-master/joint_result_texture-all-4/ewc/order1/joint_texture_ewc__order-1__seed-053.json
texture-all-4,ewc,texture,1,54,resnet18_cifar,0.1,"[0.1,0.05,0.01]",last_epoch_train_mean,0.01,0.4006582398384933,6955656673461822,0.4573247313994095,44699952,4,0,0.4733005160820592,0.20833333333333334,0.9353886853886854,0.9353886853886854,-0.9353886853886854,1,0.9353886853886854,0.9807692307692307,0.07817123328374906,0.8253968253968254,0.903083028083028,0.9903846153846154,1.0,1.0,"[1.0,0.40310077519379844,0.281767955801105,0.20833333333333334]","[1.0,0.8253968253968254,0.9807692307692307]","[0.0,0.17460317460317465,0.019230769230769273,0.15254237288135597]",0.08659407917882497,512,109.47489849499834,109484.16015625,18.084960489009973,91.38993800598837,30.46331266866279,30.94875019999745,919747731448.3307,2318552224487274,2208223941671796,110328282815478,38301453324,44699952,0,0,402338140,447038092,426.3287467956543,0.8775495500231045,10411.794921875,0.01,
texture-all-4,ewc,texture,1,54,resnet18_cifar,0.05,"[0.1,0.05,0.01]",last_epoch_train_mean,0.01,0.4006582398384933,6955656673461822,0.565254967737,44699952,4,0,0.477830956357874,0.16666666666666666,0.978835978835979,0.978835978835979,-0.978835978835979,1,0.978835978835979,1.0,0.02993044576450995,0.9365079365079365,0.9682539682539683,1.0,1.0,1.0,"[1.0,0.4573643410852713,0.287292817679558,0.16666666666666666]","[1.0,0.9365079365079365,1.0]","[0.0,0.06349206349206349,0.0,0.3220338983050848]",0.09638149044928707,512,109.3631915779988,109371.634765625,16.835102188997553,92.52808938900125,30.84269646300042,31.75970365399553,919747731448.3307,2318552224487274,2208223941671796,110328282815478,38301453324,44699952,0,0,402338140,447038092,426.3287467956543,0.8447156084002927,10411.79541015625,0.01,
texture-all-4,ewc,texture,1,54,resnet18_cifar,0.01,"[0.1,0.05,0.01]",last_epoch_train_mean,0.01,0.4006582398384933,6955656673461822,0.4006582398384933,44699952,4,0,0.5001662276757034,0.225,1.0,1.0,-1.0,1,1.0,1.0,0.0,1.0,1.0,1.0,1.0,1.0,"[1.0,0.4883720930232558,0.287292817679558,0.225]","[1.0,1.0,1.0]","[0.0,0.0,0.0,0.0847457627118644]",0.0211864406779661,512,108.18391861897544,108193.26953125,16.063110422997852,92.12080819597759,30.706936065325863,31.57126182698994,919747731448.3307,2318552224487274,2208223941671796,110328282815478,38301453324,44699952,0,0,402338140,447038092,426.3287467956543,0.8057531541756665,10411.79541015625,0.01,/nobackup/proj/disk/naiss2026-4-902/shared/yizhil/Avalanche/avalanche-master/joint_result_texture-all-4/ewc/order1/joint_texture_ewc__order-1__seed-054.json
texture-all-4,ewc,texture,1,55,resnet18_cifar,0.1,"[0.1,0.05,0.01]",last_epoch_train_mean,0.1,0.3477390086997099,6955656673461822,0.3477390086997099,44699952,4,0,0.32126603387725383,0.24583333333333332,0.7301587301587302,0.7301587301587302,-0.7301587301587302,3,0.7301587301587302,0.8571428571428571,0.28659476325821887,0.3333333333333333,0.5952380952380952,0.9285714285714286,1.0,1.0,"[0.3333333333333333,0.4186046511627907,0.287292817679558,0.24583333333333332]","[0.3333333333333333,0.8571428571428571,1.0]","[0.0,-0.31746031746031744,-0.13461538461538458,-0.016949152542372836]",-0.11725621365451872,512,112.13444581400836,112147.009765625,16.263194318002206,95.87125149600615,31.957083832002052,32.370180882004206,919747731448.3307,2318552224487274,2208223941671796,110328282815478,38301453324,44699952,0,0,402338140,447038092,426.3287467956543,0.8620372124520751,10411.79541015625,0.1,/nobackup/proj/disk/naiss2026-4-902/shared/yizhil/Avalanche/avalanche-master/joint_result_texture-all-4/ewc/order1/joint_texture_ewc__order-1__seed-055.json
texture-all-4,ewc,texture,1,55,resnet18_cifar,0.05,"[0.1,0.05,0.01]",last_epoch_train_mean,0.1,0.3477390086997099,6955656673461822,0.4333819477389957,44699952,4,0,0.453597718317701,0.1625,0.8600936100936102,0.8600936100936102,-0.8600936100936102,1,0.8600936100936102,0.9841269841269841,0.1867460618052582,0.5961538461538461,0.7901404151404151,0.9920634920634921,1.0,1.0,"[1.0,0.4806201550387597,0.1712707182320442,0.1625]","[1.0,0.9841269841269841,0.5961538461538461]","[-0.6666666666666667,-0.4444444444444444,0.2692307692307693,0.3220338983050848]",-0.12996161089381428,512,114.09989837798639,114110.67578125,18.384236118989065,95.71566225899733,31.90522075299911,32.60616050301178,919747731448.3307,2318552224487274,2208223941671796,110328282815478,38301453324,44699952,0,0,402338140,447038092,426.3287467956543,0.8221989541804456,10411.794921875,0.1,
texture-all-4,ewc,texture,1,55,resnet18_cifar,0.01,"[0.1,0.05,0.01]",last_epoch_train_mean,0.1,0.3477390086997099,6955656673461822,0.38937006352848036,44699952,4,0,0.50433289434237,0.24166666666666667,1.0,1.0,-1.0,1,1.0,1.0,0.0,1.0,1.0,1.0,1.0,1.0,"[1.0,0.4883720930232558,0.287292817679558,0.24166666666666667]","[1.0,1.0,1.0]","[-0.6666666666666667,-0.46031746031746035,-0.13461538461538458,0.0]",-0.3153998778998779,512,113.11470548399666,113125.326171875,18.24767687599524,94.86702860800142,31.622342869333806,32.395778852995136,919747731448.3307,2318552224487274,2208223941671796,110328282815478,38301453324,44699952,0,0,402338140,447038092,426.3287467956543,0.8153411666474616,10411.794921875,0.1,
texture-all-4,ewc,texture,1,56,resnet18_cifar,0.1,"[0.1,0.05,0.01]",last_epoch_train_mean,0.1,0.3287611586424325,6955656673461822,0.3287611586424325,44699952,4,0,0.33051990984624613,0.22083333333333333,0.7724867724867724,0.7724867724867724,-0.7724867724867724,3,0.7724867724867724,0.9841269841269841,0.31059598140612005,0.3333333333333333,0.6587301587301587,0.9920634920634921,1.0,1.0,"[0.3333333333333333,0.4806201550387597,0.287292817679558,0.22083333333333333]","[0.3333333333333333,0.9841269841269841,1.0]","[0.6363636363636365,-0.6825396825396826,-0.15384615384615385,0.10169491525423724]",-0.024581821191990677,512,113.1072245160176,113119.962890625,17.975194566999562,95.13202994901803,31.710676649672678,32.33946026400372,919747731448.3307,2318552224487274,2208223941671796,110328282815478,38301453324,44699952,0,0,402338140,447038092,426.3287467956543,0.8577001875285836,10411.79541015625,0.1,/nobackup/proj/disk/naiss2026-4-902/shared/yizhil/Avalanche/avalanche-master/joint_result_texture-all-4/ewc/order1/joint_texture_ewc__order-1__seed-056.json
texture-all-4,ewc,texture,1,56,resnet18_cifar,0.05,"[0.1,0.05,0.01]",last_epoch_train_mean,0.1,0.3287611586424325,6955656673461822,0.7324272013304145,44699952,4,0,0.21580760466673676,0.09583333333333334,0.401986901986902,0.401986901986902,-0.401986901986902,1,0.401986901986902,0.42857142857142855,0.0687576925058995,0.3076923076923077,0.36813186813186816,0.44913419913419916,0.4696969696969697,1.0,"[0.4696969696969697,0.20930232558139536,0.08839779005524862,0.09583333333333334]","[0.4696969696969697,0.42857142857142855,0.3076923076923077]","[0.5,-0.12698412698412698,0.5384615384615384,0.6101694915254237]",0.3804117257507088,512,114.58955283901014,114601.310546875,18.227913005001028,96.36163983400911,32.12054661133637,32.37063558900263,919747731448.3307,2318552224487274,2208223941671796,110328282815478,38301453324,44699952,0,0,402338140,447038092,426.3287467956543,0.845931099987259,10411.79541015625,0.1,
texture-all-4,ewc,texture,1,56,resnet18_cifar,0.01,"[0.1,0.05,0.01]",last_epoch_train_mean,0.1,0.3287611586424325,6955656673461822,0.3857233200330457,44699952,4,0,0.5032912276757034,0.2375,1.0,1.0,-1.0,1,1.0,1.0,0.0,1.0,1.0,1.0,1.0,1.0,"[1.0,0.4883720930232558,0.287292817679558,0.2375]","[1.0,1.0,1.0]","[-0.030303030303030276,-0.6984126984126984,-0.15384615384615385,0.03389830508474578]",-0.21216589436928418,512,113.84620832199289,113854.345703125,18.277726425993023,95.56848189599987,31.856160631999956,32.36131664700224,919747731448.3307,2318552224487274,2208223941671796,110328282815478,38301453324,44699952,0,0,402338140,447038092,426.3287467956543,0.8603877082350664,10411.79541015625,0.1,
texture-all-4,ewc,texture,2,52,resnet18_cifar,0.1,"[0.1,0.05,0.01]",last_epoch_train_mean,0.01,0.09671887926390914,6955656662976858,0.48978024134870435,44699952,4,0,0.5098731884057971,0.14166666666666666,1.0,1.0,-1.0,1,1.0,1.0,0.0,1.0,1.0,1.0,1.0,1.0,"[1.0,0.55,0.34782608695652173,0.14166666666666666]","[1.0,1.0,1.0]","[0.0,-0.33333333333333337,0.0,0.2678571428571429]",-0.016369047619047616,512,115.1095238289854,115120.8828125,19.05295262800064,96.05657120098476,32.01885706699492,32.041386650991626,919747856461.5013,2318552220992286,2208223938343236,110328282649050,38301453324,44699952,0,0,402338140,447038092,426.3287467956543,0.8317742748962095,10412.435546875,0.01,
texture-all-4,ewc,texture,2,52,resnet18_cifar,0.05,"[0.1,0.05,0.01]",last_epoch_train_mean,0.01,0.09671887926390914,6955656662976858,0.3191510233722749,44699952,4,0,0.5169384057971015,0.19166666666666668,0.9791666666666666,0.9791666666666666,-0.9791666666666666,1,0.9791666666666666,1.0,0.02946278254943948,0.9375,0.96875,1.0,1.0,1.0,"[1.0,0.55,0.32608695652173914,0.19166666666666668]","[1.0,1.0,0.9375]","[0.0,-0.33333333333333337,0.0625,0.0535714285714286]",-0.05431547619047619,512,115.0242920640012,115034.677734375,18.775793747001444,96.24849831699976,32.082832772333255,31.91816078100237,919747856461.5013,2318552220992286,2208223938343236,110328282649050,38301453324,44699952,0,0,402338140,447038092,426.3287467956543,0.8669596500719005,10412.435546875,0.01,
texture-all-4,ewc,texture,2,52,resnet18_cifar,0.01,"[0.1,0.05,0.01]",last_epoch_train_mean,0.01,0.09671887926390914,6955656662976858,0.09671887926390914,44699952,4,0,0.5224637681159421,0.20833333333333334,0.984375,0.984375,-0.984375,1,0.984375,1.0,0.02209708691207961,0.953125,0.9765625,1.0,1.0,1.0,"[1.0,0.55,0.33152173913043476,0.20833333333333334]","[1.0,1.0,0.953125]","[0.0,-0.33333333333333337,0.046875,-0.017857142857142905]",-0.07607886904761907,512,114.07308779397863,114083.61328125,18.624423278990434,95.4486645149882,31.816221504996065,31.998081754994928,919747856461.5013,2318552220992286,2208223938343236,110328282649050,38301453324,44699952,0,0,402338140,447038092,426.3287467956543,0.8644156874652253,10412.435546875,0.01,/nobackup/proj/disk/naiss2026-4-902/shared/yizhil/Avalanche/avalanche-master/joint_result_texture-all-4/ewc/order2/joint_texture_ewc__order-2__seed-052.json
texture-all-4,ewc,texture,2,53,resnet18_cifar,0.1,"[0.1,0.05,0.01]",last_epoch_train_mean,0.01,0.05758341988090609,6955656662976858,1.2480637440915967,44699952,4,0,0.4760768921095008,0.11666666666666667,0.9382716049382717,0.9382716049382717,-0.9382716049382717,3,0.9382716049382717,0.9814814814814815,0.07458670354070722,0.8333333333333334,0.9074074074074074,0.9907407407407407,1.0,1.0,"[0.9814814814814815,0.4583333333333333,0.34782608695652173,0.11666666666666667]","[0.9814814814814815,0.8333333333333334,1.0]","[0.01851851851851849,0.12121212121212122,-0.09375,0.5]",0.13649515993265993,512,113.84632821801642,113852.859375,19.152253624997684,94.69407459301874,31.564691531006247,31.539614924011403,919747856461.5013,2318552220992286,2208223938343236,110328282649050,38301453324,44699952,0,0,402338140,447038092,426.3287467956543,0.8480346708286864,10412.435546875,0.01,
texture-all-4,ewc,texture,2,53,resnet18_cifar,0.05,"[0.1,0.05,0.01]",last_epoch_train_mean,0.01,0.05758341988090609,6955656662976858,0.48527928844827123,44699952,4,0,0.48840579710144927,0.23333333333333334,0.8445391414141414,0.8445391414141414,-0.8445391414141414,1,0.8445391414141414,0.9242424242424242,0.1691378779309037,0.609375,0.7668087121212122,0.9621212121212122,1.0,1.0,"[1.0,0.5083333333333333,0.21195652173913043,0.23333333333333334]","[1.0,0.9242424242424242,0.609375]","[0.0,0.030303030303030387,0.296875,0.0]",0.0817945075757576,512,114.05914941096853,114069.376953125,18.468561392990523,95.590588017978,31.863529339326004,31.61400759399112,919747856461.5013,2318552220992286,2208223938343236,110328282649050,38301453324,44699952,0,0,402338140,447038092,426.3287467956543,0.8359092541771437,10412.43505859375,0.01,
texture-all-4,ewc,texture,2,53,resnet18_cifar,0.01,"[0.1,0.05,0.01]",last_epoch_train_mean,0.01,0.05758341988090609,6955656662976858,0.05758341988090609,44699952,4,0,0.4963315217391304,0.0875,1.0,1.0,-1.0,1,1.0,1.0,0.0,1.0,1.0,1.0,1.0,1.0,"[1.0,0.55,0.34782608695652173,0.0875]","[1.0,1.0,1.0]","[0.0,-0.045454545454545414,-0.09375,0.625]",0.12144886363636365,512,114.5914014000009,114599.521484375,19.172349726999528,95.41905167300138,31.806350557667127,31.801212199003203,919747856461.5013,2318552220992286,2208223938343236,110328282649050,38301453324,44699952,0,0,402338140,447038092,426.3287467956543,0.8554235375413555,10412.43505859375,0.01,/nobackup/proj/disk/naiss2026-4-902/shared/yizhil/Avalanche/avalanche-master/joint_result_texture-all-4/ewc/order2/joint_texture_ewc__order-2__seed-053.json
texture-all-4,ewc,texture,2,54,resnet18_cifar,0.1,"[0.1,0.05,0.01]",last_epoch_train_mean,0.01,0.02198136313894733,6955656662976858,0.20664215723022086,44699952,4,0,0.5182065217391304,0.18333333333333332,0.9949494949494949,0.9949494949494949,-0.9949494949494949,1,0.9949494949494949,1.0,0.00714249273925805,0.9848484848484849,0.9924242424242424,1.0,1.0,1.0,"[1.0,0.5416666666666666,0.34782608695652173,0.18333333333333332]","[1.0,0.9848484848484849,1.0]","[0.0,-0.36363636363636365,0.0,-0.7678571428571428]",-0.28287337662337664,512,114.79815919297107,114807.14453125,19.058749410993187,95.73940978197788,31.91313659399263,31.601500024000416,919747856461.5013,2318552220992286,2208223938343236,110328282649050,38301453324,44699952,0,0,402338140,447038092,426.3287467956543,0.8606015375335119,10412.435546875,0.01,
texture-all-4,ewc,texture,2,54,resnet18_cifar,0.05,"[0.1,0.05,0.01]",last_epoch_train_mean,0.01,0.02198136313894733,6955656662976858,0.48971919593263846,44699952,4,0,0.5161231884057971,0.16666666666666666,1.0,1.0,-1.0,1,1.0,1.0,0.0,1.0,1.0,1.0,1.0,1.0,"[1.0,0.55,0.34782608695652173,0.16666666666666666]","[1.0,1.0,1.0]","[0.0,-0.3787878787878788,0.0,-0.6964285714285714]",-0.2688041125541125,512,115.80161151399079,115814.341796875,19.149357657996006,96.65225385599479,32.217417951998264,32.20847911499732,919747856461.5013,2318552220992286,2208223938343236,110328282649050,38301453324,44699952,0,0,402338140,447038092,426.3287467956543,0.7948887958870424,10412.43505859375,0.01,
texture-all-4,ewc,texture,2,54,resnet18_cifar,0.01,"[0.1,0.05,0.01]",last_epoch_train_mean,0.01,0.02198136313894733,6955656662976858,0.02198136313894733,44699952,4,0,0.5327898550724638,0.23333333333333334,1.0,1.0,-1.0,1,1.0,1.0,0.0,1.0,1.0,1.0,1.0,1.0,"[1.0,0.55,0.34782608695652173,0.23333333333333334]","[1.0,1.0,1.0]","[0.0,-0.3787878787878788,0.0,-0.9821428571428571]",-0.34023268398268397,512,114.39233722201607,114400.912109375,18.79198022300261,95.60035699901346,31.86678566633782,31.774998225999298,919747856461.5013,2318552220992286,2208223938343236,110328282649050,38301453324,44699952,0,0,402338140,447038092,426.3287467956543,0.46758455834302975,10412.435546875,0.01,/nobackup/proj/disk/naiss2026-4-902/shared/yizhil/Avalanche/avalanche-master/joint_result_texture-all-4/ewc/order2/joint_texture_ewc__order-2__seed-054.json
texture-all-4,ewc,texture,2,55,resnet18_cifar,0.1,"[0.1,0.05,0.01]",last_epoch_train_mean,0.01,0.051347227248012044,6955656662976858,0.8423665879202671,44699952,4,0,0.38964875201288246,0.07083333333333333,0.7408810325476992,0.7408810325476992,-0.7408810325476992,1,0.7408810325476992,0.7272727272727273,0.10063314279522362,0.625,0.6761363636363636,0.7988215488215489,0.8703703703703703,1.0,"[0.8703703703703703,0.4,0.21739130434782608,0.07083333333333333]","[0.8703703703703703,0.7272727272727273,0.625]","[0.12962962962962965,0.25757575757575757,0.09375,0.6964285714285714]",0.2943459896584897,512,113.13944069798163,113150.421875,18.545401144991047,94.59403955299058,31.531346517663525,31.63617284799693,919747856461.5013,2318552220992286,2208223938343236,110328282649050,38301453324,44699952,0,0,402338140,447038092,426.3287467956543,0.8225663541452377,10412.435546875,0.01,
texture-all-4,ewc,texture,2,55,resnet18_cifar,0.05,"[0.1,0.05,0.01]",last_epoch_train_mean,0.01,0.051347227248012044,6955656662976858,0.8151324469535077,44699952,4,0,0.49945652173913047,0.1,1.0,1.0,-1.0,1,1.0,1.0,0.0,1.0,1.0,1.0,1.0,1.0,"[1.0,0.55,0.34782608695652173,0.1]","[1.0,1.0,1.0]","[0.0,-0.015151515151515138,-0.28125,0.5714285714285714]",0.06875676406926406,512,112.78547597798752,112797.96875,18.578664093991392,94.20681188399612,31.402270627998707,31.495228405998205,919747856461.5013,2318552220992286,2208223938343236,110328282649050,38301453324,44699952,0,0,402338140,447038092,426.3287467956543,0.8349349666483855,10412.43505859375,0.01,
texture-all-4,ewc,texture,2,55,resnet18_cifar,0.01,"[0.1,0.05,0.01]",last_epoch_train_mean,0.01,0.051347227248012044,6955656662976858,0.051347227248012044,44699952,4,0,0.5317481884057971,0.22916666666666666,1.0,1.0,-1.0,1,1.0,1.0,0.0,1.0,1.0,1.0,1.0,1.0,"[1.0,0.55,0.34782608695652173,0.22916666666666666]","[1.0,1.0,1.0]","[0.0,-0.015151515151515138,-0.28125,0.017857142857142905]",-0.06963609307359306,512,112.73835408201558,112750.92578125,18.912345133008785,93.82600894900679,31.275336316335597,31.366472655005055,919747856461.5013,2318552220992286,2208223938343236,110328282649050,38301453324,44699952,0,0,402338140,447038092,426.3287467956543,0.8523460166543373,10412.43505859375,0.01,/nobackup/proj/disk/naiss2026-4-902/shared/yizhil/Avalanche/avalanche-master/joint_result_texture-all-4/ewc/order2/joint_texture_ewc__order-2__seed-055.json
texture-all-4,ewc,texture,2,56,resnet18_cifar,0.1,"[0.1,0.05,0.01]",last_epoch_train_mean,0.01,0.14528276807949192,6955656662976858,0.20352306888728847,44699952,4,0,0.514945652173913,0.21666666666666667,0.9534406565656566,0.9534406565656566,-0.9534406565656566,1,0.9534406565656566,0.9696969696969697,0.046108014080833266,0.890625,0.9301609848484849,0.9848484848484849,1.0,1.0,"[1.0,0.5333333333333333,0.30978260869565216,0.21666666666666667]","[1.0,0.9696969696969697,0.890625]","[0.0,0.030303030303030276,0.109375,0.0714285714285714]",0.05277665043290042,512,106.84196266900108,106850.3984375,19.05669241400028,87.7852702550008,29.261756751666933,31.097877598003834,919747856461.5013,2318552220992286,2208223938343236,110328282649050,38301453324,44699952,0,0,402338140,447038092,426.3287467956543,0.3997204667636349,10412.435546875,0.01,
texture-all-4,ewc,texture,2,56,resnet18_cifar,0.05,"[0.1,0.05,0.01]",last_epoch_train_mean,0.01,0.14528276807949192,6955656662976858,0.4967433033419437,44699952,4,0,0.5098731884057971,0.14166666666666666,1.0,1.0,-1.0,1,1.0,1.0,0.0,1.0,1.0,1.0,1.0,1.0,"[1.0,0.55,0.34782608695652173,0.14166666666666666]","[1.0,1.0,1.0]","[0.0,0.0,0.0,0.3928571428571429]",0.09821428571428573,512,80.15556966398435,80158.3779296875,10.19303958499222,69.96253007899213,23.320843359664043,23.60324901599961,919747856461.5013,2318552220992286,2208223938343236,110328282649050,38301453324,44699952,0,0,402338140,447038092,426.3287467956543,0.39960860000671045,10412.435546875,0.01,
texture-all-4,ewc,texture,2,56,resnet18_cifar,0.01,"[0.1,0.05,0.01]",last_epoch_train_mean,0.01,0.14528276807949192,6955656662976858,0.14528276807949192,44699952,4,0,0.49393115942028987,0.08333333333333333,0.9947916666666666,0.9947916666666666,-0.9947916666666666,1,0.9947916666666666,1.0,0.00736569563735987,0.984375,0.9921875,1.0,1.0,1.0,"[1.0,0.55,0.3423913043478261,0.08333333333333333]","[1.0,1.0,0.984375]","[0.0,0.0,0.015625,0.6428571428571428]",0.1646205357142857,512,78.82286563400703,78825.4033203125,9.736735675003729,69.0861299590033,23.028709986334434,23.238033362998976,919747856461.5013,2318552220992286,2208223938343236,110328282649050,38301453324,44699952,0,0,402338140,447038092,426.3287467956543,0.400420716626589,10412.435546875,0.01,/nobackup/proj/disk/naiss2026-4-902/shared/yizhil/Avalanche/avalanche-master/joint_result_texture-all-4/ewc/order2/joint_texture_ewc__order-2__seed-056.json
texture-all-4,ewc,texture,3,52,resnet18_cifar,0.1,"[0.1,0.05,0.01]",last_epoch_train_mean,0.01,0.5857199674417198,6955656661811862,0.7582833445021875,44699952,4,0,0.38288963369454476,0.0875,0.7436682379283394,0.7436682379283394,-0.7436682379283394,1,0.7436682379283394,0.9491525423728814,0.3152752820361266,0.2982456140350877,0.6236990782039845,0.9663795498749652,0.9836065573770492,1.0,"[0.9836065573770492,0.1440677966101695,0.3163841807909605,0.0875]","[0.9836065573770492,0.2982456140350877,0.9491525423728814]","[-0.06557377049180324,0.7017543859649122,-0.5593220338983051,0.6507936507936507]",0.18191305809211364,512,77.61926914200012,77621.7900390625,9.680989362008404,67.93827977999172,22.64609325999724,22.375704624995706,919747865934.5391,2318552220603954,2208223937973396,110328282630558,38301453324,44699952,0,0,402338140,447038092,426.3287467956543,0.40231207919229445,10411.16796875,0.01,
texture-all-4,ewc,texture,3,52,resnet18_cifar,0.05,"[0.1,0.05,0.01]",last_epoch_train_mean,0.01,0.5857199674417198,6955656661811862,1.3715165667393037,44699952,4,0,0.3855755649717514,0.0875,0.743483001288532,0.743483001288532,-0.743483001288532,1,0.743483001288532,0.9322033898305084,0.31604466281822013,0.2982456140350877,0.6152245019327981,0.9661016949152542,1.0,1.0,"[1.0,0.1440677966101695,0.3107344632768362,0.0875]","[1.0,0.2982456140350877,0.9322033898305084]","[-0.08196721311475408,0.7017543859649122,-0.5423728813559321,0.6507936507936507]",0.1820519855719692,512,80.46640295200632,80468.978515625,9.79994742400595,70.66645552800037,23.555485176000122,23.259607833999326,919747865934.5391,2318552220603954,2208223937973396,110328282630558,38301453324,44699952,0,0,402338140,447038092,426.3287467956543,0.4037896333102253,10411.16748046875,0.01,
texture-all-4,ewc,texture,3,52,resnet18_cifar,0.01,"[0.1,0.05,0.01]",last_epoch_train_mean,0.01,0.5857199674417198,6955656661811862,0.5857199674417198,44699952,4,0,0.461631703250903,0.18333333333333332,0.9451699546170232,0.9451699546170232,-0.9451699546170232,2,0.9451699546170232,0.9830508474576272,0.0659206947409719,0.8524590163934426,0.9177549319255349,0.9915254237288136,1.0,1.0,"[0.8524590163934426,0.4830508474576271,0.327683615819209,0.18333333333333332]","[0.8524590163934426,1.0,0.9830508474576272]","[0.06557377049180335,0.0,-0.5932203389830508,0.2857142857142857]",-0.06048307069424044,512,81.43684823800868,81439.5234375,9.97610679200443,71.46074144600425,23.820247148668084,23.422170896999887,919747865934.5391,2318552220603954,2208223937973396,110328282630558,38301453324,44699952,0,0,402338140,447038092,426.3287467956543,0.4047286624578798,10411.16796875,0.01,/nobackup/proj/disk/naiss2026-4-902/shared/yizhil/Avalanche/avalanche-master/joint_result_texture-all-4/ewc/order3/joint_texture_ewc__order-3__seed-052.json
texture-all-4,ewc,texture,3,53,resnet18_cifar,0.1,"[0.1,0.05,0.01]",last_epoch_train_mean,0.01,0.007760463997658798,6955656661811862,0.7012920867541671,44699952,4,0,0.42450564971751414,0.15,0.8130637327782734,0.8130637327782734,-0.8130637327782734,1,0.8130637327782734,0.9830508474576272,0.252477779687315,0.45614035087719296,0.7195955991674101,0.9915254237288136,1.0,1.0,"[1.0,0.22033898305084745,0.327683615819209,0.15]","[1.0,0.45614035087719296,0.9830508474576272]","[0.0,0.5087719298245614,0.016949152542372836,0.4285714285714286]",0.23857312773459072,512,79.63355173601303,79636.330078125,9.735224135001772,69.89832760101126,23.29944253367042,23.63964669300185,919747865934.5391,2318552220603954,2208223937973396,110328282630558,38301453324,44699952,0,0,402338140,447038092,426.3287467956543,0.4023579708397544,10411.16796875,0.01,
texture-all-4,ewc,texture,3,53,resnet18_cifar,0.05,"[0.1,0.05,0.01]",last_epoch_train_mean,0.01,0.007760463997658798,6955656661811862,0.4698779565372547,44699952,4,0,0.507521186440678,0.225,0.9887005649717514,0.9887005649717514,-0.9887005649717514,1,0.9887005649717514,1.0,0.01597981426410278,0.9661016949152542,0.9830508474576272,1.0,1.0,1.0,"[1.0,0.4830508474576271,0.3220338983050847,0.225]","[1.0,1.0,0.9661016949152542]","[0.0,-0.03508771929824561,0.03389830508474578,0.1428571428571429]",0.03541693216091077,512,79.0415380790073,79044.1142578125,9.716198741996777,69.32533933701052,23.10844644567017,23.172218880004948,919747865934.5391,2318552220603954,2208223937973396,110328282630558,38301453324,44699952,0,0,402338140,447038092,426.3287467956543,0.4045397374284221,10411.16748046875,0.01,
texture-all-4,ewc,texture,3,53,resnet18_cifar,0.01,"[0.1,0.05,0.01]",last_epoch_train_mean,0.01,0.007760463997658798,6955656661811862,0.007760463997658798,44699952,4,0,0.5162252824858757,0.25416666666666665,0.9943502824858758,0.9943502824858758,-0.9943502824858758,1,0.9943502824858758,1.0,0.007989907132051364,0.9830508474576272,0.9915254237288136,1.0,1.0,1.0,"[1.0,0.4830508474576271,0.327683615819209,0.25416666666666665]","[1.0,1.0,0.9830508474576272]","[0.0,-0.03508771929824561,0.016949152542372836,0.031746031746031744]",0.003401866247539742,512,78.05341158500232,78055.978515625,9.707429977992433,68.34598160700989,22.781993869003298,22.702050948006217,919747865934.5391,2318552220603954,2208223937973396,110328282630558,38301453324,44699952,0,0,402338140,447038092,426.3287467956543,0.4045115333913903,10411.16796875,0.01,/nobackup/proj/disk/naiss2026-4-902/shared/yizhil/Avalanche/avalanche-master/joint_result_texture-all-4/ewc/order3/joint_texture_ewc__order-3__seed-053.json
texture-all-4,ewc,texture,3,54,resnet18_cifar,0.1,"[0.1,0.05,0.01]",last_epoch_train_mean,0.01,0.10761522982693926,6955656661811862,84.47806835576955,44699952,4,0,0.39024729091414284,0.16666666666666666,0.7157901236373326,0.7157901236373326,-0.7157901236373326,1,0.7157901236373326,0.8983050847457628,0.29602590944746565,0.2982456140350877,0.5982753493904253,0.9245623784384551,0.9508196721311475,1.0,"[0.9508196721311475,0.1440677966101695,0.2994350282485876,0.16666666666666666]","[0.9508196721311475,0.2982456140350877,0.8983050847457628]","[0.049180327868852514,0.7017543859649122,0.10169491525423724,0.3650793650793651]",0.3044272485418418,512,77.90803662002145,77910.564453125,9.770748050999828,68.13728856902162,22.712429523007206,22.660016300011193,919747865934.5391,2318552220603954,2208223937973396,110328282630558,38301453324,44699952,0,0,402338140,447038092,426.3287467956543,0.40179942073640024,10411.16796875,0.01,
texture-all-4,ewc,texture,3,54,resnet18_cifar,0.05,"[0.1,0.05,0.01]",last_epoch_train_mean,0.01,0.10761522982693926,6955656661811862,0.8551446189357259,44699952,4,0,0.4617055084745763,0.12083333333333333,0.9201110119932601,0.9201110119932601,-0.9201110119932601,1,0.9201110119932601,0.9298245614035088,0.0695346871675072,0.8305084745762712,0.88016651798989,0.9649122807017544,1.0,1.0,"[1.0,0.4491525423728814,0.2768361581920904,0.12083333333333333]","[1.0,0.9298245614035088,0.8305084745762712]","[0.0,0.07017543859649122,0.1694915254237288,0.5396825396825398]",0.19483737592568995,512,78.10095436901611,78103.46484375,9.540470845997334,68.56048352301877,22.853494507672924,22.892313185002422,919747865934.5391,2318552220603954,2208223937973396,110328282630558,38301453324,44699952,0,0,402338140,447038092,426.3287467956543,0.4031992916376718,10411.16796875,0.01,
texture-all-4,ewc,texture,3,54,resnet18_cifar,0.01,"[0.1,0.05,0.01]",last_epoch_train_mean,0.01,0.10761522982693926,6955656661811862,0.10761522982693926,44699952,4,0,0.4087237774381773,0.17916666666666667,0.8797814207650273,0.8797814207650273,-0.8797814207650273,2,0.8797814207650273,1.0,0.17001474520332288,0.639344262295082,0.819672131147541,1.0,1.0,1.0,"[0.639344262295082,0.4830508474576271,0.3333333333333333,0.17916666666666667]","[0.639344262295082,1.0,1.0]","[0.360655737704918,0.0,0.0,0.31746031746031744]",0.16952901379130886,512,79.48206983800628,79484.5634765625,9.906475421987125,69.57559441601916,23.19186480533972,23.059427597007016,919747865934.5391,2318552220603954,2208223937973396,110328282630558,38301453324,44699952,0,0,402338140,447038092,426.3287467956543,0.40624508740923676,10411.16796875,0.01,/nobackup/proj/disk/naiss2026-4-902/shared/yizhil/Avalanche/avalanche-master/joint_result_texture-all-4/ewc/order3/joint_texture_ewc__order-3__seed-054.json
texture-all-4,ewc,texture,3,55,resnet18_cifar,0.1,"[0.1,0.05,0.01]",last_epoch_train_mean,0.01,0.041821623747610344,6955656661811862,0.9906512649753426,44699952,4,0,0.4676377118644067,0.22083333333333333,0.8832391713747646,0.8832391713747646,-0.8832391713747646,1,0.8832391713747646,0.9830508474576272,0.15329613126153466,0.6666666666666666,0.8248587570621468,0.9915254237288136,1.0,1.0,"[1.0,0.3220338983050847,0.327683615819209,0.22083333333333333]","[1.0,0.6666666666666666,0.9830508474576272]","[0.0,0.33333333333333337,0.016949152542372836,0.15873015873015872]",0.12725316115146623,512,80.34962738097238,80352.19140625,9.857322019990534,70.49230536098185,23.49743512032728,23.004006203991594,919747865934.5391,2318552220603954,2208223937973396,110328282630558,38301453324,44699952,0,0,402338140,447038092,426.3287467956543,0.40362007912335685,10411.16796875,0.01,
texture-all-4,ewc,texture,3,55,resnet18_cifar,0.05,"[0.1,0.05,0.01]",last_epoch_train_mean,0.01,0.041821623747610344,6955656661811862,0.37169867716258087,44699952,4,0,0.4705861581920904,0.10833333333333334,0.9707602339181287,0.9707602339181287,-0.9707602339181287,1,0.9707602339181287,1.0,0.041351273753599295,0.9122807017543859,0.956140350877193,1.0,1.0,1.0,"[1.0,0.4406779661016949,0.3333333333333333,0.10833333333333334]","[1.0,0.9122807017543859,1.0]","[0.0,0.08771929824561409,0.0,0.5873015873015873]",0.16875522138680035,512,79.57526041900564,79577.8193359375,9.818045334002818,69.75721508500283,23.252405028334277,22.93719254300231,919747865934.5391,2318552220603954,2208223937973396,110328282630558,38301453324,44699952,0,0,402338140,447038092,426.3287467956543,0.4019390707981074,10411.16796875,0.01,
texture-all-4,ewc,texture,3,55,resnet18_cifar,0.01,"[0.1,0.05,0.01]",last_epoch_train_mean,0.01,0.041821623747610344,6955656661811862,0.041821623747610344,44699952,4,0,0.5197210451977401,0.2625,1.0,1.0,-1.0,1,1.0,1.0,0.0,1.0,1.0,1.0,1.0,1.0,"[1.0,0.4830508474576271,0.3333333333333333,0.2625]","[1.0,1.0,1.0]","[0.0,0.0,0.0,0.0]",0.0,512,78.87439434700354,78876.9462890625,9.752640229009558,69.12175411799399,23.040584705997997,23.03915925399633,919747865934.5391,2318552220603954,2208223937973396,110328282630558,38301453324,44699952,0,0,402338140,447038092,426.3287467956543,0.4032070875230905,10411.16748046875,0.01,/nobackup/proj/disk/naiss2026-4-902/shared/yizhil/Avalanche/avalanche-master/joint_result_texture-all-4/ewc/order3/joint_texture_ewc__order-3__seed-055.json
texture-all-4,ewc,texture,3,56,resnet18_cifar,0.1,"[0.1,0.05,0.01]",last_epoch_train_mean,0.01,0.17203342191529172,6955656661811862,0.5959659679026543,44699952,4,0,0.3552766393442623,0.10416666666666667,0.603416478586482,0.603416478586482,-0.603416478586482,1,0.603416478586482,0.4406779661016949,0.2697613161947527,0.38596491228070173,0.41332143919119835,0.712142261739372,0.9836065573770492,1.0,"[0.9836065573770492,0.1864406779661017,0.14689265536723164,0.10416666666666667]","[0.9836065573770492,0.38596491228070173,0.4406779661016949]","[0.016393442622950838,0.6140350877192983,0.5593220338983051,0.6031746031746033]",0.4482312918537894,512,78.31737901498855,78319.8896484375,9.72122816699266,68.59615084799589,22.865383615998628,22.485996256989893,919747865934.5391,2318552220603954,2208223937973396,110328282630558,38301453324,44699952,0,0,402338140,447038092,426.3287467956543,0.4038168333257393,10411.16796875,0.01,
texture-all-4,ewc,texture,3,56,resnet18_cifar,0.05,"[0.1,0.05,0.01]",last_epoch_train_mean,0.01,0.17203342191529172,6955656661811862,0.3695877533924731,44699952,4,0,0.49804025423728815,0.2125,0.9711567053226285,0.9711567053226285,-0.9711567053226285,1,0.9711567053226285,0.9661016949152542,0.02178203576784116,0.9473684210526315,0.9567350579839429,0.9830508474576272,1.0,1.0,"[1.0,0.4576271186440678,0.3220338983050847,0.2125]","[1.0,0.9473684210526315,0.9661016949152542]","[0.0,0.052631578947368474,0.03389830508474578,0.19047619047619047]",0.06925151862707618,512,79.10220421600388,79104.7333984375,9.720763547011302,69.38144066899258,23.127146889664193,23.1840494019998,919747865934.5391,2318552220603954,2208223937973396,110328282630558,38301453324,44699952,0,0,402338140,447038092,426.3287467956543,0.4019787083355671,10411.16748046875,0.01,
texture-all-4,ewc,texture,3,56,resnet18_cifar,0.01,"[0.1,0.05,0.01]",last_epoch_train_mean,0.01,0.17203342191529172,6955656661811862,0.17203342191529172,44699952,4,0,0.47180437853107343,0.07083333333333333,1.0,1.0,-1.0,1,1.0,1.0,0.0,1.0,1.0,1.0,1.0,1.0,"[1.0,0.4830508474576271,0.3333333333333333,0.07083333333333333]","[1.0,1.0,1.0]","[0.0,0.0,0.0,0.7301587301587302]",0.18253968253968256,512,78.49059255198517,78493.138671875,9.853000168004655,68.63759238398052,22.87919746132684,22.711899684989476,919747865934.5391,2318552220603954,2208223937973396,110328282630558,38301453324,44699952,0,0,402338140,447038092,426.3287467956543,0.402704795790972,10411.16796875,0.01,/nobackup/proj/disk/naiss2026-4-902/shared/yizhil/Avalanche/avalanche-master/joint_result_texture-all-4/ewc/order3/joint_texture_ewc__order-3__seed-056.json
texture-all-4,icarl,texture,1,52,resnet18_cifar,0.1,"[0.1,0.05,0.01]",last_epoch_train_mean,0.1,0.04916297520200411,22075432623532956,0.04916297520200411,44699952,4,0,0.8808966049743225,0.9208333333333333,0.05651755651755652,0.0501073001073001,-0.0501073001073001,1,0.05651755651755652,0.06349206349206349,0.04357901521098469,0.0,0.031746031746031744,0.08477633477633478,0.10606060606060608,0.6666666666666666,"[0.9545454545454546,0.813953488372093,0.8342541436464088,0.9208333333333333]","[0.10606060606060608,0.06349206349206349,0.0]","[0.045454545454545414,0.07936507936507942,-0.6538461538461537,-0.05084745762711862]",-0.14496849666341188,512,125.59605674598424,125599.9990234375,11.319832629989833,114.27622411599441,38.09207470533147,38.743519701994956,962002590071.8004,7358477541177652,5488548750483548,1869928790694104,38301461004,44699952,394272000,11520,89530232,528513704,504.02994537353516,0.4174287624967595,10134.9287109375,0.1,/nobackup/proj/disk/naiss2026-4-902/shared/yizhil/Avalanche/avalanche-master/joint_result_texture-all-4/icarl/order1/joint_texture_icarl__order-1__seed-052.json
texture-all-4,icarl,texture,1,52,resnet18_cifar,0.05,"[0.1,0.05,0.01]",last_epoch_train_mean,0.1,0.04916297520200411,22075432623532956,0.06103947386145592,44699952,4,0,0.8839168944358139,0.8416666666666667,0.18494468494468494,0.18494468494468494,-0.18494468494468494,1,0.18494468494468494,0.20634920634920628,0.14307116541147025,0.0,0.10317460317460314,0.2774170274170274,0.3484848484848485,0.6666666666666666,"[0.9848484848484849,0.8914728682170543,0.8176795580110497,0.8416666666666667]","[0.3484848484848485,0.20634920634920628,0.0]","[0.015151515151515138,0.015873015873015928,-0.6730769230769231,-0.05084745762711862]",-0.17322496241987767,512,124.93316511699231,124937.0546875,10.66626797799836,114.26689713899395,38.08896571299798,38.98799434800458,962002590071.8004,7358477541177652,5488548750483548,1869928790694104,38301461004,44699952,394272000,11520,89530232,528513704,504.02994537353516,0.4096102834106811,10135.68994140625,0.1,
texture-all-4,icarl,texture,1,52,resnet18_cifar,0.01,"[0.1,0.05,0.01]",last_epoch_train_mean,0.1,0.04916297520200411,22075432623532956,0.1511874705553055,44699952,4,0,0.6588814028438049,0.5708333333333333,0.38455988455988455,0.35891885891885894,-0.35891885891885894,1,0.38455988455988455,0.38095238095238093,0.31547490134276485,0.0,0.19047619047619047,0.5768398268398268,0.7727272727272727,0.6666666666666666,"[0.8333333333333334,0.689922480620155,0.5414364640883977,0.5708333333333333]","[0.7727272727272727,0.38095238095238093,0.0]","[0.16666666666666663,0.031746031746031744,-0.49999999999999994,0.11864406779661019]",-0.045735808447672846,512,122.57844782499888,122582.3740234375,10.36257664099685,112.21587118400203,37.40529039466734,38.13875452999491,962002590071.8004,7358477541177652,5488548750483548,1869928790694104,38301461004,44699952,394272000,11520,89530232,528513704,504.02994537353516,0.40342348753862706,10135.68994140625,0.1,
texture-all-4,icarl,texture,1,53,resnet18_cifar,0.1,"[0.1,0.05,0.01]",last_epoch_train_mean,0.05,0.05528810570637385,22075432623532956,0.06071078156431516,44699952,4,0,0.848265584179194,0.7625,0.20265845265845264,0.20265845265845264,-0.20265845265845264,1,0.20265845265845264,0.2857142857142857,0.12989546412316066,0.019230769230769273,0.15247252747252749,0.29437229437229434,0.303030303030303,1.0,"[1.0,0.8294573643410853,0.8011049723756906,0.7625]","[0.303030303030303,0.2857142857142857,0.019230769230769273]","[0.0,-0.5873015873015872,-0.2692307692307693,0.288135593220339]",-0.14209919082800437,512,122.01097515098809,122014.794921875,10.018226806001621,111.99274834498647,37.33091611499549,38.185259123987635,962002590071.8004,7358477541177652,5488548750483548,1869928790694104,38301461004,44699952,394272000,11520,89530232,528513704,504.02994537353516,0.40458352499020594,10135.68994140625,0.05,
texture-all-4,icarl,texture,1,53,resnet18_cifar,0.05,"[0.1,0.05,0.01]",last_epoch_train_mean,0.05,0.05528810570637385,22075432623532956,0.05528810570637385,44699952,4,0,0.9814183690950362,0.95,0.04665704665704662,0.04665704665704662,-0.04665704665704662,2,0.04665704665704662,0.06060606060606055,0.03386871908087336,0.0,0.030303030303030276,0.06998556998556993,0.0793650793650793,0.6666666666666666,"[1.0,0.9922480620155039,0.9834254143646409,0.95]","[0.06060606060606055,0.0793650793650793,0.0]","[0.0,-0.5873015873015872,-0.2692307692307693,0.03389830508474578]",-0.20565851286190268,512,122.61403499798325,122617.6552734375,10.380846265994478,112.23318873198878,37.41106291066293,38.24836302999756,962002590071.8004,7358477541177652,5488548750483548,1869928790694104,38301461004,44699952,394272000,11520,89530232,528513704,504.02994537353516,0.4026119833724806,10135.68994140625,0.05,/nobackup/proj/disk/naiss2026-4-902/shared/yizhil/Avalanche/avalanche-master/joint_result_texture-all-4/icarl/order1/joint_texture_icarl__order-1__seed-053.json
texture-all-4,icarl,texture,1,53,resnet18_cifar,0.01,"[0.1,0.05,0.01]",last_epoch_train_mean,0.05,0.05528810570637385,22075432623532956,0.1309810663263003,44699952,4,0,0.7944070142190244,0.6875,0.24514374514374515,0.23456173456173457,-0.23456173456173457,1,0.24514374514374515,0.038461538461538436,0.3198748094101583,0.0,0.019230769230769218,0.3677156177156177,0.696969696969697,0.6666666666666666,"[1.0,0.7829457364341085,0.7071823204419889,0.6875]","[0.696969696969697,0.0,0.038461538461538436]","[0.0,-0.3333333333333333,-0.2692307692307693,0.2033898305084746]",-0.099793568013907,512,122.37934458199015,122382.9365234375,10.310383773001377,112.06896080898878,37.35632026966292,38.008429537992924,962002590071.8004,7358477541177652,5488548750483548,1869928790694104,38301461004,44699952,394272000,11520,89530232,528513704,504.02994537353516,0.4035823666830159,10135.68994140625,0.05,
texture-all-4,icarl,texture,1,54,resnet18_cifar,0.1,"[0.1,0.05,0.01]",last_epoch_train_mean,0.1,0.052178679903348284,22075432623532956,0.052178679903348284,44699952,4,0,0.8511673412137565,0.7916666666666666,0.2222222222222222,0.2222222222222222,-0.2222222222222222,1,0.2222222222222222,0.33333333333333326,0.15713484026367722,0.0,0.16666666666666663,0.3333333333333333,0.33333333333333337,0.6666666666666666,"[1.0,0.8837209302325582,0.7292817679558011,0.7916666666666666]","[0.33333333333333337,0.33333333333333326,0.0]","[-0.5303030303030303,-0.8571428571428571,-0.1923076923076923,0.0847457627118644]",-0.37375195426042884,512,122.57186215202091,122575.4228515625,10.366139396006474,112.20572275601444,37.401907585338144,38.08779004200187,962002590071.8004,7358477541177652,5488548750483548,1869928790694104,38301461004,44699952,394272000,11520,89530232,528513704,504.02994537353516,0.4039565082469683,10135.68994140625,0.1,/nobackup/proj/disk/naiss2026-4-902/shared/yizhil/Avalanche/avalanche-master/joint_result_texture-all-4/icarl/order1/joint_texture_icarl__order-1__seed-054.json
texture-all-4,icarl,texture,1,54,resnet18_cifar,0.05,"[0.1,0.05,0.01]",last_epoch_train_mean,0.1,0.052178679903348284,22075432623532956,0.06814248785376549,44699952,4,0,0.9153000396162576,0.8458333333333333,0.16835016835016836,0.16835016835016836,-0.16835016835016836,1,0.16835016835016836,0.11111111111111116,0.16583987011481147,0.0,0.05555555555555558,0.25252525252525254,0.3939393939393939,0.6666666666666666,"[1.0,0.9534883720930233,0.861878453038674,0.8458333333333333]","[0.3939393939393939,0.11111111111111116,0.0]","[-0.5303030303030303,-0.8095238095238095,-0.1923076923076923,-0.016949152542372836]",-0.38727092116922623,512,122.62270579300821,122626.314453125,10.237899479005137,112.38480631400307,37.46160210466769,38.393065158001264,962002590071.8004,7358477541177652,5488548750483548,1869928790694104,38301461004,44699952,394272000,11520,89530232,528513704,504.02994537353516,0.40751219172913505,10135.68994140625,0.1,
texture-all-4,icarl,texture,1,54,resnet18_cifar,0.01,"[0.1,0.05,0.01]",last_epoch_train_mean,0.1,0.052178679903348284,22075432623532956,0.13788029154141743,44699952,4,0,0.8071516713777892,0.7208333333333333,0.22630147630147632,0.21571946571946574,-0.21571946571946574,1,0.22630147630147632,0.05769230769230771,0.2802355124884806,0.0,0.028846153846153855,0.33945221445221446,0.6212121212121212,0.6666666666666666,"[1.0,0.7674418604651163,0.7403314917127072,0.7208333333333333]","[0.6212121212121212,0.0,0.05769230769230771]","[-0.5303030303030303,-0.6031746031746031,-0.1923076923076923,0.11864406779661019]",-0.3017853144971789,512,122.82493635498395,122828.5390625,10.278983824988245,112.5459525299957,37.51531750999857,38.22528304699517,962002590071.8004,7358477541177652,5488548750483548,1869928790694104,38301461004,44699952,394272000,11520,89530232,528513704,504.02994537353516,0.4077249624970136,10135.68994140625,0.1,
texture-all-4,icarl,texture,1,55,resnet18_cifar,0.1,"[0.1,0.05,0.01]",last_epoch_train_mean,0.1,0.0563763419787089,22075432623532956,0.0563763419787089,44699952,4,0,0.8352290247976358,0.7833333333333333,0.2181337181337181,0.2181337181337181,-0.2181337181337181,1,0.2181337181337181,0.06349206349206349,0.26486338546816124,0.0,0.031746031746031744,0.32720057720057716,0.5909090909090908,0.6666666666666666,"[1.0,0.8062015503875969,0.7513812154696132,0.7833333333333333]","[0.5909090909090908,0.06349206349206349,0.0]","[-0.6666666666666667,-0.4126984126984127,-0.13461538461538458,0.0847457627118644]",-0.28230867531714987,512,122.54998484501266,122553.6064453125,10.10875687499356,112.4412279700191,37.4804093233397,38.08817617900786,962002590071.8004,7358477541177652,5488548750483548,1869928790694104,38301461004,44699952,394272000,11520,89530232,528513704,504.02994537353516,0.4029152083603549,10135.68994140625,0.1,/nobackup/proj/disk/naiss2026-4-902/shared/yizhil/Avalanche/avalanche-master/joint_result_texture-all-4/icarl/order1/joint_texture_icarl__order-1__seed-055.json
texture-all-4,icarl,texture,1,55,resnet18_cifar,0.05,"[0.1,0.05,0.01]",last_epoch_train_mean,0.1,0.0563763419787089,22075432623532956,0.0638132077952226,44699952,4,0,0.9116441014604479,0.7958333333333333,0.17772967772967774,0.17772967772967774,-0.17772967772967774,1,0.17772967772967774,0.06349206349206349,0.20807288020571943,0.0,0.031746031746031744,0.2665945165945166,0.4696969696969697,0.6666666666666666,"[1.0,0.9612403100775194,0.8895027624309392,0.7958333333333333]","[0.4696969696969697,0.06349206349206349,0.0]","[-0.6666666666666667,-0.4285714285714286,-0.13461538461538458,0.18644067796610175]",-0.26085320047184457,512,122.53788899499341,122541.7216796875,10.179191648989217,112.35869734600419,37.45289911533473,38.339018616999965,962002590071.8004,7358477541177652,5488548750483548,1869928790694104,38301461004,44699952,394272000,11520,89530232,528513704,504.02994537353516,0.40638731667665223,10135.68994140625,0.1,
texture-all-4,icarl,texture,1,55,resnet18_cifar,0.01,"[0.1,0.05,0.01]",last_epoch_train_mean,0.1,0.0563763419787089,22075432623532956,0.13081867893536886,44699952,4,0,0.7726285119277057,0.6291666666666667,0.28290228290228286,0.2723202723202723,-0.2723202723202723,1,0.28290228290228286,0.15873015873015872,0.2652328793539561,0.038461538461538436,0.09859584859584858,0.4051226551226551,0.6515151515151515,1.0,"[1.0,0.7596899224806202,0.7016574585635359,0.6291666666666667]","[0.6515151515151515,0.15873015873015872,0.038461538461538436]","[-0.6666666666666667,-0.19047619047619047,-0.13461538461538458,0.30508474576271194]",-0.17166837399888246,512,122.82325145001232,122827.138671875,10.286366847009049,112.53688460300327,37.512294867667755,38.27126553999551,962002590071.8004,7358477541177652,5488548750483548,1869928790694104,38301461004,44699952,394272000,11520,89530232,528513704,504.02994537353516,0.4048406083408433,10135.68994140625,0.1,
texture-all-4,icarl,texture,1,56,resnet18_cifar,0.1,"[0.1,0.05,0.01]",last_epoch_train_mean,0.1,0.04596877942482631,22075432623532956,0.04596877942482631,44699952,4,0,0.9304171217182748,0.8875,0.11808561808561809,0.11808561808561809,-0.11808561808561809,1,0.11808561808561809,0.12698412698412698,0.09299681261906596,0.0,0.06349206349206349,0.17712842712842713,0.2272727272727273,0.6666666666666666,"[1.0,0.9612403100775194,0.8729281767955801,0.8875]","[0.2272727272727273,0.12698412698412698,0.0]","[-0.030303030303030276,-0.6349206349206349,-0.15384615384615385,0.0]",-0.20476745476745475,512,123.0207171280199,123024.513671875,10.558691719008493,112.4620254090114,37.4873418030038,38.13737976200355,962002590071.8004,7358477541177652,5488548750483548,1869928790694104,38301461004,44699952,394272000,11520,89530232,528513704,504.02994537353516,0.404670812531549,10135.68994140625,0.1,/nobackup/proj/disk/naiss2026-4-902/shared/yizhil/Avalanche/avalanche-master/joint_result_texture-all-4/icarl/order1/joint_texture_icarl__order-1__seed-056.json
texture-all-4,icarl,texture,1,56,resnet18_cifar,0.05,"[0.1,0.05,0.01]",last_epoch_train_mean,0.1,0.04596877942482631,22075432623532956,0.06077965398629506,44699952,4,0,0.9564171645466615,0.9208333333333333,0.0913900913900914,0.0913900913900914,-0.0913900913900914,1,0.0913900913900914,0.031746031746031744,0.10758078737042245,0.0,0.015873015873015872,0.1370851370851371,0.24242424242424243,0.6666666666666666,"[1.0,0.937984496124031,0.9668508287292817,0.9208333333333333]","[0.24242424242424243,0.031746031746031744,0.0]","[-0.030303030303030276,-0.6825396825396826,-0.15384615384615385,0.0]",-0.21667221667221667,512,121.89566250097414,121899.251953125,10.265503706992604,111.63015879398154,37.210052931327176,38.02179216899094,962002590071.8004,7358477541177652,5488548750483548,1869928790694104,38301461004,44699952,394272000,11520,89530232,528513704,504.02994537353516,0.4068973000054636,10135.68994140625,0.1,
texture-all-4,icarl,texture,1,56,resnet18_cifar,0.01,"[0.1,0.05,0.01]",last_epoch_train_mean,0.1,0.04596877942482631,22075432623532956,0.15180512865384418,44699952,4,0,0.802885696389567,0.7291666666666666,0.19240019240019238,0.17957967957967957,-0.17957967957967957,1,0.19240019240019238,0.031746031746031744,0.24998331249755565,0.0,0.015873015873015872,0.2886002886002886,0.5454545454545454,0.6666666666666666,"[1.0,0.7751937984496124,0.7071823204419889,0.7291666666666666]","[0.5454545454545454,0.031746031746031744,0.0]","[-0.030303030303030276,-0.41269841269841273,-0.07692307692307698,0.11864406779661019]",-0.10032011303197745,512,121.6594858149765,121663.1005859375,10.225358554991544,111.43412725998496,37.144709086661656,37.79323472098622,962002590071.8004,7358477541177652,5488548750483548,1869928790694104,38301461004,44699952,394272000,11520,89530232,528513704,504.02994537353516,0.4033374125356204,10135.68994140625,0.1,
texture-all-4,icarl,texture,2,52,resnet18_cifar,0.1,"[0.1,0.05,0.01]",last_epoch_train_mean,0.1,0.05136573736866315,22217596298161302,0.05136573736866315,44699952,4,0,0.8890851449275363,0.9208333333333333,0.10493827160493825,-0.01485339506172841,0.01485339506172841,1,0.10493827160493825,0.0,0.14840512691569516,0.0,0.0,0.15740740740740738,0.31481481481481477,0.3333333333333333,"[1.0,0.8583333333333333,0.7771739130434783,0.9208333333333333]","[0.31481481481481477,0.0,0.0]","[-0.14814814814814814,0.0,0.296875,-0.8571428571428572]",-0.17710400132275134,512,122.3092604449921,122312.8642578125,10.542513545005932,111.76674689998617,37.25558229999539,37.99193832698802,960934892584.5009,7405865432720434,5529951638018528,1875913794701906,38301461004,44699952,394272000,11520,89530232,528513704,504.02994537353516,0.41052993753207073,10134.2314453125,0.1,/nobackup/proj/disk/naiss2026-4-902/shared/yizhil/Avalanche/avalanche-master/joint_result_texture-all-4/icarl/order2/joint_texture_icarl__order-2__seed-052.json
texture-all-4,icarl,texture,2,52,resnet18_cifar,0.05,"[0.1,0.05,0.01]",last_epoch_train_mean,0.1,0.05136573736866315,22217596298161302,0.055948825925588606,44699952,4,0,0.9313858695652174,0.9375,0.0802469135802469,0.0802469135802469,-0.0802469135802469,1,0.0802469135802469,0.0,0.11348627352376686,0.0,0.0,0.12037037037037035,0.2407407407407407,0.3333333333333333,"[1.0,0.875,0.9130434782608695,0.9375]","[0.2407407407407407,0.0,0.0]","[-0.14814814814814814,0.0,-0.0625,-0.8571428571428572]",-0.26694775132275134,512,122.03626511100447,122039.8916015625,10.276074284003698,111.76019082700077,37.25339694233359,38.15991136600496,960934892584.5009,7405865432720434,5529951638018528,1875913794701906,38301461004,44699952,394272000,11520,89530232,528513704,504.02994537353516,0.4030755957501242,10134.2314453125,0.1,
texture-all-4,icarl,texture,2,52,resnet18_cifar,0.01,"[0.1,0.05,0.01]",last_epoch_train_mean,0.1,0.05136573736866315,22217596298161302,0.14235518078009288,44699952,4,0,0.8663043478260869,0.7916666666666666,0.14998947811447808,0.14998947811447808,-0.14998947811447808,1,0.14998947811447808,0.045454545454545414,0.16936577142735912,0.015625,0.030539772727272707,0.21717171717171713,0.38888888888888884,1.0,"[1.0,0.8583333333333333,0.8152173913043478,0.7916666666666666]","[0.38888888888888884,0.045454545454545414,0.015625]","[-0.14814814814814814,0.0,0.140625,-0.6785714285714286]",-0.17152364417989419,512,122.24724323101691,122250.771484375,10.491236226007459,111.75600700500945,37.25200233500315,38.07234295801027,960934892584.5009,7405865432720434,5529951638018528,1875913794701906,38301461004,44699952,394272000,11520,89530232,528513704,504.02994537353516,0.40241866669627296,10134.2314453125,0.1,
texture-all-4,icarl,texture,2,53,resnet18_cifar,0.1,"[0.1,0.05,0.01]",last_epoch_train_mean,0.1,0.04953699633479118,22217596298161302,0.04953699633479118,44699952,4,0,0.9216938405797102,0.9208333333333333,0.10493827160493825,0.10493827160493825,-0.10493827160493825,1,0.10493827160493825,0.0,0.14840512691569516,0.0,0.0,0.15740740740740738,0.31481481481481477,0.3333333333333333,"[1.0,0.8583333333333333,0.907608695652174,0.9208333333333333]","[0.31481481481481477,0.0,0.0]","[-0.03703703703703709,-0.9242424242424242,-0.140625,-0.0892857142857143]",-0.29779754389129387,512,123.49922180100111,123502.875,10.549300354003208,112.9499214469979,37.649973815665966,38.539457143997424,960934892584.5009,7405865432720434,5529951638018528,1875913794701906,38301461004,44699952,394272000,11520,89530232,528513704,504.02994537353516,0.4034759374917485,10134.2314453125,0.1,/nobackup/proj/disk/naiss2026-4-902/shared/yizhil/Avalanche/avalanche-master/joint_result_texture-all-4/icarl/order2/joint_texture_icarl__order-2__seed-053.json
texture-all-4,icarl,texture,2,53,resnet18_cifar,0.05,"[0.1,0.05,0.01]",last_epoch_train_mean,0.1,0.04953699633479118,22217596298161302,0.059153593083222704,44699952,4,0,0.9300271739130435,0.9375,0.07407407407407407,0.07407407407407407,-0.07407407407407407,1,0.07407407407407407,0.0,0.10475656017578482,0.0,0.0,0.1111111111111111,0.2222222222222222,0.3333333333333333,"[1.0,0.875,0.907608695652174,0.9375]","[0.2222222222222222,0.0,0.0]","[-0.03703703703703709,-0.9242424242424242,-0.140625,-0.0714285714285714]",-0.29333325817700817,512,124.05666727198695,124060.3857421875,10.858680835997802,113.19798643598915,37.73266214532972,38.74986263499886,960934892584.5009,7405865432720434,5529951638018528,1875913794701906,38301461004,44699952,394272000,11520,89530232,528513704,504.02994537353516,0.40570079994116287,10134.2314453125,0.1,
texture-all-4,icarl,texture,2,53,resnet18_cifar,0.01,"[0.1,0.05,0.01]",last_epoch_train_mean,0.1,0.04953699633479118,22217596298161302,0.1485006918509801,44699952,4,0,0.8778985507246377,0.8,0.14285213243546577,0.14285213243546577,-0.14285213243546577,1,0.14285213243546577,0.045454545454545414,0.14789884902637265,0.03125,0.03835227272727271,0.19865319865319864,0.35185185185185186,1.0,"[1.0,0.8583333333333333,0.8532608695652174,0.8]","[0.35185185185185186,0.045454545454545414,0.03125]","[-0.03703703703703709,-0.9242424242424242,-0.015625,0.1607142857142857]",-0.2040475438912939,512,124.01899141300237,124022.7001953125,10.698466275003739,113.32052513799863,37.773508379332874,38.67332136500045,960934892584.5009,7405865432720434,5529951638018528,1875913794701906,38301461004,44699952,394272000,11520,89530232,528513704,504.02994537353516,0.4009745791942502,10134.2314453125,0.1,
texture-all-4,icarl,texture,2,54,resnet18_cifar,0.1,"[0.1,0.05,0.01]",last_epoch_train_mean,0.1,0.05228702127933502,22217596298161302,0.05228702127933502,44699952,4,0,0.9216938405797102,0.9208333333333333,0.10493827160493825,0.10493827160493825,-0.10493827160493825,1,0.10493827160493825,0.0,0.14840512691569516,0.0,0.0,0.15740740740740738,0.31481481481481477,0.3333333333333333,"[1.0,0.8583333333333333,0.907608695652174,0.9208333333333333]","[0.31481481481481477,0.0,0.0]","[-0.11111111111111116,-0.6060606060606061,-0.015625,-0.3035714285714286]",-0.2590920364357865,512,123.5650082250213,123568.685546875,10.651942951008095,112.9130652740132,37.63768842467107,38.603167302004294,960934892584.5009,7405865432720434,5529951638018528,1875913794701906,38301461004,44699952,394272000,11520,89530232,528513704,504.02994537353516,0.403755304129542,10134.2314453125,0.1,/nobackup/proj/disk/naiss2026-4-902/shared/yizhil/Avalanche/avalanche-master/joint_result_texture-all-4/icarl/order2/joint_texture_icarl__order-2__seed-054.json
texture-all-4,icarl,texture,2,54,resnet18_cifar,0.05,"[0.1,0.05,0.01]",last_epoch_train_mean,0.1,0.05228702127933502,22217596298161302,0.060439423720041914,44699952,4,0,0.9279438405797101,0.9291666666666667,0.0925925925925926,0.0925925925925926,-0.0925925925925926,1,0.0925925925925926,0.0,0.130945700219731,0.0,0.0,0.1388888888888889,0.2777777777777778,0.3333333333333333,"[1.0,0.875,0.907608695652174,0.9291666666666667]","[0.2777777777777778,0.0,0.0]","[-0.11111111111111116,-0.6060606060606061,-0.015625,-0.3035714285714286]",-0.2590920364357865,512,123.19356238501496,123197.2060546875,10.377717824012507,112.81584456100245,37.60528152033415,38.48699613100325,960934892584.5009,7405865432720434,5529951638018528,1875913794701906,38301461004,44699952,394272000,11520,89530232,528513704,504.02994537353516,0.4036506708871457,10134.2314453125,0.1,
texture-all-4,icarl,texture,2,54,resnet18_cifar,0.01,"[0.1,0.05,0.01]",last_epoch_train_mean,0.1,0.05228702127933502,22217596298161302,0.14554878771305085,44699952,4,0,0.8901721014492754,0.8708333333333333,0.08641975308641976,0.07079475308641976,-0.07079475308641976,1,0.08641975308641976,0.0,0.12221598687174898,0.0,0.0,0.12962962962962965,0.2592592592592593,0.3333333333333333,"[1.0,0.8583333333333333,0.8315217391304348,0.8708333333333333]","[0.2592592592592593,0.0,0.0]","[-0.11111111111111116,-0.6060606060606061,0.1875,-0.2142857142857143]",-0.18598935786435788,512,122.89173439698061,122895.23828125,10.508469817999867,112.38326457898074,37.46108819299358,38.26475044999097,960934892584.5009,7405865432720434,5529951638018528,1875913794701906,38301461004,44699952,394272000,11520,89530232,528513704,504.02994537353516,0.40459578746473807,10134.2314453125,0.1,
texture-all-4,icarl,texture,2,55,resnet18_cifar,0.1,"[0.1,0.05,0.01]",last_epoch_train_mean,0.1,0.05282109379768372,22217596298161302,0.05282109379768372,44699952,4,0,0.9161684782608697,0.9041666666666667,0.12056327160493825,0.12056327160493825,-0.12056327160493825,1,0.12056327160493825,0.046875,0.1386832432459281,0.0,0.0234375,0.18084490740740738,0.31481481481481477,0.6666666666666666,"[1.0,0.8583333333333333,0.9021739130434783,0.9041666666666667]","[0.31481481481481477,0.0,0.046875]","[-0.01851851851851849,-0.8181818181818181,-0.34375,-0.017857142857142905]",-0.2995768698893699,512,122.91414061498654,122917.751953125,10.588864944002125,112.32527567098441,37.441758556994806,38.33999976799532,960934892584.5009,7405865432720434,5529951638018528,1875913794701906,38301461004,44699952,394272000,11520,89530232,528513704,504.02994537353516,0.4022894250738318,10134.2314453125,0.1,/nobackup/proj/disk/naiss2026-4-902/shared/yizhil/Avalanche/avalanche-master/joint_result_texture-all-4/icarl/order2/joint_texture_icarl__order-2__seed-055.json
texture-all-4,icarl,texture,2,55,resnet18_cifar,0.05,"[0.1,0.05,0.01]",last_epoch_train_mean,0.1,0.05282109379768372,22217596298161302,0.05912498210867246,44699952,4,0,0.9743659420289855,0.9916666666666667,0.0,0.0,-0.0,1,0.0,0.0,0.0,0.0,0.0,0.0,0.0,0.0,"[1.0,0.9166666666666666,0.9891304347826086,0.9916666666666667]","[0.0,0.0,0.0]","[-0.01851851851851849,-0.8181818181818181,-0.359375,-0.017857142857142905]",-0.3034831198893699,512,122.85920320899459,122862.86328125,10.624363595998148,112.23483961299644,37.41161320433215,37.959332561993506,960934892584.5009,7405865432720434,5529951638018528,1875913794701906,38301461004,44699952,394272000,11520,89530232,528513704,504.02994537353516,0.40585496250666137,10134.2314453125,0.1,
texture-all-4,icarl,texture,2,55,resnet18_cifar,0.01,"[0.1,0.05,0.01]",last_epoch_train_mean,0.1,0.05282109379768372,22217596298161302,0.14503120581309,44699952,4,0,0.8792572463768116,0.7833333333333333,0.12642045454545456,0.12642045454545456,-0.12642045454545456,1,0.12642045454545456,0.030303030303030276,0.1464321588076648,0.015625,0.022964015151515138,0.18181818181818182,0.33333333333333337,1.0,"[1.0,0.875,0.8586956521739131,0.7833333333333333]","[0.33333333333333337,0.030303030303030276,0.015625]","[-0.01851851851851849,-0.8181818181818181,-0.25,0.375]",-0.17792508417508415,512,123.20033441198757,123203.9326171875,10.403214471007232,112.79711994098034,37.59903998032678,38.09350214600272,960934892584.5009,7405865432720434,5529951638018528,1875913794701906,38301461004,44699952,394272000,11520,89530232,528513704,504.02994537353516,0.4031584541735356,10134.2314453125,0.1,
texture-all-4,icarl,texture,2,56,resnet18_cifar,0.1,"[0.1,0.05,0.01]",last_epoch_train_mean,0.1,0.049016654243071875,22217596298161302,0.049016654243071875,44699952,4,0,0.9764039855072464,0.9708333333333333,0.04320987654320988,0.04320987654320988,-0.04320987654320988,1,0.04320987654320988,0.0,0.06110799343587449,0.0,0.0,0.06481481481481483,0.12962962962962965,0.3333333333333333,"[1.0,1.0,0.9347826086956522,0.9708333333333333]","[0.12962962962962965,0.0,0.0]","[-0.03703703703703709,-0.5454545454545454,0.0,-0.017857142857142905]",-0.15008718133718135,512,122.53493799900752,122538.5341796875,10.505625121004414,112.02931287800311,37.343104292667704,38.12177218400757,960934892584.5009,7405865432720434,5529951638018528,1875913794701906,38301461004,44699952,394272000,11520,89530232,528513704,504.02994537353516,0.40689159589722596,10134.2314453125,0.1,/nobackup/proj/disk/naiss2026-4-902/shared/yizhil/Avalanche/avalanche-master/joint_result_texture-all-4/icarl/order2/joint_texture_icarl__order-2__seed-056.json
texture-all-4,icarl,texture,2,56,resnet18_cifar,0.05,"[0.1,0.05,0.01]",last_epoch_train_mean,0.1,0.049016654243071875,22217596298161302,0.06212239786982536,44699952,4,0,0.9216938405797102,0.9208333333333333,0.10493827160493825,0.10493827160493825,-0.10493827160493825,1,0.10493827160493825,0.0,0.14840512691569516,0.0,0.0,0.15740740740740738,0.31481481481481477,0.3333333333333333,"[1.0,0.8583333333333333,0.907608695652174,0.9208333333333333]","[0.31481481481481477,0.0,0.0]","[-0.03703703703703709,-0.5454545454545454,0.0,0.017857142857142794]",-0.14115860990860993,512,122.89800768901478,122901.8876953125,10.666727811010787,112.23127987800399,37.41042662600133,38.13415621800232,960934892584.5009,7405865432720434,5529951638018528,1875913794701906,38301461004,44699952,394272000,11520,89530232,528513704,504.02994537353516,0.40388776245284436,10134.2314453125,0.1,
texture-all-4,icarl,texture,2,56,resnet18_cifar,0.01,"[0.1,0.05,0.01]",last_epoch_train_mean,0.1,0.049016654243071875,22217596298161302,0.14771801133950552,44699952,4,0,0.8772644927536233,0.8083333333333333,0.14204545454545456,0.14204545454545456,-0.14204545454545456,1,0.14204545454545456,0.0625,0.1358981251840058,0.030303030303030276,0.04640151515151514,0.19791666666666669,0.33333333333333337,1.0,"[1.0,0.8583333333333333,0.842391304347826,0.8083333333333333]","[0.33333333333333337,0.030303030303030276,0.0625]","[-0.03703703703703709,-0.5454545454545454,0.1875,0.1607142857142857]",-0.0585693241943242,512,123.13922165401164,123142.927734375,10.63557216800109,112.50364948601054,37.50121649533685,38.042826012009755,960934892584.5009,7405865432720434,5529951638018528,1875913794701906,38301461004,44699952,394272000,11520,89530232,528513704,504.02994537353516,0.4039811583425035,10134.2314453125,0.1,
texture-all-4,icarl,texture,3,52,resnet18_cifar,0.1,"[0.1,0.05,0.01]",last_epoch_train_mean,0.1,0.0620361457268397,22252584573010836,0.0620361457268397,44699952,4,0,0.7872704802259888,0.7875,0.2727447032882753,0.2727447032882753,-0.2727447032882753,1,0.2727447032882753,0.22807017543859653,0.24299551086841847,0.0,0.11403508771929827,0.409117054932413,0.5901639344262295,0.6666666666666666,"[1.0,0.6779661016949152,0.6836158192090396,0.7875]","[0.5901639344262295,0.22807017543859653,0.0]","[-0.049180327868852514,-0.6842105263157895,0.0,-0.031746031746031744]",-0.19128422148266844,512,122.61824519197398,122621.9130859375,10.181100499990862,112.43714469198312,37.47904823066104,38.13551717500377,961435972758.8817,7417528191003612,5534551961761288,1882976229242324,38301461004,44699952,394272000,11520,89530232,528513704,504.02994537353516,0.4053849250340136,10133.90673828125,0.1,/nobackup/proj/disk/naiss2026-4-902/shared/yizhil/Avalanche/avalanche-master/joint_result_texture-all-4/icarl/order3/joint_texture_icarl__order-3__seed-052.json
texture-all-4,icarl,texture,3,52,resnet18_cifar,0.05,"[0.1,0.05,0.01]",last_epoch_train_mean,0.1,0.0620361457268397,22252584573010836,0.07277730504671732,44699952,4,0,0.848282798462536,0.7875,0.21809989454510592,0.21245017703098165,-0.21245017703098165,1,0.21809989454510592,0.22807017543859653,0.1741502288068667,0.0,0.11403508771929827,0.3271498418176589,0.42622950819672123,0.6666666666666666,"[0.9672131147540983,0.847457627118644,0.7909604519774012,0.7875]","[0.42622950819672123,0.22807017543859653,0.0]","[-0.016393442622950838,-0.543859649122807,0.016949152542372836,-0.031746031746031744]",-0.1437624927373542,512,123.9952591520123,123998.9716796875,10.360876022998127,113.63438312901417,37.87812770967139,38.79235469199193,961435972758.8817,7417528191003612,5534551961761288,1882976229242324,38301461004,44699952,394272000,11520,89530232,528513704,504.02994537353516,0.4065079333789375,10133.90673828125,0.1,
texture-all-4,icarl,texture,3,52,resnet18_cifar,0.01,"[0.1,0.05,0.01]",last_epoch_train_mean,0.1,0.0620361457268397,22252584573010836,0.15199971795082093,44699952,4,0,0.7025145873853849,0.6,0.1573569006335418,0.1573569006335418,-0.1573569006335418,1,0.1573569006335418,0.15254237288135586,0.030366818184298067,0.1228070175438597,0.13767469521260778,0.17463184217838285,0.19672131147540983,1.0,"[0.8032786885245902,0.6779661016949152,0.7288135593220338,0.6]","[0.19672131147540983,0.1228070175438597,0.15254237288135586]","[0.14754098360655732,-0.4035087719298246,0.06779661016949157,0.5079365079365079]",0.07994133244568305,512,123.61766765498032,123621.28515625,10.496617194992723,113.1210504599876,37.707016819995864,38.68521803698968,961435972758.8817,7417528191003612,5534551961761288,1882976229242324,38301461004,44699952,394272000,11520,89530232,528513704,504.02994537353516,0.4075127916924733,10133.90673828125,0.1,
texture-all-4,icarl,texture,3,53,resnet18_cifar,0.1,"[0.1,0.05,0.01]",last_epoch_train_mean,0.05,0.062048491835594174,22252584573010836,0.07287400489052137,44699952,4,0,0.8832274011299435,0.8916666666666667,0.12098552391908735,0.09838665386259016,-0.09838665386259016,1,0.12098552391908735,0.03508771929824561,0.14698825515940223,0.0,0.017543859649122806,0.18147828587863102,0.3278688524590164,0.6666666666666666,"[1.0,0.9067796610169492,0.7344632768361582,0.8916666666666667]","[0.3278688524590164,0.03508771929824561,0.0]","[0.0,-0.10526315789473684,-0.32203389830508466,0.06349206349206349]",-0.0909512481769395,512,122.74995725900226,122753.58984375,10.407367115010857,112.3425901439914,37.447530047997134,38.2931314400048,961435972758.8817,7417528191003612,5534551961761288,1882976229242324,38301461004,44699952,394272000,11520,89530232,528513704,504.02994537353516,0.4065454833228917,10133.90673828125,0.05,
texture-all-4,icarl,texture,3,53,resnet18_cifar,0.05,"[0.1,0.05,0.01]",last_epoch_train_mean,0.05,0.062048491835594174,22252584573010836,0.062048491835594174,44699952,4,0,0.8684675141242938,0.875,0.09874412807976223,0.06365640878151661,-0.06365640878151661,1,0.09874412807976223,0.01754385964912275,0.1274413227841648,0.0,0.008771929824561375,0.14811619211964333,0.2786885245901639,0.6666666666666666,"[1.0,0.7796610169491526,0.8192090395480226,0.875]","[0.2786885245901639,0.01754385964912275,0.0]","[0.0,0.19298245614035092,-0.38983050847457623,0.015873015873015928]",-0.045243759115302346,512,123.15960557498329,123163.2373046875,10.60440261499025,112.55520295999304,37.518400986664346,38.45063252399268,961435972758.8817,7417528191003612,5534551961761288,1882976229242324,38301461004,44699952,394272000,11520,89530232,528513704,504.02994537353516,0.4040510875711334,10133.90673828125,0.05,/nobackup/proj/disk/naiss2026-4-902/shared/yizhil/Avalanche/avalanche-master/joint_result_texture-all-4/icarl/order3/joint_texture_icarl__order-3__seed-053.json
texture-all-4,icarl,texture,3,53,resnet18_cifar,0.01,"[0.1,0.05,0.01]",last_epoch_train_mean,0.05,0.062048491835594174,22252584573010836,0.15082083741823832,44699952,4,0,0.8178319209039548,0.825,0.045249736362764824,0.045249736362764824,-0.045249736362764824,2,0.045249736362764824,0.06557377049180324,0.03205149833222795,0.0,0.03278688524590162,0.06787460454414723,0.07017543859649122,0.6666666666666666,"[1.0,0.6440677966101694,0.8022598870056498,0.825]","[0.06557377049180324,0.07017543859649122,0.0]","[0.0,0.19298245614035092,-0.35593220338983045,0.23809523809523814]",0.018786372711439653,512,123.17699660599465,123180.58203125,10.540617008999106,112.63637959699554,37.54545986566518,38.555203198993695,961435972758.8817,7417528191003612,5534551961761288,1882976229242324,38301461004,44699952,394272000,11520,89530232,528513704,504.02994537353516,0.4043044333229773,10133.90673828125,0.05,
texture-all-4,icarl,texture,3,54,resnet18_cifar,0.1,"[0.1,0.05,0.01]",last_epoch_train_mean,0.1,0.06784492209553719,22252584573010836,0.06784492209553719,44699952,4,0,0.8631355932203391,0.8,0.21570319240724758,0.21570319240724758,-0.21570319240724758,2,0.21570319240724758,0.2786885245901639,0.15686274692266144,0.0,0.13934426229508196,0.3235547886108714,0.36842105263157887,0.6666666666666666,"[1.0,0.8220338983050848,0.8305084745762712,0.8]","[0.2786885245901639,0.36842105263157887,0.0]","[-0.016393442622950838,-0.12280701754385959,0.0,0.04761904761904767]",-0.022895353136940688,512,123.01743252000597,123021.208984375,10.51813328100252,112.49929923900345,37.49976641300115,38.1943998880015,961435972758.8817,7417528191003612,5534551961761288,1882976229242324,38301461004,44699952,394272000,11520,89530232,528513704,504.02994537353516,0.40812542920320993,10133.90673828125,0.1,/nobackup/proj/disk/naiss2026-4-902/shared/yizhil/Avalanche/avalanche-master/joint_result_texture-all-4/icarl/order3/joint_texture_icarl__order-3__seed-054.json
texture-all-4,icarl,texture,3,54,resnet18_cifar,0.05,"[0.1,0.05,0.01]",last_epoch_train_mean,0.1,0.06784492209553719,22252584573010836,0.08274463564157486,44699952,4,0,0.8178848870056498,0.7291666666666666,0.2827084846505446,0.2827084846505446,-0.2827084846505446,1,0.2827084846505446,0.17543859649122806,0.2715913908071364,0.016949152542372836,0.09619387451680045,0.41558815070463045,0.6557377049180328,1.0,"[1.0,0.7966101694915254,0.7457627118644068,0.7291666666666666]","[0.6557377049180328,0.17543859649122806,0.016949152542372836]","[-0.016393442622950838,0.0,0.0,0.0]",-0.0040983606557377095,512,123.20426616500481,123208.0009765625,10.545374413995887,112.65889175100892,37.55296391700298,38.507193255005404,961435972758.8817,7417528191003612,5534551961761288,1882976229242324,38301461004,44699952,394272000,11520,89530232,528513704,504.02994537353516,0.4036439457801559,10133.90673828125,0.1,
texture-all-4,icarl,texture,3,54,resnet18_cifar,0.01,"[0.1,0.05,0.01]",last_epoch_train_mean,0.1,0.06784492209553719,22252584573010836,0.14690425793329875,44699952,4,0,0.8513418079096046,0.75,0.12949178540497763,0.12949178540497763,-0.12949178540497763,1,0.12949178540497763,0.14035087719298245,0.04657797012206861,0.06779661016949146,0.10407374368123695,0.16033937302272072,0.180327868852459,1.0,"[1.0,0.7966101694915254,0.8587570621468926,0.75]","[0.180327868852459,0.14035087719298245,0.06779661016949146]","[-0.016393442622950838,0.07017543859649122,0.03389830508474578,0.2698412698412699]",0.08938039272488901,512,124.12815375899663,124131.7939453125,10.392094035007176,113.73605972398946,37.91201990799649,38.71829833499214,961435972758.8817,7417528191003612,5534551961761288,1882976229242324,38301461004,44699952,394272000,11520,89530232,528513704,504.02994537353516,0.404887708282331,10133.90673828125,0.1,
texture-all-4,icarl,texture,3,55,resnet18_cifar,0.1,"[0.1,0.05,0.01]",last_epoch_train_mean,0.05,0.06786650543411572,22252584573010836,0.06818266982833544,44699952,4,0,0.7757062146892655,0.7666666666666667,0.272361230946218,0.2667115134320937,-0.2667115134320937,1,0.272361230946218,0.21052631578947367,0.25145659726551445,0.0,0.10526315789473684,0.408541846419327,0.6065573770491803,0.6666666666666666,"[1.0,0.635593220338983,0.7005649717514124,0.7666666666666667]","[0.6065573770491803,0.21052631578947367,0.0]","[0.0,-0.5789473684210527,0.016949152542372836,-0.09523809523809523]",-0.16430907777919376,512,124.47415029100375,124477.787109375,10.471370521001518,114.00277977000223,38.000926590000745,38.9791631160042,961435972758.8817,7417528191003612,5534551961761288,1882976229242324,38301461004,44699952,394272000,11520,89530232,528513704,504.02994537353516,0.4048590333695756,10133.90673828125,0.05,
texture-all-4,icarl,texture,3,55,resnet18_cifar,0.05,"[0.1,0.05,0.01]",last_epoch_train_mean,0.05,0.06786650543411572,22252584573010836,0.06786650543411572,44699952,4,0,0.8308792372881356,0.8291666666666667,0.20477423065861378,0.20477423065861378,-0.20477423065861378,2,0.20477423065861378,0.24590163934426235,0.15319294112205353,0.0,0.12295081967213117,0.30716134598792066,0.368421052631579,0.6666666666666666,"[1.0,0.788135593220339,0.7062146892655368,0.8291666666666667]","[0.24590163934426235,0.368421052631579,0.0]","[0.0,-0.5614035087719298,0.0,-0.1428571428571428]",-0.17606516290726815,512,124.54721614900336,124550.7978515625,10.635100264000357,113.912115885003,37.970705295001004,38.66000022100343,961435972758.8817,7417528191003612,5534551961761288,1882976229242324,38301461004,44699952,394272000,11520,89530232,528513704,504.02994537353516,0.4039872917322403,10133.90673828125,0.05,/nobackup/proj/disk/naiss2026-4-902/shared/yizhil/Avalanche/avalanche-master/joint_result_texture-all-4/icarl/order3/joint_texture_icarl__order-3__seed-055.json
texture-all-4,icarl,texture,3,55,resnet18_cifar,0.01,"[0.1,0.05,0.01]",last_epoch_train_mean,0.05,0.06786650543411572,22252584573010836,0.14847667018572488,44699952,4,0,0.8783368644067797,0.7958333333333333,0.0970883725011333,0.09124041928475905,-0.09124041928475905,2,0.0970883725011333,0.06779661016949146,0.043006167870306235,0.06557377049180324,0.06668519033064735,0.11284567350579833,0.1578947368421052,1.0,"[1.0,0.8305084745762712,0.8870056497175142,0.7958333333333333]","[0.06557377049180324,0.1578947368421052,0.06779661016949146]","[0.0,-0.3508771929824562,0.03389830508474578,0.07936507936507942]",-0.059403452133157744,512,124.4476733890042,124451.3740234375,10.73803060600767,113.70964278299653,37.903214260998844,38.989267618002486,961435972758.8817,7417528191003612,5534551961761288,1882976229242324,38301461004,44699952,394272000,11520,89530232,528513704,504.02994537353516,0.40607694172649644,10133.90673828125,0.05,
texture-all-4,icarl,texture,3,56,resnet18_cifar,0.1,"[0.1,0.05,0.01]",last_epoch_train_mean,0.05,0.0709799200296402,22252584573010836,0.07374523729085922,44699952,4,0,0.9296433615819208,0.8541666666666666,0.19192790719969322,0.19192790719969322,-0.19192790719969322,1,0.19192790719969322,0.2807017543859649,0.13584044268130427,0.0,0.14035087719298245,0.2878918607995398,0.29508196721311475,0.6666666666666666,"[1.0,0.9830508474576272,0.8813559322033898,0.8541666666666666]","[0.29508196721311475,0.2807017543859649,0.0]","[-0.34426229508196726,0.01754385964912286,0.0,0.0]",-0.0816796088582111,512,124.45340606899117,124457.111328125,10.552063359005842,113.90134270998533,37.96711423666178,38.711033939995104,961435972758.8817,7417528191003612,5534551961761288,1882976229242324,38301461004,44699952,394272000,11520,89530232,528513704,504.02994537353516,0.40394137085968396,10133.90673828125,0.05,
texture-all-4,icarl,texture,3,56,resnet18_cifar,0.05,"[0.1,0.05,0.01]",last_epoch_train_mean,0.05,0.0709799200296402,22252584573010836,0.0709799200296402,44699952,4,0,0.9514653954802259,0.8708333333333333,0.16853609433419614,0.16853609433419614,-0.16853609433419614,1,0.16853609433419614,0.21052631578947367,0.12407182292792583,0.0,0.10526315789473684,0.2528041415012942,0.29508196721311475,0.6666666666666666,"[1.0,0.9915254237288136,0.943502824858757,0.8708333333333333]","[0.29508196721311475,0.21052631578947367,0.0]","[-0.34426229508196726,0.01754385964912286,0.0,0.0]",-0.0816796088582111,512,124.16863366801408,124172.2939453125,10.702281497011427,113.46635217100265,37.82211739033422,38.8178811329999,961435972758.8817,7417528191003612,5534551961761288,1882976229242324,38301461004,44699952,394272000,11520,89530232,528513704,504.02994537353516,0.40999925416447996,10133.90673828125,0.05,/nobackup/proj/disk/naiss2026-4-902/shared/yizhil/Avalanche/avalanche-master/joint_result_texture-all-4/icarl/order3/joint_texture_icarl__order-3__seed-056.json
texture-all-4,icarl,texture,3,56,resnet18_cifar,0.01,"[0.1,0.05,0.01]",last_epoch_train_mean,0.05,0.0709799200296402,22252584573010836,0.14977391560872397,44699952,4,0,0.8872351694915255,0.8625,0.04448279167865018,0.02693893202952735,-0.02693893202952735,1,0.04448279167865018,0.03508771929824561,0.04070139381776015,0.0,0.017543859649122806,0.06672418751797526,0.09836065573770492,0.6666666666666666,"[1.0,0.8050847457627118,0.8813559322033898,0.8625]","[0.09836065573770492,0.03508771929824561,0.0]","[-0.34426229508196726,0.29824561403508776,0.016949152542372836,0.15873015873015872]",0.03241565755641301,512,123.84373492198938,123847.38671875,10.591520494999713,113.25221442698967,37.75073814232989,38.740753277990734,961435972758.8817,7417528191003612,5534551961761288,1882976229242324,38301461004,44699952,394272000,11520,89530232,528513704,504.02994537353516,0.4047199041451677,10133.90673828125,0.05,
texture-all-4,er_ace,texture,1,52,resnet18_cifar,0.1,"[0.1,0.05,0.01]",last_epoch_train_mean,0.1,0.0400038990056861,23185692505531908,0.0400038990056861,44699952,4,0,0.5883397527244694,0.625,0.12818662818662818,-0.04397454397454396,0.04397454397454396,1,0.12818662818662818,0.12698412698412698,0.10515830044758828,0.0,0.06349206349206349,0.19227994227994227,0.25757575757575757,0.6666666666666666,"[0.9696969696969697,0.29457364341085274,0.46408839779005523,0.625]","[0.25757575757575757,0.12698412698412698,0.0]","[0.030303030303030276,0.8095238095238095,-0.019230769230769218,0.0847457627118644]",0.22633545832698376,512,211.29965067800367,211307.306640625,17.98450722900452,193.31514344899915,64.43838114966638,64.46995985099056,460034179344.8153,7728564168510636,5886102984073836,1842461184436800,38301453324,44699952,394272000,11520,44742460,483725932,461.3169975280762,0.6835607666289434,40857.76171875,0.1,/nobackup/proj/disk/naiss2026-4-902/shared/yizhil/Avalanche/avalanche-master/joint_result_texture-all-4/er_ace/order1/joint_texture_er_ace__order-1__seed-052.json
texture-all-4,er_ace,texture,1,52,resnet18_cifar,0.05,"[0.1,0.05,0.01]",last_epoch_train_mean,0.1,0.0400038990056861,23185692505531908,0.06764722099195378,44699952,4,0,0.7229662964931339,0.9041666666666667,0.031505531505531516,-0.20137270137270136,0.20137270137270136,2,0.031505531505531516,0.015151515151515249,0.03440246448378283,0.0,0.0075757575757576245,0.04725829725829728,0.0793650793650793,0.6666666666666666,"[0.3484848484848485,0.7441860465116279,0.8950276243093923,0.9041666666666667]","[0.015151515151515249,0.0793650793650793,0.0]","[0.6515151515151515,0.2698412698412699,-0.6346153846153846,-0.05084745762711862]",0.05897339477847954,512,212.0468072870135,212057.04296875,15.136397819995182,196.91040946701833,65.63680315567278,65.94993677000457,460034179344.8153,7728564168510636,5886102984073836,1842461184436800,38301453324,44699952,394272000,11520,44742460,483725932,461.3169975280762,0.6288378583121812,40854.505859375,0.1,
texture-all-4,er_ace,texture,1,52,resnet18_cifar,0.01,"[0.1,0.05,0.01]",last_epoch_train_mean,0.1,0.0400038990056861,23185692505531908,0.041851734642047604,44699952,4,0,0.9944521178637201,0.9833333333333333,0.021164021164021163,0.014753764753764739,-0.014753764753764739,2,0.021164021164021163,0.0,0.029930445764509945,0.0,0.0,0.031746031746031744,0.06349206349206349,0.3333333333333333,"[1.0,1.0,0.994475138121547,0.9833333333333333]","[0.0,0.06349206349206349,0.0]","[0.0,0.0,-0.6538461538461537,-0.05084745762711862]",-0.1761734028683181,512,213.7829459370114,213791.2607421875,14.847158595002838,198.93578734200855,66.31192911400285,66.28383864399802,460034179344.8153,7728564168510636,5886102984073836,1842461184436800,38301453324,44699952,394272000,11520,44742460,483725932,461.3169975280762,0.8386981333387666,40854.505859375,0.1,
texture-all-4,er_ace,texture,1,53,resnet18_cifar,0.1,"[0.1,0.05,0.01]",last_epoch_train_mean,0.01,0.03630882472232664,,,,,,,,,,,,,,,,,,,,,,,,,,,,,,,,,,,,,,,,,,,,,
texture-all-4,er_ace,texture,1,53,resnet18_cifar,0.05,"[0.1,0.05,0.01]",last_epoch_train_mean,0.01,0.03630882472232664,,0.03717898594455105,44699952,4,0,0.6500867518172863,0.975,0.0209235209235209,-0.47557997557997567,0.47557997557997567,2,0.0209235209235209,0.015151515151515138,0.019864213416935336,0.0,0.007575757575757569,0.03138528138528135,0.04761904761904756,0.6666666666666666,"[0.3181818181818182,0.9922480620155039,0.3149171270718232,0.975]","[0.015151515151515138,0.04761904761904756,0.0]","[0.6818181818181819,0.015873015873015928,-0.019230769230769218,0.0]",0.16961510711510713,512,213.48939022699778,213496.486328125,15.152979595004581,198.3364106319932,66.11213687733107,66.09816374599177,460034179344.8153,7728564168510636,5886102984073836,1842461184436800,38301453324,44699952,394272000,11520,44742460,483725932,461.3169975280762,0.866109058370057,40854.505859375,0.01,
texture-all-4,er_ace,texture,1,53,resnet18_cifar,0.01,"[0.1,0.05,0.01]",last_epoch_train_mean,0.01,0.03630882472232664,,0.03630882472232664,44699952,4,0,0.9885877071823204,0.9875,0.01587301587301589,-0.01617826617826616,0.01617826617826616,2,0.01587301587301589,0.0,0.022447834323382487,0.0,0.0,0.023809523809523836,0.04761904761904767,0.3333333333333333,"[1.0,1.0,0.9668508287292817,0.9875]","[0.0,0.04761904761904767,0.0]","[0.0,0.0,-0.75,0.0]",-0.1875,512,213.4917951440002,213503.41796875,15.537930528997094,197.9538646150031,65.98462153833437,66.473559363003,460034179344.8153,7728564168510636,5886102984073836,1842461184436800,38301453324,44699952,394272000,11520,44742460,483725932,461.3169975280762,0.8892755874815824,40854.505859375,0.01,/nobackup/proj/disk/naiss2026-4-902/shared/yizhil/Avalanche/avalanche-master/joint_result_texture-all-4/er_ace/order1/joint_texture_er_ace__order-1__seed-053.json
texture-all-4,er_ace,texture,1,54,resnet18_cifar,0.1,"[0.1,0.05,0.01]",last_epoch_train_mean,0.1,0.023692906714388444,23185692505531908,0.023692906714388444,44699952,4,0,0.8440346384310795,0.95,0.025493025493025494,-0.07066082066082065,0.07066082066082065,1,0.025493025493025494,0.015873015873015817,0.025660372618276396,0.0,0.007936507936507908,0.03823953823953824,0.06060606060606066,0.6666666666666666,"[0.9393939393939394,0.751937984496124,0.7348066298342542,0.95]","[0.06060606060606066,0.015873015873015817,0.0]","[-0.4696969696969697,-0.8253968253968254,0.09615384615384615,-0.016949152542372836]",-0.30397227537058047,512,211.69929971400416,211709.283203125,15.715148101997329,195.98415161200683,65.32805053733561,65.34946246500476,460034179344.8153,7728564168510636,5886102984073836,1842461184436800,38301453324,44699952,394272000,11520,44742460,483725932,461.3169975280762,0.8236656791874944,40854.505859375,0.1,/nobackup/proj/disk/naiss2026-4-902/shared/yizhil/Avalanche/avalanche-master/joint_result_texture-all-4/er_ace/order1/joint_texture_er_ace__order-1__seed-054.json
texture-all-4,er_ace,texture,1,54,resnet18_cifar,0.05,"[0.1,0.05,0.01]",last_epoch_train_mean,0.1,0.023692906714388444,23185692505531908,0.04104448052671935,44699952,4,0,0.8174064053745731,0.7916666666666666,0.1257816257816258,0.024938024938024956,-0.024938024938024956,2,0.1257816257816258,0.0757575757575758,0.12810289953857146,0.0,0.0378787878787879,0.1886724386724387,0.3015873015873016,0.6666666666666666,"[0.7424242424242424,0.8294573643410853,0.9060773480662984,0.7916666666666666]","[0.0757575757575758,0.3015873015873016,0.0]","[-0.2727272727272727,-0.6666666666666666,-0.11538461538461542,0.1694915254237288]",-0.2213217573387065,512,214.00663509601145,214018.556640625,16.856684481012053,197.1499506149994,65.7166502049998,65.91460535999795,460034179344.8153,7728564168510636,5886102984073836,1842461184436800,38301453324,44699952,394272000,11520,44742460,483725932,461.3169975280762,0.6438186333374082,40854.505859375,0.1,
texture-all-4,er_ace,texture,1,54,resnet18_cifar,0.01,"[0.1,0.05,0.01]",last_epoch_train_mean,0.1,0.023692906714388444,23185692505531908,0.05117540925555704,44699952,4,0,0.995639133367596,0.9958333333333333,0.0,0.0,-0.0,1,0.0,0.0,0.0,0.0,0.0,0.0,0.0,0.0,"[1.0,0.9922480620155039,0.994475138121547,0.9958333333333333]","[0.0,0.0,0.0]","[-0.5303030303030303,-0.8571428571428571,-0.1923076923076923,-0.016949152542372836]",-0.3991756830739881,512,222.65157268900657,222663.162109375,16.749361859998317,205.90221082900825,68.63407027633609,68.80768140500004,460034179344.8153,7728564168510636,5886102984073836,1842461184436800,38301453324,44699952,394272000,11520,44742460,483725932,461.3169975280762,0.8632116958324332,40854.505859375,0.1,
texture-all-4,er_ace,texture,1,55,resnet18_cifar,0.1,"[0.1,0.05,0.01]",last_epoch_train_mean,0.01,0.0327300510187614,23185692505531908,0.06021509257713294,44699952,4,0,0.7020672726883378,0.975,0.0,-0.35042735042735046,0.35042735042735046,1,0.0,0.0,0.0,0.0,0.0,0.0,0.0,0.0,"[0.3333333333333333,0.7209302325581395,0.7790055248618785,0.975]","[0.0,0.0,0.0]","[0.6666666666666667,0.0793650793650793,0.3846153846153846,0.0]",0.28266178266178266,512,231.89948548302345,231908.2109375,17.845342116008396,214.05414336701506,71.35138112233835,71.44109674599895,460034179344.8153,7728564168510636,5886102984073836,1842461184436800,38301453324,44699952,394272000,11520,44742460,483725932,461.3169975280762,0.7740119041045546,40854.505859375,0.01,
texture-all-4,er_ace,texture,1,55,resnet18_cifar,0.05,"[0.1,0.05,0.01]",last_epoch_train_mean,0.01,0.0327300510187614,23185692505531908,0.03594159042748673,44699952,4,0,0.7461328278610335,0.9625,0.021164021164021163,-0.294048544048544,0.294048544048544,2,0.021164021164021163,0.0,0.029930445764509945,0.0,0.0,0.031746031746031744,0.06349206349206349,0.3333333333333333,"[0.7727272727272727,0.31007751937984496,0.9392265193370166,0.9625]","[0.0,0.06349206349206349,0.0]","[0.2272727272727273,0.746031746031746,0.038461538461538436,0.0]",0.25294150294150297,512,230.54010421600833,230552.384765625,17.132834870004444,213.4072693460039,71.13575644866796,71.01733599499858,460034179344.8153,7728564168510636,5886102984073836,1842461184436800,38301453324,44699952,394272000,11520,44742460,483725932,461.3169975280762,0.8656898916645636,40854.505859375,0.01,
texture-all-4,er_ace,texture,1,55,resnet18_cifar,0.01,"[0.1,0.05,0.01]",last_epoch_train_mean,0.01,0.0327300510187614,23185692505531908,0.0327300510187614,44699952,4,0,0.9914724667009294,0.9791666666666666,0.021164021164021163,0.00946275946275943,-0.00946275946275943,2,0.021164021164021163,0.0,0.029930445764509945,0.0,0.0,0.031746031746031744,0.06349206349206349,0.3333333333333333,"[1.0,0.9922480620155039,0.994475138121547,0.9791666666666666]","[0.0,0.06349206349206349,0.0]","[0.0,0.0,0.019230769230769273,0.016949152542372836]",0.009044980443285527,512,231.04438145300082,231055.234375,17.40477581099549,213.63960564200534,71.21320188066845,71.43110636599886,460034179344.8153,7728564168510636,5886102984073836,1842461184436800,38301453324,44699952,394272000,11520,44742460,483725932,461.3169975280762,0.816174045758089,40854.505859375,0.01,/nobackup/proj/disk/naiss2026-4-902/shared/yizhil/Avalanche/avalanche-master/joint_result_texture-all-4/er_ace/order1/joint_texture_er_ace__order-1__seed-055.json
texture-all-4,er_ace,texture,1,56,resnet18_cifar,0.1,"[0.1,0.05,0.01]",last_epoch_train_mean,0.05,0.015111469161306427,,,,,,,,,,,,,,,,,,,,,,,,,,,,,,,,,,,,,,,,,,,,,
texture-all-4,er_ace,texture,1,56,resnet18_cifar,0.05,"[0.1,0.05,0.01]",last_epoch_train_mean,0.05,0.015111469161306427,,0.015111469161306427,44699952,4,0,0.9585575618383501,0.9708333333333333,0.035742035742035716,-0.006105006105006121,0.006105006105006121,3,0.035742035742035716,0.030303030303030276,0.03163834199145659,0.0,0.015151515151515138,0.053613053613053574,0.07692307692307687,0.6666666666666666,"[0.9696969696969697,0.8992248062015504,0.994475138121547,0.9708333333333333]","[0.030303030303030276,0.0,0.07692307692307687]","[-0.030303030303030276,-0.6825396825396826,-0.21153846153846156,0.0]",-0.2310952935952936,512,232.6944900919916,232705.80078125,17.546637009989354,215.14785308200226,71.71595102733409,71.59656349399302,460034179344.8153,7728564168510636,5886102984073836,1842461184436800,38301453324,44699952,394272000,11520,44742460,483725932,461.3169975280762,0.8910164166081813,40854.505859375,0.05,/nobackup/proj/disk/naiss2026-4-902/shared/yizhil/Avalanche/avalanche-master/joint_result_texture-all-4/er_ace/order1/joint_texture_er_ace__order-1__seed-056.json
texture-all-4,er_ace,texture,1,56,resnet18_cifar,0.01,"[0.1,0.05,0.01]",last_epoch_train_mean,0.05,0.015111469161306427,,0.0222331745186782,44699952,4,0,0.99757711786372,0.9958333333333333,0.005291005291005309,0.005291005291005309,-0.005291005291005309,2,0.005291005291005309,0.0,0.007482611441127512,0.0,0.0,0.007936507936507964,0.015873015873015928,0.3333333333333333,"[1.0,1.0,0.994475138121547,0.9958333333333333]","[0.0,0.015873015873015928,0.0]","[-0.06060606060606055,-0.7936507936507937,-0.21153846153846156,0.0]",-0.26644882894882893,512,231.70299351299764,231716.841796875,17.68656099299551,214.01643252000213,71.3388108400007,71.66975953099609,460034179344.8153,7728564168510636,5886102984073836,1842461184436800,38301453324,44699952,394272000,11520,44742460,483725932,461.3169975280762,0.8713338250042094,40854.505859375,0.05,
texture-all-4,er_ace,texture,2,52,resnet18_cifar,0.1,"[0.1,0.05,0.01]",last_epoch_train_mean,0.01,0.030786612697067808,,0.1097365593323942,44699952,4,0,0.5339070048309179,0.7166666666666667,0.0,-0.2558571829405163,0.2558571829405163,1,0.0,0.0,0.0,0.0,0.0,0.0,0.0,0.0,"[0.3888888888888889,0.5083333333333333,0.5217391304347826,0.7166666666666667]","[0.0,0.0,0.0]","[0.6111111111111112,0.13636363636363635,0.59375,0.125]",0.36655618686868685,512,230.7946569600026,230805.185546875,18.167453186993953,212.62720377300866,70.87573459100288,71.13198747200659,460034126927.36444,7728564165182796,5886102980745996,1842461184436800,38301453324,44699952,394272000,11520,44742460,483725932,461.3169975280762,0.8375065958413567,40854.505859375,0.01,
texture-all-4,er_ace,texture,2,52,resnet18_cifar,0.05,"[0.1,0.05,0.01]",last_epoch_train_mean,0.01,0.030786612697067808,,,,,,,,,,,,,,,,,,,,,,,,,,,,,,,,,,,,,,,,,,,,,
texture-all-4,er_ace,texture,2,52,resnet18_cifar,0.01,"[0.1,0.05,0.01]",last_epoch_train_mean,0.01,0.030786612697067808,,0.030786612697067808,44699952,4,0,0.9642663043478261,0.9958333333333333,0.005050505050505046,0.005050505050505046,-0.005050505050505046,2,0.005050505050505046,0.0,0.00714249273925805,0.0,0.0,0.007575757575757569,0.015151515151515138,0.3333333333333333,"[1.0,0.8666666666666667,0.9945652173913043,0.9958333333333333]","[0.0,0.015151515151515138,0.0]","[0.0,-0.33333333333333337,0.0,-0.125]",-0.11458333333333334,512,228.94325899300748,228955.8828125,18.01874488600879,210.92451410699869,70.30817136899957,70.07969780999701,460034126927.36444,7728564165182796,5886102980745996,1842461184436800,38301453324,44699952,394272000,11520,44742460,483725932,461.3169975280762,0.8549405082400577,40854.505859375,0.01,/nobackup/proj/disk/naiss2026-4-902/shared/yizhil/Avalanche/avalanche-master/joint_result_texture-all-4/er_ace/order2/joint_texture_er_ace__order-2__seed-052.json
texture-all-4,er_ace,texture,2,53,resnet18_cifar,0.1,"[0.1,0.05,0.01]",last_epoch_train_mean,0.01,0.024782084478218048,23185692495548388,0.09154429787495097,44699952,4,0,0.6714321658615138,0.6541666666666667,0.06172839506172841,-0.014029180695847354,0.014029180695847354,1,0.06172839506172841,0.0,0.08729713347982071,0.0,0.0,0.09259259259259262,0.18518518518518523,0.3333333333333333,"[0.8518518518518519,0.6416666666666667,0.5380434782608695,0.6541666666666667]","[0.18518518518518523,0.0,0.0]","[0.14814814814814814,0.39393939393939403,0.421875,0.3214285714285714]",0.3213477783790284,512,227.6814337999822,227692.595703125,18.106765965989325,209.57466783399286,69.85822261133096,69.8359198209946,460034126927.36444,7728564165182796,5886102980745996,1842461184436800,38301453324,44699952,394272000,11520,44742460,483725932,461.3169975280762,0.765233983353634,40854.505859375,0.01,
texture-all-4,er_ace,texture,2,53,resnet18_cifar,0.05,"[0.1,0.05,0.01]",last_epoch_train_mean,0.01,0.024782084478218048,23185692495548388,0.042353486855987645,44699952,4,0,0.9369565217391305,0.825,0.1575652356902357,0.1575652356902357,-0.1575652356902357,3,0.1575652356902357,0.1515151515151515,0.08586712801840443,0.05555555555555558,0.10353535353535354,0.20857007575757575,0.265625,1.0,"[1.0,0.95,0.9728260869565217,0.825]","[0.05555555555555558,0.1515151515151515,0.265625]","[0.0,-0.015151515151515138,-0.078125,0.1607142857142857]",0.01685944264069264,512,228.1191853210039,228128.7421875,17.95678456799942,210.16240075300448,70.05413358433482,69.95427237299737,460034126927.36444,7728564165182796,5886102980745996,1842461184436800,38301453324,44699952,394272000,11520,44742460,483725932,461.3169975280762,0.865653187429416,40854.505859375,0.01,
texture-all-4,er_ace,texture,2,53,resnet18_cifar,0.01,"[0.1,0.05,0.01]",last_epoch_train_mean,0.01,0.024782084478218048,23185692495548388,0.024782084478218048,44699952,4,0,0.970516304347826,0.9875,0.005050505050505046,0.005050505050505046,-0.005050505050505046,2,0.005050505050505046,0.0,0.00714249273925805,0.0,0.0,0.007575757575757569,0.015151515151515138,0.3333333333333333,"[1.0,0.9,0.9945652173913043,0.9875]","[0.0,0.015151515151515138,0.0]","[0.0,-0.045454545454545414,-0.09375,0.0357142857142857]",-0.02587256493506493,512,228.8111148140306,228822.3359375,18.138661814009538,210.67245300002105,70.22415100000701,70.43322579600499,460034126927.36444,7728564165182796,5886102980745996,1842461184436800,38301453324,44699952,394272000,11520,44742460,483725932,461.3169975280762,0.8264634125225712,40854.505859375,0.01,/nobackup/proj/disk/naiss2026-4-902/shared/yizhil/Avalanche/avalanche-master/joint_result_texture-all-4/er_ace/order2/joint_texture_er_ace__order-2__seed-053.json
texture-all-4,er_ace,texture,2,54,resnet18_cifar,0.1,"[0.1,0.05,0.01]",last_epoch_train_mean,0.01,0.031254501494227864,,,,,,,,,,,,,,,,,,,,,,,,,,,,,,,,,,,,,,,,,,,,,
texture-all-4,er_ace,texture,2,54,resnet18_cifar,0.05,"[0.1,0.05,0.01]",last_epoch_train_mean,0.01,0.031254501494227864,,,,,,,,,,,,,,,,,,,,,,,,,,,,,,,,,,,,,,,,,,,,,
texture-all-4,er_ace,texture,2,54,resnet18_cifar,0.01,"[0.1,0.05,0.01]",last_epoch_train_mean,0.01,0.031254501494227864,,0.031254501494227864,44699952,4,0,0.9754076086956522,0.9958333333333333,0.005050505050505046,0.005050505050505046,-0.005050505050505046,2,0.005050505050505046,0.0,0.00714249273925805,0.0,0.0,0.007575757575757569,0.015151515151515138,0.3333333333333333,"[1.0,0.9166666666666666,0.9891304347826086,0.9958333333333333]","[0.0,0.015151515151515138,0.0]","[0.0,-0.3787878787878788,0.0,-0.9821428571428571]",-0.34023268398268397,512,219.1281032509869,219137.8984375,18.192677061990253,200.93542618899664,66.97847539633221,69.64011730799393,460034126927.36444,7728564165182796,5886102980745996,1842461184436800,38301453324,44699952,394272000,11520,44742460,483725932,461.3169975280762,0.4059517583906806,40854.505859375,0.01,/nobackup/proj/disk/naiss2026-4-902/shared/yizhil/Avalanche/avalanche-master/joint_result_texture-all-4/er_ace/order2/joint_texture_er_ace__order-2__seed-054.json
texture-all-4,er_ace,texture,2,55,resnet18_cifar,0.1,"[0.1,0.05,0.01]",last_epoch_train_mean,0.01,0.03057745892982014,,0.0366426766163013,44699952,4,0,0.9371829710144928,0.8958333333333334,0.06172839506172841,0.06172839506172841,-0.06172839506172841,1,0.06172839506172841,0.0,0.08729713347982071,0.0,0.0,0.09259259259259262,0.18518518518518523,0.3333333333333333,"[1.0,0.9833333333333333,0.8695652173913043,0.8958333333333334]","[0.18518518518518523,0.0,0.0]","[0.0,0.0,-0.125,0.0714285714285714]",-0.01339285714285715,512,120.42540474901034,120429.037109375,9.66146632899472,110.76393842001562,36.92131280667187,36.9361939990049,460034126927.36444,7728564165182796,5886102980745996,1842461184436800,38301453324,44699952,394272000,11520,44742460,483725932,461.3169975280762,0.4008961874812182,40854.505859375,0.01,
texture-all-4,er_ace,texture,2,55,resnet18_cifar,0.05,"[0.1,0.05,0.01]",last_epoch_train_mean,0.01,0.03057745892982014,,,,,,,,,,,,,,,,,,,,,,,,,,,,,,,,,,,,,,,,,,,,,
texture-all-4,er_ace,texture,2,55,resnet18_cifar,0.01,"[0.1,0.05,0.01]",last_epoch_train_mean,0.01,0.03057745892982014,,0.03057745892982014,44699952,4,0,0.981838768115942,0.9875,0.011223344556677875,0.0008066778900112093,-0.0008066778900112093,1,0.011223344556677875,0.015151515151515138,0.008054264923909824,0.0,0.007575757575757569,0.016835016835016814,0.01851851851851849,0.6666666666666666,"[1.0,0.9833333333333333,0.9565217391304348,0.9875]","[0.01851851851851849,0.015151515151515138,0.0]","[0.0,-0.015151515151515138,-0.25,0.017857142857142905]",-0.06182359307359306,512,120.44058357700123,120444.3134765625,9.643475639997632,110.7971079370036,36.93236931233454,36.89449247800803,460034126927.36444,7728564165182796,5886102980745996,1842461184436800,38301453324,44699952,394272000,11520,44742460,483725932,461.3169975280762,0.40505150839938625,40854.505859375,0.01,/nobackup/proj/disk/naiss2026-4-902/shared/yizhil/Avalanche/avalanche-master/joint_result_texture-all-4/er_ace/order2/joint_texture_er_ace__order-2__seed-055.json
texture-all-4,er_ace,texture,2,56,resnet18_cifar,0.1,"[0.1,0.05,0.01]",last_epoch_train_mean,0.01,0.02837334863352971,23185692495548388,0.07350750120936847,44699952,4,0,0.6912489935587762,0.5291666666666667,0.24812359708193044,0.09660844556677893,-0.09660844556677893,3,0.24812359708193044,0.2727272727272727,0.17827825456829036,0.0185185185185186,0.14562289562289565,0.36292613636363635,0.453125,1.0,"[0.9814814814814815,0.45,0.8043478260869565,0.5291666666666667]","[0.0185185185185186,0.2727272727272727,0.453125]","[0.01851851851851849,0.5909090909090908,0.1875,0.7678571428571428]",0.39119618807118806,512,119.47317220001423,119476.818359375,9.60581964701123,109.867352553003,36.622450851001,36.637795194998034,460034126927.36444,7728564165182796,5886102980745996,1842461184436800,38301453324,44699952,394272000,11520,44742460,483725932,461.3169975280762,0.3995751957821388,40854.505859375,0.01,
texture-all-4,er_ace,texture,2,56,resnet18_cifar,0.05,"[0.1,0.05,0.01]",last_epoch_train_mean,0.01,0.02837334863352971,23185692495548388,0.04673326504035074,44699952,4,0,0.9148550724637682,0.75,0.16896394500561165,0.16896394500561165,-0.16896394500561165,2,0.16896394500561165,0.171875,0.06120313991783864,0.09259259259259256,0.13223379629629628,0.20714962121212122,0.24242424242424243,1.0,"[1.0,0.9583333333333334,0.9510869565217391,0.75]","[0.09259259259259256,0.24242424242424243,0.171875]","[0.0,0.0,0.09375,0.3928571428571429]",0.12165178571428573,512,120.1598182819871,120163.3486328125,9.847864866998862,110.31195341498824,36.77065113832941,36.71313362898945,460034126927.36444,7728564165182796,5886102980745996,1842461184436800,38301453324,44699952,394272000,11520,44742460,483725932,461.3169975280762,0.40119067913716816,40854.505859375,0.01,
texture-all-4,er_ace,texture,2,56,resnet18_cifar,0.01,"[0.1,0.05,0.01]",last_epoch_train_mean,0.01,0.02837334863352971,23185692495548388,0.02837334863352971,44699952,4,0,0.9646739130434783,0.9666666666666667,0.03286335578002245,0.03286335578002245,-0.03286335578002245,1,0.03286335578002245,0.03125,0.0029764519513576543,0.030303030303030276,0.030776515151515138,0.034143518518518545,0.03703703703703709,1.0,"[1.0,0.9083333333333333,0.9836956521739131,0.9666666666666667]","[0.03703703703703709,0.030303030303030276,0.03125]","[0.0,0.0,0.0,0.0357142857142857]",0.008928571428571425,512,120.37376936302462,120377.28125,9.717965681003989,110.65580368202063,36.88526789400688,36.89254468301078,460034126927.36444,7728564165182796,5886102980745996,1842461184436800,38301453324,44699952,394272000,11520,44742460,483725932,461.3169975280762,0.4055885206980747,40854.505859375,0.01,/nobackup/proj/disk/naiss2026-4-902/shared/yizhil/Avalanche/avalanche-master/joint_result_texture-all-4/er_ace/order2/joint_texture_er_ace__order-2__seed-056.json
texture-all-4,er_ace,texture,3,52,resnet18_cifar,0.1,"[0.1,0.05,0.01]",last_epoch_train_mean,0.01,0.025990525739982662,23185692494455608,0.2640578702155045,44699952,4,0,0.35824071501342963,0.26666666666666666,0.2879292331040624,0.15678169212045578,-0.15678169212045578,2,0.2879292331040624,0.15254237288135591,0.21873098694654375,0.11475409836065575,0.13364823562100583,0.37451680047576563,0.5964912280701754,1.0,"[0.3442622950819672,0.6694915254237288,0.15254237288135594,0.26666666666666666]","[0.11475409836065575,0.5964912280701754,0.15254237288135591]","[0.5737704918032787,0.4035087719298246,0.22033898305084748,0.5873015873015872]",0.4462299585213845,512,119.79784970299806,119801.44140625,9.520764325992786,110.27708537700528,36.75902845900176,36.83611573600501,460034156808.358,7728564164818536,5886102980381736,1842461184436800,38301453324,44699952,394272000,11520,44742460,483725932,461.3169975280762,0.4056101584258916,40854.505859375,0.01,
texture-all-4,er_ace,texture,3,52,resnet18_cifar,0.05,"[0.1,0.05,0.01]",last_epoch_train_mean,0.01,0.025990525739982662,23185692494455608,0.04045299325877101,44699952,4,0,0.8366991409650828,0.8791666666666667,0.05656217045345605,-0.04744820279837314,0.04744820279837314,2,0.05656217045345605,0.08196721311475408,0.04006437291528495,0.0,0.04098360655737704,0.08484325568018408,0.08771929824561409,0.6666666666666666,"[0.7049180327868853,0.9661016949152542,0.7966101694915254,0.8791666666666667]","[0.08196721311475408,0.08771929824561409,0.0]","[0.21311475409836067,0.07017543859649122,-0.3898305084745763,0.031746031746031744]",-0.018698571008423162,512,120.45191001500643,120455.583984375,9.673014270010754,110.77889574499568,36.92629858166523,36.99854957500065,460034156808.358,7728564164818536,5886102980381736,1842461184436800,38301453324,44699952,394272000,11520,44742460,483725932,461.3169975280762,0.40275795005679055,40854.505859375,0.01,
texture-all-4,er_ace,texture,3,52,resnet18_cifar,0.01,"[0.1,0.05,0.01]",last_epoch_train_mean,0.01,0.025990525739982662,23185692494455608,0.025990525739982662,44699952,4,0,0.9911899717514125,0.9958333333333333,0.0,-0.01694915254237291,0.01694915254237291,1,0.0,0.0,0.0,0.0,0.0,0.0,0.0,0.0,"[1.0,0.9915254237288136,0.9774011299435028,0.9958333333333333]","[0.0,0.0,0.0]","[-0.08196721311475408,0.0,-0.5423728813559321,-0.015873015873015928]",-0.16005327758592552,512,120.58105055701162,120584.642578125,9.59622616400884,110.98482439300278,36.99494146433426,37.039789640999516,460034156808.358,7728564164818536,5886102980381736,1842461184436800,38301453324,44699952,394272000,11520,44742460,483725932,461.3169975280762,0.4042832792038098,40854.505859375,0.01,/nobackup/proj/disk/naiss2026-4-902/shared/yizhil/Avalanche/avalanche-master/joint_result_texture-all-4/er_ace/order3/joint_texture_er_ace__order-3__seed-052.json
texture-all-4,er_ace,texture,3,53,resnet18_cifar,0.1,"[0.1,0.05,0.01]",last_epoch_train_mean,0.05,0.026549012765665597,23185692494455608,0.03574331261940646,44699952,4,0,0.789795197740113,0.9416666666666667,0.021857923497267746,-0.2145381514358277,0.2145381514358277,1,0.021857923497267746,0.0,0.0309117718551496,0.0,0.0,0.03278688524590162,0.06557377049180324,0.3333333333333333,"[1.0,0.6186440677966102,0.5988700564971752,0.9416666666666667]","[0.06557377049180324,0.0,0.0]","[0.0,0.3157894736842105,-0.03389830508474567,0.09523809523809523]",0.09428231595939002,512,120.30846509798721,120312.0634765625,9.5484443299938,110.76002076799341,36.92000692266447,36.90017662900209,460034156808.358,7728564164818536,5886102980381736,1842461184436800,38301453324,44699952,394272000,11520,44742460,483725932,461.3169975280762,0.4070721166499425,40854.505859375,0.05,
texture-all-4,er_ace,texture,3,53,resnet18_cifar,0.05,"[0.1,0.05,0.01]",last_epoch_train_mean,0.05,0.026549012765665597,23185692494455608,0.026549012765665597,44699952,4,0,0.8961572080207465,0.9208333333333333,0.0,-0.08459952325938487,0.08459952325938487,1,0.0,0.0,0.0,0.0,0.0,0.0,0.0,0.0,"[0.9180327868852459,0.864406779661017,0.8813559322033898,0.9208333333333333]","[0.0,0.0,0.0]","[0.08196721311475408,-0.03508771929824561,-0.1694915254237288,0.19047619047619047]",0.01696603971724253,512,120.17360986598942,120177.2568359375,9.554556806004257,110.61905305998516,36.87301768666172,36.92621926798893,460034156808.358,7728564164818536,5886102980381736,1842461184436800,38301453324,44699952,394272000,11520,44742460,483725932,461.3169975280762,0.4052533083571082,40854.505859375,0.05,/nobackup/proj/disk/naiss2026-4-902/shared/yizhil/Avalanche/avalanche-master/joint_result_texture-all-4/er_ace/order3/joint_texture_er_ace__order-3__seed-053.json
texture-all-4,er_ace,texture,3,53,resnet18_cifar,0.01,"[0.1,0.05,0.01]",last_epoch_train_mean,0.05,0.026549012765665597,23185692494455608,0.029326425645233207,44699952,4,0,0.9371468926553672,1.0,0.0,-0.15551590841510557,0.15551590841510557,1,0.0,0.0,0.0,0.0,0.0,0.0,0.0,0.0,"[1.0,0.8728813559322034,0.8757062146892656,1.0]","[0.0,0.0,0.0]","[0.0,0.1578947368421053,-0.18644067796610164,0.0]",-0.007136485280999083,512,120.24922726899968,120252.8896484375,9.259502187007456,110.98972508199222,36.99657502733074,36.98006838699803,460034156808.358,7728564164818536,5886102980381736,1842461184436800,38301453324,44699952,394272000,11520,44742460,483725932,461.3169975280762,0.40569318747050903,40854.505859375,0.05,
texture-all-4,er_ace,texture,3,54,resnet18_cifar,0.1,"[0.1,0.05,0.01]",last_epoch_train_mean,0.01,0.045748937230572925,23185692494455608,0.19283831905463578,44699952,4,0,0.47623356024821706,0.475,0.1366120218579235,-0.09036785721829811,0.09036785721829811,1,0.1366120218579235,0.0,0.1931985740946851,0.0,0.0,0.20491803278688525,0.4098360655737705,0.3333333333333333,"[0.9836065573770492,0.3050847457627119,0.14124293785310735,0.475]","[0.4098360655737705,0.0,0.0]","[0.016393442622950838,0.6842105263157895,0.847457627118644,0.8095238095238095]",0.5893963513952984,512,120.362543670999,120366.6650390625,9.446745370005374,110.91579830099363,36.971932766997874,37.12793231100659,460034156808.358,7728564164818536,5886102980381736,1842461184436800,38301453324,44699952,394272000,11520,44742460,483725932,461.3169975280762,0.4043687292020574,40854.505859375,0.01,
texture-all-4,er_ace,texture,3,54,resnet18_cifar,0.05,"[0.1,0.05,0.01]",last_epoch_train_mean,0.01,0.045748937230572925,23185692494455608,0.05354611481292338,44699952,4,0,0.8542196327683615,0.8208333333333333,0.03278688524590164,-0.04670563135633843,0.04670563135633843,1,0.03278688524590164,0.0,0.04636765778272442,0.0,0.0,0.04918032786885246,0.09836065573770492,0.3333333333333333,"[1.0,0.923728813559322,0.672316384180791,0.8208333333333333]","[0.09836065573770492,0.0,0.0]","[0.0,0.052631578947368474,0.423728813559322,0.3650793650793651]",0.2103599393965139,512,119.42065646202536,119424.166015625,9.318807604009635,110.10184885801573,36.70061628600524,36.76152318100503,460034156808.358,7728564164818536,5886102980381736,1842461184436800,38301453324,44699952,394272000,11520,44742460,483725932,461.3169975280762,0.40400550830478704,40854.505859375,0.01,
texture-all-4,er_ace,texture,3,54,resnet18_cifar,0.01,"[0.1,0.05,0.01]",last_epoch_train_mean,0.01,0.045748937230572925,23185692494455608,0.045748937230572925,44699952,4,0,0.9950564971751412,1.0,0.0,-0.011299435028248594,0.011299435028248594,1,0.0,0.0,0.0,0.0,0.0,0.0,0.0,0.0,"[1.0,0.9915254237288136,0.9887005649717514,1.0]","[0.0,0.0,0.0]","[0.0,0.0,0.03389830508474578,0.0]",0.008474576271186446,512,119.79499602298893,119798.4814453125,9.373057908989722,110.4219381139992,36.8073127046664,36.811317599000176,460034156808.358,7728564164818536,5886102980381736,1842461184436800,38301453324,44699952,394272000,11520,44742460,483725932,461.3169975280762,0.4034463333785728,40854.505859375,0.01,/nobackup/proj/disk/naiss2026-4-902/shared/yizhil/Avalanche/avalanche-master/joint_result_texture-all-4/er_ace/order3/joint_texture_er_ace__order-3__seed-054.json
texture-all-4,er_ace,texture,3,55,resnet18_cifar,0.1,"[0.1,0.05,0.01]",last_epoch_train_mean,0.05,0.03113714382366792,23185692494455608,0.0507579173279714,44699952,4,0,0.6977884481800499,0.4708333333333333,0.16114125268714988,0.16114125268714988,-0.16114125268714988,1,0.16114125268714988,0.10526315789473684,0.13272332796704395,0.03389830508474567,0.06958073148974125,0.224762726488352,0.34426229508196715,1.0,"[0.9672131147540983,0.7033898305084746,0.6497175141242938,0.4708333333333333]","[0.34426229508196715,0.10526315789473684,0.03389830508474567]","[0.032786885245901676,-0.3333333333333333,0.27118644067796616,0.8412698412698413]",0.20297745846509396,512,119.24567332000879,119249.236328125,9.340605907011195,109.9050674129976,36.635022470999196,36.5786994730006,460034156808.358,7728564164818536,5886102980381736,1842461184436800,38301453324,44699952,394272000,11520,44742460,483725932,461.3169975280762,0.40440865007743315,40854.505859375,0.05,
texture-all-4,er_ace,texture,3,55,resnet18_cifar,0.05,"[0.1,0.05,0.01]",last_epoch_train_mean,0.05,0.03113714382366792,23185692494455608,0.03113714382366792,44699952,4,0,0.9677612994350282,0.9416666666666667,0.03354083086757368,0.021844924434825146,-0.021844924434825146,1,0.03354083086757368,0.03389830508474578,0.012918007359662712,0.01754385964912275,0.025721082366934267,0.04153931647679915,0.049180327868852514,1.0,"[1.0,0.9745762711864406,0.9548022598870056,0.9416666666666667]","[0.049180327868852514,0.01754385964912275,0.03389830508474578]","[0.0,-0.5789473684210527,0.03389830508474578,-0.0793650793650793]",-0.15610353567534654,512,119.54316719100461,119546.6923828125,9.336583265001536,110.20658392600308,36.73552797533436,36.75773333600955,460034156808.358,7728564164818536,5886102980381736,1842461184436800,38301453324,44699952,394272000,11520,44742460,483725932,461.3169975280762,0.4039785125011501,40854.505859375,0.05,/nobackup/proj/disk/naiss2026-4-902/shared/yizhil/Avalanche/avalanche-master/joint_result_texture-all-4/er_ace/order3/joint_texture_er_ace__order-3__seed-055.json
texture-all-4,er_ace,texture,3,55,resnet18_cifar,0.01,"[0.1,0.05,0.01]",last_epoch_train_mean,0.05,0.03113714382366792,23185692494455608,0.03691034577000996,44699952,4,0,0.9791843220338983,0.9958333333333333,0.0,-0.03954802259887006,0.03954802259887006,1,0.0,0.0,0.0,0.0,0.0,0.0,0.0,0.0,"[1.0,1.0,0.9209039548022598,0.9958333333333333]","[0.0,0.0,0.0]","[0.0,-0.631578947368421,0.11864406779661019,-0.1428571428571428]",-0.1639480056072384,512,119.67430062199128,119677.83203125,9.336071051002364,110.33822957098891,36.7794098569963,36.810604821992456,460034156808.358,7728564164818536,5886102980381736,1842461184436800,38301453324,44699952,394272000,11520,44742460,483725932,461.3169975280762,0.4045030291308649,40854.505859375,0.05,
texture-all-4,er_ace,texture,3,56,resnet18_cifar,0.1,"[0.1,0.05,0.01]",last_epoch_train_mean,0.05,0.018604847991579694,23185692494455608,0.036079314659164925,44699952,4,0,0.7832627118644068,0.65,0.1572236602435049,0.1459242252152563,-0.1459242252152563,1,0.1572236602435049,0.1929824561403508,0.11654996653096848,0.0,0.0964912280701754,0.23583549036525736,0.2786885245901639,0.6666666666666666,"[1.0,0.7542372881355932,0.7288135593220338,0.65]","[0.2786885245901639,0.1929824561403508,0.0]","[-0.34426229508196726,0.19298245614035092,0.35593220338983056,0.4126984126984127]",0.15433769428665672,512,119.40848249798,119412.0263671875,9.387528581995866,110.02095391598414,36.67365130532804,36.761783451991505,460034156808.358,7728564164818536,5886102980381736,1842461184436800,38301453324,44699952,394272000,11520,44742460,483725932,461.3169975280762,0.40274653747474076,40854.505859375,0.05,
texture-all-4,er_ace,texture,3,56,resnet18_cifar,0.05,"[0.1,0.05,0.01]",last_epoch_train_mean,0.05,0.018604847991579694,23185692494455608,0.018604847991579694,44699952,4,0,0.8932733050847457,0.9375,0.011695906432748537,-0.06740013876499158,0.06740013876499158,2,0.011695906432748537,0.0,0.016540509501439708,0.0,0.0,0.017543859649122806,0.03508771929824561,0.3333333333333333,"[1.0,0.8728813559322034,0.7627118644067796,0.9375]","[0.0,0.03508771929824561,0.0]","[-0.34426229508196726,0.08771929824561409,0.23728813559322037,0.12698412698412698]",0.026932316435248543,512,119.40445382399776,119408.03515625,9.308305270998972,110.09614855299878,36.69871618433293,36.76720845499949,460034156808.358,7728564164818536,5886102980381736,1842461184436800,38301453324,44699952,394272000,11520,44742460,483725932,461.3169975280762,0.4059935291176468,40854.505859375,0.05,/nobackup/proj/disk/naiss2026-4-902/shared/yizhil/Avalanche/avalanche-master/joint_result_texture-all-4/er_ace/order3/joint_texture_er_ace__order-3__seed-056.json
texture-all-4,er_ace,texture,3,56,resnet18_cifar,0.01,"[0.1,0.05,0.01]",last_epoch_train_mean,0.05,0.018604847991579694,23185692494455608,0.02441498024962874,44699952,4,0,0.9834216101694915,0.9958333333333333,0.0,-0.029239766081871326,0.029239766081871326,1,0.0,0.0,0.0,0.0,0.0,0.0,0.0,0.0,"[1.0,0.9491525423728814,0.9887005649717514,0.9958333333333333]","[0.0,0.0,0.0]","[-0.34426229508196726,0.10526315789473684,0.0,0.0]",-0.059749784296807606,512,119.78315302700503,119786.8017578125,9.356566703005228,110.4265863239998,36.808862107999936,36.81191474098887,460034156808.358,7728564164818536,5886102980381736,1842461184436800,38301453324,44699952,394272000,11520,44742460,483725932,461.3169975280762,0.4061687041636712,40854.505859375,0.05,
texture-all-4,fecam,texture,1,52,resnet18_cifar,0.1,"[0.1,0.05,0.01]",last_epoch_train_mean,0.01,2.4496748674954616,1725038463466062,2.4660284905018153,44699952,4,9260445021780,0.7590840346481649,0.6291666666666667,0.12842712842712842,0.12842712842712842,-0.12842712842712842,1,0.12842712842712842,0.14285714285714285,0.0994938769173922,0.0,0.07142857142857142,0.19264069264069264,0.24242424242424243,0.6666666666666666,"[1.0,0.7441860465116279,0.6629834254143646,0.6291666666666667]","[0.24242424242424243,0.14285714285714285,0.0]","[0.0,0.4285714285714286,0.32692307692307687,0.3389830508474576]",0.27361938908549077,512,19.236371166014578,19242.856231689453,17.885920918997726,1.3504502470168518,0.4501500823389506,0.43193347900523804,268217294777.3027,575012821155354,538242870048258,36769951107096,52266431496,44699952,0,0,57321388,102021340,97.29513168334961,7.096084308310917,10092.015625,0.01,
texture-all-4,fecam,texture,1,52,resnet18_cifar,0.05,"[0.1,0.05,0.01]",last_epoch_train_mean,0.01,2.4496748674954616,1725038463466062,2.4739300106570927,44699952,4,9260445021780,0.7838437941667737,0.7083333333333334,0.06180856180856181,0.06180856180856181,-0.06180856180856181,1,0.06180856180856181,0.07936507936507936,0.045043582754335454,0.0,0.03968253968253968,0.09271284271284272,0.10606060606060608,0.6666666666666666,"[1.0,0.7364341085271318,0.6906077348066298,0.7083333333333334]","[0.10606060606060608,0.07936507936507936,0.0]","[0.0,0.4920634920634921,0.2692307692307693,0.22033898305084743]",0.2454083110862772,512,15.437242134008557,15440.667343139648,14.690615323997918,0.746626810010639,0.24887560333687966,0.2367434360057814,268217294777.3027,575012821155354,538242870048258,36769951107096,52266431496,44699952,0,0,57321388,102021340,97.29513168334961,6.131108495962205,10091.390625,0.01,
texture-all-4,fecam,texture,1,52,resnet18_cifar,0.01,"[0.1,0.05,0.01]",last_epoch_train_mean,0.01,2.4496748674954616,1725038463466062,2.4496748674954616,44699952,4,9260445021780,0.9847605893186004,0.9666666666666667,0.042328042328042326,0.042328042328042326,-0.042328042328042326,2,0.042328042328042326,0.0,0.05986089152901989,0.0,0.0,0.06349206349206349,0.12698412698412698,0.3333333333333333,"[1.0,1.0,0.9723756906077348,0.9666666666666667]","[0.0,0.12698412698412698,0.0]","[0.0,0.0,0.0,0.0]",0.0,512,17.346721393012558,17352.416900634766,16.59694583401142,0.7497755590011366,0.2499251863337122,0.24183120399538893,268217294777.3027,575012821155354,538242870048258,36769951107096,52266431496,44699952,0,0,57321388,102021340,97.29513168334961,7.008620766706978,10091.390625,0.01,/nobackup/proj/disk/naiss2026-4-902/shared/yizhil/Avalanche/avalanche-master/joint_result_texture-all-4/fecam/order1/joint_texture_fecam__order-1__seed-052.json
texture-all-4,fecam,texture,1,53,resnet18_cifar,0.1,"[0.1,0.05,0.01]",last_epoch_train_mean,0.05,2.371929247844269,1725038463466062,2.401142041218231,44699952,4,9260445021780,0.6140975353236853,0.5458333333333333,0.10285085285085287,0.10285085285085287,-0.10285085285085287,1,0.10285085285085287,0.031746031746031744,0.10952626794687081,0.019230769230769273,0.02548840048840051,0.14466089466089466,0.25757575757575757,1.0,"[0.8939393939393939,0.5193798449612403,0.4972375690607735,0.5458333333333333]","[0.25757575757575757,0.031746031746031744,0.019230769230769273]","[0.10606060606060608,0.12698412698412698,0.17307692307692302,0.22033898305084743]",0.15661515979312587,512,15.295179912995081,15297.439392089844,14.560876228992129,0.7343036840029527,0.2447678946676509,0.2593397369928425,268217294777.3027,575012821155354,538242870048258,36769951107096,52266431496,44699952,0,0,57321388,102021340,97.29513168334961,7.409173958270306,10091.390625,0.05,
texture-all-4,fecam,texture,1,53,resnet18_cifar,0.05,"[0.1,0.05,0.01]",last_epoch_train_mean,0.05,2.371929247844269,1725038463466062,2.371929247844269,44699952,4,9260445021780,0.9491715383956485,0.925,0.028693528693528703,0.028693528693528703,-0.028693528693528703,2,0.028693528693528703,0.038461538461538436,0.020630946579628585,0.0,0.019230769230769218,0.043040293040293054,0.04761904761904767,0.6666666666666666,"[1.0,0.937984496124031,0.9337016574585635,0.925]","[0.0,0.04761904761904767,0.038461538461538436]","[0.0,-0.4761904761904762,-0.25,0.06779661016949157]",-0.16459846650524618,512,14.251833664005972,14258.549713134766,13.642389852000633,0.6094438120053383,0.20314793733511274,0.20189920300617814,268217294777.3027,575012821155354,538242870048258,36769951107096,52266431496,44699952,0,0,57321388,102021340,97.29513168334961,6.286850975023602,10091.390625,0.05,/nobackup/proj/disk/naiss2026-4-902/shared/yizhil/Avalanche/avalanche-master/joint_result_texture-all-4/fecam/order1/joint_texture_fecam__order-1__seed-053.json
texture-all-4,fecam,texture,1,53,resnet18_cifar,0.01,"[0.1,0.05,0.01]",last_epoch_train_mean,0.05,2.371929247844269,1725038463466062,2.4240993642213433,44699952,4,9260445021780,0.99757711786372,0.9958333333333333,0.005291005291005309,0.005291005291005309,-0.005291005291005309,2,0.005291005291005309,0.0,0.007482611441127512,0.0,0.0,0.007936507936507964,0.015873015873015928,0.3333333333333333,"[1.0,1.0,0.994475138121547,0.9958333333333333]","[0.0,0.015873015873015928,0.0]","[0.0,-0.6031746031746033,-0.2692307692307693,0.0]",-0.21810134310134313,512,14.202650127990637,14203.821060180664,13.609441556007368,0.5932085719832685,0.1977361906610895,0.18623060100071598,268217294777.3027,575012821155354,538242870048258,36769951107096,52266431496,44699952,0,0,57321388,102021340,97.29513168334961,5.9750028415995375,10091.390625,0.05,
texture-all-4,fecam,texture,1,54,resnet18_cifar,0.1,"[0.1,0.05,0.01]",last_epoch_train_mean,0.1,2.254253086707404,1725038463466062,2.254253086707404,44699952,4,9260445021780,0.6942003672534155,0.5875,0.14814814814814817,0.14814814814814817,-0.14814814814814817,1,0.14814814814814817,0.1111111111111111,0.1385799032138497,0.0,0.05555555555555555,0.22222222222222224,0.33333333333333337,0.6666666666666666,"[1.0,0.6589147286821705,0.5303867403314917,0.5875]","[0.33333333333333337,0.1111111111111111,0.0]","[-0.5303030303030303,-0.36507936507936506,0.3076923076923077,0.18644067796610175]",-0.10031235243099647,512,13.598035937990062,13602.731491088867,12.94437268099864,0.6536632569914218,0.21788775233047394,0.2392964850005228,268217294777.3027,575012821155354,538242870048258,36769951107096,52266431496,44699952,0,0,57321388,102021340,97.29513168334961,6.896974520835404,10091.390625,0.1,/nobackup/proj/disk/naiss2026-4-902/shared/yizhil/Avalanche/avalanche-master/joint_result_texture-all-4/fecam/order1/joint_texture_fecam__order-1__seed-054.json
texture-all-4,fecam,texture,1,54,resnet18_cifar,0.05,"[0.1,0.05,0.01]",last_epoch_train_mean,0.1,2.254253086707404,1725038463466062,2.326323449858986,44699952,4,9260445021780,0.9341509540023127,0.9125,0.021164021164021163,0.021164021164021163,-0.021164021164021163,2,0.021164021164021163,0.0,0.029930445764509945,0.0,0.0,0.031746031746031744,0.06349206349206349,0.3333333333333333,"[1.0,0.9069767441860465,0.9171270718232044,0.9125]","[0.0,0.06349206349206349,0.0]","[-0.5303030303030303,-0.6825396825396826,-0.17307692307692302,0.05084745762711873]",-0.33376804457312925,512,15.14771277901309,15156.424041748047,14.274095205008052,0.8736175740050385,0.2912058580016795,0.29168198400293477,268217294777.3027,575012821155354,538242870048258,36769951107096,52266431496,44699952,0,0,57321388,102021340,97.29513168334961,8.660954379107958,10091.390625,0.1,
texture-all-4,fecam,texture,1,54,resnet18_cifar,0.01,"[0.1,0.05,0.01]",last_epoch_train_mean,0.1,2.254253086707404,1725038463466062,2.3955653020455134,44699952,4,9260445021780,0.9833075024626322,0.9708333333333333,0.021164021164021163,0.021164021164021163,-0.021164021164021163,2,0.021164021164021163,0.0,0.029930445764509945,0.0,0.0,0.031746031746031744,0.06349206349206349,0.3333333333333333,"[1.0,0.9844961240310077,0.9779005524861878,0.9708333333333333]","[0.0,0.06349206349206349,0.0]","[-0.5303030303030303,-0.8412698412698413,-0.1923076923076923,0.0]",-0.39097014097014093,512,16.110294034006074,16113.819137573242,15.356089043998509,0.7542049900075654,0.2514016633358551,0.24946465900575276,268217294777.3027,575012821155354,538242870048258,36769951107096,52266431496,44699952,0,0,57321388,102021340,97.29513168334961,6.839568608362849,10091.390625,0.1,
texture-all-4,fecam,texture,1,55,resnet18_cifar,0.1,"[0.1,0.05,0.01]",last_epoch_train_mean,0.05,2.215021537052645,1725038463466062,2.465817400034038,44699952,4,9260445021780,0.676524873072236,0.6125,0.09682909682909684,0.09682909682909684,-0.09682909682909684,1,0.09682909682909684,0.07692307692307687,0.06286281242087745,0.031746031746031744,0.05433455433455431,0.12937062937062938,0.18181818181818188,1.0,"[0.9696969696969697,0.5658914728682171,0.5580110497237569,0.6125]","[0.18181818181818188,0.031746031746031744,0.07692307692307687]","[-0.12121212121212122,0.19047619047619047,0.34615384615384615,0.06779661016949157]",0.12080363139685174,512,15.280460283000139,15283.905380249023,14.624061505994177,0.6563987770059612,0.2187995923353204,0.2152055240003392,268217294777.3027,575012821155354,538242870048258,36769951107096,52266431496,44699952,0,0,57321388,102021340,97.29513168334961,6.4491932791497675,10091.390625,0.05,
texture-all-4,fecam,texture,1,55,resnet18_cifar,0.05,"[0.1,0.05,0.01]",last_epoch_train_mean,0.05,2.215021537052645,1725038463466062,2.215021537052645,44699952,4,9260445021780,0.8474169129298899,0.8166666666666667,0.022283272283272315,0.022283272283272315,-0.022283272283272315,2,0.022283272283272315,0.019230769230769273,0.019559852678389267,0.0,0.009615384615384637,0.03342490842490847,0.04761904761904767,0.6666666666666666,"[1.0,0.7829457364341085,0.7900552486187845,0.8166666666666667]","[0.0,0.04761904761904767,0.019230769230769273]","[-0.1515151515151515,-0.15873015873015878,0.13461538461538458,0.06779661016949157]",-0.02695832886510853,512,14.735324285022216,14738.87922668457,14.009457428008318,0.725866857013898,0.24195561900463267,0.2363902970100753,268217294777.3027,575012821155354,538242870048258,36769951107096,52266431496,44699952,0,0,57321388,102021340,97.29513168334961,5.688368058326887,10091.390625,0.05,/nobackup/proj/disk/naiss2026-4-902/shared/yizhil/Avalanche/avalanche-master/joint_result_texture-all-4/fecam/order1/joint_texture_fecam__order-1__seed-055.json
texture-all-4,fecam,texture,1,55,resnet18_cifar,0.01,"[0.1,0.05,0.01]",last_epoch_train_mean,0.05,2.215021537052645,1725038463466062,2.4046758754619426,44699952,4,9260445021780,1.0,1.0,0.0,0.0,-0.0,1,0.0,0.0,0.0,0.0,0.0,0.0,0.0,0.0,"[1.0,1.0,1.0,1.0]","[0.0,0.0,0.0]","[-0.1515151515151515,-0.6031746031746033,-0.019230769230769273,0.0]",-0.193480130980131,512,13.955359111991129,13960.769561767578,13.31871640800091,0.6366427039902192,0.2122142346634064,0.1847235949971946,268217294777.3027,575012821155354,538242870048258,36769951107096,52266431496,44699952,0,0,57321388,102021340,97.29513168334961,5.702461949961919,10091.390625,0.05,
texture-all-4,fecam,texture,1,56,resnet18_cifar,0.1,"[0.1,0.05,0.01]",last_epoch_train_mean,0.01,2.429399419127658,1725038463466062,2.4483577997358013,44699952,4,9260445021780,0.8003891421279479,0.7458333333333333,0.0986790986790987,0.0986790986790987,-0.0986790986790987,1,0.0986790986790987,0.03846153846153855,0.11344876565098441,0.0,0.019230769230769273,0.14801864801864806,0.25757575757575757,0.6666666666666666,"[0.9545454545454546,0.7829457364341085,0.7182320441988951,0.7458333333333333]","[0.25757575757575757,0.0,0.03846153846153855]","[0.045454545454545414,0.0,0.23076923076923073,0.05084745762711873]",0.08176780846272372,512,13.963065398012986,13966.697647094727,13.204437280001002,0.758628118011984,0.252876039337328,0.26542250700003933,268217294777.3027,575012821155354,538242870048258,36769951107096,52266431496,44699952,0,0,57321388,102021340,97.29513168334961,5.400765687530414,10091.390625,0.01,
texture-all-4,fecam,texture,1,56,resnet18_cifar,0.05,"[0.1,0.05,0.01]",last_epoch_train_mean,0.01,2.429399419127658,1725038463466062,2.465877168900739,44699952,4,9260445021780,0.8288841331534542,0.7458333333333333,0.11928811928811926,0.11928811928811926,-0.11928811928811926,2,0.11928811928811926,0.1515151515151515,0.08726944843360498,0.0,0.07575757575757575,0.1789321789321789,0.20634920634920628,0.6666666666666666,"[1.0,0.7906976744186046,0.7790055248618785,0.7458333333333333]","[0.1515151515151515,0.20634920634920628,0.0]","[0.0,-0.09523809523809523,0.11538461538461542,0.23728813559322037]",0.06435866393493514,512,17.4559541829949,17461.200119018555,16.75723242100503,0.6987217619898729,0.2329072539966243,0.22427351299847942,268217294777.3027,575012821155354,538242870048258,36769951107096,52266431496,44699952,0,0,57321388,102021340,97.29513168334961,6.556902383393511,10091.390625,0.01,
texture-all-4,fecam,texture,1,56,resnet18_cifar,0.01,"[0.1,0.05,0.01]",last_epoch_train_mean,0.01,2.429399419127658,1725038463466062,2.429399419127658,44699952,4,9260445021780,0.9930709023941069,0.9833333333333333,0.021164021164021163,0.021164021164021163,-0.021164021164021163,2,0.021164021164021163,0.0,0.029930445764509945,0.0,0.0,0.031746031746031744,0.06349206349206349,0.3333333333333333,"[1.0,1.0,0.988950276243094,0.9833333333333333]","[0.0,0.06349206349206349,0.0]","[0.0,-0.3650793650793651,0.0,-0.016949152542372836]",-0.09550712940543449,512,15.478196269992623,15483.47770690918,14.79828581000038,0.679910459992243,0.22663681999741433,0.22769649300607853,268217294777.3027,575012821155354,538242870048258,36769951107096,52266431496,44699952,0,0,57321388,102021340,97.29513168334961,6.31652457917274,10091.390625,0.01,/nobackup/proj/disk/naiss2026-4-902/shared/yizhil/Avalanche/avalanche-master/joint_result_texture-all-4/fecam/order1/joint_texture_fecam__order-1__seed-056.json
texture-all-4,fecam,texture,2,52,resnet18_cifar,0.1,"[0.1,0.05,0.01]",last_epoch_train_mean,0.1,2.4039860709768828,1807844237405982,2.4039860709768828,44699952,4,9375376734990,0.8983242753623188,0.8041666666666667,0.07872124017957353,0.07872124017957353,-0.07872124017957353,1,0.07872124017957353,0.09090909090909094,0.0473333685913085,0.015625,0.05326704545454547,0.1102693602693603,0.12962962962962965,1.0,"[1.0,0.925,0.8641304347826086,0.8041666666666667]","[0.12962962962962965,0.09090909090909094,0.015625]","[-0.14814814814814814,0.10606060606060608,0.125,-0.6428571428571429]",-0.13998617123617124,512,15.254626673980965,15261.24626159668,14.559827719000168,0.6947989549807971,0.23159965166026572,0.24542843099334277,268217238884.91034,602614745801994,565844794694898,36769951107096,52266431496,44699952,0,0,57321388,102021340,97.29513168334961,7.204888529183033,10091.390625,0.1,/nobackup/proj/disk/naiss2026-4-902/shared/yizhil/Avalanche/avalanche-master/joint_result_texture-all-4/fecam/order2/joint_texture_fecam__order-2__seed-052.json
texture-all-4,fecam,texture,2,52,resnet18_cifar,0.05,"[0.1,0.05,0.01]",last_epoch_train_mean,0.1,2.4039860709768828,1807844237405982,2.4406653232261784,44699952,4,9375376734990,0.932019927536232,0.8708333333333333,0.030303030303030314,0.030303030303030314,-0.030303030303030314,2,0.030303030303030314,0.0,0.04285495643554835,0.0,0.0,0.04545454545454547,0.09090909090909094,0.3333333333333333,"[1.0,0.9333333333333333,0.9239130434782609,0.8708333333333333]","[0.0,0.09090909090909094,0.0]","[-0.14814814814814814,0.12121212121212122,-0.046875,-0.6071428571428572]",-0.17023847101972103,512,14.662003389996244,14664.350524902344,14.042137665994233,0.6198657240020111,0.20662190800067037,0.19712881499435753,268217238884.91034,602614745801994,565844794694898,36769951107096,52266431496,44699952,0,0,57321388,102021340,97.29513168334961,5.7816620416512405,10091.390625,0.1,
texture-all-4,fecam,texture,2,52,resnet18_cifar,0.01,"[0.1,0.05,0.01]",last_epoch_train_mean,0.1,2.4039860709768828,1807844237405982,2.4566885526063014,44699952,4,9375376734990,0.9533967391304349,0.8958333333333334,0.015151515151515174,0.015151515151515174,-0.015151515151515174,2,0.015151515151515174,0.0,0.0214274782177742,0.0,0.0,0.022727272727272763,0.045454545454545525,0.3333333333333333,"[1.0,0.9666666666666667,0.9510869565217391,0.8958333333333334]","[0.0,0.045454545454545525,0.0]","[-0.14814814814814814,0.06060606060606055,0.0,-0.6428571428571429]",-0.18259980759980762,512,14.26185054598318,14263.26008605957,13.62998366598913,0.6318668799940497,0.21062229333134988,0.20494175299245398,268217238884.91034,602614745801994,565844794694898,36769951107096,52266431496,44699952,0,0,57321388,102021340,97.29513168334961,5.812827337528385,10091.390625,0.1,
texture-all-4,fecam,texture,2,53,resnet18_cifar,0.1,"[0.1,0.05,0.01]",last_epoch_train_mean,0.05,2.4170106981621413,1807844237405982,2.446677536260886,44699952,4,9375376734990,0.8390851449275362,0.6625,0.13468013468013465,0.13468013468013465,-0.13468013468013465,1,0.13468013468013465,0.18181818181818177,0.09665117908691799,0.0,0.09090909090909088,0.202020202020202,0.2222222222222222,0.6666666666666666,"[1.0,0.9166666666666666,0.7771739130434783,0.6625]","[0.2222222222222222,0.18181818181818177,0.0]","[0.0,-0.2272727272727273,0.296875,0.5357142857142857]",0.1513291396103896,512,16.581588289991487,16588.363555908203,15.69083119300194,0.890757096989546,0.2969190323298487,0.3009349029889563,268217238884.91034,602614745801994,565844794694898,36769951107096,52266431496,44699952,0,0,57321388,102021340,97.29513168334961,10.220028016616803,10091.390625,0.05,
texture-all-4,fecam,texture,2,53,resnet18_cifar,0.05,"[0.1,0.05,0.01]",last_epoch_train_mean,0.05,2.4170106981621413,1807844237405982,2.4170106981621413,44699952,4,9375376734990,0.9526721014492755,0.8958333333333334,0.0527497194163861,0.0527497194163861,-0.0527497194163861,2,0.0527497194163861,0.03703703703703709,0.050716603940269375,0.0,0.018518518518518545,0.07912457912457915,0.12121212121212122,0.6666666666666666,"[1.0,0.9583333333333334,0.9565217391304348,0.8958333333333334]","[0.03703703703703709,0.12121212121212122,0.0]","[0.0,-0.2727272727272727,0.03125,0.1428571428571429]",-0.02465503246753245,512,16.221925273013767,16227.746368408203,15.484035612011212,0.7378896610025549,0.24596322033418497,0.24314497300656512,268217238884.91034,602614745801994,565844794694898,36769951107096,52266431496,44699952,0,0,57321388,102021340,97.29513168334961,7.110255062495223,10091.390625,0.05,/nobackup/proj/disk/naiss2026-4-902/shared/yizhil/Avalanche/avalanche-master/joint_result_texture-all-4/fecam/order2/joint_texture_fecam__order-2__seed-053.json
texture-all-4,fecam,texture,2,53,resnet18_cifar,0.01,"[0.1,0.05,0.01]",last_epoch_train_mean,0.05,2.4170106981621413,1807844237405982,2.444952542664575,44699952,4,9375376734990,0.9610054347826087,0.9208333333333333,0.025252525252525266,0.025252525252525266,-0.025252525252525266,2,0.025252525252525266,0.0,0.0357124636962903,0.0,0.0,0.0378787878787879,0.0757575757575758,0.3333333333333333,"[1.0,0.9666666666666667,0.9565217391304348,0.9208333333333333]","[0.0,0.0757575757575758,0.0]","[0.0,-0.28787878787878796,0.0625,0.1071428571428571]",-0.029558982683982715,512,15.41370306200406,15417.146682739258,14.674234532998526,0.739468529005535,0.24648950966851166,0.24768759901053272,268217238884.91034,602614745801994,565844794694898,36769951107096,52266431496,44699952,0,0,57321388,102021340,97.29513168334961,5.669000416734586,10091.390625,0.05,
texture-all-4,fecam,texture,2,54,resnet18_cifar,0.1,"[0.1,0.05,0.01]",last_epoch_train_mean,0.1,2.395912295482198,1807844237405982,2.395912295482198,44699952,4,9375376734990,0.9163496376811594,0.8291666666666667,0.09666105499438833,0.09666105499438833,-0.09666105499438833,3,0.09666105499438833,0.09090909090909094,0.02118452738804333,0.07407407407407407,0.0824915824915825,0.10795454545454547,0.125,1.0,"[1.0,0.9666666666666667,0.8695652173913043,0.8291666666666667]","[0.07407407407407407,0.09090909090909094,0.125]","[-0.11111111111111116,-0.5606060606060607,0.1875,-0.2142857142857143]",-0.17462572150072153,512,14.973617121999268,14977.170989990234,14.358071703012683,0.615545418986585,0.20518180632886165,0.20640499399451073,268217238884.91034,602614745801994,565844794694898,36769951107096,52266431496,44699952,0,0,57321388,102021340,97.29513168334961,6.15018341668474,10091.390625,0.1,/nobackup/proj/disk/naiss2026-4-902/shared/yizhil/Avalanche/avalanche-master/joint_result_texture-all-4/fecam/order2/joint_texture_fecam__order-2__seed-054.json
texture-all-4,fecam,texture,2,54,resnet18_cifar,0.05,"[0.1,0.05,0.01]",last_epoch_train_mean,0.1,2.395912295482198,1807844237405982,2.4287535870661503,44699952,4,9375376734990,0.972463768115942,0.9416666666666667,0.021324354657687967,0.021324354657687967,-0.021324354657687967,2,0.021324354657687967,0.01851851851851849,0.018662501849961703,0.0,0.009259259259259245,0.03198653198653195,0.045454545454545414,0.6666666666666666,"[1.0,0.9916666666666667,0.9565217391304348,0.9416666666666667]","[0.01851851851851849,0.045454545454545414,0.0]","[-0.11111111111111116,-0.6060606060606061,0.09375,-0.2857142857142857]",-0.22728400072150073,512,14.419265346004977,14420.511627197266,13.749416530990857,0.6698488150141202,0.22328293833804005,0.2346661280025728,268217238884.91034,602614745801994,565844794694898,36769951107096,52266431496,44699952,0,0,57321388,102021340,97.29513168334961,5.804593399989244,10091.390625,0.1,
texture-all-4,fecam,texture,2,54,resnet18_cifar,0.01,"[0.1,0.05,0.01]",last_epoch_train_mean,0.1,2.395912295482198,1807844237405982,2.442354921434746,44699952,4,9375376734990,0.9554800724637682,0.9041666666666667,0.03535353535353536,0.03535353535353536,-0.03535353535353536,2,0.03535353535353536,0.0,0.049997449174806405,0.0,0.0,0.05303030303030304,0.10606060606060608,0.3333333333333333,"[1.0,0.9666666666666667,0.9510869565217391,0.9041666666666667]","[0.0,0.10606060606060608,0.0]","[-0.11111111111111116,-0.5454545454545455,0.0625,-0.2142857142857143]",-0.20208784271284275,512,14.689231766984449,14695.459838867188,13.840013654989889,0.8492181119945599,0.2830727039981866,0.28818809599033557,268217238884.91034,602614745801994,565844794694898,36769951107096,52266431496,44699952,0,0,57321388,102021340,97.29513168334961,9.198380124992886,10091.390625,0.1,
texture-all-4,fecam,texture,2,55,resnet18_cifar,0.1,"[0.1,0.05,0.01]",last_epoch_train_mean,0.1,2.42720682112897,1807844237405982,2.42720682112897,44699952,4,9375376734990,0.7571105072463769,0.5458333333333333,0.2031425364758698,0.2031425364758698,-0.2031425364758698,1,0.2031425364758698,0.25757575757575757,0.14871037417830302,0.0,0.12878787878787878,0.3047138047138047,0.35185185185185186,0.6666666666666666,"[1.0,0.825,0.657608695652174,0.5458333333333333]","[0.35185185185185186,0.25757575757575757,0.0]","[-0.01851851851851849,-0.606060606060606,0.109375,0.46428571428571425]",-0.012729602573352553,512,17.375143008001032,17383.14910888672,16.668580184006714,0.706562823994318,0.23552094133143933,0.2473230949981371,268217238884.91034,602614745801994,565844794694898,36769951107096,52266431496,44699952,0,0,57321388,102021340,97.29513168334961,7.154926120892924,10091.390625,0.1,/nobackup/proj/disk/naiss2026-4-902/shared/yizhil/Avalanche/avalanche-master/joint_result_texture-all-4/fecam/order2/joint_texture_fecam__order-2__seed-055.json
texture-all-4,fecam,texture,2,55,resnet18_cifar,0.05,"[0.1,0.05,0.01]",last_epoch_train_mean,0.1,2.42720682112897,1807844237405982,2.4567138171586835,44699952,4,9375376734990,0.9260869565217391,0.8583333333333333,0.04377104377104376,0.04377104377104376,-0.04377104377104376,2,0.04377104377104376,0.05555555555555558,0.0320308040243105,0.0,0.02777777777777779,0.06565656565656564,0.07575757575757569,0.6666666666666666,"[1.0,0.9166666666666666,0.9293478260869565,0.8583333333333333]","[0.05555555555555558,0.07575757575757569,0.0]","[-0.01851851851851849,-0.7121212121212122,-0.328125,0.25]",-0.20219118265993266,512,15.885196948001976,15893.10073852539,15.238105557000381,0.6470913910015952,0.21569713033386506,0.22154419099388178,268217238884.91034,602614745801994,565844794694898,36769951107096,52266431496,44699952,0,0,57321388,102021340,97.29513168334961,6.284578337484466,10091.390625,0.1,
texture-all-4,fecam,texture,2,55,resnet18_cifar,0.01,"[0.1,0.05,0.01]",last_epoch_train_mean,0.1,2.42720682112897,1807844237405982,2.443668302942495,44699952,4,9375376734990,0.9665307971014493,0.9291666666666667,0.025252525252525266,0.025252525252525266,-0.025252525252525266,2,0.025252525252525266,0.0,0.0357124636962903,0.0,0.0,0.0378787878787879,0.0757575757575758,0.3333333333333333,"[1.0,0.975,0.9619565217391305,0.9291666666666667]","[0.0,0.0757575757575758,0.0]","[-0.01851851851851849,-0.7727272727272727,-0.296875,0.0357142857142857]",-0.2631016263828764,512,15.160930265017669,15166.890533447266,14.470331479999004,0.6905987850186648,0.23019959500622159,0.23775472900888417,268217238884.91034,602614745801994,565844794694898,36769951107096,52266431496,44699952,0,0,57321388,102021340,97.29513168334961,6.251471283394494,10091.390625,0.1,
texture-all-4,fecam,texture,2,56,resnet18_cifar,0.1,"[0.1,0.05,0.01]",last_epoch_train_mean,0.1,2.3948804511398567,1807844237405982,2.3948804511398567,44699952,4,9375376734990,0.8820652173913044,0.725,0.12626262626262627,0.12626262626262627,-0.12626262626262627,2,0.12626262626262627,0.16666666666666663,0.09118924285488783,0.0,0.08333333333333331,0.1893939393939394,0.21212121212121215,0.6666666666666666,"[1.0,0.95,0.8532608695652174,0.725]","[0.16666666666666663,0.21212121212121215,0.0]","[-0.03703703703703709,-0.5,0.1875,0.4821428571428571]",0.033151455026455,512,14.277463950013043,14280.875625610352,13.621834864010452,0.6556290860025911,0.21854302866753036,0.22899144800612703,268217238884.91034,602614745801994,565844794694898,36769951107096,52266431496,44699952,0,0,57321388,102021340,97.29513168334961,5.927628387568499,10091.390625,0.1,/nobackup/proj/disk/naiss2026-4-902/shared/yizhil/Avalanche/avalanche-master/joint_result_texture-all-4/fecam/order2/joint_texture_fecam__order-2__seed-056.json
texture-all-4,fecam,texture,2,56,resnet18_cifar,0.05,"[0.1,0.05,0.01]",last_epoch_train_mean,0.1,2.3948804511398567,1807844237405982,2.4405317462858607,44699952,4,9375376734990,0.973731884057971,0.9416666666666667,0.04769921436588106,0.04769921436588106,-0.04769921436588106,2,0.04769921436588106,0.03703703703703709,0.04395053703524417,0.0,0.018518518518518545,0.07154882154882158,0.10606060606060608,0.6666666666666666,"[1.0,0.975,0.9782608695652174,0.9416666666666667]","[0.03703703703703709,0.10606060606060608,0.0]","[-0.03703703703703709,-0.5303030303030303,0.015625,0.0357142857142857]",-0.12900019540644542,512,14.427096706000157,14432.608993530273,13.817232583998702,0.6098641220014542,0.20328804066715142,0.19058263399347197,268217238884.91034,602614745801994,565844794694898,36769951107096,52266431496,44699952,0,0,57321388,102021340,97.29513168334961,5.755251312560479,10091.390625,0.1,
texture-all-4,fecam,texture,2,56,resnet18_cifar,0.01,"[0.1,0.05,0.01]",last_epoch_train_mean,0.1,2.3948804511398567,1807844237405982,2.446629258452869,44699952,4,9375376734990,0.9623641304347826,0.9125,0.030303030303030314,0.030303030303030314,-0.030303030303030314,2,0.030303030303030314,0.0,0.04285495643554835,0.0,0.0,0.04545454545454547,0.09090909090909094,0.3333333333333333,"[1.0,0.975,0.9619565217391305,0.9125]","[0.0,0.09090909090909094,0.0]","[-0.03703703703703709,-0.5,0.0625,0.125]",-0.08738425925925927,512,18.766003737982828,18772.05662536621,18.035122945002513,0.7308807929803152,0.24362693099343838,0.2517617979901843,268217238884.91034,602614745801994,565844794694898,36769951107096,52266431496,44699952,0,0,57321388,102021340,97.29513168334961,6.948315174971261,10091.390625,0.1,
texture-all-4,fecam,texture,3,52,resnet18_cifar,0.1,"[0.1,0.05,0.01]",last_epoch_train_mean,0.05,2.4247195730732463,1759540869274362,2.452381504235891,44699952,4,9107203081564,0.9658545197740113,0.8916666666666667,0.034109539849438354,0.034109539849438354,-0.034109539849438354,3,0.034109539849438354,0.03508771929824561,0.014082788875134221,0.016393442622950838,0.025740580960598225,0.042967588462682116,0.05084745762711862,1.0,"[1.0,0.9830508474576272,0.9887005649717514,0.8916666666666667]","[0.016393442622950838,0.03508771929824561,0.05084745762711862]","[0.0,0.01754385964912286,-0.05084745762711862,0.3015873015873016]",0.06707092590232647,512,15.661839490974671,15668.89225769043,14.98386283099535,0.677976659979322,0.22599221999310734,0.23818010999821126,268217270707.86212,586513623091454,549743671984358,36769951107096,52266431496,44699952,0,0,57321388,102021340,97.29513168334961,7.047479741595453,10091.390625,0.05,
texture-all-4,fecam,texture,3,52,resnet18_cifar,0.05,"[0.1,0.05,0.01]",last_epoch_train_mean,0.05,2.4247195730732463,1759540869274362,2.4247195730732463,44699952,4,9107203081564,0.9664901129943503,0.9083333333333333,0.022797105758747122,0.022797105758747122,-0.022797105758747122,3,0.022797105758747122,0.01754385964912275,0.021088123558085464,0.0,0.008771929824561375,0.034195658638120685,0.05084745762711862,0.6666666666666666,"[1.0,0.9745762711864406,0.9830508474576272,0.9083333333333333]","[0.0,0.01754385964912275,0.05084745762711862]","[0.0,0.052631578947368474,-0.05084745762711862,0.23809523809523814]",0.059969839853872,512,14.87590366198856,14881.6572265625,14.108282860994223,0.7676208009943366,0.2558736003314455,0.25834783900063485,268217270707.86212,586513623091454,549743671984358,36769951107096,52266431496,44699952,0,0,57321388,102021340,97.29513168334961,6.409245666691277,10091.390625,0.05,/nobackup/proj/disk/naiss2026-4-902/shared/yizhil/Avalanche/avalanche-master/joint_result_texture-all-4/fecam/order3/joint_texture_fecam__order-3__seed-052.json
texture-all-4,fecam,texture,3,52,resnet18_cifar,0.01,"[0.1,0.05,0.01]",last_epoch_train_mean,0.05,2.4247195730732463,1759540869274362,2.4379143694785075,44699952,4,9107203081564,0.990625,0.9625,0.02241363341668982,0.02241363341668982,-0.02241363341668982,3,0.02241363341668982,0.016393442622950838,0.021190375325922075,0.0,0.008196721311475419,0.03362045012503473,0.05084745762711862,0.6666666666666666,"[1.0,1.0,1.0,0.9625]","[0.016393442622950838,0.0,0.05084745762711862]","[0.0,0.0,-0.05084745762711862,0.07936507936507942]",0.007129405434490199,512,14.66697354101052,14670.283340454102,14.033956133003812,0.6330174080067081,0.2110058026689027,0.21466179100389127,268217270707.86212,586513623091454,549743671984358,36769951107096,52266431496,44699952,0,0,57321388,102021340,97.29513168334961,5.736898341698786,10091.390625,0.05,
texture-all-4,fecam,texture,3,53,resnet18_cifar,0.1,"[0.1,0.05,0.01]",last_epoch_train_mean,0.1,2.3448015044007122,1759540869274362,2.3448015044007122,44699952,4,9107203081564,0.8248587570621468,0.6666666666666666,0.1427085821435129,0.1427085821435129,-0.1427085821435129,2,0.1427085821435129,0.10169491525423724,0.06037510816574077,0.09836065573770492,0.10002778549597108,0.1648825453464169,0.22807017543859653,1.0,"[1.0,0.8135593220338984,0.8192090395480226,0.6666666666666666]","[0.09836065573770492,0.22807017543859653,0.10169491525423724]","[-0.5573770491803278,-0.28070175438596495,-0.11864406779661019,0.46031746031746024]",-0.12410135276136068,512,14.227498766005738,14230.297988891602,13.58033533199341,0.6471634340123273,0.21572114467077577,0.21442643699992914,268217270707.86212,586513623091454,549743671984358,36769951107096,52266431496,44699952,0,0,57321388,102021340,97.29513168334961,5.932477454128578,10091.390625,0.1,/nobackup/proj/disk/naiss2026-4-902/shared/yizhil/Avalanche/avalanche-master/joint_result_texture-all-4/fecam/order3/joint_texture_fecam__order-3__seed-053.json
texture-all-4,fecam,texture,3,53,resnet18_cifar,0.05,"[0.1,0.05,0.01]",last_epoch_train_mean,0.1,2.3448015044007122,1759540869274362,2.430344722441983,44699952,4,9107203081564,0.9323975988700566,0.8708333333333333,0.044086320274150236,0.044086320274150236,-0.044086320274150236,1,0.044086320274150236,0.03389830508474578,0.040796661541621905,0.0,0.01694915254237289,0.06612948041122535,0.09836065573770492,0.6666666666666666,"[1.0,0.9152542372881356,0.943502824858757,0.8708333333333333]","[0.09836065573770492,0.0,0.03389830508474578]","[-0.5573770491803278,-0.4912280701754386,-0.27118644067796616,0.2857142857142857]",-0.2585193185798617,512,16.898851838996052,16907.712310791016,16.030223662004573,0.8686281769914785,0.28954272566382616,0.2893721259897575,268217270707.86212,586513623091454,549743671984358,36769951107096,52266431496,44699952,0,0,57321388,102021340,97.29513168334961,9.242651983367978,10091.390625,0.1,
texture-all-4,fecam,texture,3,53,resnet18_cifar,0.01,"[0.1,0.05,0.01]",last_epoch_train_mean,0.1,2.3448015044007122,1759540869274362,2.440213360363924,44699952,4,9107203081564,0.990625,0.9625,0.0,0.0,-0.0,1,0.0,0.0,0.0,0.0,0.0,0.0,0.0,0.0,"[1.0,1.0,1.0,0.9625]","[0.0,0.0,0.0]","[-0.5573770491803278,-0.5614035087719298,-0.27118644067796616,0.12698412698412698]",-0.31574571791152417,512,16.058769954004674,16063.39778137207,15.34178782699746,0.7169821270072134,0.23899404233573782,0.24145968799712136,268217270707.86212,586513623091454,549743671984358,36769951107096,52266431496,44699952,0,0,57321388,102021340,97.29513168334961,6.551474379133045,10091.390625,0.1,
texture-all-4,fecam,texture,3,54,resnet18_cifar,0.1,"[0.1,0.05,0.01]",last_epoch_train_mean,0.05,2.4200763943829116,1759540869274362,2.445922594030195,44699952,4,9107203081564,0.8575918079096045,0.775,0.10043725596291368,0.10043725596291368,-0.10043725596291368,1,0.10043725596291368,0.0847457627118644,0.04677426766655373,0.052631578947368474,0.06868867082961644,0.12434009447068628,0.16393442622950816,1.0,"[1.0,0.7966101694915254,0.8587570621468926,0.775]","[0.16393442622950816,0.052631578947368474,0.0847457627118644]","[0.0,0.14035087719298245,-0.016949152542372836,0.015873015873015817]",0.03481868513090636,512,14.826830671983771,14828.076477050781,14.18105490799644,0.6457757639873307,0.2152585879957769,0.21240477499668486,268217270707.86212,586513623091454,549743671984358,36769951107096,52266431496,44699952,0,0,57321388,102021340,97.29513168334961,7.204490287585941,10091.390625,0.05,
texture-all-4,fecam,texture,3,54,resnet18_cifar,0.05,"[0.1,0.05,0.01]",last_epoch_train_mean,0.05,2.4200763943829116,1759540869274362,2.4200763943829116,44699952,4,9107203081564,0.8732344632768362,0.75,0.10234161861075768,0.10234161861075768,-0.10234161861075768,2,0.10234161861075768,0.11864406779661019,0.02605428344979518,0.06557377049180324,0.09210891914420671,0.12072554267023489,0.12280701754385959,1.0,"[1.0,0.8559322033898306,0.8870056497175142,0.75]","[0.06557377049180324,0.12280701754385959,0.11864406779661019]","[0.0,0.1228070175438597,0.03389830508474578,0.0793650793650793]",0.0590176004984212,512,14.808565112994984,14809.919494628906,14.108946768988972,0.6996183440060122,0.23320611466867072,0.2523862759990152,268217270707.86212,586513623091454,549743671984358,36769951107096,52266431496,44699952,0,0,57321388,102021340,97.29513168334961,6.623285070903269,10091.390625,0.05,/nobackup/proj/disk/naiss2026-4-902/shared/yizhil/Avalanche/avalanche-master/joint_result_texture-all-4/fecam/order3/joint_texture_fecam__order-3__seed-054.json
texture-all-4,fecam,texture,3,54,resnet18_cifar,0.01,"[0.1,0.05,0.01]",last_epoch_train_mean,0.05,2.4200763943829116,1759540869274362,2.473915067906118,44699952,4,9107203081564,0.99375,0.975,0.0,0.0,-0.0,1,0.0,0.0,0.0,0.0,0.0,0.0,0.0,0.0,"[1.0,1.0,1.0,0.975]","[0.0,0.0,0.0]","[0.0,-0.10526315789473684,-0.016949152542372836,-0.23809523809523814]",-0.09007688713308695,512,14.16829642400262,14169.926208496094,13.577834290990722,0.5904621330118971,0.1968207110039657,0.1815875909960596,268217270707.86212,586513623091454,549743671984358,36769951107096,52266431496,44699952,0,0,57321388,102021340,97.29513168334961,6.213227895811239,10091.390625,0.05,
texture-all-4,fecam,texture,3,55,resnet18_cifar,0.1,"[0.1,0.05,0.01]",last_epoch_train_mean,0.1,2.4284644790842562,1759540869274362,2.4284644790842562,44699952,4,9107203081564,0.939600988700565,0.8375,0.02844682327287144,0.02844682327287144,-0.02844682327287144,3,0.02844682327287144,0.01754385964912286,0.02873152797252624,0.0,0.00877192982456143,0.04267023490930716,0.06779661016949146,0.6666666666666666,"[1.0,0.9661016949152542,0.9548022598870056,0.8375]","[0.0,0.01754385964912286,0.06779661016949146]","[-0.3278688524590164,-0.17543859649122806,0.06779661016949157,0.12698412698412698]",-0.07713167794915649,512,15.485324510009377,15490.861572265625,14.6168481670029,0.8684763430064777,0.28949211433549255,0.28689958500035573,268217270707.86212,586513623091454,549743671984358,36769951107096,52266431496,44699952,0,0,57321388,102021340,97.29513168334961,9.967316570813031,10091.390625,0.1,/nobackup/proj/disk/naiss2026-4-902/shared/yizhil/Avalanche/avalanche-master/joint_result_texture-all-4/fecam/order3/joint_texture_fecam__order-3__seed-055.json
texture-all-4,fecam,texture,3,55,resnet18_cifar,0.05,"[0.1,0.05,0.01]",last_epoch_train_mean,0.1,2.4284644790842562,1759540869274362,2.446457746159678,44699952,4,9107203081564,0.9694209039548023,0.8833333333333333,0.03994449400337,0.03994449400337,-0.03994449400337,3,0.03994449400337,0.03508771929824561,0.0347673435837536,0.0,0.017543859649122806,0.05991674100505501,0.0847457627118644,0.6666666666666666,"[1.0,1.0,0.9943502824858758,0.8833333333333333]","[0.0,0.03508771929824561,0.0847457627118644]","[-0.3278688524590164,-0.24561403508771928,0.0,0.04761904761904767]",-0.131465959981922,512,16.69978217300377,16706.971786499023,15.834996307006804,0.8647858659969643,0.2882619553323214,0.2544067620037822,268217270707.86212,586513623091454,549743671984358,36769951107096,52266431496,44699952,0,0,57321388,102021340,97.29513168334961,7.188589458322288,10091.390625,0.1,
texture-all-4,fecam,texture,3,55,resnet18_cifar,0.01,"[0.1,0.05,0.01]",last_epoch_train_mean,0.1,2.4284644790842562,1759540869274362,2.4334201732265295,44699952,4,9107203081564,0.9916666666666667,0.9666666666666667,0.0,0.0,-0.0,1,0.0,0.0,0.0,0.0,0.0,0.0,0.0,0.0,"[1.0,1.0,1.0,0.9666666666666667]","[0.0,0.0,0.0]","[-0.3278688524590164,-0.24561403508771928,0.0,-0.15873015873015872]",-0.1830532615692236,512,15.111266653999337,15119.157516479492,14.397506690002047,0.7137599639972905,0.23791998799909683,0.24834323200047947,268217270707.86212,586513623091454,549743671984358,36769951107096,52266431496,44699952,0,0,57321388,102021340,97.29513168334961,6.341452062467094,10091.390625,0.1,
texture-all-4,fecam,texture,3,56,resnet18_cifar,0.1,"[0.1,0.05,0.01]",last_epoch_train_mean,0.1,2.405598314502571,1759540869274362,2.405598314502571,44699952,4,9107203081564,0.7976518361581921,0.6708333333333333,0.10553126355761588,0.10553126355761588,-0.10553126355761588,1,0.10553126355761588,0.05263157894736836,0.07607650250425219,0.05084745762711862,0.05173951828724349,0.13287316652286452,0.21311475409836067,1.0,"[1.0,0.7288135593220338,0.7909604519774012,0.6708333333333333]","[0.21311475409836067,0.05263157894736836,0.05084745762711862]","[-0.360655737704918,0.14035087719298245,0.05084745762711862,0.5396825396825398]",0.09255628419943071,512,14.839040592982201,14842.517990112305,14.158449278998887,0.6805913139833137,0.22686377132777125,0.19265281599655282,268217270707.86212,586513623091454,549743671984358,36769951107096,52266431496,44699952,0,0,57321388,102021340,97.29513168334961,6.50514833747972,10091.390625,0.1,/nobackup/proj/disk/naiss2026-4-902/shared/yizhil/Avalanche/avalanche-master/joint_result_texture-all-4/fecam/order3/joint_texture_fecam__order-3__seed-056.json
texture-all-4,fecam,texture,3,56,resnet18_cifar,0.05,"[0.1,0.05,0.01]",last_epoch_train_mean,0.1,2.405598314502571,1759540869274362,2.4436596576674576,44699952,4,9107203081564,0.868891242937853,0.775,0.10742262714301731,0.10742262714301731,-0.10742262714301731,3,0.10742262714301731,0.10526315789473684,0.008420280350183823,0.09836065573770492,0.10181190681622088,0.11195361284567351,0.11864406779661019,1.0,"[1.0,0.864406779661017,0.8361581920903954,0.775]","[0.09836065573770492,0.10526315789473684,0.11864406779661019]","[-0.360655737704918,-0.01754385964912286,0.0847457627118644,0.25396825396825395]",-0.009871395168480623,512,14.290501383991796,14294.012741088867,13.644682054000441,0.6458193299913546,0.2152731099971182,0.21458418099791743,268217270707.86212,586513623091454,549743671984358,36769951107096,52266431496,44699952,0,0,57321388,102021340,97.29513168334961,6.71964046669018,10091.390625,0.1,
texture-all-4,fecam,texture,3,56,resnet18_cifar,0.01,"[0.1,0.05,0.01]",last_epoch_train_mean,0.1,2.405598314502571,1759540869274362,2.449709091508439,44699952,4,9107203081564,0.990625,0.9625,0.0,0.0,-0.0,1,0.0,0.0,0.0,0.0,0.0,0.0,0.0,0.0,"[1.0,1.0,1.0,0.9625]","[0.0,0.0,0.0]","[-0.360655737704918,-0.19298245614035092,-0.03389830508474578,0.11111111111111116]",-0.11910634695472588,512,14.170520652987761,14179.231140136719,13.362553742001182,0.807966910986579,0.269322303662193,0.2836272689892212,268217270707.86212,586513623091454,549743671984358,36769951107096,52266431496,44699952,0,0,57321388,102021340,97.29513168334961,9.524468774967923,10091.390625,0.1,
texture-all-4,tagfex,texture,1,52,resnet18_cifar,0.1,"[0.1,0.05,0.01]",last_epoch_train_mean,0.01,2.1925234317779543,100770979232672807,3.922542413075765,242386252,4,0,0.659221134154081,0.37916666666666665,0.6986161986161986,0.6986161986161986,-0.6986161986161986,3,0.6986161986161986,0.6984126984126984,0.026170157818661232,0.6666666666666667,0.6825396825396826,0.7145909645909646,0.7307692307692308,1.0,"[0.9696969696969697,0.8294573643410853,0.4585635359116022,0.37916666666666665]","[0.6666666666666667,0.6984126984126984,0.7307692307692308]","[0.030303030303030276,0.25396825396825395,0.09615384615384615,0.0]",0.0951062826062826,2048,485.4691730670165,485483.14453125,34.34602372000518,451.12314934701135,150.37438311567044,149.48338053900807,2964948987016.703,33590326411645921,30020494034784132,3569832376861789,153205813260,242386252,394272000,11520,165960556,802630328,765.4479293823242,1.613220241718712,51684.45654296875,0.01,
texture-all-4,tagfex,texture,1,52,resnet18_cifar,0.05,"[0.1,0.05,0.01]",last_epoch_train_mean,0.01,2.1925234317779543,100770979232672807,2.416553179423014,242386252,4,0,0.9377418465458907,0.7875,0.2790912790912791,0.26321826321826325,-0.26321826321826325,2,0.2790912790912791,0.3076923076923077,0.04752259747522521,0.21212121212121215,0.25990675990675993,0.3125763125763126,0.31746031746031744,1.0,"[1.0,0.9689922480620154,0.994475138121547,0.7875]","[0.21212121212121215,0.31746031746031744,0.3076923076923077]","[0.0,0.06349206349206349,0.0,0.0]",0.015873015873015872,2048,485.2556349630031,485268.67578125,33.38978133699857,451.86585362600454,150.62195120866818,149.48520439000276,2964948986881.751,33590326410728355,30020494033866566,3569832376861789,153205813260,242386252,394272000,11520,165960556,802630328,765.4479293823242,1.618656529171858,51686.3154296875,0.01,
texture-all-4,tagfex,texture,1,52,resnet18_cifar,0.01,"[0.1,0.05,0.01]",last_epoch_train_mean,0.01,2.1925234317779543,100770979232672807,2.1925234317779543,242386252,4,0,0.99757711786372,0.9958333333333333,0.005291005291005309,0.005291005291005309,-0.005291005291005309,2,0.005291005291005309,0.0,0.007482611441127512,0.0,0.0,0.007936507936507964,0.015873015873015928,0.3333333333333333,"[1.0,1.0,0.994475138121547,0.9958333333333333]","[0.0,0.015873015873015928,0.0]","[0.0,0.0,0.0,0.0]",0.0,2048,485.14993760701327,485163.4296875,33.40114058701147,451.7487970200018,150.5829323400006,149.59322043099382,2964948986881.751,33590326410298531,30020494033436742,3569832376861789,153205813260,242386252,394272000,11520,165960556,802630328,765.4479293823242,1.6138611041848587,51686.3154296875,0.01,/nobackup/proj/disk/naiss2026-4-902/shared/yizhil/Avalanche/avalanche-master/joint_result_texture-all-4/tagfex/order1/joint_texture_tagfex__order-1__seed-052.json
texture-all-4,tagfex,texture,1,53,resnet18_cifar,0.1,"[0.1,0.05,0.01]",last_epoch_train_mean,0.1,2.406207720438639,100770979231886327,2.406207720438639,242386252,4,0,0.6948929095659149,0.9333333333333333,0.03205128205128205,-0.1622729122729123,0.1622729122729123,3,0.03205128205128205,0.0,0.04532735776836842,0.0,0.0,0.04807692307692307,0.09615384615384615,0.3333333333333333,"[0.5454545454545454,0.6046511627906976,0.6961325966850829,0.9333333333333333]","[0.0,0.0,0.09615384615384615]","[-0.2121212121212121,-0.0793650793650793,0.0,-0.016949152542372836]",-0.07710886100716606,2048,485.9570231629914,485970.3984375,33.56466588600597,452.3923572769854,150.79745242566182,149.99273811798776,2964948986974.1943,33590326411049633,30020494034187844,3569832376861789,153205813260,242386252,394272000,11520,165960556,802630328,765.4479293823242,1.612115220874936,51686.3154296875,0.1,/nobackup/proj/disk/naiss2026-4-902/shared/yizhil/Avalanche/avalanche-master/joint_result_texture-all-4/tagfex/order1/joint_texture_tagfex__order-1__seed-053.json
texture-all-4,tagfex,texture,1,53,resnet18_cifar,0.05,"[0.1,0.05,0.01]",last_epoch_train_mean,0.1,2.406207720438639,100770979231886327,2.6258429368336995,242386252,4,0,0.8608901515151515,0.6708333333333333,0.435000185000185,0.35924260924260926,-0.35924260924260926,2,0.435000185000185,0.40909090909090906,0.04040662176875882,0.40384615384615385,0.40646853146853146,0.4505772005772006,0.4920634920634921,1.0,"[0.7727272727272727,1.0,1.0,0.6708333333333333]","[0.40909090909090906,0.4920634920634921,0.40384615384615385]","[-0.4393939393939394,-0.38095238095238093,0.0,-0.016949152542372836]",-0.2093238682221733,2048,489.5622453469987,489575.546875,33.69449987899861,455.86774546800007,151.95591515600003,151.3123712289962,2964948986881.751,33590326410515575,30020494033653786,3569832376861789,153205813260,242386252,394272000,11520,165960556,802630328,765.4479293823242,1.6076538250369292,51686.3154296875,0.1,
texture-all-4,tagfex,texture,1,53,resnet18_cifar,0.01,"[0.1,0.05,0.01]",last_epoch_train_mean,0.1,2.406207720438639,100770979231886327,2.733073282241821,242386252,4,0,1.0,1.0,0.0,0.0,-0.0,1,0.0,0.0,0.0,0.0,0.0,0.0,0.0,0.0,"[1.0,1.0,1.0,1.0]","[0.0,0.0,0.0]","[-0.6666666666666667,-0.38095238095238093,0.0,-0.016949152542372836]",-0.2661420500403551,2048,490.3074458820047,490320.76953125,33.912858727999264,456.3945871540054,152.13152905133515,151.40579243599495,2964948986881.751,33590326410321119,30020494033459330,3569832376861789,153205813260,242386252,394272000,11520,165960556,802630328,765.4479293823242,1.615714812517884,51686.3154296875,0.1,
texture-all-4,tagfex,texture,1,54,resnet18_cifar,0.1,"[0.1,0.05,0.01]",last_epoch_train_mean,0.01,2.258641823132833,100770979233263169,2.498128573099772,242386252,4,0,0.6817426481180818,0.6,0.28595478595478596,0.11475561475561476,-0.11475561475561476,2,0.28595478595478596,0.31818181818181823,0.2214998075456961,0.0,0.15909090909090912,0.42893217893217894,0.5396825396825397,0.6666666666666666,"[0.7575757575757576,0.6511627906976745,0.7182320441988951,0.6]","[0.31818181818181823,0.5396825396825397,0.0]","[0.24242424242424243,0.2698412698412699,0.6923076923076923,0.03389830508474578]",0.3096178774144876,2048,488.53835375298513,488551.6328125,33.77806278699427,454.76029096599086,151.5867636553303,150.59350813100173,2964948987013.329,33590326412412547,30020494035550758,3569832376861789,153205813260,242386252,394272000,11520,165960556,802630328,765.4479293823242,1.6141097583386,51686.3154296875,0.01,
texture-all-4,tagfex,texture,1,54,resnet18_cifar,0.05,"[0.1,0.05,0.01]",last_epoch_train_mean,0.01,2.258641823132833,100770979233263169,2.32237974802653,242386252,4,0,0.9822674418604651,0.9833333333333333,0.021164021164021163,0.015873015873015855,-0.015873015873015855,2,0.021164021164021163,0.0,0.029930445764509945,0.0,0.0,0.031746031746031744,0.06349206349206349,0.3333333333333333,"[1.0,0.9457364341085271,1.0,0.9833333333333333]","[0.0,0.06349206349206349,0.0]","[0.0,0.015873015873015928,0.0,0.0]",0.003968253968253982,2048,487.4225360910059,487436.1875,33.559098477999214,453.8634376130067,151.28781253766888,150.41638764100207,2964948986881.751,33590326410488285,30020494033626496,3569832376861789,153205813260,242386252,394272000,11520,165960556,802630328,765.4479293823242,1.6212053583027835,51686.3154296875,0.01,
texture-all-4,tagfex,texture,1,54,resnet18_cifar,0.01,"[0.1,0.05,0.01]",last_epoch_train_mean,0.01,2.258641823132833,100770979233263169,2.258641823132833,242386252,4,0,0.9989583333333334,0.9958333333333333,0.005050505050505046,0.005050505050505046,-0.005050505050505046,1,0.005050505050505046,0.0,0.00714249273925805,0.0,0.0,0.007575757575757569,0.015151515151515138,0.3333333333333333,"[1.0,1.0,1.0,0.9958333333333333]","[0.015151515151515138,0.0,0.0]","[0.0,0.0,0.0,0.0]",0.0,2048,487.34772482700646,487360.97265625,33.55531043000519,453.79241439700127,151.26413813233376,150.29305249699974,2964948986881.751,33590326410362337,30020494033500548,3569832376861789,153205813260,242386252,394272000,11520,165960556,802630328,765.4479293823242,1.611376608282929,51686.3154296875,0.01,/nobackup/proj/disk/naiss2026-4-902/shared/yizhil/Avalanche/avalanche-master/joint_result_texture-all-4/tagfex/order1/joint_texture_tagfex__order-1__seed-054.json
texture-all-4,tagfex,texture,1,55,resnet18_cifar,0.1,"[0.1,0.05,0.01]",last_epoch_train_mean,0.01,2.270231850941976,100770979233607833,8.755947049458822,242386252,4,0,0.6477692615802118,0.6958333333333333,0.06565656565656568,0.007455507455507475,-0.007455507455507475,1,0.06565656565656568,0.0,0.09285240561035475,0.0,0.0,0.09848484848484851,0.19696969696969702,0.3333333333333333,"[0.8636363636363636,0.3023255813953488,0.7292817679558011,0.6958333333333333]","[0.19696969696969702,0.0,0.0]","[0.13636363636363635,0.49206349206349204,0.11538461538461542,0.4067796610169492]",0.28764785120717323,2048,484.31565193700953,484328.96875,33.32264383599977,450.99300810100976,150.3310027003366,149.476530171989,2964948987000.6875,33590326412298039,30020494035436250,3569832376861789,153205813260,242386252,394272000,11520,165960556,802630328,765.4479293823242,1.6091718334185618,51686.3154296875,0.01,
texture-all-4,tagfex,texture,1,55,resnet18_cifar,0.05,"[0.1,0.05,0.01]",last_epoch_train_mean,0.01,2.270231850941976,100770979233607833,2.7043448130289716,242386252,4,0,0.7835695099848543,0.8291666666666667,0.11426536426536422,0.08901283901283896,-0.08901283901283896,3,0.11426536426536422,0.015873015873015817,0.15051127360397062,0.0,0.007936507936507908,0.17139804639804634,0.32692307692307687,0.6666666666666666,"[0.8636363636363636,0.7674418604651163,0.6740331491712708,0.8291666666666667]","[0.0,0.015873015873015817,0.32692307692307687]","[0.13636363636363635,0.2857142857142857,0.0,0.0]",0.10551948051948051,2048,482.58179226600623,482594.73828125,33.36376398400171,449.2180282820045,149.73934276066817,148.22283738400438,2964948986937.2583,33590326410916087,30020494034054298,3569832376861789,153205813260,242386252,394272000,11520,165960556,802630328,765.4479293823242,1.6151069875074124,51686.3154296875,0.01,
texture-all-4,tagfex,texture,1,55,resnet18_cifar,0.01,"[0.1,0.05,0.01]",last_epoch_train_mean,0.01,2.270231850941976,100770979233607833,2.270231850941976,242386252,4,0,0.9970203488372094,0.9958333333333333,0.005291005291005309,0.0,-0.0,2,0.005291005291005309,0.0,0.007482611441127512,0.0,0.0,0.007936507936507964,0.015873015873015928,0.3333333333333333,"[1.0,0.9922480620155039,1.0,0.9958333333333333]","[0.0,0.015873015873015928,0.0]","[0.0,0.0,0.0,0.0]",0.0,2048,483.93086612400657,483944.015625,33.4833742119954,450.4474919120112,150.1491639706704,149.16637428000104,2964948986881.751,33590326410393707,30020494033531918,3569832376861789,153205813260,242386252,394272000,11520,165960556,802630328,765.4479293823242,1.6136270000060904,51686.3154296875,0.01,/nobackup/proj/disk/naiss2026-4-902/shared/yizhil/Avalanche/avalanche-master/joint_result_texture-all-4/tagfex/order1/joint_texture_tagfex__order-1__seed-055.json
texture-all-4,tagfex,texture,1,56,resnet18_cifar,0.1,"[0.1,0.05,0.01]",last_epoch_train_mean,0.05,2.306462462743123,100770979232643007,3.1199825763702393,242386252,4,0,0.6576376153933008,0.8833333333333333,0.1457061457061457,-0.209031709031709,0.209031709031709,3,0.1457061457061457,0.20634920634920628,0.10351101413400113,0.0,0.10317460317460314,0.21855921855921856,0.23076923076923084,0.6666666666666666,"[0.3484848484848485,0.4263565891472868,0.9723756906077348,0.8833333333333333]","[0.0,0.20634920634920628,0.23076923076923084]","[0.5909090909090909,-0.36507936507936506,-0.17307692307692313,0.0]",0.013188200688200688,2048,482.18303962101345,482196.14453125,33.28054803100531,448.90249159000814,149.63416386333606,148.83199890200922,2964948986974.2227,33590326411601747,30020494034739958,3569832376861789,153205813260,242386252,394272000,11520,165960556,802630328,765.4479293823242,1.6109715500836803,51686.3154296875,0.05,
texture-all-4,tagfex,texture,1,56,resnet18_cifar,0.05,"[0.1,0.05,0.01]",last_epoch_train_mean,0.05,2.306462462743123,100770979232643007,2.306462462743123,242386252,4,0,0.9181924279412395,0.8333333333333334,0.21425796425796426,0.12431087431087433,-0.12431087431087433,2,0.21425796425796426,0.17307692307692313,0.08552260518190306,0.13636363636363635,0.15472027972027974,0.2532051282051282,0.33333333333333326,1.0,"[1.0,0.8449612403100775,0.994475138121547,0.8333333333333334]","[0.13636363636363635,0.33333333333333326,0.17307692307692313]","[-0.06060606060606055,-0.5079365079365079,-0.21153846153846156,0.0]",-0.1950202575202575,2048,482.7164770480158,482729.79296875,33.54165888400166,449.17481816401414,149.7249393880047,148.85085075101233,2964948986881.751,33590326410718887,30020494033857098,3569832376861789,153205813260,242386252,394272000,11520,165960556,802630328,765.4479293823242,1.6066341999855165,51686.3154296875,0.05,/nobackup/proj/disk/naiss2026-4-902/shared/yizhil/Avalanche/avalanche-master/joint_result_texture-all-4/tagfex/order1/joint_texture_tagfex__order-1__seed-056.json
texture-all-4,tagfex,texture,1,56,resnet18_cifar,0.01,"[0.1,0.05,0.01]",last_epoch_train_mean,0.05,2.306462462743123,100770979232643007,2.5892289161682127,242386252,4,0,0.995639133367596,0.9958333333333333,0.0,0.0,-0.0,1,0.0,0.0,0.0,0.0,0.0,0.0,0.0,0.0,"[1.0,0.9922480620155039,0.994475138121547,0.9958333333333333]","[0.0,0.0,0.0]","[-0.06060606060606055,-0.7777777777777777,-0.21153846153846156,0.0]",-0.262480574980575,2048,485.9316038470133,485944.9453125,33.24251743500645,452.6890864120069,150.89636213733561,149.36304142000154,2964948986881.751,33590326410322373,30020494033460584,3569832376861789,153205813260,242386252,394272000,11520,165960556,802630328,765.4479293823242,1.6266010750162725,51686.3154296875,0.05,
texture-all-4,tagfex,texture,2,52,resnet18_cifar,0.1,"[0.1,0.05,0.01]",last_epoch_train_mean,0.01,2.17466721534729,101317907702122758,3.915158255894979,242386252,4,0,0.7445098631239936,0.7125,0.2333403479236813,0.2333403479236813,-0.2333403479236813,2,0.2333403479236813,0.2407407407407408,0.06015085867939038,0.15625,0.1984953703703704,0.27188552188552195,0.3030303030303031,1.0,"[0.9814814814814815,0.6916666666666667,0.592391304347826,0.7125]","[0.2407407407407408,0.3030303030303031,0.15625]","[0.01851851851851849,-0.31818181818181823,0.0625,0.2321428571428571]",-0.0012551106301106618,2048,496.1641031530162,496177.91796875,35.99303141499695,460.17107173801924,153.3903572460064,152.66822652501287,2964949031875.4814,33772635901877120,30192803559757042,3579832342120078,153205813260,242386252,394272000,11520,165960556,802630328,765.4479293823242,1.6082888416349306,51686.15478515625,0.01,
texture-all-4,tagfex,texture,2,52,resnet18_cifar,0.05,"[0.1,0.05,0.01]",last_epoch_train_mean,0.01,2.17466721534729,101317907702122758,2.1928082068761188,242386252,4,0,0.8662137681159421,0.7083333333333334,0.34597713243546574,0.34597713243546574,-0.34597713243546574,3,0.34597713243546574,0.3787878787878788,0.2550314064090526,0.01851851851851849,0.19865319865319864,0.5097064393939394,0.640625,1.0,"[1.0,0.8,0.9565217391304348,0.7083333333333334]","[0.01851851851851849,0.3787878787878788,0.640625]","[0.0,-0.33333333333333337,0.03125,-0.1071428571428571]",-0.10230654761904762,2048,495.76622881001094,495780.05078125,35.81823234600597,459.947996464005,153.315998821335,152.26758163700288,2964949031739.9575,33772635900761032,30192803558640954,3579832342120078,153205813260,242386252,394272000,11520,165960556,802630328,765.4479293823242,1.608143725025002,51686.15478515625,0.01,
texture-all-4,tagfex,texture,2,52,resnet18_cifar,0.01,"[0.1,0.05,0.01]",last_epoch_train_mean,0.01,2.17466721534729,101317907702122758,2.17466721534729,242386252,4,0,0.998641304347826,1.0,0.0,0.0,-0.0,1,0.0,0.0,0.0,0.0,0.0,0.0,0.0,0.0,"[1.0,1.0,0.9945652173913043,1.0]","[0.0,0.0,0.0]","[0.0,-0.33333333333333337,0.0,-0.125]",-0.11458333333333334,2048,510.4741995850054,510488.453125,36.36013803600508,474.1140615490003,158.03802051633343,157.1715985040064,2964949031692.2646,33772635899484606,30192803557364528,3579832342120078,153205813260,242386252,394272000,11520,165960556,802630328,765.4479293823242,1.6040827416873071,51686.15478515625,0.01,/nobackup/proj/disk/naiss2026-4-902/shared/yizhil/Avalanche/avalanche-master/joint_result_texture-all-4/tagfex/order2/joint_texture_tagfex__order-2__seed-052.json
texture-all-4,tagfex,texture,2,53,resnet18_cifar,0.1,"[0.1,0.05,0.01]",last_epoch_train_mean,0.05,2.164971431096395,101317491901848408,12.107702541351319,242386252,4,0,0.7439764492753623,0.7125,0.10034371492704826,-0.04107042648709316,0.04107042648709316,3,0.10034371492704826,0.12962962962962965,0.061212439948154784,0.015151515151515138,0.0723905723905724,0.14293981481481483,0.15625,1.0,"[1.0,0.49166666666666664,0.7717391304347826,0.7125]","[0.12962962962962965,0.015151515151515138,0.15625]","[0.0,0.3181818181818182,0.296875,0.2857142857142857]",0.22519277597402598,2048,510.2155615409865,510230.01953125,37.130322665994754,473.0852388749918,157.69507962499725,157.5092083329946,2964949031870.6006,33772497301826038,30192664959705960,3579832342120078,153205813260,242386252,394272000,11520,165960556,802630328,765.4479293823242,1.6020475083375156,51685.91455078125,0.05,
texture-all-4,tagfex,texture,2,53,resnet18_cifar,0.05,"[0.1,0.05,0.01]",last_epoch_train_mean,0.05,2.164971431096395,101317491901848408,2.164971431096395,242386252,4,0,0.7632246376811593,0.43333333333333335,0.6138117283950618,0.6138117283950618,-0.6138117283950618,2,0.6138117283950618,0.65625,0.06751653438253621,0.5185185185185186,0.5873842592592593,0.6614583333333334,0.6666666666666667,1.0,"[1.0,0.75,0.8695652173913043,0.43333333333333335]","[0.5185185185185186,0.6666666666666667,0.65625]","[0.0,-0.3484848484848485,0.34375,0.0]",-0.001183712121212127,2048,504.68318325500877,504697.50390625,36.20330402199761,468.47987923301116,156.15995974433704,156.596128160003,2964949031784.3525,33772497300592600,30192664958472522,3579832342120078,153205813260,242386252,394272000,11520,165960556,802630328,765.4479293823242,1.60772548327562,51685.91455078125,0.05,/nobackup/proj/disk/naiss2026-4-902/shared/yizhil/Avalanche/avalanche-master/joint_result_texture-all-4/tagfex/order2/joint_texture_tagfex__order-2__seed-053.json
texture-all-4,tagfex,texture,2,53,resnet18_cifar,0.01,"[0.1,0.05,0.01]",last_epoch_train_mean,0.05,2.164971431096395,101317491901848408,2.1979849020640057,242386252,4,0,1.0,1.0,0.0,0.0,-0.0,1,0.0,0.0,0.0,0.0,0.0,0.0,0.0,0.0,"[1.0,1.0,1.0,1.0]","[0.0,0.0,0.0]","[0.0,-0.3484848484848485,0.0,0.0]",-0.08712121212121213,2048,507.9036381030164,507917.9296875,36.707560335009475,471.19607776800694,157.06535925600232,157.45286142300756,2964949031692.2646,33772497299429770,30192664957309692,3579832342120078,153205813260,242386252,394272000,11520,165960556,802630328,765.4479293823242,1.6221411124812828,51685.91455078125,0.05,
texture-all-4,tagfex,texture,2,54,resnet18_cifar,0.1,"[0.1,0.05,0.01]",last_epoch_train_mean,0.01,2.177005394299825,101317907701844044,142.21125284830728,242386252,4,0,0.6164804750402576,0.5458333333333333,0.27053521324354657,0.03260030864197531,-0.03260030864197531,2,0.27053521324354657,0.171875,0.2557476268249556,0.01851851851851849,0.09519675925925924,0.3965435606060606,0.6212121212121212,1.0,"[0.9074074074074074,0.20833333333333334,0.8043478260869565,0.5458333333333333]","[0.01851851851851849,0.6212121212121212,0.171875]","[0.09259259259259256,0.24242424242424243,0.5625,-0.625]",0.06812920875420875,2048,506.4626513669791,506476.9453125,36.31194401800167,470.15070734897745,156.71690244965916,157.04784827498952,2964949031843.2026,33772635901934172,30192803559814094,3579832342120078,153205813260,242386252,394272000,11520,165960556,802630328,765.4479293823242,1.5950024166158983,51686.15478515625,0.01,
texture-all-4,tagfex,texture,2,54,resnet18_cifar,0.05,"[0.1,0.05,0.01]",last_epoch_train_mean,0.01,2.177005394299825,101317907701844044,2.4784895261128743,242386252,4,0,0.9278079710144927,0.7166666666666667,0.34811658249158245,0.34811658249158245,-0.34811658249158245,2,0.34811658249158245,0.296875,0.21747310738452222,0.11111111111111116,0.20399305555555558,0.4666193181818182,0.6363636363636364,1.0,"[1.0,1.0,0.9945652173913043,0.7166666666666667]","[0.11111111111111116,0.6363636363636364,0.296875]","[0.0,-0.3787878787878788,0.015625,-0.9821428571428571]",-0.33632643398268397,2048,502.4883430859918,502502.69921875,36.056983612987096,466.4313594730047,155.4771198243349,157.03106472700892,2964949031736.4434,33772635900389394,30192803558269316,3579832342120078,153205813260,242386252,394272000,11520,165960556,802630328,765.4479293823242,1.5952608541435136,51686.15478515625,0.01,
texture-all-4,tagfex,texture,2,54,resnet18_cifar,0.01,"[0.1,0.05,0.01]",last_epoch_train_mean,0.01,2.177005394299825,101317907701844044,2.177005394299825,242386252,4,0,0.9822916666666667,0.9291666666666667,0.08806818181818181,0.08806818181818181,-0.08806818181818181,3,0.08806818181818181,0.045454545454545414,0.09425084306642982,0.0,0.022727272727272707,0.1321022727272727,0.21875,0.6666666666666666,"[1.0,1.0,1.0,0.9291666666666667]","[0.0,0.045454545454545414,0.21875]","[0.0,-0.3787878787878788,0.0,-0.9821428571428571]",-0.34023268398268397,2048,496.81885393100674,496833.18359375,35.67659790899779,461.14225602200895,153.71408534066964,153.3360022810084,2964949031692.2646,33772635899520478,30192803557400400,3579832342120078,153205813260,242386252,394272000,11520,165960556,802630328,765.4479293823242,1.611820662462075,51686.15478515625,0.01,/nobackup/proj/disk/naiss2026-4-902/shared/yizhil/Avalanche/avalanche-master/joint_result_texture-all-4/tagfex/order2/joint_texture_tagfex__order-2__seed-054.json
texture-all-4,tagfex,texture,2,55,resnet18_cifar,0.1,"[0.1,0.05,0.01]",last_epoch_train_mean,0.01,2.197188154856364,101317907701725588,4.090907859802246,242386252,4,0,0.8101851851851852,0.85,0.11335578002244669,0.003980780022446691,-0.003980780022446691,2,0.11335578002244669,0.03703703703703709,0.13496975966690727,0.0,0.018518518518518545,0.17003367003367004,0.303030303030303,0.6666666666666666,"[0.9074074074074074,0.8583333333333333,0.625,0.85]","[0.03703703703703709,0.303030303030303,0.0]","[0.09259259259259256,0.10606060606060608,0.046875,0.017857142857142905]",0.06584633537758539,2048,501.45879968201916,501472.90234375,35.97268984300899,465.48610983901017,155.16203661300338,155.23268544100574,2964949031860.6084,33772635901568986,30192803559448908,3579832342120078,153205813260,242386252,394272000,11520,165960556,802630328,765.4479293823242,1.6074851708253846,51686.15478515625,0.01,
texture-all-4,tagfex,texture,2,55,resnet18_cifar,0.05,"[0.1,0.05,0.01]",last_epoch_train_mean,0.01,2.197188154856364,101317907701725588,2.7649299621582033,242386252,4,0,0.9161684782608697,0.7958333333333333,0.26266133557800225,0.26266133557800225,-0.26266133557800225,2,0.26266133557800225,0.28125,0.04262704280299015,0.20370370370370372,0.24247685185185186,0.2921401515151515,0.303030303030303,1.0,"[1.0,0.9666666666666667,0.9021739130434783,0.7958333333333333]","[0.20370370370370372,0.303030303030303,0.28125]","[0.0,-0.015151515151515138,-0.28125,0.0]",-0.07410037878787878,2048,508.3677998890198,508382.25,36.31149632799497,472.05630356102483,157.3521011870083,157.7398302740039,2964949031692.2646,33772635900681304,30192803558561226,3579832342120078,153205813260,242386252,394272000,11520,165960556,802630328,765.4479293823242,1.6027987333776157,51686.15478515625,0.01,
texture-all-4,tagfex,texture,2,55,resnet18_cifar,0.01,"[0.1,0.05,0.01]",last_epoch_train_mean,0.01,2.197188154856364,101317907701725588,2.197188154856364,242386252,4,0,1.0,1.0,0.0,0.0,-0.0,1,0.0,0.0,0.0,0.0,0.0,0.0,0.0,0.0,"[1.0,1.0,1.0,1.0]","[0.0,0.0,0.0]","[0.0,-0.015151515151515138,-0.28125,0.0]",-0.07410037878787878,2048,507.1154202250036,507129.70703125,36.66420471100719,470.45121551399643,156.8170718379988,156.93978986999718,2964949031692.2646,33772635899475298,30192803557355220,3579832342120078,153205813260,242386252,394272000,11520,165960556,802630328,765.4479293823242,1.6194430708007228,51686.15478515625,0.01,/nobackup/proj/disk/naiss2026-4-902/shared/yizhil/Avalanche/avalanche-master/joint_result_texture-all-4/tagfex/order2/joint_texture_tagfex__order-2__seed-055.json
texture-all-4,tagfex,texture,2,56,resnet18_cifar,0.1,"[0.1,0.05,0.01]",last_epoch_train_mean,0.01,2.2232258796691893,101317907701554738,2.308991877237956,242386252,4,0,0.9553442028985508,0.9333333333333333,0.07575757575757576,0.06013257575757577,-0.06013257575757577,2,0.07575757575757576,0.0,0.10713739108887085,0.0,0.0,0.11363636363636365,0.2272727272727273,0.3333333333333333,"[1.0,0.975,0.9130434782608695,0.9333333333333333]","[0.0,0.2272727272727273,0.0]","[0.0,0.0,0.0625,0.0]",0.015625,2048,506.7101270199928,506724.5390625,36.300088909003534,470.41003811098926,156.80334603699643,157.28071278499556,2964949031733.081,33772635901074980,30192803558954902,3579832342120078,153205813260,242386252,394272000,11520,165960556,802630328,765.4479293823242,1.609824212512952,51686.15478515625,0.01,
texture-all-4,tagfex,texture,2,56,resnet18_cifar,0.05,"[0.1,0.05,0.01]",last_epoch_train_mean,0.01,2.2232258796691893,101317907701554738,3.255581855773926,242386252,4,0,0.8609148550724638,0.8041666666666667,0.09760802469135803,0.09255751964085297,-0.09255751964085297,3,0.09760802469135803,0.07407407407407407,0.09084153142971031,0.0,0.037037037037037035,0.14641203703703703,0.21875,0.6666666666666666,"[1.0,0.7916666666666666,0.8478260869565217,0.8041666666666667]","[0.07407407407407407,0.0,0.21875]","[0.0,0.303030303030303,0.015625,0.1607142857142857]",0.11984239718614717,2048,506.28806050901767,506302.3046875,36.68419173400616,469.6038687750115,156.53462292500384,156.68195348299923,2964949031832.2847,33772635900952890,30192803558832812,3579832342120078,153205813260,242386252,394272000,11520,165960556,802630328,765.4479293823242,1.6043119332001272,51686.15478515625,0.01,
texture-all-4,tagfex,texture,2,56,resnet18_cifar,0.01,"[0.1,0.05,0.01]",last_epoch_train_mean,0.01,2.2232258796691893,101317907701554738,2.2232258796691893,242386252,4,0,0.8848278985507247,0.9958333333333333,0.005050505050505046,-0.11474116161616162,0.11474116161616162,2,0.005050505050505046,0.0,0.00714249273925805,0.0,0.0,0.007575757575757569,0.015151515151515138,0.3333333333333333,"[1.0,1.0,0.5434782608695652,0.9958333333333333]","[0.0,0.015151515151515138,0.0]","[0.0,0.0,0.359375,0.0]",0.08984375,2048,507.90881307199015,507923.4296875,37.03644729600637,470.8723657759838,156.95745525866127,156.85565568499442,2964949031692.2646,33772635899526868,30192803557406790,3579832342120078,153205813260,242386252,394272000,11520,165960556,802630328,765.4479293823242,1.5989046708758299,51686.15478515625,0.01,/nobackup/proj/disk/naiss2026-4-902/shared/yizhil/Avalanche/avalanche-master/joint_result_texture-all-4/tagfex/order2/joint_texture_tagfex__order-2__seed-056.json
texture-all-4,tagfex,texture,3,52,resnet18_cifar,0.1,"[0.1,0.05,0.01]",last_epoch_train_mean,0.01,2.2055541038513184,101499478417686268,2.770420201619466,242386252,4,0,0.7845052445123646,0.9291666666666667,0.05847953216374269,-0.13555584803446052,0.13555584803446052,2,0.05847953216374269,0.0,0.08270254750719853,0.0,0.0,0.08771929824561403,0.17543859649122806,0.3333333333333333,"[0.6721311475409836,0.6610169491525424,0.8757062146892656,0.9291666666666667]","[0.0,0.17543859649122806,0.0]","[0.24590163934426235,0.0,-0.23728813559322032,-0.015873015873015928]",-0.0018148780304934747,2048,504.26820177900663,504282.5859375,35.18812718700792,469.0800745919987,156.36002486399957,156.31319376100146,2964948868515.7886,33833159472711558,30238844425154544,3594315047557014,153205813260,242386252,394272000,11520,165960556,802630328,765.4479293823242,1.6147244999956456,51681.52734375,0.01,
texture-all-4,tagfex,texture,3,52,resnet18_cifar,0.05,"[0.1,0.05,0.01]",last_epoch_train_mean,0.01,2.2055541038513184,101499478417686268,2.375364096959432,242386252,4,0,0.887100004630916,0.6416666666666667,0.1228638884420461,0.09554148407046141,-0.09554148407046141,1,0.1228638884420461,0.10169491525423724,0.05378697831905342,0.07017543859649122,0.08593517692536423,0.14920811336482354,0.19672131147540983,1.0,"[0.9180327868852459,1.0,0.9887005649717514,0.6416666666666667]","[0.19672131147540983,0.07017543859649122,0.10169491525423724]","[0.0,0.0,-0.576271186440678,0.9682539682539681]",0.09799569545332254,2048,507.9989287239878,508013.51953125,35.673484922997886,472.3254438009899,157.44181460032996,157.7492245129979,2964948868491.468,33833159472858000,30238844425300986,3594315047557014,153205813260,242386252,394272000,11520,165960556,802630328,765.4479293823242,1.6183979000440256,51681.52734375,0.01,
texture-all-4,tagfex,texture,3,52,resnet18_cifar,0.01,"[0.1,0.05,0.01]",last_epoch_train_mean,0.01,2.2055541038513184,101499478417686268,2.2055541038513184,242386252,4,0,0.996875,0.9875,0.01714738824462288,0.01714738824462288,-0.01714738824462288,3,0.01714738824462288,0.01754385964912286,0.01384176443679454,0.0,0.00877192982456143,0.025721082366934322,0.03389830508474578,0.6666666666666666,"[1.0,1.0,1.0,0.9875]","[0.0,0.01754385964912286,0.03389830508474578]","[-0.08196721311475408,0.0,-0.6101694915254237,-0.015873015873015928]",-0.17700243012829842,2048,502.331393371016,502345.29296875,35.25300585200603,467.07838751901,155.69279583967,155.42236878699623,2964948868489.5757,33833159472116710,30238844424559696,3594315047557014,153205813260,242386252,394272000,11520,165960556,802630328,765.4479293823242,1.614165500056212,51681.52734375,0.01,/nobackup/proj/disk/naiss2026-4-902/shared/yizhil/Avalanche/avalanche-master/joint_result_texture-all-4/tagfex/order3/joint_texture_tagfex__order-3__seed-052.json
texture-all-4,tagfex,texture,3,53,resnet18_cifar,0.1,"[0.1,0.05,0.01]",last_epoch_train_mean,0.1,2.0612743059794107,101499478417391340,2.0612743059794107,242386252,4,0,0.8447033898305085,0.8166666666666667,0.21300426206759837,0.1486767766874814,-0.1486767766874814,2,0.21300426206759837,0.288135593220339,0.1527792281461478,0.0,0.1440677966101695,0.31950639310139756,0.3508771929824561,0.6666666666666666,"[1.0,0.6016949152542372,0.96045197740113,0.8166666666666667]","[0.0,0.3508771929824561,0.288135593220339]","[-0.5573770491803278,-0.3684210526315789,-0.15254237288135597,-0.015873015873015928]",-0.27355337264156965,2048,495.9668047130108,495981.07421875,34.854459859008784,461.112344854002,153.704114951334,154.85212328800117,2964948868491.468,33833159472142562,30238844424585548,3594315047557014,153205813260,242386252,394272000,11520,165960556,802630328,765.4479293823242,1.6149730248798733,51681.52734375,0.1,/nobackup/proj/disk/naiss2026-4-902/shared/yizhil/Avalanche/avalanche-master/joint_result_texture-all-4/tagfex/order3/joint_texture_tagfex__order-3__seed-053.json
texture-all-4,tagfex,texture,3,53,resnet18_cifar,0.05,"[0.1,0.05,0.01]",last_epoch_train_mean,0.1,2.0612743059794107,101499478417391340,2.84289288520813,242386252,4,0,0.9145656779661017,0.9125,0.0409356725146199,0.023788284269997018,-0.023788284269997018,2,0.0409356725146199,0.0,0.057891783255039,0.0,0.0,0.06140350877192985,0.1228070175438597,0.3333333333333333,"[1.0,0.847457627118644,0.8983050847457628,0.9125]","[0.0,0.1228070175438597,0.0]","[-0.5573770491803278,-0.5438596491228069,0.0,-0.015873015873015928]",-0.2792774285440377,2048,504.21409314601624,504228.39453125,34.968868837997434,469.2452243080188,156.4150747693396,155.98988801900123,2964948868549.1587,33833159473285970,30238844425728956,3594315047557014,153205813260,242386252,394272000,11520,165960556,802630328,765.4479293823242,1.6215475374944315,51681.52734375,0.1,
texture-all-4,tagfex,texture,3,53,resnet18_cifar,0.01,"[0.1,0.05,0.01]",last_epoch_train_mean,0.1,2.0612743059794107,101499478417391340,2.104146464665731,242386252,4,0,0.9979166666666667,0.9916666666666667,0.011497670730498566,0.011497670730498566,-0.011497670730498566,2,0.011497670730498566,0.016949152542372836,0.008133705318239133,0.0,0.008474576271186418,0.01724650609574785,0.01754385964912286,0.6666666666666666,"[1.0,1.0,1.0,0.9916666666666667]","[0.0,0.01754385964912286,0.016949152542372836]","[-0.5573770491803278,-0.5614035087719298,-0.27118644067796616,-0.015873015873015928]",-0.3514600036258099,2048,503.0241526689788,503038.66796875,35.419609902994125,467.60454276598466,155.86818092199488,155.7888798829954,2964948868489.5757,33833159471962808,30238844424405794,3594315047557014,153205813260,242386252,394272000,11520,165960556,802630328,765.4479293823242,1.6205640125311522,51681.52734375,0.1,
texture-all-4,tagfex,texture,3,54,resnet18_cifar,0.1,"[0.1,0.05,0.01]",last_epoch_train_mean,0.01,2.101603865623474,101499478418361790,6.822950808207194,242386252,4,0,0.8968926553672316,0.8333333333333334,0.021857923497267746,-0.03057541974785072,0.03057541974785072,1,0.021857923497267746,0.0,0.0309117718551496,0.0,0.0,0.03278688524590162,0.06557377049180324,0.3333333333333333,"[1.0,0.8898305084745762,0.864406779661017,0.8333333333333334]","[0.06557377049180324,0.0,0.0]","[0.0,0.21052631578947367,0.27118644067796616,0.2698412698412699]",0.18788850657717743,2048,502.0906090790086,502104.65625,35.118865819007624,466.97174326000095,155.65724775333365,155.29114769300213,2964948868581.2705,33833159473819634,30238844426262620,3594315047557014,153205813260,242386252,394272000,11520,165960556,802630328,765.4479293823242,1.6144037333409262,51681.52734375,0.01,
texture-all-4,tagfex,texture,3,54,resnet18_cifar,0.05,"[0.1,0.05,0.01]",last_epoch_train_mean,0.01,2.101603865623474,101499478418361790,2.103930926322937,242386252,4,0,0.9125529661016949,0.7208333333333333,0.380074712111389,0.380074712111389,-0.380074712111389,3,0.380074712111389,0.33333333333333337,0.17199499365625423,0.19672131147540983,0.2650273224043716,0.4717514124293785,0.6101694915254237,1.0,"[1.0,0.940677966101695,0.9887005649717514,0.7208333333333333]","[0.19672131147540983,0.33333333333333337,0.6101694915254237]","[0.0,0.0,0.0,0.0]",0.0,2048,503.07185806700727,503086.46875,35.40908704001049,467.6627710269968,155.88759034233226,155.33357070399506,2964948868533.6753,33833159472440608,30238844424883594,3594315047557014,153205813260,242386252,394272000,11520,165960556,802630328,765.4479293823242,1.6207044708304845,51681.52734375,0.01,
texture-all-4,tagfex,texture,3,54,resnet18_cifar,0.01,"[0.1,0.05,0.01]",last_epoch_train_mean,0.01,2.101603865623474,101499478418361790,2.101603865623474,242386252,4,0,0.9114583333333334,0.6458333333333334,0.4784223687866513,0.4784223687866513,-0.4784223687866513,3,0.4784223687866513,0.47540983606557374,0.13403599228271174,0.3157894736842105,0.3955996548748921,0.5597388163378716,0.6440677966101696,1.0,"[1.0,1.0,1.0,0.6458333333333334]","[0.47540983606557374,0.3157894736842105,0.6440677966101696]","[0.0,0.0,0.0,0.0]",0.0,2048,504.12100277600985,504135.21875,35.408722517007845,468.712280259002,156.23742675300068,156.3038797390036,2964948868489.5757,33833159472101548,30238844424544534,3594315047557014,153205813260,242386252,394272000,11520,165960556,802630328,765.4479293823242,1.6254073166540668,51681.52734375,0.01,/nobackup/proj/disk/naiss2026-4-902/shared/yizhil/Avalanche/avalanche-master/joint_result_texture-all-4/tagfex/order3/joint_texture_tagfex__order-3__seed-054.json
texture-all-4,tagfex,texture,3,55,resnet18_cifar,0.1,"[0.1,0.05,0.01]",last_epoch_train_mean,0.01,2.2910093625386554,101499478420462988,224.63038686116536,242386252,4,0,0.6090016323978884,0.6458333333333334,0.17484388938447815,-0.07364618826867111,0.07364618826867111,2,0.17484388938447815,0.05084745762711865,0.21232917705283763,0.0,0.025423728813559324,0.2622658340767172,0.4736842105263158,0.6666666666666666,"[0.6065573770491803,0.6186440677966102,0.5649717514124294,0.6458333333333334]","[0.0,0.4736842105263158,0.05084745762711865]","[0.39344262295081966,0.368421052631579,0.864406779661017,0.04761904761904767]",0.4184723757156158,2048,495.45417592099693,495468.46875,34.908177425997565,460.54599849499937,153.51533283166646,150.99821876198985,2964948868682.4707,33833159474483872,30238844426926858,3594315047557014,153205813260,242386252,394272000,11520,165960556,802630328,765.4479293823242,1.61002319164254,51681.52734375,0.01,
texture-all-4,tagfex,texture,3,55,resnet18_cifar,0.05,"[0.1,0.05,0.01]",last_epoch_train_mean,0.01,2.2910093625386554,101499478420462988,8.93928402264913,242386252,4,0,0.8987817796610169,0.8041666666666667,0.21708109302616552,0.21708109302616552,-0.21708109302616552,3,0.21708109302616552,0.22807017543859653,0.15956382177087644,0.016393442622950838,0.12223180903077369,0.31742491822777286,0.4067796610169491,1.0,"[1.0,0.864406779661017,0.9265536723163842,0.8041666666666667]","[0.016393442622950838,0.22807017543859653,0.4067796610169491]","[0.0,0.0,0.15254237288135597,0.0]",0.03813559322033899,2048,499.67934385199624,499693.4375,35.056772547002765,464.62257130499347,154.87419043499781,154.68736295400595,2964948868615.1147,33833159473932656,30238844426375642,3594315047557014,153205813260,242386252,394272000,11520,165960556,802630328,765.4479293823242,1.6281003500504692,51681.52734375,0.01,
texture-all-4,tagfex,texture,3,55,resnet18_cifar,0.01,"[0.1,0.05,0.01]",last_epoch_train_mean,0.01,2.2910093625386554,101499478420462988,2.2910093625386554,242386252,4,0,0.9718396892655368,0.8958333333333334,0.14304005823579977,0.13719210501942547,-0.13719210501942547,3,0.14304005823579977,0.17543859649122806,0.09304430953914287,0.016393442622950838,0.09591601955708945,0.20636336604222422,0.23728813559322037,1.0,"[1.0,0.9915254237288136,1.0,0.8958333333333334]","[0.016393442622950838,0.17543859649122806,0.23728813559322037]","[0.0,0.01754385964912286,0.0,0.0]",0.004385964912280715,2048,500.3850113609951,500399.484375,35.23215427499963,465.1528570859955,155.0509523619985,153.67793161800364,2964948868489.5757,33833159472046460,30238844424489446,3594315047557014,153205813260,242386252,394272000,11520,165960556,802630328,765.4479293823242,1.6176672291597545,51681.52734375,0.01,/nobackup/proj/disk/naiss2026-4-902/shared/yizhil/Avalanche/avalanche-master/joint_result_texture-all-4/tagfex/order3/joint_texture_tagfex__order-3__seed-055.json
texture-all-4,tagfex,texture,3,56,resnet18_cifar,0.1,"[0.1,0.05,0.01]",last_epoch_train_mean,0.05,2.145750633875529,101499478418014636,9.545688565572103,242386252,4,0,0.8809498587570621,0.8458333333333333,0.12597066436583262,0.012976314083346763,-0.012976314083346763,2,0.12597066436583262,0.11475409836065575,0.10772612776633497,0.0,0.05737704918032788,0.18895599654874895,0.26315789473684215,0.6666666666666666,"[1.0,0.7966101694915254,0.8813559322033898,0.8458333333333333]","[0.11475409836065575,0.26315789473684215,0.0]","[-0.34426229508196726,0.0,0.3389830508474576,0.23809523809523814]",0.05820399846518212,2048,504.4398332940036,504454.14453125,36.66014401400753,467.7796892799961,155.92656309333202,155.08798805500555,2964948868627.244,33833159473687088,30238844426130074,3594315047557014,153205813260,242386252,394272000,11520,165960556,802630328,765.4479293823242,1.6227592125384642,51681.52734375,0.05,
texture-all-4,tagfex,texture,3,56,resnet18_cifar,0.05,"[0.1,0.05,0.01]",last_epoch_train_mean,0.05,2.145750633875529,101499478418014636,2.145750633875529,242386252,4,0,0.969332627118644,0.9875,0.011299435028248594,-0.035484190702745555,0.035484190702745555,3,0.011299435028248594,0.0,0.01597981426410278,0.0,0.0,0.01694915254237289,0.03389830508474578,0.3333333333333333,"[1.0,0.923728813559322,0.9661016949152542,0.9875]","[0.0,0.0,0.03389830508474578]","[-0.34426229508196726,0.1578947368421053,0.0,0.0]",-0.04659188955996549,2048,501.75243877700996,501766.921875,34.9830818400078,466.76935693700216,155.58978564566738,154.95555708299798,2964948868489.5757,33833159472360172,30238844424803158,3594315047557014,153205813260,242386252,394272000,11520,165960556,802630328,765.4479293823242,1.6188378333633107,51681.52734375,0.05,/nobackup/proj/disk/naiss2026-4-902/shared/yizhil/Avalanche/avalanche-master/joint_result_texture-all-4/tagfex/order3/joint_texture_tagfex__order-3__seed-056.json
texture-all-4,tagfex,texture,3,56,resnet18_cifar,0.01,"[0.1,0.05,0.01]",last_epoch_train_mean,0.05,2.145750633875529,101499478418014636,2.5854233582814534,242386252,4,0,0.9666666666666667,0.8666666666666667,0.18419996457755486,0.18419996457755486,-0.18419996457755486,2,0.18419996457755486,0.15254237288135597,0.12518493503305794,0.049180327868852514,0.10086135037510424,0.25170978293190605,0.3508771929824561,1.0,"[1.0,1.0,1.0,0.8666666666666667]","[0.049180327868852514,0.3508771929824561,0.15254237288135597]","[-0.34426229508196726,0.0,0.0,0.0]",-0.08606557377049182,2048,493.6446780360129,493658.7890625,35.054747107002186,458.58993092901073,152.86331030967025,151.12392015800287,2964948868489.5757,33833159471967376,30238844424410362,3594315047557014,153205813260,242386252,394272000,11520,165960556,802630328,765.4479293823242,1.6294313167236396,51681.52734375,0.05,
texture-all-4,cwr_star,texture,1,52,resnet18_cifar,0.1,"[0.1,0.05,0.01]",last_epoch_train_mean,0.01,0.18498544957627894,3283140209474412,0.7392277072079448,44699952,4,0,0.25300053000128486,0.22083333333333333,0.3611111111111111,0.3611111111111111,-0.3611111111111111,3,0.3611111111111111,0.3333333333333333,0.30681558381075724,0.0,0.16666666666666666,0.5416666666666666,0.75,0.6666666666666666,"[0.3333333333333333,0.17054263565891473,0.287292817679558,0.22083333333333333]","[0.3333333333333333,0.0,0.75]","[0.6666666666666667,1.0,0.0,0.3220338983050848]",0.4971751412429379,512,35.09302595500776,35098.580078125,17.975575620002928,17.117450335004833,5.7058167783349445,5.733250960998703,229913545109.76114,1094380069824804,1094380069812516,12288,38301453324,44699952,0,0,44763220,89463172,85.31872940063477,0.9296756874391576,10092.015625,0.01,
texture-all-4,cwr_star,texture,1,52,resnet18_cifar,0.05,"[0.1,0.05,0.01]",last_epoch_train_mean,0.01,0.18498544957627894,3283140209474412,0.9180984603418849,44699952,4,0,0.28895273400846444,0.175,0.04088504088504089,0.04088504088504089,-0.04088504088504089,1,0.04088504088504089,0.031746031746031744,0.03767188888735215,0.0,0.015873015873015872,0.06132756132756134,0.09090909090909094,0.6666666666666666,"[0.4696969696969697,0.27906976744186046,0.23204419889502761,0.175]","[0.09090909090909094,0.031746031746031744,0.0]","[0.5303030303030303,0.8253968253968254,0.8461538461538461,1.0]",0.8004634254634254,512,35.77073667800869,35777.06005859375,18.610017540006083,17.160719138002605,5.720239712667535,5.711382902009063,229913545109.76114,1094380069824804,1094380069812516,12288,38301453324,44699952,0,0,44763220,89463172,85.31872940063477,0.8172626791444296,10091.390625,0.01,
texture-all-4,cwr_star,texture,1,52,resnet18_cifar,0.01,"[0.1,0.05,0.01]",last_epoch_train_mean,0.01,0.18498544957627894,3283140209474412,0.18498544957627894,44699952,4,0,0.4314562576166392,0.15833333333333333,0.2753727753727753,0.2753727753727753,-0.2753727753727753,1,0.2753727753727753,0.1746031746031746,0.27535901715506034,0.0,0.0873015873015873,0.413059163059163,0.6515151515151515,0.6666666666666666,"[0.9090909090909091,0.4263565891472868,0.23204419889502761,0.15833333333333333]","[0.6515151515151515,0.1746031746031746,0.0]","[0.09090909090909094,0.7301587301587302,0.7115384615384616,1.0]",0.6331515706515707,512,36.15084569499595,36158.990234375,18.43821664599818,17.71262904899777,5.904209682999256,5.925290715997107,229913545109.76114,1094380069824804,1094380069812516,12288,38301453324,44699952,0,0,44763220,89463172,85.31872940063477,0.9177224874899063,10091.390625,0.01,/nobackup/proj/disk/naiss2026-4-902/shared/yizhil/Avalanche/avalanche-master/joint_result_texture-all-4/cwr_star/order1/joint_texture_cwr_star__order-1__seed-052.json
texture-all-4,cwr_star,texture,1,53,resnet18_cifar,0.1,"[0.1,0.05,0.01]",last_epoch_train_mean,0.01,0.10931302248442322,3283140209474412,0.5466085329837325,44699952,4,0,0.4133180951880361,0.175,0.1111111111111111,0.1111111111111111,-0.1111111111111111,1,0.1111111111111111,0.0,0.15713484026367722,0.0,0.0,0.16666666666666666,0.3333333333333333,0.3333333333333333,"[0.7878787878787878,0.40310077519379844,0.287292817679558,0.175]","[0.3333333333333333,0.0,0.0]","[0.21212121212121215,1.0,0.15384615384615385,0.7966101694915254]",0.5406443838647228,512,36.296436774006,36304.28125,18.720176735005225,17.576260039000772,5.85875334633359,5.781039815003169,229913545109.76114,1094380069824804,1094380069812516,12288,38301453324,44699952,0,0,44763220,89463172,85.31872940063477,0.9010592833268068,10091.390625,0.01,
texture-all-4,cwr_star,texture,1,53,resnet18_cifar,0.05,"[0.1,0.05,0.01]",last_epoch_train_mean,0.01,0.10931302248442322,3283140209474412,0.5872477176773103,44699952,4,0,0.5324849297614459,0.24583333333333332,0.2272727272727273,0.2272727272727273,-0.2272727272727273,1,0.2272727272727273,0.0,0.32141217326661253,0.0,0.0,0.34090909090909094,0.6818181818181819,0.3333333333333333,"[1.0,0.5581395348837209,0.3259668508287293,0.24583333333333332]","[0.6818181818181819,0.0,0.0]","[0.0,0.6507936507936508,-0.15384615384615385,1.0]",0.37423687423687424,512,36.52809773100307,36535.27587890625,18.646323508000933,17.88177422300214,5.96059140766738,5.961144204004086,229913545109.76114,1094380069824804,1094380069812516,12288,38301453324,44699952,0,0,44763220,89463172,85.31872940063477,0.9270007166075326,10091.390625,0.01,
texture-all-4,cwr_star,texture,1,53,resnet18_cifar,0.01,"[0.1,0.05,0.01]",last_epoch_train_mean,0.01,0.10931302248442322,3283140209474412,0.10931302248442322,44699952,4,0,0.5130570367039273,0.10833333333333334,0.6466218966218965,0.6466218966218965,-0.6466218966218965,1,0.6466218966218965,0.9206349206349206,0.44481413646787255,0.019230769230769246,0.46993284493284493,0.9603174603174602,1.0,1.0,"[1.0,0.6124031007751938,0.3314917127071823,0.10833333333333334]","[1.0,0.9206349206349206,0.019230769230769246]","[0.0,0.07936507936507942,-0.038461538461538464,0.711864406779661]",0.1881919869208005,512,34.79306125600124,34799.74365234375,18.715033653992577,16.07802760200866,5.359342534002887,5.446175593009684,229913545109.76114,1094380069824804,1094380069812516,12288,38301453324,44699952,0,0,44763220,89463172,85.31872940063477,0.8928381916727327,10091.390625,0.01,/nobackup/proj/disk/naiss2026-4-902/shared/yizhil/Avalanche/avalanche-master/joint_result_texture-all-4/cwr_star/order1/joint_texture_cwr_star__order-1__seed-053.json
texture-all-4,cwr_star,texture,1,54,resnet18_cifar,0.1,"[0.1,0.05,0.01]",last_epoch_train_mean,0.01,0.1149260655231001,3283140209474412,0.36961561045706026,44699952,4,0,0.4012064951195107,0.26666666666666666,0.35162985162985166,0.35162985162985166,-0.35162985162985166,1,0.35162985162985166,0.3846153846153846,0.21013543724050882,0.07936507936507936,0.23199023199023197,0.48776223776223776,0.5909090909090909,1.0,"[0.6212121212121212,0.4186046511627907,0.2983425414364641,0.26666666666666666]","[0.5909090909090909,0.07936507936507936,0.3846153846153846]","[0.3787878787878788,0.7936507936507937,0.15384615384615385,0.4915254237288136]",0.45445256250341,512,35.86290309400647,35870.4375,17.82699742000841,18.03590567399806,6.011968557999353,5.986796597004286,229913545109.76114,1094380069824804,1094380069812516,12288,38301453324,44699952,0,0,44763220,89463172,85.31872940063477,0.915337449987419,10091.390625,0.01,
texture-all-4,cwr_star,texture,1,54,resnet18_cifar,0.05,"[0.1,0.05,0.01]",last_epoch_train_mean,0.01,0.1149260655231001,3283140209474412,0.2972492191059461,44699952,4,0,0.426534825805271,0.05416666666666667,0.6986624486624488,0.6986624486624488,-0.6986624486624488,1,0.6986624486624488,0.7142857142857143,0.20323508404820878,0.4423076923076923,0.5782967032967032,0.8268398268398269,0.9393939393939394,1.0,"[0.9393939393939394,0.4418604651162791,0.27071823204419887,0.05416666666666667]","[0.9393939393939394,0.7142857142857143,0.4423076923076923]","[0.06060606060606055,0.2857142857142857,0.5576923076923077,0.7796610169491526]",0.42091841774045163,512,35.59465340600582,35600.63427734375,18.42698201999883,17.167671386006987,5.722557128668996,5.673442942003021,229913545109.76114,1094380069824804,1094380069812516,12288,38301453324,44699952,0,0,44763220,89463172,85.31872940063477,0.925081758335485,10091.390625,0.01,
texture-all-4,cwr_star,texture,1,54,resnet18_cifar,0.01,"[0.1,0.05,0.01]",last_epoch_train_mean,0.01,0.1149260655231001,3283140209474412,0.1149260655231001,44699952,4,0,0.4205599008522849,0.09583333333333334,0.5981888481888481,0.5981888481888481,-0.5981888481888481,1,0.5981888481888481,0.6984126984126984,0.3757375702720281,0.09615384615384615,0.39728327228327226,0.8492063492063492,1.0,1.0,"[1.0,0.3488372093023256,0.23756906077348067,0.09583333333333334]","[1.0,0.6984126984126984,0.09615384615384615]","[0.0,0.3015873015873016,0.7884615384615384,0.711864406779661]",0.45047831170712527,512,35.581817591999425,35587.65625,18.355078228007187,17.226739363992237,5.7422464546640795,5.702156921004644,229913545109.76114,1094380069824804,1094380069812516,12288,38301453324,44699952,0,0,44763220,89463172,85.31872940063477,0.8709806750024048,10091.390625,0.01,/nobackup/proj/disk/naiss2026-4-902/shared/yizhil/Avalanche/avalanche-master/joint_result_texture-all-4/cwr_star/order1/joint_texture_cwr_star__order-1__seed-054.json
texture-all-4,cwr_star,texture,1,55,resnet18_cifar,0.1,"[0.1,0.05,0.01]",last_epoch_train_mean,0.01,0.05666169875081149,3283140209474412,0.7062010987665643,44699952,4,0,0.2768099008522849,0.1875,0.15374440374440373,0.15374440374440373,-0.15374440374440373,2,0.15374440374440373,0.09615384615384615,0.15450618098613741,0.0,0.04807692307692307,0.2306166056166056,0.36507936507936506,0.6666666666666666,"[0.3333333333333333,0.3488372093023256,0.23756906077348067,0.1875]","[0.0,0.36507936507936506,0.09615384615384615]","[0.6666666666666667,0.6190476190476191,0.5961538461538461,0.8813559322033898]",0.6908060160178804,512,35.62654488901899,35632.14794921875,18.42812204200891,17.19842284701008,5.732807615670026,5.735222258997965,229913545109.76114,1094380069824804,1094380069812516,12288,38301453324,44699952,0,0,44763220,89463172,85.31872940063477,0.9147807333647506,10091.390625,0.01,
texture-all-4,cwr_star,texture,1,55,resnet18_cifar,0.05,"[0.1,0.05,0.01]",last_epoch_train_mean,0.01,0.05666169875081149,3283140209474412,0.23140649596437873,44699952,4,0,0.38920239186805744,0.25416666666666665,0.4854959854959855,0.4854959854959855,-0.4854959854959855,1,0.4854959854959855,0.46153846153846156,0.225380308032924,0.2222222222222222,0.3418803418803419,0.6171328671328671,0.7727272727272727,1.0,"[0.7727272727272727,0.2868217054263566,0.2430939226519337,0.25416666666666665]","[0.7727272727272727,0.2222222222222222,0.46153846153846156]","[0.2272727272727273,0.7619047619047619,0.23076923076923073,0.23728813559322037]",0.3643087138849851,512,35.241489470994566,35248.08056640625,18.183415721010533,17.058073749984032,5.6860245833280105,5.690159049001522,229913545109.76114,1094380069824804,1094380069812516,12288,38301453324,44699952,0,0,44763220,89463172,85.31872940063477,0.9039059999849997,10091.390625,0.01,
texture-all-4,cwr_star,texture,1,55,resnet18_cifar,0.01,"[0.1,0.05,0.01]",last_epoch_train_mean,0.01,0.05666169875081149,3283140209474412,0.05666169875081149,44699952,4,0,0.47354918840207294,0.23333333333333334,0.33292633292633295,0.33292633292633295,-0.33292633292633295,1,0.33292633292633295,0.12698412698412698,0.35568191474212246,0.038461538461538464,0.08272283272283272,0.4801587301587302,0.8333333333333334,1.0,"[0.8333333333333334,0.4573643410852713,0.3701657458563536,0.23333333333333334]","[0.8333333333333334,0.12698412698412698,0.038461538461538464]","[0.16666666666666663,0.38095238095238093,0.7884615384615384,0.711864406779661]",0.5119862482150618,512,33.80241881099937,33806.38623046875,18.45817255199654,15.34424625900283,5.114748753000943,5.363118103996385,229913545109.76114,1094380069824804,1094380069812516,12288,38301453324,44699952,0,0,44763220,89463172,85.31872940063477,0.5093250124142893,10091.390625,0.01,/nobackup/proj/disk/naiss2026-4-902/shared/yizhil/Avalanche/avalanche-master/joint_result_texture-all-4/cwr_star/order1/joint_texture_cwr_star__order-1__seed-055.json
texture-all-4,cwr_star,texture,1,56,resnet18_cifar,0.1,"[0.1,0.05,0.01]",last_epoch_train_mean,0.01,0.12568290466713214,3283140209474412,0.4501641543574353,44699952,4,0,0.4060550456706341,0.07916666666666666,0.6864801864801864,0.6864801864801864,-0.6864801864801864,1,0.6864801864801864,0.6666666666666666,0.22359606513722619,0.4230769230769231,0.5448717948717948,0.8181818181818181,0.9696969696969697,1.0,"[0.9696969696969697,0.3488372093023256,0.2265193370165746,0.07916666666666666]","[0.9696969696969697,0.6666666666666666,0.4230769230769231]","[0.030303030303030276,-0.031746031746031744,0.21153846153846156,0.9830508474576272]",0.2982865768882718,512,35.53394958899298,35539.46923828125,18.17050659900997,17.363442989983014,5.787814329994338,5.748800004992518,229913545109.76114,1094380069824804,1094380069812516,12288,38301453324,44699952,0,0,44763220,89463172,85.31872940063477,0.92824554588636,10091.390625,0.01,
texture-all-4,cwr_star,texture,1,56,resnet18_cifar,0.05,"[0.1,0.05,0.01]",last_epoch_train_mean,0.01,0.12568290466713214,3283140209474412,0.4946008465596749,44699952,4,0,0.4999490074521392,0.22083333333333333,0.3500851000851,0.3500851000851,-0.3500851000851,1,0.3500851000851,0.3492063492063492,0.27050089215151796,0.019230769230769273,0.18421855921855923,0.5155122655122655,0.6818181818181819,1.0,"[1.0,0.4806201550387597,0.2983425414364641,0.22083333333333333]","[0.6818181818181819,0.3492063492063492,0.019230769230769273]","[0.0,0.2698412698412698,0.3846153846153846,0.9830508474576272]",0.4093768754785704,512,35.40007924899692,35407.68994140625,18.222015838007792,17.178063410989125,5.726021136996375,5.716427317995112,229913545109.76114,1094380069824804,1094380069812516,12288,38301453324,44699952,0,0,44763220,89463172,85.31872940063477,0.9081608958391977,10091.390625,0.01,
texture-all-4,cwr_star,texture,1,56,resnet18_cifar,0.01,"[0.1,0.05,0.01]",last_epoch_train_mean,0.01,0.12568290466713214,3283140209474412,0.12568290466713214,44699952,4,0,0.48742438112981284,0.1375,0.6455026455026455,0.6455026455026455,-0.6455026455026455,1,0.6455026455026455,0.9365079365079365,0.4571747000471523,0.0,0.46825396825396826,0.9682539682539683,1.0,0.6666666666666666,"[1.0,0.5193798449612403,0.292817679558011,0.1375]","[1.0,0.9365079365079365,0.0]","[0.0,-0.3015873015873016,0.6923076923076923,0.6949152542372882]",0.2714089112394197,512,35.88965589897998,35896.421875,18.58332696800062,17.30632893097936,5.768776310326454,5.720904271991458,229913545109.76114,1094380069824804,1094380069812516,12288,38301453324,44699952,0,0,44763220,89463172,85.31872940063477,0.9009274583149818,10091.390625,0.01,/nobackup/proj/disk/naiss2026-4-902/shared/yizhil/Avalanche/avalanche-master/joint_result_texture-all-4/cwr_star/order1/joint_texture_cwr_star__order-1__seed-056.json
texture-all-4,cwr_star,texture,2,52,resnet18_cifar,0.1,"[0.1,0.05,0.01]",last_epoch_train_mean,0.01,0.5267497867834373,3338368934761692,3.378700068739594,44699952,4,0,0.44276871980676324,0.2791666666666667,0.26823793490460157,0.26823793490460157,-0.26823793490460157,1,0.26823793490460157,0.045454545454545456,0.34770004760221257,0.0,0.022727272727272728,0.40235690235690236,0.7592592592592593,0.6666666666666666,"[0.7777777777777778,0.35,0.3641304347826087,0.2791666666666667]","[0.7592592592592593,0.045454545454545456,0.0]","[0.2222222222222222,0.5606060606060606,0.03125,0.875]",0.4222695707070707,512,36.00928072902025,36017.4267578125,19.278646311009652,16.730634418010595,5.576878139336865,5.577180713007692,229913489242.13303,1112789644920564,1112789644908276,12288,38301453324,44699952,0,0,44763220,89463172,85.31872940063477,0.7745472708241626,10091.390625,0.01,
texture-all-4,cwr_star,texture,2,52,resnet18_cifar,0.05,"[0.1,0.05,0.01]",last_epoch_train_mean,0.01,0.5267497867834373,3338368934761692,5.7280511387058946,44699952,4,0,0.5678442028985508,0.25,0.6900953984287318,0.6900953984287318,-0.6900953984287318,1,0.6900953984287318,0.7878787878787878,0.22808712561186684,0.375,0.5814393939393939,0.8476430976430976,0.9074074074074074,1.0,"[1.0,0.6083333333333333,0.41304347826086957,0.25]","[0.9074074074074074,0.7878787878787878,0.375]","[0.0,-0.12121212121212122,0.03125,0.5714285714285714]",0.12036661255411255,512,36.5822394190036,36590.49951171875,19.2357858960022,17.3464535230014,5.7821511743338005,5.802672763995361,229913489242.13303,1112789644920564,1112789644908276,12288,38301453324,44699952,0,0,44763220,89463172,85.31872940063477,0.912019391701809,10091.390625,0.01,
texture-all-4,cwr_star,texture,2,52,resnet18_cifar,0.01,"[0.1,0.05,0.01]",last_epoch_train_mean,0.01,0.5267497867834373,3338368934761692,0.5267497867834373,44699952,4,0,0.46682769726247986,0.23333333333333334,0.3131313131313131,0.3131313131313131,-0.3131313131313131,1,0.3131313131313131,0.2727272727272727,0.27366095321503164,0.0,0.13636363636363635,0.46969696969696967,0.6666666666666666,0.6666666666666666,"[0.9629629629629629,0.36666666666666664,0.30434782608695654,0.23333333333333334]","[0.6666666666666666,0.2727272727272727,0.0]","[0.03703703703703709,0.3939393939393939,0.375,0.875]",0.42024410774410775,512,33.65074022600311,33657.08935546875,17.45531710400246,16.195423122000648,5.398474374000216,5.268865749996621,229913489242.13303,1112789644920564,1112789644908276,12288,38301453324,44699952,0,0,44763220,89463172,85.31872940063477,0.9116791333629711,10091.390625,0.01,/nobackup/proj/disk/naiss2026-4-902/shared/yizhil/Avalanche/avalanche-master/joint_result_texture-all-4/cwr_star/order2/joint_texture_cwr_star__order-2__seed-052.json
texture-all-4,cwr_star,texture,2,53,resnet18_cifar,0.1,"[0.1,0.05,0.01]",last_epoch_train_mean,0.01,0.09698917521316497,3338368934761692,16.594803622511566,44699952,4,0,0.5440368357487922,0.29583333333333334,0.28451178451178455,0.28451178451178455,-0.28451178451178455,1,0.28451178451178455,0.24242424242424243,0.251253813808656,0.0,0.12121212121212122,0.4267676767676768,0.6111111111111112,0.6666666666666666,"[0.9444444444444444,0.55,0.3858695652173913,0.29583333333333334]","[0.6111111111111112,0.24242424242424243,0.0]","[0.05555555555555558,0.7121212121212122,0.078125,1.0]",0.46145044191919193,512,35.09212161699543,35099.17578125,19.28513051199843,15.806991104996996,5.268997034998999,5.239411852991907,229913489242.13303,1112789644920564,1112789644908276,12288,38301453324,44699952,0,0,44763220,89463172,85.31872940063477,0.8566431249467618,10091.390625,0.01,
texture-all-4,cwr_star,texture,2,53,resnet18_cifar,0.05,"[0.1,0.05,0.01]",last_epoch_train_mean,0.01,0.09698917521316497,3338368934761692,3.0441471240559563,44699952,4,0,0.44717190016103064,0.2916666666666667,0.37149270482603813,0.37149270482603813,-0.37149270482603813,1,0.37149270482603813,0.3181818181818182,0.3272649139457659,0.0,0.1590909090909091,0.5572390572390572,0.7962962962962963,0.6666666666666666,"[0.7962962962962963,0.35833333333333334,0.3423913043478261,0.2916666666666667]","[0.7962962962962963,0.3181818181818182,0.0]","[0.20370370370370372,0.6363636363636365,-0.078125,0.875]",0.40923558501683505,512,35.7398101859726,35746.03759765625,18.604321224993328,17.135488960979274,5.711829653659758,5.704176009996445,229913489242.13303,1112789644920564,1112789644908276,12288,38301453324,44699952,0,0,44763220,89463172,85.31872940063477,0.8835759250359843,10091.390625,0.01,
texture-all-4,cwr_star,texture,2,53,resnet18_cifar,0.01,"[0.1,0.05,0.01]",last_epoch_train_mean,0.01,0.09698917521316497,3338368934761692,0.09698917521316497,44699952,4,0,0.6151268115942029,0.38333333333333336,0.2542087542087542,0.2542087542087542,-0.2542087542087542,1,0.2542087542087542,0.1515151515151515,0.25983800024439313,0.0,0.07575757575757575,0.3813131313131313,0.6111111111111112,0.6666666666666666,"[1.0,0.55,0.5271739130434783,0.38333333333333336]","[0.6111111111111112,0.1515151515151515,0.0]","[0.0,0.4242424242424243,0.1875,1.0]",0.4029356060606061,512,36.11256971397961,36120.310546875,19.437316579002072,16.675253134977538,5.558417711659179,5.565968722992693,229913489242.13303,1112789644920564,1112789644908276,12288,38301453324,44699952,0,0,44763220,89463172,85.31872940063477,0.8002188083385894,10091.390625,0.01,/nobackup/proj/disk/naiss2026-4-902/shared/yizhil/Avalanche/avalanche-master/joint_result_texture-all-4/cwr_star/order2/joint_texture_cwr_star__order-2__seed-053.json
texture-all-4,cwr_star,texture,2,54,resnet18_cifar,0.1,"[0.1,0.05,0.01]",last_epoch_train_mean,0.01,0.12643436464618463,3338368934761692,2.5917657437871715,44699952,4,0,0.47426529790660227,0.2,0.36198793490460157,0.36198793490460157,-0.36198793490460157,1,0.36198793490460157,0.28125,0.1654863104891041,0.21212121212121213,0.24668560606060608,0.4369212962962963,0.5925925925925926,1.0,"[0.9814814814814815,0.4166666666666667,0.29891304347826086,0.2]","[0.5925925925925926,0.21212121212121213,0.28125]","[0.01851851851851849,0.40909090909090906,0.46875,-0.17857142857142858]",0.17944699975949974,512,36.36451951500203,36370.001953125,19.333241931002703,17.031277583999326,5.6770925279997755,5.621173120001913,229913489242.13303,1112789644920564,1112789644908276,12288,38301453324,44699952,0,0,44763220,89463172,85.31872940063477,0.9125591416401827,10091.390625,0.01,
texture-all-4,cwr_star,texture,2,54,resnet18_cifar,0.05,"[0.1,0.05,0.01]",last_epoch_train_mean,0.01,0.12643436464618463,3338368934761692,2.2859804708449567,44699952,4,0,0.528683574879227,0.25833333333333336,0.39337822671156003,0.39337822671156003,-0.39337822671156003,2,0.39337822671156003,0.5740740740740741,0.27846676222388433,0.0,0.28703703703703703,0.5900673400673401,0.6060606060606061,0.6666666666666666,"[0.9444444444444444,0.575,0.33695652173913043,0.25833333333333336]","[0.5740740740740741,0.6060606060606061,0.0]","[0.05555555555555558,0.015151515151515138,0.34375,0.017857142857142856]",0.10807855339105339,512,36.094838233009796,36102.39111328125,19.19539183100278,16.899446402007015,5.633148800669005,5.621976027003257,229913489242.13303,1112789644920564,1112789644908276,12288,38301453324,44699952,0,0,44763220,89463172,85.31872940063477,0.9309671333539882,10091.390625,0.01,
texture-all-4,cwr_star,texture,2,54,resnet18_cifar,0.01,"[0.1,0.05,0.01]",last_epoch_train_mean,0.01,0.12643436464618463,3338368934761692,0.12643436464618463,44699952,4,0,0.6089673913043478,0.35833333333333334,0.26430976430976433,0.26430976430976433,-0.26430976430976433,1,0.26430976430976433,0.18181818181818182,0.25621324896439734,0.0,0.09090909090909091,0.3964646464646465,0.6111111111111112,0.6666666666666666,"[1.0,0.5666666666666667,0.5108695652173914,0.35833333333333334]","[0.6111111111111112,0.18181818181818182,0.0]","[0.0,0.030303030303030276,0.40625,0.017857142857142856]",0.11360254329004328,512,36.27657739300048,36282.7802734375,19.3045079769945,16.97206941600598,5.657356472001993,5.586798413001816,229913489242.13303,1112789644920564,1112789644908276,12288,38301453324,44699952,0,0,44763220,89463172,85.31872940063477,0.8325138792012391,10091.390625,0.01,/nobackup/proj/disk/naiss2026-4-902/shared/yizhil/Avalanche/avalanche-master/joint_result_texture-all-4/cwr_star/order2/joint_texture_cwr_star__order-2__seed-054.json
texture-all-4,cwr_star,texture,2,55,resnet18_cifar,0.1,"[0.1,0.05,0.01]",last_epoch_train_mean,0.01,0.08698634449087206,3338368934761692,0.5575088345613636,44699952,4,0,0.518438003220612,0.26666666666666666,0.5359147025813692,0.5359147025813692,-0.5359147025813692,1,0.5359147025813692,0.6818181818181819,0.39183378620319875,0.0,0.34090909090909094,0.8038720538720538,0.9259259259259259,0.6666666666666666,"[0.9259259259259259,0.5333333333333333,0.34782608695652173,0.26666666666666666]","[0.9259259259259259,0.6818181818181819,0.0]","[0.07407407407407407,0.015151515151515138,0.015625,1.0]",0.2762126473063973,512,34.06777292198967,34073.54833984375,18.126128885996877,15.941644035992795,5.313881345330931,5.335352313995827,229913489242.13303,1112789644920564,1112789644908276,12288,38301453324,44699952,0,0,44763220,89463172,85.31872940063477,0.8369233041473004,10091.390625,0.01,
texture-all-4,cwr_star,texture,2,55,resnet18_cifar,0.05,"[0.1,0.05,0.01]",last_epoch_train_mean,0.01,0.08698634449087206,3338368934761692,3.6093483831061692,44699952,4,0,0.5737771739130435,0.3125,0.4377104377104377,0.4377104377104377,-0.4377104377104377,1,0.4377104377104377,0.5909090909090909,0.3141163320324835,0.0,0.29545454545454547,0.6565656565656566,0.7222222222222222,0.6666666666666666,"[1.0,0.575,0.4076086956521739,0.3125]","[0.7222222222222222,0.5909090909090909,0.0]","[0.0,0.3939393939393939,-0.21875,1.0]",0.2937973484848485,512,36.222732504000305,36229.63671875,19.20432713300397,17.018405370996334,5.6728017903321115,5.643034149994492,229913489242.13303,1112789644920564,1112789644908276,12288,38301453324,44699952,0,0,44763220,89463172,85.31872940063477,0.9329961500043282,10091.390625,0.01,
texture-all-4,cwr_star,texture,2,55,resnet18_cifar,0.01,"[0.1,0.05,0.01]",last_epoch_train_mean,0.01,0.08698634449087206,3338368934761692,0.08698634449087206,44699952,4,0,0.6079257246376811,0.3375,0.30976430976430974,0.30976430976430974,-0.30976430976430974,1,0.30976430976430974,0.3181818181818181,0.2495560569849766,0.0,0.15909090909090906,0.46464646464646464,0.6111111111111112,0.6666666666666666,"[1.0,0.5833333333333334,0.5108695652173914,0.3375]","[0.6111111111111112,0.3181818181818181,0.0]","[0.0,0.4545454545454546,0.0,1.0]",0.36363636363636365,512,35.90320715898997,35910.51953125,19.034894369993708,16.868312788996263,5.622770929665421,5.657883592997678,229913489242.13303,1112789644920564,1112789644908276,12288,38301453324,44699952,0,0,44763220,89463172,85.31872940063477,0.824330158320663,10091.390625,0.01,/nobackup/proj/disk/naiss2026-4-902/shared/yizhil/Avalanche/avalanche-master/joint_result_texture-all-4/cwr_star/order2/joint_texture_cwr_star__order-2__seed-055.json
texture-all-4,cwr_star,texture,2,56,resnet18_cifar,0.1,"[0.1,0.05,0.01]",last_epoch_train_mean,0.01,0.10695638996167262,3338368934761692,9.31090802051982,44699952,4,0,0.41207226247987117,0.1375,0.8004699775533108,0.8004699775533108,-0.8004699775533108,3,0.8004699775533108,0.803030303030303,0.13845714824437053,0.6296296296296297,0.7163299663299663,0.8858901515151515,0.96875,1.0,"[0.6296296296296297,0.5333333333333333,0.34782608695652173,0.1375]","[0.6296296296296297,0.803030303030303,0.96875]","[0.37037037037037035,0.19696969696969702,0.0,0.4464285714285714]",0.25344215969215966,512,36.07408646501426,36079.73779296875,18.874759138998343,17.19932732601592,5.7331091086719725,5.7594764300010866,229913489242.13303,1112789644920564,1112789644908276,12288,38301453324,44699952,0,0,44763220,89463172,85.31872940063477,0.9381372749582321,10091.390625,0.01,
texture-all-4,cwr_star,texture,2,56,resnet18_cifar,0.05,"[0.1,0.05,0.01]",last_epoch_train_mean,0.01,0.10695638996167262,3338368934761692,7.297798109836266,44699952,4,0,0.4396286231884058,0.1375,0.3148148148148148,0.3148148148148148,-0.3148148148148148,1,0.3148148148148148,0.33333333333333337,0.24982847339318598,0.0,0.16666666666666669,0.47222222222222227,0.6111111111111112,0.6666666666666666,"[1.0,0.44166666666666665,0.1793478260869565,0.1375]","[0.6111111111111112,0.33333333333333337,0.0]","[0.0,0.5151515151515151,0.96875,1.0]",0.6209753787878788,512,35.97343054402154,35982.13232421875,18.82470351200027,17.14872703202127,5.71624234400709,5.654790995002259,229913489242.13303,1112789644920564,1112789644908276,12288,38301453324,44699952,0,0,44763220,89463172,85.31872940063477,0.9162923708572634,10091.390625,0.01,
texture-all-4,cwr_star,texture,2,56,resnet18_cifar,0.01,"[0.1,0.05,0.01]",last_epoch_train_mean,0.01,0.10695638996167262,3338368934761692,0.10695638996167262,44699952,4,0,0.6323369565217392,0.425,0.23120089786756456,0.23120089786756456,-0.23120089786756456,1,0.23120089786756456,0.045454545454545525,0.2954096433350639,0.0,0.022727272727272763,0.34680134680134683,0.6481481481481481,0.6666666666666666,"[1.0,0.55,0.5543478260869565,0.425]","[0.6481481481481481,0.045454545454545525,0.0]","[0.0,0.3939393939393939,0.28125,1.0]",0.4187973484848485,512,37.02411614697485,37029.86669921875,19.574236189990188,17.44987995698466,5.81662665232822,5.63172697898699,229913489242.13303,1112789644920564,1112789644908276,12288,38301453324,44699952,0,0,44763220,89463172,85.31872940063477,0.9159354458461166,10091.390625,0.01,/nobackup/proj/disk/naiss2026-4-902/shared/yizhil/Avalanche/avalanche-master/joint_result_texture-all-4/cwr_star/order2/joint_texture_cwr_star__order-2__seed-056.json
texture-all-4,cwr_star,texture,3,52,resnet18_cifar,0.1,"[0.1,0.05,0.01]",last_epoch_train_mean,0.01,0.5508768591196728,3306152173713612,17.25773137732397,44699952,4,0,0.4452614152079281,0.18333333333333332,0.6866494754065863,0.6866494754065863,-0.6866494754065863,1,0.6866494754065863,0.7192982456140351,0.23018350227889764,0.3898305084745763,0.5545643770443057,0.8350589588725913,0.9508196721311475,1.0,"[0.9508196721311475,0.4152542372881356,0.23163841807909605,0.18333333333333332]","[0.9508196721311475,0.7192982456140351,0.3898305084745763]","[-0.032786885245901565,0.2807017543859649,-0.3050847457627119,0.5714285714285714]",0.12856467370148073,512,33.52822328500042,33535.15869140625,16.988210939991404,16.540012345009018,5.5133374483363395,5.442564103010227,229913521157.177,1102050724571204,1102050724558916,12288,38301453324,44699952,0,0,44763220,89463172,85.31872940063477,0.933360754182407,10091.390625,0.01,
texture-all-4,cwr_star,texture,3,52,resnet18_cifar,0.05,"[0.1,0.05,0.01]",last_epoch_train_mean,0.01,0.5508768591196728,3306152173713612,1.559665769464356,44699952,4,0,0.48043785310734466,0.2833333333333333,0.43274853801169594,0.43274853801169594,-0.43274853801169594,1,0.43274853801169594,0.2982456140350877,0.41918037280602166,0.0,0.14912280701754385,0.6491228070175439,1.0,0.6666666666666666,"[1.0,0.3389830508474576,0.2994350282485876,0.2833333333333333]","[1.0,0.2982456140350877,0.0]","[-0.08196721311475408,0.7017543859649122,-0.5084745762711864,0.746031746031746]",0.21433608565267945,512,35.797514083984424,35802.9052734375,18.652780196993263,17.144733886991162,5.714911295663721,5.698156270998879,229913521157.177,1102050724571204,1102050724558916,12288,38301453324,44699952,0,0,44763220,89463172,85.31872940063477,0.930040045871768,10091.390625,0.01,
texture-all-4,cwr_star,texture,3,52,resnet18_cifar,0.01,"[0.1,0.05,0.01]",last_epoch_train_mean,0.01,0.5508768591196728,3306152173713612,0.5508768591196728,44699952,4,0,0.30772668333796427,0.13333333333333333,0.27935960118876424,0.27935960118876424,-0.27935960118876424,1,0.27935960118876424,0.2807017543859649,0.22755020657669664,0.0,0.14035087719298245,0.41903940178314636,0.5573770491803278,0.6666666666666666,"[0.7049180327868853,0.211864406779661,0.1807909604519774,0.13333333333333333]","[0.5573770491803278,0.2807017543859649,0.0]","[0.21311475409836067,0.7192982456140351,0.0,0.9841269841269841]",0.479134995959845,512,35.64804209400609,35657.5947265625,18.638092291002977,17.00994980300311,5.669983267667703,5.714685240003746,229913521157.177,1102050724571204,1102050724558916,12288,38301453324,44699952,0,0,44763220,89463172,85.31872940063477,0.8082055666212303,10091.390625,0.01,/nobackup/proj/disk/naiss2026-4-902/shared/yizhil/Avalanche/avalanche-master/joint_result_texture-all-4/cwr_star/order3/joint_texture_cwr_star__order-3__seed-052.json
texture-all-4,cwr_star,texture,3,53,resnet18_cifar,0.1,"[0.1,0.05,0.01]",last_epoch_train_mean,0.05,0.06973476912276151,3306152173713612,0.659530652223257,44699952,4,0,0.2741366235991479,0.19583333333333333,0.615531604783005,0.615531604783005,-0.615531604783005,3,0.615531604783005,0.7368421052631579,0.2538253720008883,0.26229508196721313,0.49956859361518546,0.792149866190901,0.847457627118644,1.0,"[0.26229508196721313,0.3559322033898305,0.2824858757062147,0.19583333333333333]","[0.26229508196721313,0.7368421052631579,0.847457627118644]","[0.7377049180327868,0.1578947368421053,-0.23728813559322026,0.25396825396825395]",0.22806994331248145,512,35.92331507799099,35930.39501953125,18.837393918991438,17.085921158999554,5.695307052999851,5.688312896003481,229913521157.177,1102050724571204,1102050724558916,12288,38301453324,44699952,0,0,44763220,89463172,85.31872940063477,0.90173026243671,10091.390625,0.05,
texture-all-4,cwr_star,texture,3,53,resnet18_cifar,0.05,"[0.1,0.05,0.01]",last_epoch_train_mean,0.05,0.06973476912276151,3306152173713612,0.06973476912276151,44699952,4,0,0.6104227447439103,0.3541666666666667,0.5544473854823221,0.5544473854823221,-0.5544473854823221,1,0.5544473854823221,0.42105263157894735,0.21111119402109021,0.38983050847457623,0.4054415700267618,0.636755823986195,0.8524590163934427,1.0,"[0.9180327868852459,0.711864406779661,0.4576271186440678,0.3541666666666667]","[0.8524590163934427,0.42105263157894735,0.38983050847457623]","[0.08196721311475408,-0.08771929824561397,-0.11864406779661008,0.5396825396825398]",0.10382159668876745,512,35.54044260700175,35546.6875,18.528391529005603,17.012051077996148,5.670683692665382,5.694875760003924,229913521157.177,1102050724571204,1102050724558916,12288,38301453324,44699952,0,0,44763220,89463172,85.31872940063477,0.9303532541404517,10091.390625,0.05,/nobackup/proj/disk/naiss2026-4-902/shared/yizhil/Avalanche/avalanche-master/joint_result_texture-all-4/cwr_star/order3/joint_texture_cwr_star__order-3__seed-053.json
texture-all-4,cwr_star,texture,3,53,resnet18_cifar,0.01,"[0.1,0.05,0.01]",last_epoch_train_mean,0.05,0.06973476912276151,3306152173713612,0.2032240659375734,44699952,4,0,0.39483074002037605,0.18333333333333332,0.3121464864346659,0.3121464864346659,-0.3121464864346659,1,0.3121464864346659,0.2807017543859649,0.2686255917232549,0.0,0.14035087719298245,0.4682197296519989,0.6557377049180328,0.6666666666666666,"[0.9016393442622951,0.2796610169491525,0.21468926553672316,0.18333333333333332]","[0.6557377049180328,0.2807017543859649,0.0]","[0.09836065573770492,0.6140350877192983,0.22033898305084748,0.9047619047619048]",0.45937415781743884,512,36.3741606130061,36382.8994140625,18.854086798004573,17.520073815001524,5.840024605000508,5.7729938050033525,229913521157.177,1102050724571204,1102050724558916,12288,38301453324,44699952,0,0,44763220,89463172,85.31872940063477,0.8559022874881824,10091.390625,0.05,
texture-all-4,cwr_star,texture,3,54,resnet18_cifar,0.1,"[0.1,0.05,0.01]",last_epoch_train_mean,0.01,0.1730831794220687,3306152173713612,0.2805686850839526,44699952,4,0,0.20981812077428913,0.125,0.16345508580193654,0.16345508580193654,-0.16345508580193654,1,0.16345508580193654,0.22807017543859648,0.11642167570978629,0.0,0.11403508771929824,0.2451826287029048,0.26229508196721313,0.6666666666666666,"[0.26229508196721313,0.288135593220339,0.1638418079096045,0.125]","[0.26229508196721313,0.22807017543859648,0.0]","[0.7377049180327868,0.6842105263157895,0.6101694915254237,0.9682539682539683]",0.750084726031992,512,33.31018699101696,33317.43017578125,16.531983486012905,16.778203505004058,5.592734501668019,5.690907258001971,229913521157.177,1102050724571204,1102050724558916,12288,38301453324,44699952,0,0,44763220,89463172,85.31872940063477,0.8181010208015019,10091.390625,0.01,
texture-all-4,cwr_star,texture,3,54,resnet18_cifar,0.05,"[0.1,0.05,0.01]",last_epoch_train_mean,0.01,0.1730831794220687,3306152173713612,2.3070112783697585,44699952,4,0,0.4943149717514125,0.3416666666666667,0.607295073842799,0.607295073842799,-0.607295073842799,1,0.607295073842799,0.576271186440678,0.30875708597138607,0.24561403508771928,0.41094261076419863,0.788135593220339,1.0,1.0,"[1.0,0.3135593220338983,0.3220338983050847,0.3416666666666667]","[1.0,0.24561403508771928,0.576271186440678]","[0.0,0.7543859649122807,0.03389830508474578,0.06349206349206349]",0.2129440833722725,512,36.18028578600206,36187.4541015625,18.96667592000449,17.21360986599757,5.737869955332523,5.755551030000788,229913521157.177,1102050724571204,1102050724558916,12288,38301453324,44699952,0,0,44763220,89463172,85.31872940063477,0.9116964124890122,10091.390625,0.01,
texture-all-4,cwr_star,texture,3,54,resnet18_cifar,0.01,"[0.1,0.05,0.01]",last_epoch_train_mean,0.01,0.1730831794220687,3306152173713612,0.1730831794220687,44699952,4,0,0.28988521116976934,0.14583333333333334,0.22698962837305361,0.22698962837305361,-0.22698962837305361,2,0.22698962837305361,0.26229508196721313,0.1182328504309721,0.06779661016949157,0.16504584606835235,0.30658613747483465,0.3508771929824561,1.0,"[0.26229508196721313,0.423728813559322,0.327683615819209,0.14583333333333334]","[0.26229508196721313,0.3508771929824561,0.06779661016949157]","[0.7377049180327868,0.4035087719298246,0.6101694915254237,0.9682539682539683]",0.6799092874355008,512,35.602338571989094,35610.1259765625,18.53064973698929,17.071688834999804,5.690562944999935,5.6762872580002295,229913521157.177,1102050724571204,1102050724558916,12288,38301453324,44699952,0,0,44763220,89463172,85.31872940063477,0.9032346541668327,10091.390625,0.01,/nobackup/proj/disk/naiss2026-4-902/shared/yizhil/Avalanche/avalanche-master/joint_result_texture-all-4/cwr_star/order3/joint_texture_cwr_star__order-3__seed-054.json
texture-all-4,cwr_star,texture,3,55,resnet18_cifar,0.1,"[0.1,0.05,0.01]",last_epoch_train_mean,0.01,0.20239564361451548,3306152173713612,0.2567782819522584,44699952,4,0,0.23912834583680653,0.175,0.23909500527274466,0.23909500527274466,-0.23909500527274466,2,0.23909500527274466,0.2786885245901639,0.18123181399954366,0.0,0.13934426229508196,0.358642507909117,0.43859649122807015,0.6666666666666666,"[0.2786885245901639,0.3389830508474576,0.1638418079096045,0.175]","[0.2786885245901639,0.43859649122807015,0.0]","[0.7213114754098361,0.5614035087719298,0.6101694915254237,0.6984126984126984]",0.647824293529972,512,35.48955534902052,35498.65087890625,18.523154642010923,16.966400707009598,5.655466902336532,5.612100359998294,229913521157.177,1102050724571204,1102050724558916,12288,38301453324,44699952,0,0,44763220,89463172,85.31872940063477,0.9263685499414956,10091.390625,0.01,
texture-all-4,cwr_star,texture,3,55,resnet18_cifar,0.05,"[0.1,0.05,0.01]",last_epoch_train_mean,0.01,0.20239564361451548,3306152173713612,1.048915007697882,44699952,4,0,0.49009533898305085,0.25416666666666665,0.43274853801169594,0.43274853801169594,-0.43274853801169594,1,0.43274853801169594,0.2982456140350877,0.41918037280602166,0.0,0.14912280701754385,0.6491228070175439,1.0,0.6666666666666666,"[1.0,0.4745762711864407,0.23163841807909605,0.25416666666666665]","[1.0,0.2982456140350877,0.0]","[0.0,0.7017543859649122,0.30508474576271183,0.6825396825396826]",0.42234470356682663,512,35.34167728597822,35348.4072265625,18.35022393199324,16.99145335398498,5.66381778466166,5.62929041699681,229913521157.177,1102050724571204,1102050724558916,12288,38301453324,44699952,0,0,44763220,89463172,85.31872940063477,0.9324682416263386,10091.390625,0.01,
texture-all-4,cwr_star,texture,3,55,resnet18_cifar,0.01,"[0.1,0.05,0.01]",last_epoch_train_mean,0.01,0.20239564361451548,3306152173713612,0.20239564361451548,44699952,4,0,0.34714735574696676,0.13333333333333333,0.3121464864346659,0.3121464864346659,-0.3121464864346659,1,0.3121464864346659,0.2807017543859649,0.2686255917232549,0.0,0.14035087719298245,0.4682197296519989,0.6557377049180328,0.6666666666666666,"[0.8032786885245902,0.2711864406779661,0.1807909604519774,0.13333333333333333]","[0.6557377049180328,0.2807017543859649,0.0]","[0.19672131147540983,0.7192982456140351,0.6101694915254237,1.0]",0.6315472621537171,512,35.03980247399886,35046.18603515625,18.617002145998413,16.42280032800045,5.4742667760001495,5.692885138996644,229913521157.177,1102050724571204,1102050724558916,12288,38301453324,44699952,0,0,44763220,89463172,85.31872940063477,0.40751415829921217,10091.390625,0.01,/nobackup/proj/disk/naiss2026-4-902/shared/yizhil/Avalanche/avalanche-master/joint_result_texture-all-4/cwr_star/order3/joint_texture_cwr_star__order-3__seed-055.json
texture-all-4,cwr_star,texture,3,56,resnet18_cifar,0.1,"[0.1,0.05,0.01]",last_epoch_train_mean,0.01,0.7608705210786328,3306152173713612,0.8045217671474827,44699952,4,0,0.29079808048532,0.17083333333333334,0.1458982270903711,0.1458982270903711,-0.1458982270903711,1,0.1458982270903711,0.15789473684210525,0.08696470785690659,0.03389830508474573,0.09589652096342549,0.20189818809318377,0.24590163934426226,1.0,"[0.47540983606557374,0.2627118644067797,0.2542372881355932,0.17083333333333334]","[0.24590163934426226,0.15789473684210525,0.03389830508474573]","[0.5245901639344263,0.7719298245614035,0.576271186440678,1.0]",0.718197793734127,512,34.33744026000204,34341.5166015625,17.106329329995788,17.231110930006253,5.743703643335418,5.786975228009396,229913521157.177,1102050724571204,1102050724558916,12288,38301453324,44699952,0,0,44763220,89463172,85.31872940063477,0.9326617625144232,10091.390625,0.01,
texture-all-4,cwr_star,texture,3,56,resnet18_cifar,0.05,"[0.1,0.05,0.01]",last_epoch_train_mean,0.01,0.7608705210786328,3306152173713612,3.519550216851858,44699952,4,0,0.30292268685746043,0.2916666666666667,0.2294123286357971,0.2294123286357971,-0.2294123286357971,1,0.2294123286357971,0.24561403508771928,0.18106286314803147,0.0,0.12280701754385964,0.3441184929536957,0.4426229508196721,0.6666666666666666,"[0.4426229508196721,0.1440677966101695,0.3333333333333333,0.2916666666666667]","[0.4426229508196721,0.24561403508771928,0.0]","[0.5573770491803278,0.7543859649122807,0.0,0.8253968253968254]",0.5342899598723585,512,35.70018690198776,35707.28369140625,18.674806280992925,17.025380620994838,5.675126873664946,5.724267041005078,229913521157.177,1102050724571204,1102050724558916,12288,38301453324,44699952,0,0,44763220,89463172,85.31872940063477,0.9083362792201418,10091.390625,0.01,
texture-all-4,cwr_star,texture,3,56,resnet18_cifar,0.01,"[0.1,0.05,0.01]",last_epoch_train_mean,0.01,0.7608705210786328,3306152173713612,0.7608705210786328,44699952,4,0,0.368350004630916,0.06666666666666667,0.4799578830376859,0.4799578830376859,-0.4799578830376859,1,0.4799578830376859,0.3898305084745763,0.2231065400561699,0.2631578947368421,0.3264942016057092,0.5883578771881078,0.7868852459016393,1.0,"[0.9180327868852459,0.2796610169491525,0.20903954802259886,0.06666666666666667]","[0.7868852459016393,0.2631578947368421,0.3898305084745763]","[0.08196721311475408,0.736842105263158,0.6101694915254237,0.873015873015873]",0.5754986707298022,512,35.789736736012856,35797.1279296875,18.675175546013634,17.114561189999222,5.704853729999741,5.69017842199537,229913521157.177,1102050724571204,1102050724558916,12288,38301453324,44699952,0,0,44763220,89463172,85.31872940063477,0.9265955458128398,10091.390625,0.01,/nobackup/proj/disk/naiss2026-4-902/shared/yizhil/Avalanche/avalanche-master/joint_result_texture-all-4/cwr_star/order3/joint_texture_cwr_star__order-3__seed-056.json
