exp_name,dataset,method,order,seed,lr,task,tasks,task_learning_flops,core_training_flops,learning_auxiliary_flops,cumulative_learning_flops,terminal_epoch_flops,terminal_epoch_samples,terminal_flops_per_sample,summary_file,log_file
texture-all,texture,tagfex,1,52,0.01,1,10,2162138794458242,2153176232270554,8962562187688,2162138794458242,116621376350016,234,498381950213.7436,/nobackup/proj/disk/naiss2026-4-902/shared/yizhil/Avalanche/avalanche-master/search_result_texture-all/tagfex/order1/lr001/search_texture_tagfex__order-1__lr-001__seed-052__summary.json,/nobackup/proj/disk/naiss2026-4-902/shared/yizhil/Avalanche/avalanche-master/search_result_texture-all/tagfex/order1/lr001/log/search_texture_tagfex__order-1__lr-001__seed-052.log
texture-all,texture,tagfex,1,52,0.01,2,10,3921280673523200,3424036336205986,497244337317214,6083419467981442,218550828297182,309,707284233971.4628,/nobackup/proj/disk/naiss2026-4-902/shared/yizhil/Avalanche/avalanche-master/search_result_texture-all/tagfex/order1/lr001/search_texture_tagfex__order-1__lr-001__seed-052__summary.json,/nobackup/proj/disk/naiss2026-4-902/shared/yizhil/Avalanche/avalanche-master/search_result_texture-all/tagfex/order1/lr001/log/search_texture_tagfex__order-1__lr-001__seed-052.log
texture-all,texture,tagfex,1,52,0.01,3,10,5589969274412434,4944146565188764,645822709223670,11673388742393876,322298108526537,392,822189052363.6147,/nobackup/proj/disk/naiss2026-4-902/shared/yizhil/Avalanche/avalanche-master/search_result_texture-all/tagfex/order1/lr001/search_texture_tagfex__order-1__lr-001__seed-052__summary.json,/nobackup/proj/disk/naiss2026-4-902/shared/yizhil/Avalanche/avalanche-master/search_result_texture-all/tagfex/order1/lr001/log/search_texture_tagfex__order-1__lr-001__seed-052.log
texture-all,texture,tagfex,1,52,0.01,4,10,7456112314736060,6662096847361476,794015467374584,19129501057129936,441370863666900,471,937093128804.4586,/nobackup/proj/disk/naiss2026-4-902/shared/yizhil/Avalanche/avalanche-master/search_result_texture-all/tagfex/order1/lr001/search_texture_tagfex__order-1__lr-001__seed-052__summary.json,/nobackup/proj/disk/naiss2026-4-902/shared/yizhil/Avalanche/avalanche-master/search_result_texture-all/tagfex/order1/lr001/log/search_texture_tagfex__order-1__lr-001__seed-052.log
texture-all,texture,tagfex,1,52,0.01,5,10,9657727362902576,8700846596202432,956880766700144,28787228420032512,583858611080405,555,1051997497442.1711,/nobackup/proj/disk/naiss2026-4-902/shared/yizhil/Avalanche/avalanche-master/search_result_texture-all/tagfex/order1/lr001/search_texture_tagfex__order-1__lr-001__seed-052__summary.json,/nobackup/proj/disk/naiss2026-4-902/shared/yizhil/Avalanche/avalanche-master/search_result_texture-all/tagfex/order1/lr001/log/search_texture_tagfex__order-1__lr-001__seed-052.log
texture-all,texture,tagfex,1,52,0.01,6,10,12084956957896280,10962300630938778,1122656326957502,40872185377928792,743316638343742,637,1166902101010.584,/nobackup/proj/disk/naiss2026-4-902/shared/yizhil/Avalanche/avalanche-master/search_result_texture-all/tagfex/order1/lr001/search_texture_tagfex__order-1__lr-001__seed-052__summary.json,/nobackup/proj/disk/naiss2026-4-902/shared/yizhil/Avalanche/avalanche-master/search_result_texture-all/tagfex/order1/lr001/log/search_texture_tagfex__order-1__lr-001__seed-052.log
texture-all,texture,tagfex,1,52,0.01,7,10,14768857794561468,13474145298802316,1294712495759152,55641043172490260,921618910024710,719,1281806550799.3186,/nobackup/proj/disk/naiss2026-4-902/shared/yizhil/Avalanche/avalanche-master/search_result_texture-all/tagfex/order1/lr001/search_texture_tagfex__order-1__lr-001__seed-052__summary.json,/nobackup/proj/disk/naiss2026-4-902/shared/yizhil/Avalanche/avalanche-master/search_result_texture-all/tagfex/order1/lr001/log/search_texture_tagfex__order-1__lr-001__seed-052.log
texture-all,texture,tagfex,1,52,0.01,8,10,17689915964034825,16218704702694366,1471211261340459,73330959136525085,1117368700509201,800,1396710875636.5012,/nobackup/proj/disk/naiss2026-4-902/shared/yizhil/Avalanche/avalanche-master/search_result_texture-all/tagfex/order1/lr001/search_texture_tagfex__order-1__lr-001__seed-052__summary.json,/nobackup/proj/disk/naiss2026-4-902/shared/yizhil/Avalanche/avalanche-master/search_result_texture-all/tagfex/order1/lr001/log/search_texture_tagfex__order-1__lr-001__seed-052.log
texture-all,texture,tagfex,1,52,0.01,9,10,20911135495562956,19253465566308428,1657669929254528,94242094632088041,1334756385739808,883,1511615385888.7974,/nobackup/proj/disk/naiss2026-4-902/shared/yizhil/Avalanche/avalanche-master/search_result_texture-all/tagfex/order1/lr001/search_texture_tagfex__order-1__lr-001__seed-052__summary.json,/nobackup/proj/disk/naiss2026-4-902/shared/yizhil/Avalanche/avalanche-master/search_result_texture-all/tagfex/order1/lr001/log/search_texture_tagfex__order-1__lr-001__seed-052.log
texture-all,texture,tagfex,1,52,0.01,10,10,24242257209953863,22403264092105914,1838993117847949,118484351842041904,1561459166411781,960,1626519965012.272,/nobackup/proj/disk/naiss2026-4-902/shared/yizhil/Avalanche/avalanche-master/search_result_texture-all/tagfex/order1/lr001/search_texture_tagfex__order-1__lr-001__seed-052__summary.json,/nobackup/proj/disk/naiss2026-4-902/shared/yizhil/Avalanche/avalanche-master/search_result_texture-all/tagfex/order1/lr001/log/search_texture_tagfex__order-1__lr-001__seed-052.log
texture-all,texture,tagfex,1,52,0.05,1,10,2162138794458242,2153176232270554,8962562187688,2162138794458242,116621376350016,234,498381950213.7436,/nobackup/proj/disk/naiss2026-4-902/shared/yizhil/Avalanche/avalanche-master/search_result_texture-all/tagfex/order1/lr005/search_texture_tagfex__order-1__lr-005__seed-052__summary.json,/nobackup/proj/disk/naiss2026-4-902/shared/yizhil/Avalanche/avalanche-master/search_result_texture-all/tagfex/order1/lr005/log/search_texture_tagfex__order-1__lr-005__seed-052.log
texture-all,texture,tagfex,1,52,0.05,2,10,3921280673523200,3424036336205986,497244337317214,6083419467981442,218550828297182,309,707284233971.4628,/nobackup/proj/disk/naiss2026-4-902/shared/yizhil/Avalanche/avalanche-master/search_result_texture-all/tagfex/order1/lr005/search_texture_tagfex__order-1__lr-005__seed-052__summary.json,/nobackup/proj/disk/naiss2026-4-902/shared/yizhil/Avalanche/avalanche-master/search_result_texture-all/tagfex/order1/lr005/log/search_texture_tagfex__order-1__lr-005__seed-052.log
texture-all,texture,tagfex,1,52,0.05,3,10,5589969274412434,4944146565188764,645822709223670,11673388742393876,322298108526537,392,822189052363.6147,/nobackup/proj/disk/naiss2026-4-902/shared/yizhil/Avalanche/avalanche-master/search_result_texture-all/tagfex/order1/lr005/search_texture_tagfex__order-1__lr-005__seed-052__summary.json,/nobackup/proj/disk/naiss2026-4-902/shared/yizhil/Avalanche/avalanche-master/search_result_texture-all/tagfex/order1/lr005/log/search_texture_tagfex__order-1__lr-005__seed-052.log
texture-all,texture,tagfex,1,52,0.05,4,10,7456112314736060,6662096847361476,794015467374584,19129501057129936,441370863666900,471,937093128804.4586,/nobackup/proj/disk/naiss2026-4-902/shared/yizhil/Avalanche/avalanche-master/search_result_texture-all/tagfex/order1/lr005/search_texture_tagfex__order-1__lr-005__seed-052__summary.json,/nobackup/proj/disk/naiss2026-4-902/shared/yizhil/Avalanche/avalanche-master/search_result_texture-all/tagfex/order1/lr005/log/search_texture_tagfex__order-1__lr-005__seed-052.log
texture-all,texture,tagfex,1,52,0.05,5,10,9657727362902576,8700846596202432,956880766700144,28787228420032512,583858611080405,555,1051997497442.1711,/nobackup/proj/disk/naiss2026-4-902/shared/yizhil/Avalanche/avalanche-master/search_result_texture-all/tagfex/order1/lr005/search_texture_tagfex__order-1__lr-005__seed-052__summary.json,/nobackup/proj/disk/naiss2026-4-902/shared/yizhil/Avalanche/avalanche-master/search_result_texture-all/tagfex/order1/lr005/log/search_texture_tagfex__order-1__lr-005__seed-052.log
texture-all,texture,tagfex,1,52,0.05,6,10,12084956957896280,10962300630938778,1122656326957502,40872185377928792,743316638343742,637,1166902101010.584,/nobackup/proj/disk/naiss2026-4-902/shared/yizhil/Avalanche/avalanche-master/search_result_texture-all/tagfex/order1/lr005/search_texture_tagfex__order-1__lr-005__seed-052__summary.json,/nobackup/proj/disk/naiss2026-4-902/shared/yizhil/Avalanche/avalanche-master/search_result_texture-all/tagfex/order1/lr005/log/search_texture_tagfex__order-1__lr-005__seed-052.log
texture-all,texture,tagfex,1,52,0.05,7,10,14768857794561468,13474145298802316,1294712495759152,55641043172490260,921618910024710,719,1281806550799.3186,/nobackup/proj/disk/naiss2026-4-902/shared/yizhil/Avalanche/avalanche-master/search_result_texture-all/tagfex/order1/lr005/search_texture_tagfex__order-1__lr-005__seed-052__summary.json,/nobackup/proj/disk/naiss2026-4-902/shared/yizhil/Avalanche/avalanche-master/search_result_texture-all/tagfex/order1/lr005/log/search_texture_tagfex__order-1__lr-005__seed-052.log
texture-all,texture,tagfex,1,52,0.05,8,10,17689915964034825,16218704702694366,1471211261340459,73330959136525085,1117368700509201,800,1396710875636.5012,/nobackup/proj/disk/naiss2026-4-902/shared/yizhil/Avalanche/avalanche-master/search_result_texture-all/tagfex/order1/lr005/search_texture_tagfex__order-1__lr-005__seed-052__summary.json,/nobackup/proj/disk/naiss2026-4-902/shared/yizhil/Avalanche/avalanche-master/search_result_texture-all/tagfex/order1/lr005/log/search_texture_tagfex__order-1__lr-005__seed-052.log
texture-all,texture,tagfex,1,52,0.05,9,10,20911135495562956,19253465566308428,1657669929254528,94242094632088041,1334756385739808,883,1511615385888.7974,/nobackup/proj/disk/naiss2026-4-902/shared/yizhil/Avalanche/avalanche-master/search_result_texture-all/tagfex/order1/lr005/search_texture_tagfex__order-1__lr-005__seed-052__summary.json,/nobackup/proj/disk/naiss2026-4-902/shared/yizhil/Avalanche/avalanche-master/search_result_texture-all/tagfex/order1/lr005/log/search_texture_tagfex__order-1__lr-005__seed-052.log
texture-all,texture,tagfex,1,52,0.05,10,10,24242257209953863,22403264092105914,1838993117847949,118484351842041904,1561459166411781,960,1626519965012.272,/nobackup/proj/disk/naiss2026-4-902/shared/yizhil/Avalanche/avalanche-master/search_result_texture-all/tagfex/order1/lr005/search_texture_tagfex__order-1__lr-005__seed-052__summary.json,/nobackup/proj/disk/naiss2026-4-902/shared/yizhil/Avalanche/avalanche-master/search_result_texture-all/tagfex/order1/lr005/log/search_texture_tagfex__order-1__lr-005__seed-052.log
texture-all,texture,tagfex,1,52,0.1,1,10,2162138794458242,2153176232270554,8962562187688,2162138794458242,116621376350016,234,498381950213.7436,/nobackup/proj/disk/naiss2026-4-902/shared/yizhil/Avalanche/avalanche-master/search_result_texture-all/tagfex/order1/lr01/search_texture_tagfex__order-1__lr-01__seed-052__summary.json,/nobackup/proj/disk/naiss2026-4-902/shared/yizhil/Avalanche/avalanche-master/search_result_texture-all/tagfex/order1/lr01/log/search_texture_tagfex__order-1__lr-01__seed-052.log
texture-all,texture,tagfex,1,52,0.1,2,10,3921280673523200,3424036336205986,497244337317214,6083419467981442,218550828297182,309,707284233971.4628,/nobackup/proj/disk/naiss2026-4-902/shared/yizhil/Avalanche/avalanche-master/search_result_texture-all/tagfex/order1/lr01/search_texture_tagfex__order-1__lr-01__seed-052__summary.json,/nobackup/proj/disk/naiss2026-4-902/shared/yizhil/Avalanche/avalanche-master/search_result_texture-all/tagfex/order1/lr01/log/search_texture_tagfex__order-1__lr-01__seed-052.log
texture-all,texture,tagfex,1,52,0.1,3,10,5589969274412434,4944146565188764,645822709223670,11673388742393876,322298108526537,392,822189052363.6147,/nobackup/proj/disk/naiss2026-4-902/shared/yizhil/Avalanche/avalanche-master/search_result_texture-all/tagfex/order1/lr01/search_texture_tagfex__order-1__lr-01__seed-052__summary.json,/nobackup/proj/disk/naiss2026-4-902/shared/yizhil/Avalanche/avalanche-master/search_result_texture-all/tagfex/order1/lr01/log/search_texture_tagfex__order-1__lr-01__seed-052.log
texture-all,texture,tagfex,1,52,0.1,4,10,7456112314736060,6662096847361476,794015467374584,19129501057129936,441370863666900,471,937093128804.4586,/nobackup/proj/disk/naiss2026-4-902/shared/yizhil/Avalanche/avalanche-master/search_result_texture-all/tagfex/order1/lr01/search_texture_tagfex__order-1__lr-01__seed-052__summary.json,/nobackup/proj/disk/naiss2026-4-902/shared/yizhil/Avalanche/avalanche-master/search_result_texture-all/tagfex/order1/lr01/log/search_texture_tagfex__order-1__lr-01__seed-052.log
texture-all,texture,tagfex,1,52,0.1,5,10,9657727362902576,8700846596202432,956880766700144,28787228420032512,583858611080405,555,1051997497442.1711,/nobackup/proj/disk/naiss2026-4-902/shared/yizhil/Avalanche/avalanche-master/search_result_texture-all/tagfex/order1/lr01/search_texture_tagfex__order-1__lr-01__seed-052__summary.json,/nobackup/proj/disk/naiss2026-4-902/shared/yizhil/Avalanche/avalanche-master/search_result_texture-all/tagfex/order1/lr01/log/search_texture_tagfex__order-1__lr-01__seed-052.log
texture-all,texture,tagfex,1,52,0.1,6,10,12084956957896280,10962300630938778,1122656326957502,40872185377928792,743316638343742,637,1166902101010.584,/nobackup/proj/disk/naiss2026-4-902/shared/yizhil/Avalanche/avalanche-master/search_result_texture-all/tagfex/order1/lr01/search_texture_tagfex__order-1__lr-01__seed-052__summary.json,/nobackup/proj/disk/naiss2026-4-902/shared/yizhil/Avalanche/avalanche-master/search_result_texture-all/tagfex/order1/lr01/log/search_texture_tagfex__order-1__lr-01__seed-052.log
texture-all,texture,tagfex,1,52,0.1,7,10,14768857794561468,13474145298802316,1294712495759152,55641043172490260,921618910024710,719,1281806550799.3186,/nobackup/proj/disk/naiss2026-4-902/shared/yizhil/Avalanche/avalanche-master/search_result_texture-all/tagfex/order1/lr01/search_texture_tagfex__order-1__lr-01__seed-052__summary.json,/nobackup/proj/disk/naiss2026-4-902/shared/yizhil/Avalanche/avalanche-master/search_result_texture-all/tagfex/order1/lr01/log/search_texture_tagfex__order-1__lr-01__seed-052.log
texture-all,texture,tagfex,1,52,0.1,8,10,17689915964034825,16218704702694366,1471211261340459,73330959136525085,1117368700509201,800,1396710875636.5012,/nobackup/proj/disk/naiss2026-4-902/shared/yizhil/Avalanche/avalanche-master/search_result_texture-all/tagfex/order1/lr01/search_texture_tagfex__order-1__lr-01__seed-052__summary.json,/nobackup/proj/disk/naiss2026-4-902/shared/yizhil/Avalanche/avalanche-master/search_result_texture-all/tagfex/order1/lr01/log/search_texture_tagfex__order-1__lr-01__seed-052.log
texture-all,texture,tagfex,1,52,0.1,9,10,20911135495562956,19253465566308428,1657669929254528,94242094632088041,1334756385739808,883,1511615385888.7974,/nobackup/proj/disk/naiss2026-4-902/shared/yizhil/Avalanche/avalanche-master/search_result_texture-all/tagfex/order1/lr01/search_texture_tagfex__order-1__lr-01__seed-052__summary.json,/nobackup/proj/disk/naiss2026-4-902/shared/yizhil/Avalanche/avalanche-master/search_result_texture-all/tagfex/order1/lr01/log/search_texture_tagfex__order-1__lr-01__seed-052.log
texture-all,texture,tagfex,1,52,0.1,10,10,24242257209953863,22403264092105914,1838993117847949,118484351842041904,1561459166411781,960,1626519965012.272,/nobackup/proj/disk/naiss2026-4-902/shared/yizhil/Avalanche/avalanche-master/search_result_texture-all/tagfex/order1/lr01/search_texture_tagfex__order-1__lr-01__seed-052__summary.json,/nobackup/proj/disk/naiss2026-4-902/shared/yizhil/Avalanche/avalanche-master/search_result_texture-all/tagfex/order1/lr01/log/search_texture_tagfex__order-1__lr-01__seed-052.log
texture-all,texture,tagfex,1,53,0.01,1,10,2162138794458242,2153176232270554,8962562187688,2162138794458242,116621376350016,234,498381950213.7436,/nobackup/proj/disk/naiss2026-4-902/shared/yizhil/Avalanche/avalanche-master/search_result_texture-all/tagfex/order1/lr001/search_texture_tagfex__order-1__lr-001__seed-053__summary.json,/nobackup/proj/disk/naiss2026-4-902/shared/yizhil/Avalanche/avalanche-master/search_result_texture-all/tagfex/order1/lr001/log/search_texture_tagfex__order-1__lr-001__seed-053.log
texture-all,texture,tagfex,1,53,0.01,2,10,3921280673523200,3424036336205986,497244337317214,6083419467981442,218550828297182,309,707284233971.4628,/nobackup/proj/disk/naiss2026-4-902/shared/yizhil/Avalanche/avalanche-master/search_result_texture-all/tagfex/order1/lr001/search_texture_tagfex__order-1__lr-001__seed-053__summary.json,/nobackup/proj/disk/naiss2026-4-902/shared/yizhil/Avalanche/avalanche-master/search_result_texture-all/tagfex/order1/lr001/log/search_texture_tagfex__order-1__lr-001__seed-053.log
texture-all,texture,tagfex,1,53,0.01,3,10,5589876871823658,4944054162599988,645822709223670,11673296339805100,322205705937761,392,821953331473.8801,/nobackup/proj/disk/naiss2026-4-902/shared/yizhil/Avalanche/avalanche-master/search_result_texture-all/tagfex/order1/lr001/search_texture_tagfex__order-1__lr-001__seed-053__summary.json,/nobackup/proj/disk/naiss2026-4-902/shared/yizhil/Avalanche/avalanche-master/search_result_texture-all/tagfex/order1/lr001/log/search_texture_tagfex__order-1__lr-001__seed-053.log
texture-all,texture,tagfex,1,53,0.01,4,10,7456377957404422,6662362490029838,794015467374584,19129674297209522,441370863666900,471,937093128804.4586,/nobackup/proj/disk/naiss2026-4-902/shared/yizhil/Avalanche/avalanche-master/search_result_texture-all/tagfex/order1/lr001/search_texture_tagfex__order-1__lr-001__seed-053__summary.json,/nobackup/proj/disk/naiss2026-4-902/shared/yizhil/Avalanche/avalanche-master/search_result_texture-all/tagfex/order1/lr001/log/search_texture_tagfex__order-1__lr-001__seed-053.log
texture-all,texture,tagfex,1,53,0.01,5,10,9657727362902576,8700846596202432,956880766700144,28787401660112098,583858611080405,555,1051997497442.1711,/nobackup/proj/disk/naiss2026-4-902/shared/yizhil/Avalanche/avalanche-master/search_result_texture-all/tagfex/order1/lr001/search_texture_tagfex__order-1__lr-001__seed-053__summary.json,/nobackup/proj/disk/naiss2026-4-902/shared/yizhil/Avalanche/avalanche-master/search_result_texture-all/tagfex/order1/lr001/log/search_texture_tagfex__order-1__lr-001__seed-053.log
texture-all,texture,tagfex,1,53,0.01,6,10,12084956957896280,10962300630938778,1122656326957502,40872358618008378,743316638343742,637,1166902101010.584,/nobackup/proj/disk/naiss2026-4-902/shared/yizhil/Avalanche/avalanche-master/search_result_texture-all/tagfex/order1/lr001/search_texture_tagfex__order-1__lr-001__seed-053__summary.json,/nobackup/proj/disk/naiss2026-4-902/shared/yizhil/Avalanche/avalanche-master/search_result_texture-all/tagfex/order1/lr001/log/search_texture_tagfex__order-1__lr-001__seed-053.log
texture-all,texture,tagfex,1,53,0.01,7,10,14769031042520816,13474318546761664,1294712495759152,55641389660529194,921618910024710,719,1281806550799.3186,/nobackup/proj/disk/naiss2026-4-902/shared/yizhil/Avalanche/avalanche-master/search_result_texture-all/tagfex/order1/lr001/search_texture_tagfex__order-1__lr-001__seed-053__summary.json,/nobackup/proj/disk/naiss2026-4-902/shared/yizhil/Avalanche/avalanche-master/search_result_texture-all/tagfex/order1/lr001/log/search_texture_tagfex__order-1__lr-001__seed-053.log
texture-all,texture,tagfex,1,53,0.01,8,10,17689176790602105,16217965529261646,1471211261340459,73330566451131299,1117368700509201,800,1396710875636.5012,/nobackup/proj/disk/naiss2026-4-902/shared/yizhil/Avalanche/avalanche-master/search_result_texture-all/tagfex/order1/lr001/search_texture_tagfex__order-1__lr-001__seed-053__summary.json,/nobackup/proj/disk/naiss2026-4-902/shared/yizhil/Avalanche/avalanche-master/search_result_texture-all/tagfex/order1/lr001/log/search_texture_tagfex__order-1__lr-001__seed-053.log
texture-all,texture,tagfex,1,53,0.01,9,10,20911874661116116,19254204731861588,1657669929254528,94242441112247415,1334756385739808,883,1511615385888.7974,/nobackup/proj/disk/naiss2026-4-902/shared/yizhil/Avalanche/avalanche-master/search_result_texture-all/tagfex/order1/lr001/search_texture_tagfex__order-1__lr-001__seed-053__summary.json,/nobackup/proj/disk/naiss2026-4-902/shared/yizhil/Avalanche/avalanche-master/search_result_texture-all/tagfex/order1/lr001/log/search_texture_tagfex__order-1__lr-001__seed-053.log
texture-all,texture,tagfex,1,53,0.01,10,10,24242257209953863,22403264092105914,1838993117847949,118484698322201278,1561459166411781,960,1626519965012.272,/nobackup/proj/disk/naiss2026-4-902/shared/yizhil/Avalanche/avalanche-master/search_result_texture-all/tagfex/order1/lr001/search_texture_tagfex__order-1__lr-001__seed-053__summary.json,/nobackup/proj/disk/naiss2026-4-902/shared/yizhil/Avalanche/avalanche-master/search_result_texture-all/tagfex/order1/lr001/log/search_texture_tagfex__order-1__lr-001__seed-053.log
texture-all,texture,tagfex,1,53,0.05,1,10,2162138794458242,2153176232270554,8962562187688,2162138794458242,116621376350016,234,498381950213.7436,/nobackup/proj/disk/naiss2026-4-902/shared/yizhil/Avalanche/avalanche-master/search_result_texture-all/tagfex/order1/lr005/search_texture_tagfex__order-1__lr-005__seed-053__summary.json,/nobackup/proj/disk/naiss2026-4-902/shared/yizhil/Avalanche/avalanche-master/search_result_texture-all/tagfex/order1/lr005/log/search_texture_tagfex__order-1__lr-005__seed-053.log
texture-all,texture,tagfex,1,53,0.05,2,10,3921280673523200,3424036336205986,497244337317214,6083419467981442,218550828297182,309,707284233971.4628,/nobackup/proj/disk/naiss2026-4-902/shared/yizhil/Avalanche/avalanche-master/search_result_texture-all/tagfex/order1/lr005/search_texture_tagfex__order-1__lr-005__seed-053__summary.json,/nobackup/proj/disk/naiss2026-4-902/shared/yizhil/Avalanche/avalanche-master/search_result_texture-all/tagfex/order1/lr005/log/search_texture_tagfex__order-1__lr-005__seed-053.log
texture-all,texture,tagfex,1,53,0.05,3,10,5589876871823658,4944054162599988,645822709223670,11673296339805100,322205705937761,392,821953331473.8801,/nobackup/proj/disk/naiss2026-4-902/shared/yizhil/Avalanche/avalanche-master/search_result_texture-all/tagfex/order1/lr005/search_texture_tagfex__order-1__lr-005__seed-053__summary.json,/nobackup/proj/disk/naiss2026-4-902/shared/yizhil/Avalanche/avalanche-master/search_result_texture-all/tagfex/order1/lr005/log/search_texture_tagfex__order-1__lr-005__seed-053.log
texture-all,texture,tagfex,1,53,0.05,4,10,7456377957404422,6662362490029838,794015467374584,19129674297209522,441370863666900,471,937093128804.4586,/nobackup/proj/disk/naiss2026-4-902/shared/yizhil/Avalanche/avalanche-master/search_result_texture-all/tagfex/order1/lr005/search_texture_tagfex__order-1__lr-005__seed-053__summary.json,/nobackup/proj/disk/naiss2026-4-902/shared/yizhil/Avalanche/avalanche-master/search_result_texture-all/tagfex/order1/lr005/log/search_texture_tagfex__order-1__lr-005__seed-053.log
texture-all,texture,tagfex,1,53,0.05,5,10,9657727362902576,8700846596202432,956880766700144,28787401660112098,583858611080405,555,1051997497442.1711,/nobackup/proj/disk/naiss2026-4-902/shared/yizhil/Avalanche/avalanche-master/search_result_texture-all/tagfex/order1/lr005/search_texture_tagfex__order-1__lr-005__seed-053__summary.json,/nobackup/proj/disk/naiss2026-4-902/shared/yizhil/Avalanche/avalanche-master/search_result_texture-all/tagfex/order1/lr005/log/search_texture_tagfex__order-1__lr-005__seed-053.log
texture-all,texture,tagfex,1,53,0.05,6,10,12084956957896280,10962300630938778,1122656326957502,40872358618008378,743316638343742,637,1166902101010.584,/nobackup/proj/disk/naiss2026-4-902/shared/yizhil/Avalanche/avalanche-master/search_result_texture-all/tagfex/order1/lr005/search_texture_tagfex__order-1__lr-005__seed-053__summary.json,/nobackup/proj/disk/naiss2026-4-902/shared/yizhil/Avalanche/avalanche-master/search_result_texture-all/tagfex/order1/lr005/log/search_texture_tagfex__order-1__lr-005__seed-053.log
texture-all,texture,tagfex,1,53,0.05,7,10,14769031042520816,13474318546761664,1294712495759152,55641389660529194,921618910024710,719,1281806550799.3186,/nobackup/proj/disk/naiss2026-4-902/shared/yizhil/Avalanche/avalanche-master/search_result_texture-all/tagfex/order1/lr005/search_texture_tagfex__order-1__lr-005__seed-053__summary.json,/nobackup/proj/disk/naiss2026-4-902/shared/yizhil/Avalanche/avalanche-master/search_result_texture-all/tagfex/order1/lr005/log/search_texture_tagfex__order-1__lr-005__seed-053.log
texture-all,texture,tagfex,1,53,0.05,8,10,17689176790602105,16217965529261646,1471211261340459,73330566451131299,1117368700509201,800,1396710875636.5012,/nobackup/proj/disk/naiss2026-4-902/shared/yizhil/Avalanche/avalanche-master/search_result_texture-all/tagfex/order1/lr005/search_texture_tagfex__order-1__lr-005__seed-053__summary.json,/nobackup/proj/disk/naiss2026-4-902/shared/yizhil/Avalanche/avalanche-master/search_result_texture-all/tagfex/order1/lr005/log/search_texture_tagfex__order-1__lr-005__seed-053.log
texture-all,texture,tagfex,1,53,0.05,9,10,20911874661116116,19254204731861588,1657669929254528,94242441112247415,1334756385739808,883,1511615385888.7974,/nobackup/proj/disk/naiss2026-4-902/shared/yizhil/Avalanche/avalanche-master/search_result_texture-all/tagfex/order1/lr005/search_texture_tagfex__order-1__lr-005__seed-053__summary.json,/nobackup/proj/disk/naiss2026-4-902/shared/yizhil/Avalanche/avalanche-master/search_result_texture-all/tagfex/order1/lr005/log/search_texture_tagfex__order-1__lr-005__seed-053.log
texture-all,texture,tagfex,1,53,0.05,10,10,24242257209953863,22403264092105914,1838993117847949,118484698322201278,1561459166411781,960,1626519965012.272,/nobackup/proj/disk/naiss2026-4-902/shared/yizhil/Avalanche/avalanche-master/search_result_texture-all/tagfex/order1/lr005/search_texture_tagfex__order-1__lr-005__seed-053__summary.json,/nobackup/proj/disk/naiss2026-4-902/shared/yizhil/Avalanche/avalanche-master/search_result_texture-all/tagfex/order1/lr005/log/search_texture_tagfex__order-1__lr-005__seed-053.log
texture-all,texture,tagfex,1,53,0.1,1,10,2162138794458242,2153176232270554,8962562187688,2162138794458242,116621376350016,234,498381950213.7436,/nobackup/proj/disk/naiss2026-4-902/shared/yizhil/Avalanche/avalanche-master/search_result_texture-all/tagfex/order1/lr01/search_texture_tagfex__order-1__lr-01__seed-053__summary.json,/nobackup/proj/disk/naiss2026-4-902/shared/yizhil/Avalanche/avalanche-master/search_result_texture-all/tagfex/order1/lr01/log/search_texture_tagfex__order-1__lr-01__seed-053.log
texture-all,texture,tagfex,1,53,0.1,2,10,3921280673523200,3424036336205986,497244337317214,6083419467981442,218550828297182,309,707284233971.4628,/nobackup/proj/disk/naiss2026-4-902/shared/yizhil/Avalanche/avalanche-master/search_result_texture-all/tagfex/order1/lr01/search_texture_tagfex__order-1__lr-01__seed-053__summary.json,/nobackup/proj/disk/naiss2026-4-902/shared/yizhil/Avalanche/avalanche-master/search_result_texture-all/tagfex/order1/lr01/log/search_texture_tagfex__order-1__lr-01__seed-053.log
texture-all,texture,tagfex,1,53,0.1,3,10,5589876871823658,4944054162599988,645822709223670,11673296339805100,322205705937761,392,821953331473.8801,/nobackup/proj/disk/naiss2026-4-902/shared/yizhil/Avalanche/avalanche-master/search_result_texture-all/tagfex/order1/lr01/search_texture_tagfex__order-1__lr-01__seed-053__summary.json,/nobackup/proj/disk/naiss2026-4-902/shared/yizhil/Avalanche/avalanche-master/search_result_texture-all/tagfex/order1/lr01/log/search_texture_tagfex__order-1__lr-01__seed-053.log
texture-all,texture,tagfex,1,53,0.1,4,10,7456377957404422,6662362490029838,794015467374584,19129674297209522,441370863666900,471,937093128804.4586,/nobackup/proj/disk/naiss2026-4-902/shared/yizhil/Avalanche/avalanche-master/search_result_texture-all/tagfex/order1/lr01/search_texture_tagfex__order-1__lr-01__seed-053__summary.json,/nobackup/proj/disk/naiss2026-4-902/shared/yizhil/Avalanche/avalanche-master/search_result_texture-all/tagfex/order1/lr01/log/search_texture_tagfex__order-1__lr-01__seed-053.log
texture-all,texture,tagfex,1,53,0.1,5,10,9657727362902576,8700846596202432,956880766700144,28787401660112098,583858611080405,555,1051997497442.1711,/nobackup/proj/disk/naiss2026-4-902/shared/yizhil/Avalanche/avalanche-master/search_result_texture-all/tagfex/order1/lr01/search_texture_tagfex__order-1__lr-01__seed-053__summary.json,/nobackup/proj/disk/naiss2026-4-902/shared/yizhil/Avalanche/avalanche-master/search_result_texture-all/tagfex/order1/lr01/log/search_texture_tagfex__order-1__lr-01__seed-053.log
texture-all,texture,tagfex,1,53,0.1,6,10,12084956957896280,10962300630938778,1122656326957502,40872358618008378,743316638343742,637,1166902101010.584,/nobackup/proj/disk/naiss2026-4-902/shared/yizhil/Avalanche/avalanche-master/search_result_texture-all/tagfex/order1/lr01/search_texture_tagfex__order-1__lr-01__seed-053__summary.json,/nobackup/proj/disk/naiss2026-4-902/shared/yizhil/Avalanche/avalanche-master/search_result_texture-all/tagfex/order1/lr01/log/search_texture_tagfex__order-1__lr-01__seed-053.log
texture-all,texture,tagfex,1,53,0.1,7,10,14769031042520816,13474318546761664,1294712495759152,55641389660529194,921618910024710,719,1281806550799.3186,/nobackup/proj/disk/naiss2026-4-902/shared/yizhil/Avalanche/avalanche-master/search_result_texture-all/tagfex/order1/lr01/search_texture_tagfex__order-1__lr-01__seed-053__summary.json,/nobackup/proj/disk/naiss2026-4-902/shared/yizhil/Avalanche/avalanche-master/search_result_texture-all/tagfex/order1/lr01/log/search_texture_tagfex__order-1__lr-01__seed-053.log
texture-all,texture,tagfex,1,53,0.1,8,10,17689176790602105,16217965529261646,1471211261340459,73330566451131299,1117368700509201,800,1396710875636.5012,/nobackup/proj/disk/naiss2026-4-902/shared/yizhil/Avalanche/avalanche-master/search_result_texture-all/tagfex/order1/lr01/search_texture_tagfex__order-1__lr-01__seed-053__summary.json,/nobackup/proj/disk/naiss2026-4-902/shared/yizhil/Avalanche/avalanche-master/search_result_texture-all/tagfex/order1/lr01/log/search_texture_tagfex__order-1__lr-01__seed-053.log
texture-all,texture,tagfex,1,53,0.1,9,10,20911874661116116,19254204731861588,1657669929254528,94242441112247415,1334756385739808,883,1511615385888.7974,/nobackup/proj/disk/naiss2026-4-902/shared/yizhil/Avalanche/avalanche-master/search_result_texture-all/tagfex/order1/lr01/search_texture_tagfex__order-1__lr-01__seed-053__summary.json,/nobackup/proj/disk/naiss2026-4-902/shared/yizhil/Avalanche/avalanche-master/search_result_texture-all/tagfex/order1/lr01/log/search_texture_tagfex__order-1__lr-01__seed-053.log
texture-all,texture,tagfex,1,53,0.1,10,10,24242257209953863,22403264092105914,1838993117847949,118484698322201278,1561459166411781,960,1626519965012.272,/nobackup/proj/disk/naiss2026-4-902/shared/yizhil/Avalanche/avalanche-master/search_result_texture-all/tagfex/order1/lr01/search_texture_tagfex__order-1__lr-01__seed-053__summary.json,/nobackup/proj/disk/naiss2026-4-902/shared/yizhil/Avalanche/avalanche-master/search_result_texture-all/tagfex/order1/lr01/log/search_texture_tagfex__order-1__lr-01__seed-053.log
texture-all,texture,tagfex,1,54,0.01,1,10,2162138794458242,2153176232270554,8962562187688,2162138794458242,116621376350016,234,498381950213.7436,/nobackup/proj/disk/naiss2026-4-902/shared/yizhil/Avalanche/avalanche-master/search_result_texture-all/tagfex/order1/lr001/search_texture_tagfex__order-1__lr-001__seed-054__summary.json,/nobackup/proj/disk/naiss2026-4-902/shared/yizhil/Avalanche/avalanche-master/search_result_texture-all/tagfex/order1/lr001/log/search_texture_tagfex__order-1__lr-001__seed-054.log
texture-all,texture,tagfex,1,54,0.01,2,10,3921280673523200,3424036336205986,497244337317214,6083419467981442,218550828297182,309,707284233971.4628,/nobackup/proj/disk/naiss2026-4-902/shared/yizhil/Avalanche/avalanche-master/search_result_texture-all/tagfex/order1/lr001/search_texture_tagfex__order-1__lr-001__seed-054__summary.json,/nobackup/proj/disk/naiss2026-4-902/shared/yizhil/Avalanche/avalanche-master/search_result_texture-all/tagfex/order1/lr001/log/search_texture_tagfex__order-1__lr-001__seed-054.log
texture-all,texture,tagfex,1,54,0.01,3,10,5589692066646106,4943869357422436,645822709223670,11673111534627548,322298108526537,392,822189052363.6147,/nobackup/proj/disk/naiss2026-4-902/shared/yizhil/Avalanche/avalanche-master/search_result_texture-all/tagfex/order1/lr001/search_texture_tagfex__order-1__lr-001__seed-054__summary.json,/nobackup/proj/disk/naiss2026-4-902/shared/yizhil/Avalanche/avalanche-master/search_result_texture-all/tagfex/order1/lr001/log/search_texture_tagfex__order-1__lr-001__seed-054.log
texture-all,texture,tagfex,1,54,0.01,4,10,7456112314736060,6662096847361476,794015467374584,19129223849363608,441370863666900,471,937093128804.4586,/nobackup/proj/disk/naiss2026-4-902/shared/yizhil/Avalanche/avalanche-master/search_result_texture-all/tagfex/order1/lr001/search_texture_tagfex__order-1__lr-001__seed-054__summary.json,/nobackup/proj/disk/naiss2026-4-902/shared/yizhil/Avalanche/avalanche-master/search_result_texture-all/tagfex/order1/lr001/log/search_texture_tagfex__order-1__lr-001__seed-054.log
texture-all,texture,tagfex,1,54,0.01,5,10,9657727362902576,8700846596202432,956880766700144,28786951212266184,583858611080405,555,1051997497442.1711,/nobackup/proj/disk/naiss2026-4-902/shared/yizhil/Avalanche/avalanche-master/search_result_texture-all/tagfex/order1/lr001/search_texture_tagfex__order-1__lr-001__seed-054__summary.json,/nobackup/proj/disk/naiss2026-4-902/shared/yizhil/Avalanche/avalanche-master/search_result_texture-all/tagfex/order1/lr001/log/search_texture_tagfex__order-1__lr-001__seed-054.log
texture-all,texture,tagfex,1,54,0.01,6,10,12084956957896280,10962300630938778,1122656326957502,40871908170162464,743316638343742,637,1166902101010.584,/nobackup/proj/disk/naiss2026-4-902/shared/yizhil/Avalanche/avalanche-master/search_result_texture-all/tagfex/order1/lr001/search_texture_tagfex__order-1__lr-001__seed-054__summary.json,/nobackup/proj/disk/naiss2026-4-902/shared/yizhil/Avalanche/avalanche-master/search_result_texture-all/tagfex/order1/lr001/log/search_texture_tagfex__order-1__lr-001__seed-054.log
texture-all,texture,tagfex,1,54,0.01,7,10,14769204290480164,13474491794721012,1294712495759152,55641112460642628,921618910024710,719,1281806550799.3186,/nobackup/proj/disk/naiss2026-4-902/shared/yizhil/Avalanche/avalanche-master/search_result_texture-all/tagfex/order1/lr001/search_texture_tagfex__order-1__lr-001__seed-054__summary.json,/nobackup/proj/disk/naiss2026-4-902/shared/yizhil/Avalanche/avalanche-master/search_result_texture-all/tagfex/order1/lr001/log/search_texture_tagfex__order-1__lr-001__seed-054.log
texture-all,texture,tagfex,1,54,0.01,8,10,17689915964034825,16218704702694366,1471211261340459,73331028424677453,1117368700509201,800,1396710875636.5012,/nobackup/proj/disk/naiss2026-4-902/shared/yizhil/Avalanche/avalanche-master/search_result_texture-all/tagfex/order1/lr001/search_texture_tagfex__order-1__lr-001__seed-054__summary.json,/nobackup/proj/disk/naiss2026-4-902/shared/yizhil/Avalanche/avalanche-master/search_result_texture-all/tagfex/order1/lr001/log/search_texture_tagfex__order-1__lr-001__seed-054.log
texture-all,texture,tagfex,1,54,0.01,9,10,20911135495562956,19253465566308428,1657669929254528,94242163920240409,1334756385739808,883,1511615385888.7974,/nobackup/proj/disk/naiss2026-4-902/shared/yizhil/Avalanche/avalanche-master/search_result_texture-all/tagfex/order1/lr001/search_texture_tagfex__order-1__lr-001__seed-054__summary.json,/nobackup/proj/disk/naiss2026-4-902/shared/yizhil/Avalanche/avalanche-master/search_result_texture-all/tagfex/order1/lr001/log/search_texture_tagfex__order-1__lr-001__seed-054.log
texture-all,texture,tagfex,1,54,0.01,10,10,24242996375507151,22404003257659202,1838993117847949,118485160295747560,1561459166411781,960,1626519965012.272,/nobackup/proj/disk/naiss2026-4-902/shared/yizhil/Avalanche/avalanche-master/search_result_texture-all/tagfex/order1/lr001/search_texture_tagfex__order-1__lr-001__seed-054__summary.json,/nobackup/proj/disk/naiss2026-4-902/shared/yizhil/Avalanche/avalanche-master/search_result_texture-all/tagfex/order1/lr001/log/search_texture_tagfex__order-1__lr-001__seed-054.log
texture-all,texture,tagfex,1,54,0.05,1,10,2162138794458242,2153176232270554,8962562187688,2162138794458242,116621376350016,234,498381950213.7436,/nobackup/proj/disk/naiss2026-4-902/shared/yizhil/Avalanche/avalanche-master/search_result_texture-all/tagfex/order1/lr005/search_texture_tagfex__order-1__lr-005__seed-054__summary.json,/nobackup/proj/disk/naiss2026-4-902/shared/yizhil/Avalanche/avalanche-master/search_result_texture-all/tagfex/order1/lr005/log/search_texture_tagfex__order-1__lr-005__seed-054.log
texture-all,texture,tagfex,1,54,0.05,2,10,3921280673523200,3424036336205986,497244337317214,6083419467981442,218550828297182,309,707284233971.4628,/nobackup/proj/disk/naiss2026-4-902/shared/yizhil/Avalanche/avalanche-master/search_result_texture-all/tagfex/order1/lr005/search_texture_tagfex__order-1__lr-005__seed-054__summary.json,/nobackup/proj/disk/naiss2026-4-902/shared/yizhil/Avalanche/avalanche-master/search_result_texture-all/tagfex/order1/lr005/log/search_texture_tagfex__order-1__lr-005__seed-054.log
texture-all,texture,tagfex,1,54,0.05,3,10,5589692066646106,4943869357422436,645822709223670,11673111534627548,322298108526537,392,822189052363.6147,/nobackup/proj/disk/naiss2026-4-902/shared/yizhil/Avalanche/avalanche-master/search_result_texture-all/tagfex/order1/lr005/search_texture_tagfex__order-1__lr-005__seed-054__summary.json,/nobackup/proj/disk/naiss2026-4-902/shared/yizhil/Avalanche/avalanche-master/search_result_texture-all/tagfex/order1/lr005/log/search_texture_tagfex__order-1__lr-005__seed-054.log
texture-all,texture,tagfex,1,54,0.05,4,10,7456112314727884,6662096847353300,794015467374584,19129223849355432,441370863665730,471,937093128801.9745,/nobackup/proj/disk/naiss2026-4-902/shared/yizhil/Avalanche/avalanche-master/search_result_texture-all/tagfex/order1/lr005/search_texture_tagfex__order-1__lr-005__seed-054__summary.json,/nobackup/proj/disk/naiss2026-4-902/shared/yizhil/Avalanche/avalanche-master/search_result_texture-all/tagfex/order1/lr005/log/search_texture_tagfex__order-1__lr-005__seed-054.log
texture-all,texture,tagfex,1,54,0.05,5,10,9657727362847924,8700846596147780,956880766700144,28786951212203356,583858611075347,555,1051997497433.0576,/nobackup/proj/disk/naiss2026-4-902/shared/yizhil/Avalanche/avalanche-master/search_result_texture-all/tagfex/order1/lr005/search_texture_tagfex__order-1__lr-005__seed-054__summary.json,/nobackup/proj/disk/naiss2026-4-902/shared/yizhil/Avalanche/avalanche-master/search_result_texture-all/tagfex/order1/lr005/log/search_texture_tagfex__order-1__lr-005__seed-054.log
texture-all,texture,tagfex,1,54,0.05,6,10,12084956957871740,10962300630914238,1122656326957502,40871908170075096,743316638339664,637,1166902101004.1821,/nobackup/proj/disk/naiss2026-4-902/shared/yizhil/Avalanche/avalanche-master/search_result_texture-all/tagfex/order1/lr005/search_texture_tagfex__order-1__lr-005__seed-054__summary.json,/nobackup/proj/disk/naiss2026-4-902/shared/yizhil/Avalanche/avalanche-master/search_result_texture-all/tagfex/order1/lr005/log/search_texture_tagfex__order-1__lr-005__seed-054.log
texture-all,texture,tagfex,1,54,0.05,7,10,14769204290411536,13474491794652384,1294712495759152,55641112460486632,921618910018782,719,1281806550791.0737,/nobackup/proj/disk/naiss2026-4-902/shared/yizhil/Avalanche/avalanche-master/search_result_texture-all/tagfex/order1/lr005/search_texture_tagfex__order-1__lr-005__seed-054__summary.json,/nobackup/proj/disk/naiss2026-4-902/shared/yizhil/Avalanche/avalanche-master/search_result_texture-all/tagfex/order1/lr005/log/search_texture_tagfex__order-1__lr-005__seed-054.log
texture-all,texture,tagfex,1,54,0.05,8,10,17689915963823175,16218704702482716,1471211261340459,73331028424309807,1117368700496263,800,1396710875620.3289,/nobackup/proj/disk/naiss2026-4-902/shared/yizhil/Avalanche/avalanche-master/search_result_texture-all/tagfex/order1/lr005/search_texture_tagfex__order-1__lr-005__seed-054__summary.json,/nobackup/proj/disk/naiss2026-4-902/shared/yizhil/Avalanche/avalanche-master/search_result_texture-all/tagfex/order1/lr005/log/search_texture_tagfex__order-1__lr-005__seed-054.log
texture-all,texture,tagfex,1,54,0.05,9,10,20911135495436608,19253465566182080,1657669929254528,94242163919746415,1334756385724958,883,1511615385871.9797,/nobackup/proj/disk/naiss2026-4-902/shared/yizhil/Avalanche/avalanche-master/search_result_texture-all/tagfex/order1/lr005/search_texture_tagfex__order-1__lr-005__seed-054__summary.json,/nobackup/proj/disk/naiss2026-4-902/shared/yizhil/Avalanche/avalanche-master/search_result_texture-all/tagfex/order1/lr005/log/search_texture_tagfex__order-1__lr-005__seed-054.log
texture-all,texture,tagfex,1,54,0.05,10,10,24242996375272979,22404003257425030,1838993117847949,118485160295019394,1561459166397957,960,1626519964997.8718,/nobackup/proj/disk/naiss2026-4-902/shared/yizhil/Avalanche/avalanche-master/search_result_texture-all/tagfex/order1/lr005/search_texture_tagfex__order-1__lr-005__seed-054__summary.json,/nobackup/proj/disk/naiss2026-4-902/shared/yizhil/Avalanche/avalanche-master/search_result_texture-all/tagfex/order1/lr005/log/search_texture_tagfex__order-1__lr-005__seed-054.log
texture-all,texture,tagfex,1,54,0.1,1,10,2162138794458242,2153176232270554,8962562187688,2162138794458242,116621376350016,234,498381950213.7436,/nobackup/proj/disk/naiss2026-4-902/shared/yizhil/Avalanche/avalanche-master/search_result_texture-all/tagfex/order1/lr01/search_texture_tagfex__order-1__lr-01__seed-054__summary.json,/nobackup/proj/disk/naiss2026-4-902/shared/yizhil/Avalanche/avalanche-master/search_result_texture-all/tagfex/order1/lr01/log/search_texture_tagfex__order-1__lr-01__seed-054.log
texture-all,texture,tagfex,1,54,0.1,2,10,3921280673523200,3424036336205986,497244337317214,6083419467981442,218550828297182,309,707284233971.4628,/nobackup/proj/disk/naiss2026-4-902/shared/yizhil/Avalanche/avalanche-master/search_result_texture-all/tagfex/order1/lr01/search_texture_tagfex__order-1__lr-01__seed-054__summary.json,/nobackup/proj/disk/naiss2026-4-902/shared/yizhil/Avalanche/avalanche-master/search_result_texture-all/tagfex/order1/lr01/log/search_texture_tagfex__order-1__lr-01__seed-054.log
texture-all,texture,tagfex,1,54,0.1,3,10,5589692066646106,4943869357422436,645822709223670,11673111534627548,322298108526537,392,822189052363.6147,/nobackup/proj/disk/naiss2026-4-902/shared/yizhil/Avalanche/avalanche-master/search_result_texture-all/tagfex/order1/lr01/search_texture_tagfex__order-1__lr-01__seed-054__summary.json,/nobackup/proj/disk/naiss2026-4-902/shared/yizhil/Avalanche/avalanche-master/search_result_texture-all/tagfex/order1/lr01/log/search_texture_tagfex__order-1__lr-01__seed-054.log
texture-all,texture,tagfex,1,54,0.1,4,10,7456112314736060,6662096847361476,794015467374584,19129223849363608,441370863666900,471,937093128804.4586,/nobackup/proj/disk/naiss2026-4-902/shared/yizhil/Avalanche/avalanche-master/search_result_texture-all/tagfex/order1/lr01/search_texture_tagfex__order-1__lr-01__seed-054__summary.json,/nobackup/proj/disk/naiss2026-4-902/shared/yizhil/Avalanche/avalanche-master/search_result_texture-all/tagfex/order1/lr01/log/search_texture_tagfex__order-1__lr-01__seed-054.log
texture-all,texture,tagfex,1,54,0.1,5,10,9657727362902576,8700846596202432,956880766700144,28786951212266184,583858611080405,555,1051997497442.1711,/nobackup/proj/disk/naiss2026-4-902/shared/yizhil/Avalanche/avalanche-master/search_result_texture-all/tagfex/order1/lr01/search_texture_tagfex__order-1__lr-01__seed-054__summary.json,/nobackup/proj/disk/naiss2026-4-902/shared/yizhil/Avalanche/avalanche-master/search_result_texture-all/tagfex/order1/lr01/log/search_texture_tagfex__order-1__lr-01__seed-054.log
texture-all,texture,tagfex,1,54,0.1,6,10,12084956957896280,10962300630938778,1122656326957502,40871908170162464,743316638343742,637,1166902101010.584,/nobackup/proj/disk/naiss2026-4-902/shared/yizhil/Avalanche/avalanche-master/search_result_texture-all/tagfex/order1/lr01/search_texture_tagfex__order-1__lr-01__seed-054__summary.json,/nobackup/proj/disk/naiss2026-4-902/shared/yizhil/Avalanche/avalanche-master/search_result_texture-all/tagfex/order1/lr01/log/search_texture_tagfex__order-1__lr-01__seed-054.log
texture-all,texture,tagfex,1,54,0.1,7,10,14769204290480164,13474491794721012,1294712495759152,55641112460642628,921618910024710,719,1281806550799.3186,/nobackup/proj/disk/naiss2026-4-902/shared/yizhil/Avalanche/avalanche-master/search_result_texture-all/tagfex/order1/lr01/search_texture_tagfex__order-1__lr-01__seed-054__summary.json,/nobackup/proj/disk/naiss2026-4-902/shared/yizhil/Avalanche/avalanche-master/search_result_texture-all/tagfex/order1/lr01/log/search_texture_tagfex__order-1__lr-01__seed-054.log
texture-all,texture,tagfex,1,54,0.1,8,10,17689915964034825,16218704702694366,1471211261340459,73331028424677453,1117368700509201,800,1396710875636.5012,/nobackup/proj/disk/naiss2026-4-902/shared/yizhil/Avalanche/avalanche-master/search_result_texture-all/tagfex/order1/lr01/search_texture_tagfex__order-1__lr-01__seed-054__summary.json,/nobackup/proj/disk/naiss2026-4-902/shared/yizhil/Avalanche/avalanche-master/search_result_texture-all/tagfex/order1/lr01/log/search_texture_tagfex__order-1__lr-01__seed-054.log
texture-all,texture,tagfex,1,54,0.1,9,10,20911135495562956,19253465566308428,1657669929254528,94242163920240409,1334756385739808,883,1511615385888.7974,/nobackup/proj/disk/naiss2026-4-902/shared/yizhil/Avalanche/avalanche-master/search_result_texture-all/tagfex/order1/lr01/search_texture_tagfex__order-1__lr-01__seed-054__summary.json,/nobackup/proj/disk/naiss2026-4-902/shared/yizhil/Avalanche/avalanche-master/search_result_texture-all/tagfex/order1/lr01/log/search_texture_tagfex__order-1__lr-01__seed-054.log
texture-all,texture,tagfex,1,54,0.1,10,10,24242996375507151,22404003257659202,1838993117847949,118485160295747560,1561459166411781,960,1626519965012.272,/nobackup/proj/disk/naiss2026-4-902/shared/yizhil/Avalanche/avalanche-master/search_result_texture-all/tagfex/order1/lr01/search_texture_tagfex__order-1__lr-01__seed-054__summary.json,/nobackup/proj/disk/naiss2026-4-902/shared/yizhil/Avalanche/avalanche-master/search_result_texture-all/tagfex/order1/lr01/log/search_texture_tagfex__order-1__lr-01__seed-054.log
texture-all,texture,tagfex,1,55,0.01,1,10,2162138794458242,2153176232270554,8962562187688,2162138794458242,116621376350016,234,498381950213.7436,/nobackup/proj/disk/naiss2026-4-902/shared/yizhil/Avalanche/avalanche-master/search_result_texture-all/tagfex/order1/lr001/search_texture_tagfex__order-1__lr-001__seed-055__summary.json,/nobackup/proj/disk/naiss2026-4-902/shared/yizhil/Avalanche/avalanche-master/search_result_texture-all/tagfex/order1/lr001/log/search_texture_tagfex__order-1__lr-001__seed-055.log
texture-all,texture,tagfex,1,55,0.01,2,10,3921280673523200,3424036336205986,497244337317214,6083419467981442,218550828297182,309,707284233971.4628,/nobackup/proj/disk/naiss2026-4-902/shared/yizhil/Avalanche/avalanche-master/search_result_texture-all/tagfex/order1/lr001/search_texture_tagfex__order-1__lr-001__seed-055__summary.json,/nobackup/proj/disk/naiss2026-4-902/shared/yizhil/Avalanche/avalanche-master/search_result_texture-all/tagfex/order1/lr001/log/search_texture_tagfex__order-1__lr-001__seed-055.log
texture-all,texture,tagfex,1,55,0.01,3,10,5589969274412434,4944146565188764,645822709223670,11673388742393876,322298108526537,392,822189052363.6147,/nobackup/proj/disk/naiss2026-4-902/shared/yizhil/Avalanche/avalanche-master/search_result_texture-all/tagfex/order1/lr001/search_texture_tagfex__order-1__lr-001__seed-055__summary.json,/nobackup/proj/disk/naiss2026-4-902/shared/yizhil/Avalanche/avalanche-master/search_result_texture-all/tagfex/order1/lr001/log/search_texture_tagfex__order-1__lr-001__seed-055.log
texture-all,texture,tagfex,1,55,0.01,4,10,7456377957404422,6662362490029838,794015467374584,19129766699798298,441370863666900,471,937093128804.4586,/nobackup/proj/disk/naiss2026-4-902/shared/yizhil/Avalanche/avalanche-master/search_result_texture-all/tagfex/order1/lr001/search_texture_tagfex__order-1__lr-001__seed-055__summary.json,/nobackup/proj/disk/naiss2026-4-902/shared/yizhil/Avalanche/avalanche-master/search_result_texture-all/tagfex/order1/lr001/log/search_texture_tagfex__order-1__lr-001__seed-055.log
texture-all,texture,tagfex,1,55,0.01,5,10,9657727362902576,8700846596202432,956880766700144,28787494062700874,583858611080405,555,1051997497442.1711,/nobackup/proj/disk/naiss2026-4-902/shared/yizhil/Avalanche/avalanche-master/search_result_texture-all/tagfex/order1/lr001/search_texture_tagfex__order-1__lr-001__seed-055__summary.json,/nobackup/proj/disk/naiss2026-4-902/shared/yizhil/Avalanche/avalanche-master/search_result_texture-all/tagfex/order1/lr001/log/search_texture_tagfex__order-1__lr-001__seed-055.log
texture-all,texture,tagfex,1,55,0.01,6,10,12084956957896280,10962300630938778,1122656326957502,40872451020597154,743316638343742,637,1166902101010.584,/nobackup/proj/disk/naiss2026-4-902/shared/yizhil/Avalanche/avalanche-master/search_result_texture-all/tagfex/order1/lr001/search_texture_tagfex__order-1__lr-001__seed-055__summary.json,/nobackup/proj/disk/naiss2026-4-902/shared/yizhil/Avalanche/avalanche-master/search_result_texture-all/tagfex/order1/lr001/log/search_texture_tagfex__order-1__lr-001__seed-055.log
texture-all,texture,tagfex,1,55,0.01,7,10,14769031042520816,13474318546761664,1294712495759152,55641482063117970,921618910024710,719,1281806550799.3186,/nobackup/proj/disk/naiss2026-4-902/shared/yizhil/Avalanche/avalanche-master/search_result_texture-all/tagfex/order1/lr001/search_texture_tagfex__order-1__lr-001__seed-055__summary.json,/nobackup/proj/disk/naiss2026-4-902/shared/yizhil/Avalanche/avalanche-master/search_result_texture-all/tagfex/order1/lr001/log/search_texture_tagfex__order-1__lr-001__seed-055.log
texture-all,texture,tagfex,1,55,0.01,8,10,17689176798481793,16217965537141334,1471211261340459,73330658861599763,1117368700509201,800,1396710875636.5012,/nobackup/proj/disk/naiss2026-4-902/shared/yizhil/Avalanche/avalanche-master/search_result_texture-all/tagfex/order1/lr001/search_texture_tagfex__order-1__lr-001__seed-055__summary.json,/nobackup/proj/disk/naiss2026-4-902/shared/yizhil/Avalanche/avalanche-master/search_result_texture-all/tagfex/order1/lr001/log/search_texture_tagfex__order-1__lr-001__seed-055.log
texture-all,texture,tagfex,1,55,0.01,9,10,20911874661116116,19254204731861588,1657669929254528,94242533522715879,1334756385739808,883,1511615385888.7974,/nobackup/proj/disk/naiss2026-4-902/shared/yizhil/Avalanche/avalanche-master/search_result_texture-all/tagfex/order1/lr001/search_texture_tagfex__order-1__lr-001__seed-055__summary.json,/nobackup/proj/disk/naiss2026-4-902/shared/yizhil/Avalanche/avalanche-master/search_result_texture-all/tagfex/order1/lr001/log/search_texture_tagfex__order-1__lr-001__seed-055.log
texture-all,texture,tagfex,1,55,0.01,10,10,24240778878847287,22401785760999338,1838993117847949,118483312401563166,1561459166411781,960,1626519965012.272,/nobackup/proj/disk/naiss2026-4-902/shared/yizhil/Avalanche/avalanche-master/search_result_texture-all/tagfex/order1/lr001/search_texture_tagfex__order-1__lr-001__seed-055__summary.json,/nobackup/proj/disk/naiss2026-4-902/shared/yizhil/Avalanche/avalanche-master/search_result_texture-all/tagfex/order1/lr001/log/search_texture_tagfex__order-1__lr-001__seed-055.log
texture-all,texture,tagfex,1,55,0.05,1,10,2162138794458242,2153176232270554,8962562187688,2162138794458242,116621376350016,234,498381950213.7436,/nobackup/proj/disk/naiss2026-4-902/shared/yizhil/Avalanche/avalanche-master/search_result_texture-all/tagfex/order1/lr005/search_texture_tagfex__order-1__lr-005__seed-055__summary.json,/nobackup/proj/disk/naiss2026-4-902/shared/yizhil/Avalanche/avalanche-master/search_result_texture-all/tagfex/order1/lr005/log/search_texture_tagfex__order-1__lr-005__seed-055.log
texture-all,texture,tagfex,1,55,0.05,2,10,3921280673523200,3424036336205986,497244337317214,6083419467981442,218550828297182,309,707284233971.4628,/nobackup/proj/disk/naiss2026-4-902/shared/yizhil/Avalanche/avalanche-master/search_result_texture-all/tagfex/order1/lr005/search_texture_tagfex__order-1__lr-005__seed-055__summary.json,/nobackup/proj/disk/naiss2026-4-902/shared/yizhil/Avalanche/avalanche-master/search_result_texture-all/tagfex/order1/lr005/log/search_texture_tagfex__order-1__lr-005__seed-055.log
texture-all,texture,tagfex,1,55,0.05,3,10,5589969274412434,4944146565188764,645822709223670,11673388742393876,322298108526537,392,822189052363.6147,/nobackup/proj/disk/naiss2026-4-902/shared/yizhil/Avalanche/avalanche-master/search_result_texture-all/tagfex/order1/lr005/search_texture_tagfex__order-1__lr-005__seed-055__summary.json,/nobackup/proj/disk/naiss2026-4-902/shared/yizhil/Avalanche/avalanche-master/search_result_texture-all/tagfex/order1/lr005/log/search_texture_tagfex__order-1__lr-005__seed-055.log
texture-all,texture,tagfex,1,55,0.05,4,10,7456377957404422,6662362490029838,794015467374584,19129766699798298,441370863666900,471,937093128804.4586,/nobackup/proj/disk/naiss2026-4-902/shared/yizhil/Avalanche/avalanche-master/search_result_texture-all/tagfex/order1/lr005/search_texture_tagfex__order-1__lr-005__seed-055__summary.json,/nobackup/proj/disk/naiss2026-4-902/shared/yizhil/Avalanche/avalanche-master/search_result_texture-all/tagfex/order1/lr005/log/search_texture_tagfex__order-1__lr-005__seed-055.log
texture-all,texture,tagfex,1,55,0.05,5,10,9657727362902576,8700846596202432,956880766700144,28787494062700874,583858611080405,555,1051997497442.1711,/nobackup/proj/disk/naiss2026-4-902/shared/yizhil/Avalanche/avalanche-master/search_result_texture-all/tagfex/order1/lr005/search_texture_tagfex__order-1__lr-005__seed-055__summary.json,/nobackup/proj/disk/naiss2026-4-902/shared/yizhil/Avalanche/avalanche-master/search_result_texture-all/tagfex/order1/lr005/log/search_texture_tagfex__order-1__lr-005__seed-055.log
texture-all,texture,tagfex,1,55,0.05,6,10,12084956957896280,10962300630938778,1122656326957502,40872451020597154,743316638343742,637,1166902101010.584,/nobackup/proj/disk/naiss2026-4-902/shared/yizhil/Avalanche/avalanche-master/search_result_texture-all/tagfex/order1/lr005/search_texture_tagfex__order-1__lr-005__seed-055__summary.json,/nobackup/proj/disk/naiss2026-4-902/shared/yizhil/Avalanche/avalanche-master/search_result_texture-all/tagfex/order1/lr005/log/search_texture_tagfex__order-1__lr-005__seed-055.log
texture-all,texture,tagfex,1,55,0.05,7,10,14769031042520816,13474318546761664,1294712495759152,55641482063117970,921618910024710,719,1281806550799.3186,/nobackup/proj/disk/naiss2026-4-902/shared/yizhil/Avalanche/avalanche-master/search_result_texture-all/tagfex/order1/lr005/search_texture_tagfex__order-1__lr-005__seed-055__summary.json,/nobackup/proj/disk/naiss2026-4-902/shared/yizhil/Avalanche/avalanche-master/search_result_texture-all/tagfex/order1/lr005/log/search_texture_tagfex__order-1__lr-005__seed-055.log
texture-all,texture,tagfex,1,55,0.05,8,10,17689176798481793,16217965537141334,1471211261340459,73330658861599763,1117368700509201,800,1396710875636.5012,/nobackup/proj/disk/naiss2026-4-902/shared/yizhil/Avalanche/avalanche-master/search_result_texture-all/tagfex/order1/lr005/search_texture_tagfex__order-1__lr-005__seed-055__summary.json,/nobackup/proj/disk/naiss2026-4-902/shared/yizhil/Avalanche/avalanche-master/search_result_texture-all/tagfex/order1/lr005/log/search_texture_tagfex__order-1__lr-005__seed-055.log
texture-all,texture,tagfex,1,55,0.05,9,10,20911874661116116,19254204731861588,1657669929254528,94242533522715879,1334756385739808,883,1511615385888.7974,/nobackup/proj/disk/naiss2026-4-902/shared/yizhil/Avalanche/avalanche-master/search_result_texture-all/tagfex/order1/lr005/search_texture_tagfex__order-1__lr-005__seed-055__summary.json,/nobackup/proj/disk/naiss2026-4-902/shared/yizhil/Avalanche/avalanche-master/search_result_texture-all/tagfex/order1/lr005/log/search_texture_tagfex__order-1__lr-005__seed-055.log
texture-all,texture,tagfex,1,55,0.05,10,10,24240778878847287,22401785760999338,1838993117847949,118483312401563166,1561459166411781,960,1626519965012.272,/nobackup/proj/disk/naiss2026-4-902/shared/yizhil/Avalanche/avalanche-master/search_result_texture-all/tagfex/order1/lr005/search_texture_tagfex__order-1__lr-005__seed-055__summary.json,/nobackup/proj/disk/naiss2026-4-902/shared/yizhil/Avalanche/avalanche-master/search_result_texture-all/tagfex/order1/lr005/log/search_texture_tagfex__order-1__lr-005__seed-055.log
texture-all,texture,tagfex,1,55,0.1,1,10,2162138794458242,2153176232270554,8962562187688,2162138794458242,116621376350016,234,498381950213.7436,/nobackup/proj/disk/naiss2026-4-902/shared/yizhil/Avalanche/avalanche-master/search_result_texture-all/tagfex/order1/lr01/search_texture_tagfex__order-1__lr-01__seed-055__summary.json,/nobackup/proj/disk/naiss2026-4-902/shared/yizhil/Avalanche/avalanche-master/search_result_texture-all/tagfex/order1/lr01/log/search_texture_tagfex__order-1__lr-01__seed-055.log
texture-all,texture,tagfex,1,55,0.1,2,10,3921280673523200,3424036336205986,497244337317214,6083419467981442,218550828297182,309,707284233971.4628,/nobackup/proj/disk/naiss2026-4-902/shared/yizhil/Avalanche/avalanche-master/search_result_texture-all/tagfex/order1/lr01/search_texture_tagfex__order-1__lr-01__seed-055__summary.json,/nobackup/proj/disk/naiss2026-4-902/shared/yizhil/Avalanche/avalanche-master/search_result_texture-all/tagfex/order1/lr01/log/search_texture_tagfex__order-1__lr-01__seed-055.log
texture-all,texture,tagfex,1,55,0.1,3,10,5589969274412434,4944146565188764,645822709223670,11673388742393876,322298108526537,392,822189052363.6147,/nobackup/proj/disk/naiss2026-4-902/shared/yizhil/Avalanche/avalanche-master/search_result_texture-all/tagfex/order1/lr01/search_texture_tagfex__order-1__lr-01__seed-055__summary.json,/nobackup/proj/disk/naiss2026-4-902/shared/yizhil/Avalanche/avalanche-master/search_result_texture-all/tagfex/order1/lr01/log/search_texture_tagfex__order-1__lr-01__seed-055.log
texture-all,texture,tagfex,1,55,0.1,4,10,7456377957404422,6662362490029838,794015467374584,19129766699798298,441370863666900,471,937093128804.4586,/nobackup/proj/disk/naiss2026-4-902/shared/yizhil/Avalanche/avalanche-master/search_result_texture-all/tagfex/order1/lr01/search_texture_tagfex__order-1__lr-01__seed-055__summary.json,/nobackup/proj/disk/naiss2026-4-902/shared/yizhil/Avalanche/avalanche-master/search_result_texture-all/tagfex/order1/lr01/log/search_texture_tagfex__order-1__lr-01__seed-055.log
texture-all,texture,tagfex,1,55,0.1,5,10,9657727362902576,8700846596202432,956880766700144,28787494062700874,583858611080405,555,1051997497442.1711,/nobackup/proj/disk/naiss2026-4-902/shared/yizhil/Avalanche/avalanche-master/search_result_texture-all/tagfex/order1/lr01/search_texture_tagfex__order-1__lr-01__seed-055__summary.json,/nobackup/proj/disk/naiss2026-4-902/shared/yizhil/Avalanche/avalanche-master/search_result_texture-all/tagfex/order1/lr01/log/search_texture_tagfex__order-1__lr-01__seed-055.log
texture-all,texture,tagfex,1,55,0.1,6,10,12084956957896280,10962300630938778,1122656326957502,40872451020597154,743316638343742,637,1166902101010.584,/nobackup/proj/disk/naiss2026-4-902/shared/yizhil/Avalanche/avalanche-master/search_result_texture-all/tagfex/order1/lr01/search_texture_tagfex__order-1__lr-01__seed-055__summary.json,/nobackup/proj/disk/naiss2026-4-902/shared/yizhil/Avalanche/avalanche-master/search_result_texture-all/tagfex/order1/lr01/log/search_texture_tagfex__order-1__lr-01__seed-055.log
texture-all,texture,tagfex,1,55,0.1,7,10,14769031042520816,13474318546761664,1294712495759152,55641482063117970,921618910024710,719,1281806550799.3186,/nobackup/proj/disk/naiss2026-4-902/shared/yizhil/Avalanche/avalanche-master/search_result_texture-all/tagfex/order1/lr01/search_texture_tagfex__order-1__lr-01__seed-055__summary.json,/nobackup/proj/disk/naiss2026-4-902/shared/yizhil/Avalanche/avalanche-master/search_result_texture-all/tagfex/order1/lr01/log/search_texture_tagfex__order-1__lr-01__seed-055.log
texture-all,texture,tagfex,1,55,0.1,8,10,17689176798481793,16217965537141334,1471211261340459,73330658861599763,1117368700509201,800,1396710875636.5012,/nobackup/proj/disk/naiss2026-4-902/shared/yizhil/Avalanche/avalanche-master/search_result_texture-all/tagfex/order1/lr01/search_texture_tagfex__order-1__lr-01__seed-055__summary.json,/nobackup/proj/disk/naiss2026-4-902/shared/yizhil/Avalanche/avalanche-master/search_result_texture-all/tagfex/order1/lr01/log/search_texture_tagfex__order-1__lr-01__seed-055.log
texture-all,texture,tagfex,1,55,0.1,9,10,20911874661116116,19254204731861588,1657669929254528,94242533522715879,1334756385739808,883,1511615385888.7974,/nobackup/proj/disk/naiss2026-4-902/shared/yizhil/Avalanche/avalanche-master/search_result_texture-all/tagfex/order1/lr01/search_texture_tagfex__order-1__lr-01__seed-055__summary.json,/nobackup/proj/disk/naiss2026-4-902/shared/yizhil/Avalanche/avalanche-master/search_result_texture-all/tagfex/order1/lr01/log/search_texture_tagfex__order-1__lr-01__seed-055.log
texture-all,texture,tagfex,1,55,0.1,10,10,24240778878847287,22401785760999338,1838993117847949,118483312401563166,1561459166411781,960,1626519965012.272,/nobackup/proj/disk/naiss2026-4-902/shared/yizhil/Avalanche/avalanche-master/search_result_texture-all/tagfex/order1/lr01/search_texture_tagfex__order-1__lr-01__seed-055__summary.json,/nobackup/proj/disk/naiss2026-4-902/shared/yizhil/Avalanche/avalanche-master/search_result_texture-all/tagfex/order1/lr01/log/search_texture_tagfex__order-1__lr-01__seed-055.log
texture-all,texture,tagfex,1,56,0.01,1,10,2162138794458242,2153176232270554,8962562187688,2162138794458242,116621376350016,234,498381950213.7436,/nobackup/proj/disk/naiss2026-4-902/shared/yizhil/Avalanche/avalanche-master/search_result_texture-all/tagfex/order1/lr001/search_texture_tagfex__order-1__lr-001__seed-056__summary.json,/nobackup/proj/disk/naiss2026-4-902/shared/yizhil/Avalanche/avalanche-master/search_result_texture-all/tagfex/order1/lr001/log/search_texture_tagfex__order-1__lr-001__seed-056.log
texture-all,texture,tagfex,1,56,0.01,2,10,3921280673523200,3424036336205986,497244337317214,6083419467981442,218550828297182,309,707284233971.4628,/nobackup/proj/disk/naiss2026-4-902/shared/yizhil/Avalanche/avalanche-master/search_result_texture-all/tagfex/order1/lr001/search_texture_tagfex__order-1__lr-001__seed-056__summary.json,/nobackup/proj/disk/naiss2026-4-902/shared/yizhil/Avalanche/avalanche-master/search_result_texture-all/tagfex/order1/lr001/log/search_texture_tagfex__order-1__lr-001__seed-056.log
texture-all,texture,tagfex,1,56,0.01,3,10,5589876871823658,4944054162599988,645822709223670,11673296339805100,322298108526537,392,822189052363.6147,/nobackup/proj/disk/naiss2026-4-902/shared/yizhil/Avalanche/avalanche-master/search_result_texture-all/tagfex/order1/lr001/search_texture_tagfex__order-1__lr-001__seed-056__summary.json,/nobackup/proj/disk/naiss2026-4-902/shared/yizhil/Avalanche/avalanche-master/search_result_texture-all/tagfex/order1/lr001/log/search_texture_tagfex__order-1__lr-001__seed-056.log
texture-all,texture,tagfex,1,56,0.01,4,10,7456377957404422,6662362490029838,794015467374584,19129674297209522,441370863666900,471,937093128804.4586,/nobackup/proj/disk/naiss2026-4-902/shared/yizhil/Avalanche/avalanche-master/search_result_texture-all/tagfex/order1/lr001/search_texture_tagfex__order-1__lr-001__seed-056__summary.json,/nobackup/proj/disk/naiss2026-4-902/shared/yizhil/Avalanche/avalanche-master/search_result_texture-all/tagfex/order1/lr001/log/search_texture_tagfex__order-1__lr-001__seed-056.log
texture-all,texture,tagfex,1,56,0.01,5,10,9657727362902576,8700846596202432,956880766700144,28787401660112098,583858611080405,555,1051997497442.1711,/nobackup/proj/disk/naiss2026-4-902/shared/yizhil/Avalanche/avalanche-master/search_result_texture-all/tagfex/order1/lr001/search_texture_tagfex__order-1__lr-001__seed-056__summary.json,/nobackup/proj/disk/naiss2026-4-902/shared/yizhil/Avalanche/avalanche-master/search_result_texture-all/tagfex/order1/lr001/log/search_texture_tagfex__order-1__lr-001__seed-056.log
texture-all,texture,tagfex,1,56,0.01,6,10,12084956957896280,10962300630938778,1122656326957502,40872358618008378,743316638343742,637,1166902101010.584,/nobackup/proj/disk/naiss2026-4-902/shared/yizhil/Avalanche/avalanche-master/search_result_texture-all/tagfex/order1/lr001/search_texture_tagfex__order-1__lr-001__seed-056__summary.json,/nobackup/proj/disk/naiss2026-4-902/shared/yizhil/Avalanche/avalanche-master/search_result_texture-all/tagfex/order1/lr001/log/search_texture_tagfex__order-1__lr-001__seed-056.log
texture-all,texture,tagfex,1,56,0.01,7,10,14769031042520816,13474318546761664,1294712495759152,55641389660529194,921618910024710,719,1281806550799.3186,/nobackup/proj/disk/naiss2026-4-902/shared/yizhil/Avalanche/avalanche-master/search_result_texture-all/tagfex/order1/lr001/search_texture_tagfex__order-1__lr-001__seed-056__summary.json,/nobackup/proj/disk/naiss2026-4-902/shared/yizhil/Avalanche/avalanche-master/search_result_texture-all/tagfex/order1/lr001/log/search_texture_tagfex__order-1__lr-001__seed-056.log
texture-all,texture,tagfex,1,56,0.01,8,10,17689546377318465,16218335115978006,1471211261340459,73330936037847659,1117368700509201,800,1396710875636.5012,/nobackup/proj/disk/naiss2026-4-902/shared/yizhil/Avalanche/avalanche-master/search_result_texture-all/tagfex/order1/lr001/search_texture_tagfex__order-1__lr-001__seed-056__summary.json,/nobackup/proj/disk/naiss2026-4-902/shared/yizhil/Avalanche/avalanche-master/search_result_texture-all/tagfex/order1/lr001/log/search_texture_tagfex__order-1__lr-001__seed-056.log
texture-all,texture,tagfex,1,56,0.01,9,10,20911874661116116,19254204731861588,1657669929254528,94242810698963775,1334756385739808,883,1511615385888.7974,/nobackup/proj/disk/naiss2026-4-902/shared/yizhil/Avalanche/avalanche-master/search_result_texture-all/tagfex/order1/lr001/search_texture_tagfex__order-1__lr-001__seed-056__summary.json,/nobackup/proj/disk/naiss2026-4-902/shared/yizhil/Avalanche/avalanche-master/search_result_texture-all/tagfex/order1/lr001/log/search_texture_tagfex__order-1__lr-001__seed-056.log
texture-all,texture,tagfex,1,56,0.01,10,10,24240778878847287,22401785760999338,1838993117847949,118483589577811062,1561459166411781,960,1626519965012.272,/nobackup/proj/disk/naiss2026-4-902/shared/yizhil/Avalanche/avalanche-master/search_result_texture-all/tagfex/order1/lr001/search_texture_tagfex__order-1__lr-001__seed-056__summary.json,/nobackup/proj/disk/naiss2026-4-902/shared/yizhil/Avalanche/avalanche-master/search_result_texture-all/tagfex/order1/lr001/log/search_texture_tagfex__order-1__lr-001__seed-056.log
texture-all,texture,tagfex,1,56,0.05,1,10,2162138794458242,2153176232270554,8962562187688,2162138794458242,116621376350016,234,498381950213.7436,/nobackup/proj/disk/naiss2026-4-902/shared/yizhil/Avalanche/avalanche-master/search_result_texture-all/tagfex/order1/lr005/search_texture_tagfex__order-1__lr-005__seed-056__summary.json,/nobackup/proj/disk/naiss2026-4-902/shared/yizhil/Avalanche/avalanche-master/search_result_texture-all/tagfex/order1/lr005/log/search_texture_tagfex__order-1__lr-005__seed-056.log
texture-all,texture,tagfex,1,56,0.05,2,10,3921280673523200,3424036336205986,497244337317214,6083419467981442,218550828297182,309,707284233971.4628,/nobackup/proj/disk/naiss2026-4-902/shared/yizhil/Avalanche/avalanche-master/search_result_texture-all/tagfex/order1/lr005/search_texture_tagfex__order-1__lr-005__seed-056__summary.json,/nobackup/proj/disk/naiss2026-4-902/shared/yizhil/Avalanche/avalanche-master/search_result_texture-all/tagfex/order1/lr005/log/search_texture_tagfex__order-1__lr-005__seed-056.log
texture-all,texture,tagfex,1,56,0.05,3,10,5589876871823658,4944054162599988,645822709223670,11673296339805100,322298108526537,392,822189052363.6147,/nobackup/proj/disk/naiss2026-4-902/shared/yizhil/Avalanche/avalanche-master/search_result_texture-all/tagfex/order1/lr005/search_texture_tagfex__order-1__lr-005__seed-056__summary.json,/nobackup/proj/disk/naiss2026-4-902/shared/yizhil/Avalanche/avalanche-master/search_result_texture-all/tagfex/order1/lr005/log/search_texture_tagfex__order-1__lr-005__seed-056.log
texture-all,texture,tagfex,1,56,0.05,4,10,7456377957404422,6662362490029838,794015467374584,19129674297209522,441370863666900,471,937093128804.4586,/nobackup/proj/disk/naiss2026-4-902/shared/yizhil/Avalanche/avalanche-master/search_result_texture-all/tagfex/order1/lr005/search_texture_tagfex__order-1__lr-005__seed-056__summary.json,/nobackup/proj/disk/naiss2026-4-902/shared/yizhil/Avalanche/avalanche-master/search_result_texture-all/tagfex/order1/lr005/log/search_texture_tagfex__order-1__lr-005__seed-056.log
texture-all,texture,tagfex,1,56,0.05,5,10,9657727362817526,8700846596117382,956880766700144,28787401660027048,583858611071853,555,1051997497426.7622,/nobackup/proj/disk/naiss2026-4-902/shared/yizhil/Avalanche/avalanche-master/search_result_texture-all/tagfex/order1/lr005/search_texture_tagfex__order-1__lr-005__seed-056__summary.json,/nobackup/proj/disk/naiss2026-4-902/shared/yizhil/Avalanche/avalanche-master/search_result_texture-all/tagfex/order1/lr005/log/search_texture_tagfex__order-1__lr-005__seed-056.log
texture-all,texture,tagfex,1,56,0.05,6,10,12084956957827024,10962300630869522,1122656326957502,40872358617854072,743316638335474,637,1166902100997.6045,/nobackup/proj/disk/naiss2026-4-902/shared/yizhil/Avalanche/avalanche-master/search_result_texture-all/tagfex/order1/lr005/search_texture_tagfex__order-1__lr-005__seed-056__summary.json,/nobackup/proj/disk/naiss2026-4-902/shared/yizhil/Avalanche/avalanche-master/search_result_texture-all/tagfex/order1/lr005/log/search_texture_tagfex__order-1__lr-005__seed-056.log
texture-all,texture,tagfex,1,56,0.05,7,10,14769031042364638,13474318546605486,1294712495759152,55641389660218710,921618910012766,719,1281806550782.7065,/nobackup/proj/disk/naiss2026-4-902/shared/yizhil/Avalanche/avalanche-master/search_result_texture-all/tagfex/order1/lr005/search_texture_tagfex__order-1__lr-005__seed-056__summary.json,/nobackup/proj/disk/naiss2026-4-902/shared/yizhil/Avalanche/avalanche-master/search_result_texture-all/tagfex/order1/lr005/log/search_texture_tagfex__order-1__lr-005__seed-056.log
texture-all,texture,tagfex,1,56,0.05,8,10,17689546376990783,16218335115650324,1471211261340459,73330936037209493,1117368700491537,800,1396710875614.4211,/nobackup/proj/disk/naiss2026-4-902/shared/yizhil/Avalanche/avalanche-master/search_result_texture-all/tagfex/order1/lr005/search_texture_tagfex__order-1__lr-005__seed-056__summary.json,/nobackup/proj/disk/naiss2026-4-902/shared/yizhil/Avalanche/avalanche-master/search_result_texture-all/tagfex/order1/lr005/log/search_texture_tagfex__order-1__lr-005__seed-056.log
texture-all,texture,tagfex,1,56,0.05,9,10,20911874660778172,19254204731523644,1657669929254528,94242810697987665,1334756385718684,883,1511615385864.8743,/nobackup/proj/disk/naiss2026-4-902/shared/yizhil/Avalanche/avalanche-master/search_result_texture-all/tagfex/order1/lr005/search_texture_tagfex__order-1__lr-005__seed-056__summary.json,/nobackup/proj/disk/naiss2026-4-902/shared/yizhil/Avalanche/avalanche-master/search_result_texture-all/tagfex/order1/lr005/log/search_texture_tagfex__order-1__lr-005__seed-056.log
texture-all,texture,tagfex,1,56,0.05,10,10,24240778878539981,22401785760692032,1838993117847949,118483589576527646,1561459166392743,960,1626519964992.4407,/nobackup/proj/disk/naiss2026-4-902/shared/yizhil/Avalanche/avalanche-master/search_result_texture-all/tagfex/order1/lr005/search_texture_tagfex__order-1__lr-005__seed-056__summary.json,/nobackup/proj/disk/naiss2026-4-902/shared/yizhil/Avalanche/avalanche-master/search_result_texture-all/tagfex/order1/lr005/log/search_texture_tagfex__order-1__lr-005__seed-056.log
texture-all,texture,tagfex,1,56,0.1,1,10,2162138794458242,2153176232270554,8962562187688,2162138794458242,116621376350016,234,498381950213.7436,/nobackup/proj/disk/naiss2026-4-902/shared/yizhil/Avalanche/avalanche-master/search_result_texture-all/tagfex/order1/lr01/search_texture_tagfex__order-1__lr-01__seed-056__summary.json,/nobackup/proj/disk/naiss2026-4-902/shared/yizhil/Avalanche/avalanche-master/search_result_texture-all/tagfex/order1/lr01/log/search_texture_tagfex__order-1__lr-01__seed-056.log
texture-all,texture,tagfex,1,56,0.1,2,10,3921280673523200,3424036336205986,497244337317214,6083419467981442,218550828297182,309,707284233971.4628,/nobackup/proj/disk/naiss2026-4-902/shared/yizhil/Avalanche/avalanche-master/search_result_texture-all/tagfex/order1/lr01/search_texture_tagfex__order-1__lr-01__seed-056__summary.json,/nobackup/proj/disk/naiss2026-4-902/shared/yizhil/Avalanche/avalanche-master/search_result_texture-all/tagfex/order1/lr01/log/search_texture_tagfex__order-1__lr-01__seed-056.log
texture-all,texture,tagfex,1,56,0.1,3,10,5589876871823658,4944054162599988,645822709223670,11673296339805100,322298108526537,392,822189052363.6147,/nobackup/proj/disk/naiss2026-4-902/shared/yizhil/Avalanche/avalanche-master/search_result_texture-all/tagfex/order1/lr01/search_texture_tagfex__order-1__lr-01__seed-056__summary.json,/nobackup/proj/disk/naiss2026-4-902/shared/yizhil/Avalanche/avalanche-master/search_result_texture-all/tagfex/order1/lr01/log/search_texture_tagfex__order-1__lr-01__seed-056.log
texture-all,texture,tagfex,1,56,0.1,4,10,7456377957404422,6662362490029838,794015467374584,19129674297209522,441370863666900,471,937093128804.4586,/nobackup/proj/disk/naiss2026-4-902/shared/yizhil/Avalanche/avalanche-master/search_result_texture-all/tagfex/order1/lr01/search_texture_tagfex__order-1__lr-01__seed-056__summary.json,/nobackup/proj/disk/naiss2026-4-902/shared/yizhil/Avalanche/avalanche-master/search_result_texture-all/tagfex/order1/lr01/log/search_texture_tagfex__order-1__lr-01__seed-056.log
texture-all,texture,tagfex,1,56,0.1,5,10,9657727362902576,8700846596202432,956880766700144,28787401660112098,583858611080405,555,1051997497442.1711,/nobackup/proj/disk/naiss2026-4-902/shared/yizhil/Avalanche/avalanche-master/search_result_texture-all/tagfex/order1/lr01/search_texture_tagfex__order-1__lr-01__seed-056__summary.json,/nobackup/proj/disk/naiss2026-4-902/shared/yizhil/Avalanche/avalanche-master/search_result_texture-all/tagfex/order1/lr01/log/search_texture_tagfex__order-1__lr-01__seed-056.log
texture-all,texture,tagfex,1,56,0.1,6,10,12084956957896280,10962300630938778,1122656326957502,40872358618008378,743316638343742,637,1166902101010.584,/nobackup/proj/disk/naiss2026-4-902/shared/yizhil/Avalanche/avalanche-master/search_result_texture-all/tagfex/order1/lr01/search_texture_tagfex__order-1__lr-01__seed-056__summary.json,/nobackup/proj/disk/naiss2026-4-902/shared/yizhil/Avalanche/avalanche-master/search_result_texture-all/tagfex/order1/lr01/log/search_texture_tagfex__order-1__lr-01__seed-056.log
texture-all,texture,tagfex,1,56,0.1,7,10,14769031042520816,13474318546761664,1294712495759152,55641389660529194,921618910024710,719,1281806550799.3186,/nobackup/proj/disk/naiss2026-4-902/shared/yizhil/Avalanche/avalanche-master/search_result_texture-all/tagfex/order1/lr01/search_texture_tagfex__order-1__lr-01__seed-056__summary.json,/nobackup/proj/disk/naiss2026-4-902/shared/yizhil/Avalanche/avalanche-master/search_result_texture-all/tagfex/order1/lr01/log/search_texture_tagfex__order-1__lr-01__seed-056.log
texture-all,texture,tagfex,1,56,0.1,8,10,17689546377318465,16218335115978006,1471211261340459,73330936037847659,1117368700509201,800,1396710875636.5012,/nobackup/proj/disk/naiss2026-4-902/shared/yizhil/Avalanche/avalanche-master/search_result_texture-all/tagfex/order1/lr01/search_texture_tagfex__order-1__lr-01__seed-056__summary.json,/nobackup/proj/disk/naiss2026-4-902/shared/yizhil/Avalanche/avalanche-master/search_result_texture-all/tagfex/order1/lr01/log/search_texture_tagfex__order-1__lr-01__seed-056.log
texture-all,texture,tagfex,1,56,0.1,9,10,20911874661116116,19254204731861588,1657669929254528,94242810698963775,1334756385739808,883,1511615385888.7974,/nobackup/proj/disk/naiss2026-4-902/shared/yizhil/Avalanche/avalanche-master/search_result_texture-all/tagfex/order1/lr01/search_texture_tagfex__order-1__lr-01__seed-056__summary.json,/nobackup/proj/disk/naiss2026-4-902/shared/yizhil/Avalanche/avalanche-master/search_result_texture-all/tagfex/order1/lr01/log/search_texture_tagfex__order-1__lr-01__seed-056.log
texture-all,texture,tagfex,1,56,0.1,10,10,24240778878847287,22401785760999338,1838993117847949,118483589577811062,1561459166411781,960,1626519965012.272,/nobackup/proj/disk/naiss2026-4-902/shared/yizhil/Avalanche/avalanche-master/search_result_texture-all/tagfex/order1/lr01/search_texture_tagfex__order-1__lr-01__seed-056__summary.json,/nobackup/proj/disk/naiss2026-4-902/shared/yizhil/Avalanche/avalanche-master/search_result_texture-all/tagfex/order1/lr01/log/search_texture_tagfex__order-1__lr-01__seed-056.log
texture-all,texture,tagfex,2,52,0.01,1,10,2273018143876562,2263595961840634,9422182035928,2273018143876562,122601982676760,246,498382043401.46344,/nobackup/proj/disk/naiss2026-4-902/shared/yizhil/Avalanche/avalanche-master/search_result_texture-all/tagfex/order2/lr001/search_texture_tagfex__order-2__lr-001__seed-052__summary.json,/nobackup/proj/disk/naiss2026-4-902/shared/yizhil/Avalanche/avalanche-master/search_result_texture-all/tagfex/order2/lr001/log/search_texture_tagfex__order-2__lr-001__seed-052.log
texture-all,texture,tagfex,2,52,0.01,2,10,4073371741755978,3556816590853552,516555150902426,6346389885632540,227038478339882,321,707284979251.9689,/nobackup/proj/disk/naiss2026-4-902/shared/yizhil/Avalanche/avalanche-master/search_result_texture-all/tagfex/order2/lr001/search_texture_tagfex__order-2__lr-001__seed-052__summary.json,/nobackup/proj/disk/naiss2026-4-902/shared/yizhil/Avalanche/avalanche-master/search_result_texture-all/tagfex/order2/lr001/log/search_texture_tagfex__order-2__lr-001__seed-052.log
texture-all,texture,tagfex,2,52,0.01,3,10,5732757989630574,5070460455741756,662297533888818,12079147875263114,330519894095337,402,822188791281.9329,/nobackup/proj/disk/naiss2026-4-902/shared/yizhil/Avalanche/avalanche-master/search_result_texture-all/tagfex/order2/lr001/search_texture_tagfex__order-2__lr-001__seed-052__summary.json,/nobackup/proj/disk/naiss2026-4-902/shared/yizhil/Avalanche/avalanche-master/search_result_texture-all/tagfex/order2/lr001/log/search_texture_tagfex__order-2__lr-001__seed-052.log
texture-all,texture,tagfex,2,52,0.01,4,10,7598855766517013,6789668072429358,809187694087655,19678003641780127,449804662915319,480,937093047740.2479,/nobackup/proj/disk/naiss2026-4-902/shared/yizhil/Avalanche/avalanche-master/search_result_texture-all/tagfex/order2/lr001/search_texture_tagfex__order-2__lr-001__seed-052__summary.json,/nobackup/proj/disk/naiss2026-4-902/shared/yizhil/Avalanche/avalanche-master/search_result_texture-all/tagfex/order2/lr001/log/search_texture_tagfex__order-2__lr-001__seed-052.log
texture-all,texture,tagfex,2,52,0.01,5,10,9692530077049712,8732201065330352,960329011719360,29370533718829839,585962603653313,557,1051997493093.9192,/nobackup/proj/disk/naiss2026-4-902/shared/yizhil/Avalanche/avalanche-master/search_result_texture-all/tagfex/order2/lr001/search_texture_tagfex__order-2__lr-001__seed-052__summary.json,/nobackup/proj/disk/naiss2026-4-902/shared/yizhil/Avalanche/avalanche-master/search_result_texture-all/tagfex/order2/lr001/log/search_texture_tagfex__order-2__lr-001__seed-052.log
texture-all,texture,tagfex,2,52,0.01,6,10,12122900689806986,10996719460438778,1126181229368208,41493434408636825,745650461483704,639,1166902130647.424,/nobackup/proj/disk/naiss2026-4-902/shared/yizhil/Avalanche/avalanche-master/search_result_texture-all/tagfex/order2/lr001/search_texture_tagfex__order-2__lr-001__seed-052__summary.json,/nobackup/proj/disk/naiss2026-4-902/shared/yizhil/Avalanche/avalanche-master/search_result_texture-all/tagfex/order2/lr001/log/search_texture_tagfex__order-2__lr-001__seed-052.log
texture-all,texture,tagfex,2,52,0.01,7,10,14707266915210154,13417956493848680,1289310421361474,56200701323846979,917773513250534,716,1281806582752.1426,/nobackup/proj/disk/naiss2026-4-902/shared/yizhil/Avalanche/avalanche-master/search_result_texture-all/tagfex/order2/lr001/search_texture_tagfex__order-2__lr-001__seed-052__summary.json,/nobackup/proj/disk/naiss2026-4-902/shared/yizhil/Avalanche/avalanche-master/search_result_texture-all/tagfex/order2/lr001/log/search_texture_tagfex__order-2__lr-001__seed-052.log
texture-all,texture,tagfex,2,52,0.01,8,10,17667803624257870,16198431373662686,1469372250595184,73868504948104849,1115971995693194,799,1396710883220.518,/nobackup/proj/disk/naiss2026-4-902/shared/yizhil/Avalanche/avalanche-master/search_result_texture-all/tagfex/order2/lr001/search_texture_tagfex__order-2__lr-001__seed-052__summary.json,/nobackup/proj/disk/naiss2026-4-902/shared/yizhil/Avalanche/avalanche-master/search_result_texture-all/tagfex/order2/lr001/log/search_texture_tagfex__order-2__lr-001__seed-052.log
texture-all,texture,tagfex,2,52,0.01,9,10,20793460447983344,19145177215686268,1648283232297076,94661965396088193,1327198280757250,878,1511615353937.6423,/nobackup/proj/disk/naiss2026-4-902/shared/yizhil/Avalanche/avalanche-master/search_result_texture-all/tagfex/order2/lr001/search_texture_tagfex__order-2__lr-001__seed-052__summary.json,/nobackup/proj/disk/naiss2026-4-902/shared/yizhil/Avalanche/avalanche-master/search_result_texture-all/tagfex/order2/lr001/log/search_texture_tagfex__order-2__lr-001__seed-052.log
texture-all,texture,tagfex,2,52,0.01,10,10,24242996385779151,22404003257665602,1838993128113549,118904961781867344,1561459176677701,960,1626519975705.9385,/nobackup/proj/disk/naiss2026-4-902/shared/yizhil/Avalanche/avalanche-master/search_result_texture-all/tagfex/order2/lr001/search_texture_tagfex__order-2__lr-001__seed-052__summary.json,/nobackup/proj/disk/naiss2026-4-902/shared/yizhil/Avalanche/avalanche-master/search_result_texture-all/tagfex/order2/lr001/log/search_texture_tagfex__order-2__lr-001__seed-052.log
texture-all,texture,tagfex,2,52,0.05,1,10,2273018143876562,2263595961840634,9422182035928,2273018143876562,122601982676760,246,498382043401.46344,/nobackup/proj/disk/naiss2026-4-902/shared/yizhil/Avalanche/avalanche-master/search_result_texture-all/tagfex/order2/lr005/search_texture_tagfex__order-2__lr-005__seed-052__summary.json,/nobackup/proj/disk/naiss2026-4-902/shared/yizhil/Avalanche/avalanche-master/search_result_texture-all/tagfex/order2/lr005/log/search_texture_tagfex__order-2__lr-005__seed-052.log
texture-all,texture,tagfex,2,52,0.05,2,10,4073371741733054,3556816590830628,516555150902426,6346389885609616,227038478334302,321,707284979234.5857,/nobackup/proj/disk/naiss2026-4-902/shared/yizhil/Avalanche/avalanche-master/search_result_texture-all/tagfex/order2/lr005/search_texture_tagfex__order-2__lr-005__seed-052__summary.json,/nobackup/proj/disk/naiss2026-4-902/shared/yizhil/Avalanche/avalanche-master/search_result_texture-all/tagfex/order2/lr005/log/search_texture_tagfex__order-2__lr-005__seed-052.log
texture-all,texture,tagfex,2,52,0.05,3,10,5732757989549274,5070460455660456,662297533888818,12079147875158890,330519894090387,402,822188791269.6194,/nobackup/proj/disk/naiss2026-4-902/shared/yizhil/Avalanche/avalanche-master/search_result_texture-all/tagfex/order2/lr005/search_texture_tagfex__order-2__lr-005__seed-052__summary.json,/nobackup/proj/disk/naiss2026-4-902/shared/yizhil/Avalanche/avalanche-master/search_result_texture-all/tagfex/order2/lr005/log/search_texture_tagfex__order-2__lr-005__seed-052.log
texture-all,texture,tagfex,2,52,0.05,4,10,7598855766441415,6789668072353760,809187694087655,19678003641600305,449804662912273,480,937093047733.9021,/nobackup/proj/disk/naiss2026-4-902/shared/yizhil/Avalanche/avalanche-master/search_result_texture-all/tagfex/order2/lr005/search_texture_tagfex__order-2__lr-005__seed-052__summary.json,/nobackup/proj/disk/naiss2026-4-902/shared/yizhil/Avalanche/avalanche-master/search_result_texture-all/tagfex/order2/lr005/log/search_texture_tagfex__order-2__lr-005__seed-052.log
texture-all,texture,tagfex,2,52,0.05,5,10,9692530076961298,8732201065241938,960329011719360,29370533718561603,585962603646743,557,1051997493082.1239,/nobackup/proj/disk/naiss2026-4-902/shared/yizhil/Avalanche/avalanche-master/search_result_texture-all/tagfex/order2/lr005/search_texture_tagfex__order-2__lr-005__seed-052__summary.json,/nobackup/proj/disk/naiss2026-4-902/shared/yizhil/Avalanche/avalanche-master/search_result_texture-all/tagfex/order2/lr005/log/search_texture_tagfex__order-2__lr-005__seed-052.log
texture-all,texture,tagfex,2,52,0.05,6,10,12122900689804230,10996719460436022,1126181229368208,41493434408365833,745650461482358,639,1166902130645.3176,/nobackup/proj/disk/naiss2026-4-902/shared/yizhil/Avalanche/avalanche-master/search_result_texture-all/tagfex/order2/lr005/search_texture_tagfex__order-2__lr-005__seed-052__summary.json,/nobackup/proj/disk/naiss2026-4-902/shared/yizhil/Avalanche/avalanche-master/search_result_texture-all/tagfex/order2/lr005/log/search_texture_tagfex__order-2__lr-005__seed-052.log
texture-all,texture,tagfex,2,52,0.05,7,10,14707266915103888,13417956493742414,1289310421361474,56200701323469721,917773513242450,716,1281806582740.852,/nobackup/proj/disk/naiss2026-4-902/shared/yizhil/Avalanche/avalanche-master/search_result_texture-all/tagfex/order2/lr005/search_texture_tagfex__order-2__lr-005__seed-052__summary.json,/nobackup/proj/disk/naiss2026-4-902/shared/yizhil/Avalanche/avalanche-master/search_result_texture-all/tagfex/order2/lr005/log/search_texture_tagfex__order-2__lr-005__seed-052.log
texture-all,texture,tagfex,2,52,0.05,8,10,17667803624140228,16198431373545044,1469372250595184,73868504947609949,1115971995683160,799,1396710883207.96,/nobackup/proj/disk/naiss2026-4-902/shared/yizhil/Avalanche/avalanche-master/search_result_texture-all/tagfex/order2/lr005/search_texture_tagfex__order-2__lr-005__seed-052__summary.json,/nobackup/proj/disk/naiss2026-4-902/shared/yizhil/Avalanche/avalanche-master/search_result_texture-all/tagfex/order2/lr005/log/search_texture_tagfex__order-2__lr-005__seed-052.log
texture-all,texture,tagfex,2,52,0.05,9,10,20793460447948876,19145177215651800,1648283232297076,94661965395558825,1327198280757250,878,1511615353937.6423,/nobackup/proj/disk/naiss2026-4-902/shared/yizhil/Avalanche/avalanche-master/search_result_texture-all/tagfex/order2/lr005/search_texture_tagfex__order-2__lr-005__seed-052__summary.json,/nobackup/proj/disk/naiss2026-4-902/shared/yizhil/Avalanche/avalanche-master/search_result_texture-all/tagfex/order2/lr005/log/search_texture_tagfex__order-2__lr-005__seed-052.log
texture-all,texture,tagfex,2,52,0.05,10,10,24242996385741653,22404003257628104,1838993128113549,118904961781300478,1561459176670669,960,1626519975698.6135,/nobackup/proj/disk/naiss2026-4-902/shared/yizhil/Avalanche/avalanche-master/search_result_texture-all/tagfex/order2/lr005/search_texture_tagfex__order-2__lr-005__seed-052__summary.json,/nobackup/proj/disk/naiss2026-4-902/shared/yizhil/Avalanche/avalanche-master/search_result_texture-all/tagfex/order2/lr005/log/search_texture_tagfex__order-2__lr-005__seed-052.log
texture-all,texture,tagfex,2,52,0.1,1,10,2273018143876562,2263595961840634,9422182035928,2273018143876562,122601982676760,246,498382043401.46344,/nobackup/proj/disk/naiss2026-4-902/shared/yizhil/Avalanche/avalanche-master/search_result_texture-all/tagfex/order2/lr01/search_texture_tagfex__order-2__lr-01__seed-052__summary.json,/nobackup/proj/disk/naiss2026-4-902/shared/yizhil/Avalanche/avalanche-master/search_result_texture-all/tagfex/order2/lr01/log/search_texture_tagfex__order-2__lr-01__seed-052.log
texture-all,texture,tagfex,2,52,0.1,2,10,4073371741755878,3556816590853452,516555150902426,6346389885632440,227038478339832,321,707284979251.8131,/nobackup/proj/disk/naiss2026-4-902/shared/yizhil/Avalanche/avalanche-master/search_result_texture-all/tagfex/order2/lr01/search_texture_tagfex__order-2__lr-01__seed-052__summary.json,/nobackup/proj/disk/naiss2026-4-902/shared/yizhil/Avalanche/avalanche-master/search_result_texture-all/tagfex/order2/lr01/log/search_texture_tagfex__order-2__lr-01__seed-052.log
texture-all,texture,tagfex,2,52,0.1,3,10,5732757989630112,5070460455741294,662297533888818,12079147875262552,330519894095337,402,822188791281.9329,/nobackup/proj/disk/naiss2026-4-902/shared/yizhil/Avalanche/avalanche-master/search_result_texture-all/tagfex/order2/lr01/search_texture_tagfex__order-2__lr-01__seed-052__summary.json,/nobackup/proj/disk/naiss2026-4-902/shared/yizhil/Avalanche/avalanche-master/search_result_texture-all/tagfex/order2/lr01/log/search_texture_tagfex__order-2__lr-01__seed-052.log
texture-all,texture,tagfex,2,52,0.1,4,10,7598855766517013,6789668072429358,809187694087655,19678003641779565,449804662915319,480,937093047740.2479,/nobackup/proj/disk/naiss2026-4-902/shared/yizhil/Avalanche/avalanche-master/search_result_texture-all/tagfex/order2/lr01/search_texture_tagfex__order-2__lr-01__seed-052__summary.json,/nobackup/proj/disk/naiss2026-4-902/shared/yizhil/Avalanche/avalanche-master/search_result_texture-all/tagfex/order2/lr01/log/search_texture_tagfex__order-2__lr-01__seed-052.log
texture-all,texture,tagfex,2,52,0.1,5,10,9692530077049712,8732201065330352,960329011719360,29370533718829277,585962603653313,557,1051997493093.9192,/nobackup/proj/disk/naiss2026-4-902/shared/yizhil/Avalanche/avalanche-master/search_result_texture-all/tagfex/order2/lr01/search_texture_tagfex__order-2__lr-01__seed-052__summary.json,/nobackup/proj/disk/naiss2026-4-902/shared/yizhil/Avalanche/avalanche-master/search_result_texture-all/tagfex/order2/lr01/log/search_texture_tagfex__order-2__lr-01__seed-052.log
texture-all,texture,tagfex,2,52,0.1,6,10,12122900689806986,10996719460438778,1126181229368208,41493434408636263,745650461483704,639,1166902130647.424,/nobackup/proj/disk/naiss2026-4-902/shared/yizhil/Avalanche/avalanche-master/search_result_texture-all/tagfex/order2/lr01/search_texture_tagfex__order-2__lr-01__seed-052__summary.json,/nobackup/proj/disk/naiss2026-4-902/shared/yizhil/Avalanche/avalanche-master/search_result_texture-all/tagfex/order2/lr01/log/search_texture_tagfex__order-2__lr-01__seed-052.log
texture-all,texture,tagfex,2,52,0.1,7,10,14707266915210154,13417956493848680,1289310421361474,56200701323846417,917773513250534,716,1281806582752.1426,/nobackup/proj/disk/naiss2026-4-902/shared/yizhil/Avalanche/avalanche-master/search_result_texture-all/tagfex/order2/lr01/search_texture_tagfex__order-2__lr-01__seed-052__summary.json,/nobackup/proj/disk/naiss2026-4-902/shared/yizhil/Avalanche/avalanche-master/search_result_texture-all/tagfex/order2/lr01/log/search_texture_tagfex__order-2__lr-01__seed-052.log
texture-all,texture,tagfex,2,52,0.1,8,10,17667803624257870,16198431373662686,1469372250595184,73868504948104287,1115971995693194,799,1396710883220.518,/nobackup/proj/disk/naiss2026-4-902/shared/yizhil/Avalanche/avalanche-master/search_result_texture-all/tagfex/order2/lr01/search_texture_tagfex__order-2__lr-01__seed-052__summary.json,/nobackup/proj/disk/naiss2026-4-902/shared/yizhil/Avalanche/avalanche-master/search_result_texture-all/tagfex/order2/lr01/log/search_texture_tagfex__order-2__lr-01__seed-052.log
texture-all,texture,tagfex,2,52,0.1,9,10,20793460447983344,19145177215686268,1648283232297076,94661965396087631,1327198280757250,878,1511615353937.6423,/nobackup/proj/disk/naiss2026-4-902/shared/yizhil/Avalanche/avalanche-master/search_result_texture-all/tagfex/order2/lr01/search_texture_tagfex__order-2__lr-01__seed-052__summary.json,/nobackup/proj/disk/naiss2026-4-902/shared/yizhil/Avalanche/avalanche-master/search_result_texture-all/tagfex/order2/lr01/log/search_texture_tagfex__order-2__lr-01__seed-052.log
texture-all,texture,tagfex,2,52,0.1,10,10,24242996385779151,22404003257665602,1838993128113549,118904961781866782,1561459176677701,960,1626519975705.9385,/nobackup/proj/disk/naiss2026-4-902/shared/yizhil/Avalanche/avalanche-master/search_result_texture-all/tagfex/order2/lr01/search_texture_tagfex__order-2__lr-01__seed-052__summary.json,/nobackup/proj/disk/naiss2026-4-902/shared/yizhil/Avalanche/avalanche-master/search_result_texture-all/tagfex/order2/lr01/log/search_texture_tagfex__order-2__lr-01__seed-052.log
texture-all,texture,tagfex,2,53,0.01,1,10,2273018143876562,2263595961840634,9422182035928,2273018143876562,122601982676760,246,498382043401.46344,/nobackup/proj/disk/naiss2026-4-902/shared/yizhil/Avalanche/avalanche-master/search_result_texture-all/tagfex/order2/lr001/search_texture_tagfex__order-2__lr-001__seed-053__summary.json,/nobackup/proj/disk/naiss2026-4-902/shared/yizhil/Avalanche/avalanche-master/search_result_texture-all/tagfex/order2/lr001/log/search_texture_tagfex__order-2__lr-001__seed-053.log
texture-all,texture,tagfex,2,53,0.01,2,10,4073383298974300,3556828148071874,516555150902426,6346401442850862,227026921121560,321,707248975456.5732,/nobackup/proj/disk/naiss2026-4-902/shared/yizhil/Avalanche/avalanche-master/search_result_texture-all/tagfex/order2/lr001/search_texture_tagfex__order-2__lr-001__seed-053__summary.json,/nobackup/proj/disk/naiss2026-4-902/shared/yizhil/Avalanche/avalanche-master/search_result_texture-all/tagfex/order2/lr001/log/search_texture_tagfex__order-2__lr-001__seed-053.log
texture-all,texture,tagfex,2,53,0.01,3,10,5732550093655438,5070252559766620,662297533888818,12078951536506300,330519894095337,402,822188791281.9329,/nobackup/proj/disk/naiss2026-4-902/shared/yizhil/Avalanche/avalanche-master/search_result_texture-all/tagfex/order2/lr001/search_texture_tagfex__order-2__lr-001__seed-053__summary.json,/nobackup/proj/disk/naiss2026-4-902/shared/yizhil/Avalanche/avalanche-master/search_result_texture-all/tagfex/order2/lr001/log/search_texture_tagfex__order-2__lr-001__seed-053.log
texture-all,texture,tagfex,2,53,0.01,4,10,7598855766517013,6789668072429358,809187694087655,19677807303023313,449804662915319,480,937093047740.2479,/nobackup/proj/disk/naiss2026-4-902/shared/yizhil/Avalanche/avalanche-master/search_result_texture-all/tagfex/order2/lr001/search_texture_tagfex__order-2__lr-001__seed-053__summary.json,/nobackup/proj/disk/naiss2026-4-902/shared/yizhil/Avalanche/avalanche-master/search_result_texture-all/tagfex/order2/lr001/log/search_texture_tagfex__order-2__lr-001__seed-053.log
texture-all,texture,tagfex,2,53,0.01,5,10,9692530077049712,8732201065330352,960329011719360,29370337380073025,585962603653313,557,1051997493093.9192,/nobackup/proj/disk/naiss2026-4-902/shared/yizhil/Avalanche/avalanche-master/search_result_texture-all/tagfex/order2/lr001/search_texture_tagfex__order-2__lr-001__seed-053__summary.json,/nobackup/proj/disk/naiss2026-4-902/shared/yizhil/Avalanche/avalanche-master/search_result_texture-all/tagfex/order2/lr001/log/search_texture_tagfex__order-2__lr-001__seed-053.log
texture-all,texture,tagfex,2,53,0.01,6,10,12122900689806986,10996719460438778,1126181229368208,41493238069880011,745650461483704,639,1166902130647.424,/nobackup/proj/disk/naiss2026-4-902/shared/yizhil/Avalanche/avalanche-master/search_result_texture-all/tagfex/order2/lr001/search_texture_tagfex__order-2__lr-001__seed-053__summary.json,/nobackup/proj/disk/naiss2026-4-902/shared/yizhil/Avalanche/avalanche-master/search_result_texture-all/tagfex/order2/lr001/log/search_texture_tagfex__order-2__lr-001__seed-053.log
texture-all,texture,tagfex,2,53,0.01,7,10,14707405515153570,13418095093792096,1289310421361474,56200643585033581,917773513250534,716,1281806582752.1426,/nobackup/proj/disk/naiss2026-4-902/shared/yizhil/Avalanche/avalanche-master/search_result_texture-all/tagfex/order2/lr001/search_texture_tagfex__order-2__lr-001__seed-053__summary.json,/nobackup/proj/disk/naiss2026-4-902/shared/yizhil/Avalanche/avalanche-master/search_result_texture-all/tagfex/order2/lr001/log/search_texture_tagfex__order-2__lr-001__seed-053.log
texture-all,texture,tagfex,2,53,0.01,8,10,17667064458704838,16197692208109654,1469372250595184,73867708043738419,1115971995693194,799,1396710883220.518,/nobackup/proj/disk/naiss2026-4-902/shared/yizhil/Avalanche/avalanche-master/search_result_texture-all/tagfex/order2/lr001/search_texture_tagfex__order-2__lr-001__seed-053__summary.json,/nobackup/proj/disk/naiss2026-4-902/shared/yizhil/Avalanche/avalanche-master/search_result_texture-all/tagfex/order2/lr001/log/search_texture_tagfex__order-2__lr-001__seed-053.log
texture-all,texture,tagfex,2,53,0.01,9,10,20792721282430184,19144438050133108,1648283232297076,94660429326168603,1327198280757250,878,1511615353937.6423,/nobackup/proj/disk/naiss2026-4-902/shared/yizhil/Avalanche/avalanche-master/search_result_texture-all/tagfex/order2/lr001/search_texture_tagfex__order-2__lr-001__seed-053__summary.json,/nobackup/proj/disk/naiss2026-4-902/shared/yizhil/Avalanche/avalanche-master/search_result_texture-all/tagfex/order2/lr001/log/search_texture_tagfex__order-2__lr-001__seed-053.log
texture-all,texture,tagfex,2,53,0.01,10,10,24242996385779151,22404003257665602,1838993128113549,118903425711947754,1561459176677701,960,1626519975705.9385,/nobackup/proj/disk/naiss2026-4-902/shared/yizhil/Avalanche/avalanche-master/search_result_texture-all/tagfex/order2/lr001/search_texture_tagfex__order-2__lr-001__seed-053__summary.json,/nobackup/proj/disk/naiss2026-4-902/shared/yizhil/Avalanche/avalanche-master/search_result_texture-all/tagfex/order2/lr001/log/search_texture_tagfex__order-2__lr-001__seed-053.log
texture-all,texture,tagfex,2,53,0.05,1,10,2273018143876562,2263595961840634,9422182035928,2273018143876562,122601982676760,246,498382043401.46344,/nobackup/proj/disk/naiss2026-4-902/shared/yizhil/Avalanche/avalanche-master/search_result_texture-all/tagfex/order2/lr005/search_texture_tagfex__order-2__lr-005__seed-053__summary.json,/nobackup/proj/disk/naiss2026-4-902/shared/yizhil/Avalanche/avalanche-master/search_result_texture-all/tagfex/order2/lr005/log/search_texture_tagfex__order-2__lr-005__seed-053.log
texture-all,texture,tagfex,2,53,0.05,2,10,4073383298965718,3556828148063292,516555150902426,6346401442842280,227026921121560,321,707248975456.5732,/nobackup/proj/disk/naiss2026-4-902/shared/yizhil/Avalanche/avalanche-master/search_result_texture-all/tagfex/order2/lr005/search_texture_tagfex__order-2__lr-005__seed-053__summary.json,/nobackup/proj/disk/naiss2026-4-902/shared/yizhil/Avalanche/avalanche-master/search_result_texture-all/tagfex/order2/lr005/log/search_texture_tagfex__order-2__lr-005__seed-053.log
texture-all,texture,tagfex,2,53,0.05,3,10,5732550093625554,5070252559736736,662297533888818,12078951536467834,330519894092591,402,822188791275.102,/nobackup/proj/disk/naiss2026-4-902/shared/yizhil/Avalanche/avalanche-master/search_result_texture-all/tagfex/order2/lr005/search_texture_tagfex__order-2__lr-005__seed-053__summary.json,/nobackup/proj/disk/naiss2026-4-902/shared/yizhil/Avalanche/avalanche-master/search_result_texture-all/tagfex/order2/lr005/log/search_texture_tagfex__order-2__lr-005__seed-053.log
texture-all,texture,tagfex,2,53,0.05,4,10,7598855766511545,6789668072423890,809187694087655,19677807302979379,449804662913483,480,937093047736.423,/nobackup/proj/disk/naiss2026-4-902/shared/yizhil/Avalanche/avalanche-master/search_result_texture-all/tagfex/order2/lr005/search_texture_tagfex__order-2__lr-005__seed-053__summary.json,/nobackup/proj/disk/naiss2026-4-902/shared/yizhil/Avalanche/avalanche-master/search_result_texture-all/tagfex/order2/lr005/log/search_texture_tagfex__order-2__lr-005__seed-053.log
texture-all,texture,tagfex,2,53,0.05,5,10,9692530077049712,8732201065330352,960329011719360,29370337380029091,585962603653313,557,1051997493093.9192,/nobackup/proj/disk/naiss2026-4-902/shared/yizhil/Avalanche/avalanche-master/search_result_texture-all/tagfex/order2/lr005/search_texture_tagfex__order-2__lr-005__seed-053__summary.json,/nobackup/proj/disk/naiss2026-4-902/shared/yizhil/Avalanche/avalanche-master/search_result_texture-all/tagfex/order2/lr005/log/search_texture_tagfex__order-2__lr-005__seed-053.log
texture-all,texture,tagfex,2,53,0.05,6,10,12122900689806986,10996719460438778,1126181229368208,41493238069836077,745650461483704,639,1166902130647.424,/nobackup/proj/disk/naiss2026-4-902/shared/yizhil/Avalanche/avalanche-master/search_result_texture-all/tagfex/order2/lr005/search_texture_tagfex__order-2__lr-005__seed-053__summary.json,/nobackup/proj/disk/naiss2026-4-902/shared/yizhil/Avalanche/avalanche-master/search_result_texture-all/tagfex/order2/lr005/log/search_texture_tagfex__order-2__lr-005__seed-053.log
texture-all,texture,tagfex,2,53,0.05,7,10,14707405515153570,13418095093792096,1289310421361474,56200643584989647,917773513250534,716,1281806582752.1426,/nobackup/proj/disk/naiss2026-4-902/shared/yizhil/Avalanche/avalanche-master/search_result_texture-all/tagfex/order2/lr005/search_texture_tagfex__order-2__lr-005__seed-053__summary.json,/nobackup/proj/disk/naiss2026-4-902/shared/yizhil/Avalanche/avalanche-master/search_result_texture-all/tagfex/order2/lr005/log/search_texture_tagfex__order-2__lr-005__seed-053.log
texture-all,texture,tagfex,2,53,0.05,8,10,17667064458704838,16197692208109654,1469372250595184,73867708043694485,1115971995693194,799,1396710883220.518,/nobackup/proj/disk/naiss2026-4-902/shared/yizhil/Avalanche/avalanche-master/search_result_texture-all/tagfex/order2/lr005/search_texture_tagfex__order-2__lr-005__seed-053__summary.json,/nobackup/proj/disk/naiss2026-4-902/shared/yizhil/Avalanche/avalanche-master/search_result_texture-all/tagfex/order2/lr005/log/search_texture_tagfex__order-2__lr-005__seed-053.log
texture-all,texture,tagfex,2,53,0.05,9,10,20792721282430184,19144438050133108,1648283232297076,94660429326124669,1327198280757250,878,1511615353937.6423,/nobackup/proj/disk/naiss2026-4-902/shared/yizhil/Avalanche/avalanche-master/search_result_texture-all/tagfex/order2/lr005/search_texture_tagfex__order-2__lr-005__seed-053__summary.json,/nobackup/proj/disk/naiss2026-4-902/shared/yizhil/Avalanche/avalanche-master/search_result_texture-all/tagfex/order2/lr005/log/search_texture_tagfex__order-2__lr-005__seed-053.log
texture-all,texture,tagfex,2,53,0.05,10,10,24242996385779151,22404003257665602,1838993128113549,118903425711903820,1561459176677701,960,1626519975705.9385,/nobackup/proj/disk/naiss2026-4-902/shared/yizhil/Avalanche/avalanche-master/search_result_texture-all/tagfex/order2/lr005/search_texture_tagfex__order-2__lr-005__seed-053__summary.json,/nobackup/proj/disk/naiss2026-4-902/shared/yizhil/Avalanche/avalanche-master/search_result_texture-all/tagfex/order2/lr005/log/search_texture_tagfex__order-2__lr-005__seed-053.log
texture-all,texture,tagfex,2,53,0.1,1,10,2273018143876562,2263595961840634,9422182035928,2273018143876562,122601982676760,246,498382043401.46344,/nobackup/proj/disk/naiss2026-4-902/shared/yizhil/Avalanche/avalanche-master/search_result_texture-all/tagfex/order2/lr01/search_texture_tagfex__order-2__lr-01__seed-053__summary.json,/nobackup/proj/disk/naiss2026-4-902/shared/yizhil/Avalanche/avalanche-master/search_result_texture-all/tagfex/order2/lr01/log/search_texture_tagfex__order-2__lr-01__seed-053.log
texture-all,texture,tagfex,2,53,0.1,2,10,4073383298974200,3556828148071774,516555150902426,6346401442850762,227026921121560,321,707248975456.5732,/nobackup/proj/disk/naiss2026-4-902/shared/yizhil/Avalanche/avalanche-master/search_result_texture-all/tagfex/order2/lr01/search_texture_tagfex__order-2__lr-01__seed-053__summary.json,/nobackup/proj/disk/naiss2026-4-902/shared/yizhil/Avalanche/avalanche-master/search_result_texture-all/tagfex/order2/lr01/log/search_texture_tagfex__order-2__lr-01__seed-053.log
texture-all,texture,tagfex,2,53,0.1,3,10,5732550093655438,5070252559766620,662297533888818,12078951536506200,330519894095337,402,822188791281.9329,/nobackup/proj/disk/naiss2026-4-902/shared/yizhil/Avalanche/avalanche-master/search_result_texture-all/tagfex/order2/lr01/search_texture_tagfex__order-2__lr-01__seed-053__summary.json,/nobackup/proj/disk/naiss2026-4-902/shared/yizhil/Avalanche/avalanche-master/search_result_texture-all/tagfex/order2/lr01/log/search_texture_tagfex__order-2__lr-01__seed-053.log
texture-all,texture,tagfex,2,53,0.1,4,10,7598855766517013,6789668072429358,809187694087655,19677807303023213,449804662915319,480,937093047740.2479,/nobackup/proj/disk/naiss2026-4-902/shared/yizhil/Avalanche/avalanche-master/search_result_texture-all/tagfex/order2/lr01/search_texture_tagfex__order-2__lr-01__seed-053__summary.json,/nobackup/proj/disk/naiss2026-4-902/shared/yizhil/Avalanche/avalanche-master/search_result_texture-all/tagfex/order2/lr01/log/search_texture_tagfex__order-2__lr-01__seed-053.log
texture-all,texture,tagfex,2,53,0.1,5,10,9692530077049712,8732201065330352,960329011719360,29370337380072925,585962603653313,557,1051997493093.9192,/nobackup/proj/disk/naiss2026-4-902/shared/yizhil/Avalanche/avalanche-master/search_result_texture-all/tagfex/order2/lr01/search_texture_tagfex__order-2__lr-01__seed-053__summary.json,/nobackup/proj/disk/naiss2026-4-902/shared/yizhil/Avalanche/avalanche-master/search_result_texture-all/tagfex/order2/lr01/log/search_texture_tagfex__order-2__lr-01__seed-053.log
texture-all,texture,tagfex,2,53,0.1,6,10,12122900689806986,10996719460438778,1126181229368208,41493238069879911,745650461483704,639,1166902130647.424,/nobackup/proj/disk/naiss2026-4-902/shared/yizhil/Avalanche/avalanche-master/search_result_texture-all/tagfex/order2/lr01/search_texture_tagfex__order-2__lr-01__seed-053__summary.json,/nobackup/proj/disk/naiss2026-4-902/shared/yizhil/Avalanche/avalanche-master/search_result_texture-all/tagfex/order2/lr01/log/search_texture_tagfex__order-2__lr-01__seed-053.log
texture-all,texture,tagfex,2,53,0.1,7,10,14707405515153570,13418095093792096,1289310421361474,56200643585033481,917773513250534,716,1281806582752.1426,/nobackup/proj/disk/naiss2026-4-902/shared/yizhil/Avalanche/avalanche-master/search_result_texture-all/tagfex/order2/lr01/search_texture_tagfex__order-2__lr-01__seed-053__summary.json,/nobackup/proj/disk/naiss2026-4-902/shared/yizhil/Avalanche/avalanche-master/search_result_texture-all/tagfex/order2/lr01/log/search_texture_tagfex__order-2__lr-01__seed-053.log
texture-all,texture,tagfex,2,53,0.1,8,10,17667064458704838,16197692208109654,1469372250595184,73867708043738319,1115971995693194,799,1396710883220.518,/nobackup/proj/disk/naiss2026-4-902/shared/yizhil/Avalanche/avalanche-master/search_result_texture-all/tagfex/order2/lr01/search_texture_tagfex__order-2__lr-01__seed-053__summary.json,/nobackup/proj/disk/naiss2026-4-902/shared/yizhil/Avalanche/avalanche-master/search_result_texture-all/tagfex/order2/lr01/log/search_texture_tagfex__order-2__lr-01__seed-053.log
texture-all,texture,tagfex,2,53,0.1,9,10,20792721282430184,19144438050133108,1648283232297076,94660429326168503,1327198280757250,878,1511615353937.6423,/nobackup/proj/disk/naiss2026-4-902/shared/yizhil/Avalanche/avalanche-master/search_result_texture-all/tagfex/order2/lr01/search_texture_tagfex__order-2__lr-01__seed-053__summary.json,/nobackup/proj/disk/naiss2026-4-902/shared/yizhil/Avalanche/avalanche-master/search_result_texture-all/tagfex/order2/lr01/log/search_texture_tagfex__order-2__lr-01__seed-053.log
texture-all,texture,tagfex,2,53,0.1,10,10,24242996385779151,22404003257665602,1838993128113549,118903425711947654,1561459176677701,960,1626519975705.9385,/nobackup/proj/disk/naiss2026-4-902/shared/yizhil/Avalanche/avalanche-master/search_result_texture-all/tagfex/order2/lr01/search_texture_tagfex__order-2__lr-01__seed-053__summary.json,/nobackup/proj/disk/naiss2026-4-902/shared/yizhil/Avalanche/avalanche-master/search_result_texture-all/tagfex/order2/lr01/log/search_texture_tagfex__order-2__lr-01__seed-053.log
texture-all,texture,tagfex,2,54,0.01,1,10,2273018143876562,2263595961840634,9422182035928,2273018143876562,122601982676760,246,498382043401.46344,/nobackup/proj/disk/naiss2026-4-902/shared/yizhil/Avalanche/avalanche-master/search_result_texture-all/tagfex/order2/lr001/search_texture_tagfex__order-2__lr-001__seed-054__summary.json,/nobackup/proj/disk/naiss2026-4-902/shared/yizhil/Avalanche/avalanche-master/search_result_texture-all/tagfex/order2/lr001/log/search_texture_tagfex__order-2__lr-001__seed-054.log
texture-all,texture,tagfex,2,54,0.01,2,10,4073383298974250,3556828148071824,516555150902426,6346401442850812,227026921121560,321,707248975456.5732,/nobackup/proj/disk/naiss2026-4-902/shared/yizhil/Avalanche/avalanche-master/search_result_texture-all/tagfex/order2/lr001/search_texture_tagfex__order-2__lr-001__seed-054__summary.json,/nobackup/proj/disk/naiss2026-4-902/shared/yizhil/Avalanche/avalanche-master/search_result_texture-all/tagfex/order2/lr001/log/search_texture_tagfex__order-2__lr-001__seed-054.log
texture-all,texture,tagfex,2,54,0.01,3,10,5732757989630574,5070460455741756,662297533888818,12079159432481386,330519894095337,402,822188791281.9329,/nobackup/proj/disk/naiss2026-4-902/shared/yizhil/Avalanche/avalanche-master/search_result_texture-all/tagfex/order2/lr001/search_texture_tagfex__order-2__lr-001__seed-054__summary.json,/nobackup/proj/disk/naiss2026-4-902/shared/yizhil/Avalanche/avalanche-master/search_result_texture-all/tagfex/order2/lr001/log/search_texture_tagfex__order-2__lr-001__seed-054.log
texture-all,texture,tagfex,2,54,0.01,4,10,7598855766517013,6789668072429358,809187694087655,19678015198998399,449804662915319,480,937093047740.2479,/nobackup/proj/disk/naiss2026-4-902/shared/yizhil/Avalanche/avalanche-master/search_result_texture-all/tagfex/order2/lr001/search_texture_tagfex__order-2__lr-001__seed-054__summary.json,/nobackup/proj/disk/naiss2026-4-902/shared/yizhil/Avalanche/avalanche-master/search_result_texture-all/tagfex/order2/lr001/log/search_texture_tagfex__order-2__lr-001__seed-054.log
texture-all,texture,tagfex,2,54,0.01,5,10,9692530077049712,8732201065330352,960329011719360,29370545276048111,585962603653313,557,1051997493093.9192,/nobackup/proj/disk/naiss2026-4-902/shared/yizhil/Avalanche/avalanche-master/search_result_texture-all/tagfex/order2/lr001/search_texture_tagfex__order-2__lr-001__seed-054__summary.json,/nobackup/proj/disk/naiss2026-4-902/shared/yizhil/Avalanche/avalanche-master/search_result_texture-all/tagfex/order2/lr001/log/search_texture_tagfex__order-2__lr-001__seed-054.log
texture-all,texture,tagfex,2,54,0.01,6,10,12122900689806986,10996719460438778,1126181229368208,41493445965855097,745650461483704,639,1166902130647.424,/nobackup/proj/disk/naiss2026-4-902/shared/yizhil/Avalanche/avalanche-master/search_result_texture-all/tagfex/order2/lr001/search_texture_tagfex__order-2__lr-001__seed-054__summary.json,/nobackup/proj/disk/naiss2026-4-902/shared/yizhil/Avalanche/avalanche-master/search_result_texture-all/tagfex/order2/lr001/log/search_texture_tagfex__order-2__lr-001__seed-054.log
texture-all,texture,tagfex,2,54,0.01,7,10,14707405515153570,13418095093792096,1289310421361474,56200851481008667,917773513250534,716,1281806582752.1426,/nobackup/proj/disk/naiss2026-4-902/shared/yizhil/Avalanche/avalanche-master/search_result_texture-all/tagfex/order2/lr001/search_texture_tagfex__order-2__lr-001__seed-054__summary.json,/nobackup/proj/disk/naiss2026-4-902/shared/yizhil/Avalanche/avalanche-master/search_result_texture-all/tagfex/order2/lr001/log/search_texture_tagfex__order-2__lr-001__seed-054.log
texture-all,texture,tagfex,2,54,0.01,8,10,17667445586880156,16198073336284972,1469372250595184,73868297067888823,1115971995693194,799,1396710883220.518,/nobackup/proj/disk/naiss2026-4-902/shared/yizhil/Avalanche/avalanche-master/search_result_texture-all/tagfex/order2/lr001/search_texture_tagfex__order-2__lr-001__seed-054__summary.json,/nobackup/proj/disk/naiss2026-4-902/shared/yizhil/Avalanche/avalanche-master/search_result_texture-all/tagfex/order2/lr001/log/search_texture_tagfex__order-2__lr-001__seed-054.log
texture-all,texture,tagfex,2,54,0.01,9,10,20793460447983344,19145177215686268,1648283232297076,94661757515872167,1327198280757250,878,1511615353937.6423,/nobackup/proj/disk/naiss2026-4-902/shared/yizhil/Avalanche/avalanche-master/search_result_texture-all/tagfex/order2/lr001/search_texture_tagfex__order-2__lr-001__seed-054__summary.json,/nobackup/proj/disk/naiss2026-4-902/shared/yizhil/Avalanche/avalanche-master/search_result_texture-all/tagfex/order2/lr001/log/search_texture_tagfex__order-2__lr-001__seed-054.log
texture-all,texture,tagfex,2,54,0.01,10,10,24242996385779151,22404003257665602,1838993128113549,118904753901651318,1561459176677701,960,1626519975705.9385,/nobackup/proj/disk/naiss2026-4-902/shared/yizhil/Avalanche/avalanche-master/search_result_texture-all/tagfex/order2/lr001/search_texture_tagfex__order-2__lr-001__seed-054__summary.json,/nobackup/proj/disk/naiss2026-4-902/shared/yizhil/Avalanche/avalanche-master/search_result_texture-all/tagfex/order2/lr001/log/search_texture_tagfex__order-2__lr-001__seed-054.log
texture-all,texture,tagfex,2,54,0.05,1,10,2273018143876562,2263595961840634,9422182035928,2273018143876562,122601982676760,246,498382043401.46344,/nobackup/proj/disk/naiss2026-4-902/shared/yizhil/Avalanche/avalanche-master/search_result_texture-all/tagfex/order2/lr005/search_texture_tagfex__order-2__lr-005__seed-054__summary.json,/nobackup/proj/disk/naiss2026-4-902/shared/yizhil/Avalanche/avalanche-master/search_result_texture-all/tagfex/order2/lr005/log/search_texture_tagfex__order-2__lr-005__seed-054.log
texture-all,texture,tagfex,2,54,0.05,2,10,4073383298974200,3556828148071774,516555150902426,6346401442850762,227026921121560,321,707248975456.5732,/nobackup/proj/disk/naiss2026-4-902/shared/yizhil/Avalanche/avalanche-master/search_result_texture-all/tagfex/order2/lr005/search_texture_tagfex__order-2__lr-005__seed-054__summary.json,/nobackup/proj/disk/naiss2026-4-902/shared/yizhil/Avalanche/avalanche-master/search_result_texture-all/tagfex/order2/lr005/log/search_texture_tagfex__order-2__lr-005__seed-054.log
texture-all,texture,tagfex,2,54,0.05,3,10,5732757989629970,5070460455741152,662297533888818,12079159432480732,330519894095337,402,822188791281.9329,/nobackup/proj/disk/naiss2026-4-902/shared/yizhil/Avalanche/avalanche-master/search_result_texture-all/tagfex/order2/lr005/search_texture_tagfex__order-2__lr-005__seed-054__summary.json,/nobackup/proj/disk/naiss2026-4-902/shared/yizhil/Avalanche/avalanche-master/search_result_texture-all/tagfex/order2/lr005/log/search_texture_tagfex__order-2__lr-005__seed-054.log
texture-all,texture,tagfex,2,54,0.05,4,10,7598855766517013,6789668072429358,809187694087655,19678015198997745,449804662915319,480,937093047740.2479,/nobackup/proj/disk/naiss2026-4-902/shared/yizhil/Avalanche/avalanche-master/search_result_texture-all/tagfex/order2/lr005/search_texture_tagfex__order-2__lr-005__seed-054__summary.json,/nobackup/proj/disk/naiss2026-4-902/shared/yizhil/Avalanche/avalanche-master/search_result_texture-all/tagfex/order2/lr005/log/search_texture_tagfex__order-2__lr-005__seed-054.log
texture-all,texture,tagfex,2,54,0.05,5,10,9692530077049712,8732201065330352,960329011719360,29370545276047457,585962603653313,557,1051997493093.9192,/nobackup/proj/disk/naiss2026-4-902/shared/yizhil/Avalanche/avalanche-master/search_result_texture-all/tagfex/order2/lr005/search_texture_tagfex__order-2__lr-005__seed-054__summary.json,/nobackup/proj/disk/naiss2026-4-902/shared/yizhil/Avalanche/avalanche-master/search_result_texture-all/tagfex/order2/lr005/log/search_texture_tagfex__order-2__lr-005__seed-054.log
texture-all,texture,tagfex,2,54,0.05,6,10,12122900689806986,10996719460438778,1126181229368208,41493445965854443,745650461483704,639,1166902130647.424,/nobackup/proj/disk/naiss2026-4-902/shared/yizhil/Avalanche/avalanche-master/search_result_texture-all/tagfex/order2/lr005/search_texture_tagfex__order-2__lr-005__seed-054__summary.json,/nobackup/proj/disk/naiss2026-4-902/shared/yizhil/Avalanche/avalanche-master/search_result_texture-all/tagfex/order2/lr005/log/search_texture_tagfex__order-2__lr-005__seed-054.log
texture-all,texture,tagfex,2,54,0.05,7,10,14707405515153570,13418095093792096,1289310421361474,56200851481008013,917773513250534,716,1281806582752.1426,/nobackup/proj/disk/naiss2026-4-902/shared/yizhil/Avalanche/avalanche-master/search_result_texture-all/tagfex/order2/lr005/search_texture_tagfex__order-2__lr-005__seed-054__summary.json,/nobackup/proj/disk/naiss2026-4-902/shared/yizhil/Avalanche/avalanche-master/search_result_texture-all/tagfex/order2/lr005/log/search_texture_tagfex__order-2__lr-005__seed-054.log
texture-all,texture,tagfex,2,54,0.05,8,10,17667445586880156,16198073336284972,1469372250595184,73868297067888169,1115971995693194,799,1396710883220.518,/nobackup/proj/disk/naiss2026-4-902/shared/yizhil/Avalanche/avalanche-master/search_result_texture-all/tagfex/order2/lr005/search_texture_tagfex__order-2__lr-005__seed-054__summary.json,/nobackup/proj/disk/naiss2026-4-902/shared/yizhil/Avalanche/avalanche-master/search_result_texture-all/tagfex/order2/lr005/log/search_texture_tagfex__order-2__lr-005__seed-054.log
texture-all,texture,tagfex,2,54,0.05,9,10,20793460447983344,19145177215686268,1648283232297076,94661757515871513,1327198280757250,878,1511615353937.6423,/nobackup/proj/disk/naiss2026-4-902/shared/yizhil/Avalanche/avalanche-master/search_result_texture-all/tagfex/order2/lr005/search_texture_tagfex__order-2__lr-005__seed-054__summary.json,/nobackup/proj/disk/naiss2026-4-902/shared/yizhil/Avalanche/avalanche-master/search_result_texture-all/tagfex/order2/lr005/log/search_texture_tagfex__order-2__lr-005__seed-054.log
texture-all,texture,tagfex,2,54,0.05,10,10,24242996385779151,22404003257665602,1838993128113549,118904753901650664,1561459176677701,960,1626519975705.9385,/nobackup/proj/disk/naiss2026-4-902/shared/yizhil/Avalanche/avalanche-master/search_result_texture-all/tagfex/order2/lr005/search_texture_tagfex__order-2__lr-005__seed-054__summary.json,/nobackup/proj/disk/naiss2026-4-902/shared/yizhil/Avalanche/avalanche-master/search_result_texture-all/tagfex/order2/lr005/log/search_texture_tagfex__order-2__lr-005__seed-054.log
texture-all,texture,tagfex,2,54,0.1,1,10,2273018143876562,2263595961840634,9422182035928,2273018143876562,122601982676760,246,498382043401.46344,/nobackup/proj/disk/naiss2026-4-902/shared/yizhil/Avalanche/avalanche-master/search_result_texture-all/tagfex/order2/lr01/search_texture_tagfex__order-2__lr-01__seed-054__summary.json,/nobackup/proj/disk/naiss2026-4-902/shared/yizhil/Avalanche/avalanche-master/search_result_texture-all/tagfex/order2/lr01/log/search_texture_tagfex__order-2__lr-01__seed-054.log
texture-all,texture,tagfex,2,54,0.1,2,10,4073383298974300,3556828148071874,516555150902426,6346401442850862,227026921121560,321,707248975456.5732,/nobackup/proj/disk/naiss2026-4-902/shared/yizhil/Avalanche/avalanche-master/search_result_texture-all/tagfex/order2/lr01/search_texture_tagfex__order-2__lr-01__seed-054__summary.json,/nobackup/proj/disk/naiss2026-4-902/shared/yizhil/Avalanche/avalanche-master/search_result_texture-all/tagfex/order2/lr01/log/search_texture_tagfex__order-2__lr-01__seed-054.log
texture-all,texture,tagfex,2,54,0.1,3,10,5732757989630574,5070460455741756,662297533888818,12079159432481436,330519894095337,402,822188791281.9329,/nobackup/proj/disk/naiss2026-4-902/shared/yizhil/Avalanche/avalanche-master/search_result_texture-all/tagfex/order2/lr01/search_texture_tagfex__order-2__lr-01__seed-054__summary.json,/nobackup/proj/disk/naiss2026-4-902/shared/yizhil/Avalanche/avalanche-master/search_result_texture-all/tagfex/order2/lr01/log/search_texture_tagfex__order-2__lr-01__seed-054.log
texture-all,texture,tagfex,2,54,0.1,4,10,7598855766517013,6789668072429358,809187694087655,19678015198998449,449804662915319,480,937093047740.2479,/nobackup/proj/disk/naiss2026-4-902/shared/yizhil/Avalanche/avalanche-master/search_result_texture-all/tagfex/order2/lr01/search_texture_tagfex__order-2__lr-01__seed-054__summary.json,/nobackup/proj/disk/naiss2026-4-902/shared/yizhil/Avalanche/avalanche-master/search_result_texture-all/tagfex/order2/lr01/log/search_texture_tagfex__order-2__lr-01__seed-054.log
texture-all,texture,tagfex,2,54,0.1,5,10,9692530077049712,8732201065330352,960329011719360,29370545276048161,585962603653313,557,1051997493093.9192,/nobackup/proj/disk/naiss2026-4-902/shared/yizhil/Avalanche/avalanche-master/search_result_texture-all/tagfex/order2/lr01/search_texture_tagfex__order-2__lr-01__seed-054__summary.json,/nobackup/proj/disk/naiss2026-4-902/shared/yizhil/Avalanche/avalanche-master/search_result_texture-all/tagfex/order2/lr01/log/search_texture_tagfex__order-2__lr-01__seed-054.log
texture-all,texture,tagfex,2,54,0.1,6,10,12122900689806986,10996719460438778,1126181229368208,41493445965855147,745650461483704,639,1166902130647.424,/nobackup/proj/disk/naiss2026-4-902/shared/yizhil/Avalanche/avalanche-master/search_result_texture-all/tagfex/order2/lr01/search_texture_tagfex__order-2__lr-01__seed-054__summary.json,/nobackup/proj/disk/naiss2026-4-902/shared/yizhil/Avalanche/avalanche-master/search_result_texture-all/tagfex/order2/lr01/log/search_texture_tagfex__order-2__lr-01__seed-054.log
texture-all,texture,tagfex,2,54,0.1,7,10,14707405515153570,13418095093792096,1289310421361474,56200851481008717,917773513250534,716,1281806582752.1426,/nobackup/proj/disk/naiss2026-4-902/shared/yizhil/Avalanche/avalanche-master/search_result_texture-all/tagfex/order2/lr01/search_texture_tagfex__order-2__lr-01__seed-054__summary.json,/nobackup/proj/disk/naiss2026-4-902/shared/yizhil/Avalanche/avalanche-master/search_result_texture-all/tagfex/order2/lr01/log/search_texture_tagfex__order-2__lr-01__seed-054.log
texture-all,texture,tagfex,2,54,0.1,8,10,17667445586880156,16198073336284972,1469372250595184,73868297067888873,1115971995693194,799,1396710883220.518,/nobackup/proj/disk/naiss2026-4-902/shared/yizhil/Avalanche/avalanche-master/search_result_texture-all/tagfex/order2/lr01/search_texture_tagfex__order-2__lr-01__seed-054__summary.json,/nobackup/proj/disk/naiss2026-4-902/shared/yizhil/Avalanche/avalanche-master/search_result_texture-all/tagfex/order2/lr01/log/search_texture_tagfex__order-2__lr-01__seed-054.log
texture-all,texture,tagfex,2,54,0.1,9,10,20793460447983344,19145177215686268,1648283232297076,94661757515872217,1327198280757250,878,1511615353937.6423,/nobackup/proj/disk/naiss2026-4-902/shared/yizhil/Avalanche/avalanche-master/search_result_texture-all/tagfex/order2/lr01/search_texture_tagfex__order-2__lr-01__seed-054__summary.json,/nobackup/proj/disk/naiss2026-4-902/shared/yizhil/Avalanche/avalanche-master/search_result_texture-all/tagfex/order2/lr01/log/search_texture_tagfex__order-2__lr-01__seed-054.log
texture-all,texture,tagfex,2,54,0.1,10,10,24242996385779151,22404003257665602,1838993128113549,118904753901651368,1561459176677701,960,1626519975705.9385,/nobackup/proj/disk/naiss2026-4-902/shared/yizhil/Avalanche/avalanche-master/search_result_texture-all/tagfex/order2/lr01/search_texture_tagfex__order-2__lr-01__seed-054__summary.json,/nobackup/proj/disk/naiss2026-4-902/shared/yizhil/Avalanche/avalanche-master/search_result_texture-all/tagfex/order2/lr01/log/search_texture_tagfex__order-2__lr-01__seed-054.log
texture-all,texture,tagfex,2,55,0.01,1,10,2273018143876562,2263595961840634,9422182035928,2273018143876562,122601982676760,246,498382043401.46344,/nobackup/proj/disk/naiss2026-4-902/shared/yizhil/Avalanche/avalanche-master/search_result_texture-all/tagfex/order2/lr001/search_texture_tagfex__order-2__lr-001__seed-055__summary.json,/nobackup/proj/disk/naiss2026-4-902/shared/yizhil/Avalanche/avalanche-master/search_result_texture-all/tagfex/order2/lr001/log/search_texture_tagfex__order-2__lr-001__seed-055.log
texture-all,texture,tagfex,2,55,0.01,2,10,4073394856192572,3556839705290146,516555150902426,6346413000069134,227026921121560,321,707248975456.5732,/nobackup/proj/disk/naiss2026-4-902/shared/yizhil/Avalanche/avalanche-master/search_result_texture-all/tagfex/order2/lr001/search_texture_tagfex__order-2__lr-001__seed-055__summary.json,/nobackup/proj/disk/naiss2026-4-902/shared/yizhil/Avalanche/avalanche-master/search_result_texture-all/tagfex/order2/lr001/log/search_texture_tagfex__order-2__lr-001__seed-055.log
texture-all,texture,tagfex,2,55,0.01,3,10,5732550093655438,5070252559766620,662297533888818,12078963093724572,330519894095337,402,822188791281.9329,/nobackup/proj/disk/naiss2026-4-902/shared/yizhil/Avalanche/avalanche-master/search_result_texture-all/tagfex/order2/lr001/search_texture_tagfex__order-2__lr-001__seed-055__summary.json,/nobackup/proj/disk/naiss2026-4-902/shared/yizhil/Avalanche/avalanche-master/search_result_texture-all/tagfex/order2/lr001/log/search_texture_tagfex__order-2__lr-001__seed-055.log
texture-all,texture,tagfex,2,55,0.01,4,10,7598855766517013,6789668072429358,809187694087655,19677818860241585,449804662915319,480,937093047740.2479,/nobackup/proj/disk/naiss2026-4-902/shared/yizhil/Avalanche/avalanche-master/search_result_texture-all/tagfex/order2/lr001/search_texture_tagfex__order-2__lr-001__seed-055__summary.json,/nobackup/proj/disk/naiss2026-4-902/shared/yizhil/Avalanche/avalanche-master/search_result_texture-all/tagfex/order2/lr001/log/search_texture_tagfex__order-2__lr-001__seed-055.log
texture-all,texture,tagfex,2,55,0.01,5,10,9692530077049712,8732201065330352,960329011719360,29370348937291297,585962603653313,557,1051997493093.9192,/nobackup/proj/disk/naiss2026-4-902/shared/yizhil/Avalanche/avalanche-master/search_result_texture-all/tagfex/order2/lr001/search_texture_tagfex__order-2__lr-001__seed-055__summary.json,/nobackup/proj/disk/naiss2026-4-902/shared/yizhil/Avalanche/avalanche-master/search_result_texture-all/tagfex/order2/lr001/log/search_texture_tagfex__order-2__lr-001__seed-055.log
texture-all,texture,tagfex,2,55,0.01,6,10,12122900689806986,10996719460438778,1126181229368208,41493249627098283,745650461483704,639,1166902130647.424,/nobackup/proj/disk/naiss2026-4-902/shared/yizhil/Avalanche/avalanche-master/search_result_texture-all/tagfex/order2/lr001/search_texture_tagfex__order-2__lr-001__seed-055__summary.json,/nobackup/proj/disk/naiss2026-4-902/shared/yizhil/Avalanche/avalanche-master/search_result_texture-all/tagfex/order2/lr001/log/search_texture_tagfex__order-2__lr-001__seed-055.log
texture-all,texture,tagfex,2,55,0.01,7,10,14707682715040402,13418372293678928,1289310421361474,56200932342138685,917773513250534,716,1281806582752.1426,/nobackup/proj/disk/naiss2026-4-902/shared/yizhil/Avalanche/avalanche-master/search_result_texture-all/tagfex/order2/lr001/search_texture_tagfex__order-2__lr-001__seed-055__summary.json,/nobackup/proj/disk/naiss2026-4-902/shared/yizhil/Avalanche/avalanche-master/search_result_texture-all/tagfex/order2/lr001/log/search_texture_tagfex__order-2__lr-001__seed-055.log
texture-all,texture,tagfex,2,55,0.01,8,10,17667803624257870,16198431373662686,1469372250595184,73868735966396555,1115971995693194,799,1396710883220.518,/nobackup/proj/disk/naiss2026-4-902/shared/yizhil/Avalanche/avalanche-master/search_result_texture-all/tagfex/order2/lr001/search_texture_tagfex__order-2__lr-001__seed-055__summary.json,/nobackup/proj/disk/naiss2026-4-902/shared/yizhil/Avalanche/avalanche-master/search_result_texture-all/tagfex/order2/lr001/log/search_texture_tagfex__order-2__lr-001__seed-055.log
texture-all,texture,tagfex,2,55,0.01,9,10,20793460447983344,19145177215686268,1648283232297076,94662196414379899,1327198280757250,878,1511615353937.6423,/nobackup/proj/disk/naiss2026-4-902/shared/yizhil/Avalanche/avalanche-master/search_result_texture-all/tagfex/order2/lr001/search_texture_tagfex__order-2__lr-001__seed-055__summary.json,/nobackup/proj/disk/naiss2026-4-902/shared/yizhil/Avalanche/avalanche-master/search_result_texture-all/tagfex/order2/lr001/log/search_texture_tagfex__order-2__lr-001__seed-055.log
texture-all,texture,tagfex,2,55,0.01,10,10,24240778889119287,22401785761005738,1838993128113549,118902975303499186,1561459176677701,960,1626519975705.9385,/nobackup/proj/disk/naiss2026-4-902/shared/yizhil/Avalanche/avalanche-master/search_result_texture-all/tagfex/order2/lr001/search_texture_tagfex__order-2__lr-001__seed-055__summary.json,/nobackup/proj/disk/naiss2026-4-902/shared/yizhil/Avalanche/avalanche-master/search_result_texture-all/tagfex/order2/lr001/log/search_texture_tagfex__order-2__lr-001__seed-055.log
texture-all,texture,tagfex,2,55,0.05,1,10,2273018143876562,2263595961840634,9422182035928,2273018143876562,122601982676760,246,498382043401.46344,/nobackup/proj/disk/naiss2026-4-902/shared/yizhil/Avalanche/avalanche-master/search_result_texture-all/tagfex/order2/lr005/search_texture_tagfex__order-2__lr-005__seed-055__summary.json,/nobackup/proj/disk/naiss2026-4-902/shared/yizhil/Avalanche/avalanche-master/search_result_texture-all/tagfex/order2/lr005/log/search_texture_tagfex__order-2__lr-005__seed-055.log
texture-all,texture,tagfex,2,55,0.05,2,10,4073394856191238,3556839705288812,516555150902426,6346413000067800,227026921121560,321,707248975456.5732,/nobackup/proj/disk/naiss2026-4-902/shared/yizhil/Avalanche/avalanche-master/search_result_texture-all/tagfex/order2/lr005/search_texture_tagfex__order-2__lr-005__seed-055__summary.json,/nobackup/proj/disk/naiss2026-4-902/shared/yizhil/Avalanche/avalanche-master/search_result_texture-all/tagfex/order2/lr005/log/search_texture_tagfex__order-2__lr-005__seed-055.log
texture-all,texture,tagfex,2,55,0.05,3,10,5732550093653848,5070252559765030,662297533888818,12078963093721648,330519894095337,402,822188791281.9329,/nobackup/proj/disk/naiss2026-4-902/shared/yizhil/Avalanche/avalanche-master/search_result_texture-all/tagfex/order2/lr005/search_texture_tagfex__order-2__lr-005__seed-055__summary.json,/nobackup/proj/disk/naiss2026-4-902/shared/yizhil/Avalanche/avalanche-master/search_result_texture-all/tagfex/order2/lr005/log/search_texture_tagfex__order-2__lr-005__seed-055.log
texture-all,texture,tagfex,2,55,0.05,4,10,7598855766517013,6789668072429358,809187694087655,19677818860238661,449804662915319,480,937093047740.2479,/nobackup/proj/disk/naiss2026-4-902/shared/yizhil/Avalanche/avalanche-master/search_result_texture-all/tagfex/order2/lr005/search_texture_tagfex__order-2__lr-005__seed-055__summary.json,/nobackup/proj/disk/naiss2026-4-902/shared/yizhil/Avalanche/avalanche-master/search_result_texture-all/tagfex/order2/lr005/log/search_texture_tagfex__order-2__lr-005__seed-055.log
texture-all,texture,tagfex,2,55,0.05,5,10,9692530077049712,8732201065330352,960329011719360,29370348937288373,585962603653313,557,1051997493093.9192,/nobackup/proj/disk/naiss2026-4-902/shared/yizhil/Avalanche/avalanche-master/search_result_texture-all/tagfex/order2/lr005/search_texture_tagfex__order-2__lr-005__seed-055__summary.json,/nobackup/proj/disk/naiss2026-4-902/shared/yizhil/Avalanche/avalanche-master/search_result_texture-all/tagfex/order2/lr005/log/search_texture_tagfex__order-2__lr-005__seed-055.log
texture-all,texture,tagfex,2,55,0.05,6,10,12122900689806986,10996719460438778,1126181229368208,41493249627095359,745650461483704,639,1166902130647.424,/nobackup/proj/disk/naiss2026-4-902/shared/yizhil/Avalanche/avalanche-master/search_result_texture-all/tagfex/order2/lr005/search_texture_tagfex__order-2__lr-005__seed-055__summary.json,/nobackup/proj/disk/naiss2026-4-902/shared/yizhil/Avalanche/avalanche-master/search_result_texture-all/tagfex/order2/lr005/log/search_texture_tagfex__order-2__lr-005__seed-055.log
texture-all,texture,tagfex,2,55,0.05,7,10,14707682715040402,13418372293678928,1289310421361474,56200932342135761,917773513250534,716,1281806582752.1426,/nobackup/proj/disk/naiss2026-4-902/shared/yizhil/Avalanche/avalanche-master/search_result_texture-all/tagfex/order2/lr005/search_texture_tagfex__order-2__lr-005__seed-055__summary.json,/nobackup/proj/disk/naiss2026-4-902/shared/yizhil/Avalanche/avalanche-master/search_result_texture-all/tagfex/order2/lr005/log/search_texture_tagfex__order-2__lr-005__seed-055.log
texture-all,texture,tagfex,2,55,0.05,8,10,17667803624257870,16198431373662686,1469372250595184,73868735966393631,1115971995693194,799,1396710883220.518,/nobackup/proj/disk/naiss2026-4-902/shared/yizhil/Avalanche/avalanche-master/search_result_texture-all/tagfex/order2/lr005/search_texture_tagfex__order-2__lr-005__seed-055__summary.json,/nobackup/proj/disk/naiss2026-4-902/shared/yizhil/Avalanche/avalanche-master/search_result_texture-all/tagfex/order2/lr005/log/search_texture_tagfex__order-2__lr-005__seed-055.log
texture-all,texture,tagfex,2,55,0.05,9,10,20793460447983344,19145177215686268,1648283232297076,94662196414376975,1327198280757250,878,1511615353937.6423,/nobackup/proj/disk/naiss2026-4-902/shared/yizhil/Avalanche/avalanche-master/search_result_texture-all/tagfex/order2/lr005/search_texture_tagfex__order-2__lr-005__seed-055__summary.json,/nobackup/proj/disk/naiss2026-4-902/shared/yizhil/Avalanche/avalanche-master/search_result_texture-all/tagfex/order2/lr005/log/search_texture_tagfex__order-2__lr-005__seed-055.log
texture-all,texture,tagfex,2,55,0.05,10,10,24240778889119287,22401785761005738,1838993128113549,118902975303496262,1561459176677701,960,1626519975705.9385,/nobackup/proj/disk/naiss2026-4-902/shared/yizhil/Avalanche/avalanche-master/search_result_texture-all/tagfex/order2/lr005/search_texture_tagfex__order-2__lr-005__seed-055__summary.json,/nobackup/proj/disk/naiss2026-4-902/shared/yizhil/Avalanche/avalanche-master/search_result_texture-all/tagfex/order2/lr005/log/search_texture_tagfex__order-2__lr-005__seed-055.log
texture-all,texture,tagfex,2,55,0.1,1,10,2273018143876562,2263595961840634,9422182035928,2273018143876562,122601982676760,246,498382043401.46344,/nobackup/proj/disk/naiss2026-4-902/shared/yizhil/Avalanche/avalanche-master/search_result_texture-all/tagfex/order2/lr01/search_texture_tagfex__order-2__lr-01__seed-055__summary.json,/nobackup/proj/disk/naiss2026-4-902/shared/yizhil/Avalanche/avalanche-master/search_result_texture-all/tagfex/order2/lr01/log/search_texture_tagfex__order-2__lr-01__seed-055.log
texture-all,texture,tagfex,2,55,0.1,2,10,4073394856192522,3556839705290096,516555150902426,6346413000069084,227026921121560,321,707248975456.5732,/nobackup/proj/disk/naiss2026-4-902/shared/yizhil/Avalanche/avalanche-master/search_result_texture-all/tagfex/order2/lr01/search_texture_tagfex__order-2__lr-01__seed-055__summary.json,/nobackup/proj/disk/naiss2026-4-902/shared/yizhil/Avalanche/avalanche-master/search_result_texture-all/tagfex/order2/lr01/log/search_texture_tagfex__order-2__lr-01__seed-055.log
texture-all,texture,tagfex,2,55,0.1,3,10,5732550093643572,5070252559754754,662297533888818,12078963093712656,330519894092711,402,822188791275.4005,/nobackup/proj/disk/naiss2026-4-902/shared/yizhil/Avalanche/avalanche-master/search_result_texture-all/tagfex/order2/lr01/search_texture_tagfex__order-2__lr-01__seed-055__summary.json,/nobackup/proj/disk/naiss2026-4-902/shared/yizhil/Avalanche/avalanche-master/search_result_texture-all/tagfex/order2/lr01/log/search_texture_tagfex__order-2__lr-01__seed-055.log
texture-all,texture,tagfex,2,55,0.1,4,10,7598855766491931,6789668072404276,809187694087655,19677818860204587,449804662910639,480,937093047730.4979,/nobackup/proj/disk/naiss2026-4-902/shared/yizhil/Avalanche/avalanche-master/search_result_texture-all/tagfex/order2/lr01/search_texture_tagfex__order-2__lr-01__seed-055__summary.json,/nobackup/proj/disk/naiss2026-4-902/shared/yizhil/Avalanche/avalanche-master/search_result_texture-all/tagfex/order2/lr01/log/search_texture_tagfex__order-2__lr-01__seed-055.log
texture-all,texture,tagfex,2,55,0.1,5,10,9692530077015206,8732201065295846,960329011719360,29370348937219793,585962603649659,557,1051997493087.359,/nobackup/proj/disk/naiss2026-4-902/shared/yizhil/Avalanche/avalanche-master/search_result_texture-all/tagfex/order2/lr01/search_texture_tagfex__order-2__lr-01__seed-055__summary.json,/nobackup/proj/disk/naiss2026-4-902/shared/yizhil/Avalanche/avalanche-master/search_result_texture-all/tagfex/order2/lr01/log/search_texture_tagfex__order-2__lr-01__seed-055.log
texture-all,texture,tagfex,2,55,0.1,6,10,12122900689794632,10996719460426424,1126181229368208,41493249627014425,745650461482398,639,1166902130645.3804,/nobackup/proj/disk/naiss2026-4-902/shared/yizhil/Avalanche/avalanche-master/search_result_texture-all/tagfex/order2/lr01/search_texture_tagfex__order-2__lr-01__seed-055__summary.json,/nobackup/proj/disk/naiss2026-4-902/shared/yizhil/Avalanche/avalanche-master/search_result_texture-all/tagfex/order2/lr01/log/search_texture_tagfex__order-2__lr-01__seed-055.log
texture-all,texture,tagfex,2,55,0.1,7,10,14707682715034712,13418372293673238,1289310421361474,56200932342049137,917773513250276,716,1281806582751.7822,/nobackup/proj/disk/naiss2026-4-902/shared/yizhil/Avalanche/avalanche-master/search_result_texture-all/tagfex/order2/lr01/search_texture_tagfex__order-2__lr-01__seed-055__summary.json,/nobackup/proj/disk/naiss2026-4-902/shared/yizhil/Avalanche/avalanche-master/search_result_texture-all/tagfex/order2/lr01/log/search_texture_tagfex__order-2__lr-01__seed-055.log
texture-all,texture,tagfex,2,55,0.1,8,10,17667803624254904,16198431373659720,1469372250595184,73868735966304041,1115971995693194,799,1396710883220.518,/nobackup/proj/disk/naiss2026-4-902/shared/yizhil/Avalanche/avalanche-master/search_result_texture-all/tagfex/order2/lr01/search_texture_tagfex__order-2__lr-01__seed-055__summary.json,/nobackup/proj/disk/naiss2026-4-902/shared/yizhil/Avalanche/avalanche-master/search_result_texture-all/tagfex/order2/lr01/log/search_texture_tagfex__order-2__lr-01__seed-055.log
texture-all,texture,tagfex,2,55,0.1,9,10,20793460447980164,19145177215683088,1648283232297076,94662196414284205,1327198280757250,878,1511615353937.6423,/nobackup/proj/disk/naiss2026-4-902/shared/yizhil/Avalanche/avalanche-master/search_result_texture-all/tagfex/order2/lr01/search_texture_tagfex__order-2__lr-01__seed-055__summary.json,/nobackup/proj/disk/naiss2026-4-902/shared/yizhil/Avalanche/avalanche-master/search_result_texture-all/tagfex/order2/lr01/log/search_texture_tagfex__order-2__lr-01__seed-055.log
texture-all,texture,tagfex,2,55,0.1,10,10,24240778889117429,22401785761003880,1838993128113549,118902975303401634,1561459176677701,960,1626519975705.9385,/nobackup/proj/disk/naiss2026-4-902/shared/yizhil/Avalanche/avalanche-master/search_result_texture-all/tagfex/order2/lr01/search_texture_tagfex__order-2__lr-01__seed-055__summary.json,/nobackup/proj/disk/naiss2026-4-902/shared/yizhil/Avalanche/avalanche-master/search_result_texture-all/tagfex/order2/lr01/log/search_texture_tagfex__order-2__lr-01__seed-055.log
texture-all,texture,tagfex,2,56,0.01,1,10,2273018143876562,2263595961840634,9422182035928,2273018143876562,122601982676760,246,498382043401.46344,/nobackup/proj/disk/naiss2026-4-902/shared/yizhil/Avalanche/avalanche-master/search_result_texture-all/tagfex/order2/lr001/search_texture_tagfex__order-2__lr-001__seed-056__summary.json,/nobackup/proj/disk/naiss2026-4-902/shared/yizhil/Avalanche/avalanche-master/search_result_texture-all/tagfex/order2/lr001/log/search_texture_tagfex__order-2__lr-001__seed-056.log
texture-all,texture,tagfex,2,56,0.01,2,10,4073371741755978,3556816590853552,516555150902426,6346389885632540,227026921121560,321,707248975456.5732,/nobackup/proj/disk/naiss2026-4-902/shared/yizhil/Avalanche/avalanche-master/search_result_texture-all/tagfex/order2/lr001/search_texture_tagfex__order-2__lr-001__seed-056__summary.json,/nobackup/proj/disk/naiss2026-4-902/shared/yizhil/Avalanche/avalanche-master/search_result_texture-all/tagfex/order2/lr001/log/search_texture_tagfex__order-2__lr-001__seed-056.log
texture-all,texture,tagfex,2,56,0.01,3,10,5732757989630574,5070460455741756,662297533888818,12079147875263114,330519894095337,402,822188791281.9329,/nobackup/proj/disk/naiss2026-4-902/shared/yizhil/Avalanche/avalanche-master/search_result_texture-all/tagfex/order2/lr001/search_texture_tagfex__order-2__lr-001__seed-056__summary.json,/nobackup/proj/disk/naiss2026-4-902/shared/yizhil/Avalanche/avalanche-master/search_result_texture-all/tagfex/order2/lr001/log/search_texture_tagfex__order-2__lr-001__seed-056.log
texture-all,texture,tagfex,2,56,0.01,4,10,7598855766517013,6789668072429358,809187694087655,19678003641780127,449804662915319,480,937093047740.2479,/nobackup/proj/disk/naiss2026-4-902/shared/yizhil/Avalanche/avalanche-master/search_result_texture-all/tagfex/order2/lr001/search_texture_tagfex__order-2__lr-001__seed-056__summary.json,/nobackup/proj/disk/naiss2026-4-902/shared/yizhil/Avalanche/avalanche-master/search_result_texture-all/tagfex/order2/lr001/log/search_texture_tagfex__order-2__lr-001__seed-056.log
texture-all,texture,tagfex,2,56,0.01,5,10,9692530076971668,8732201065252308,960329011719360,29370533718751795,585962603642417,557,1051997493074.3573,/nobackup/proj/disk/naiss2026-4-902/shared/yizhil/Avalanche/avalanche-master/search_result_texture-all/tagfex/order2/lr001/search_texture_tagfex__order-2__lr-001__seed-056__summary.json,/nobackup/proj/disk/naiss2026-4-902/shared/yizhil/Avalanche/avalanche-master/search_result_texture-all/tagfex/order2/lr001/log/search_texture_tagfex__order-2__lr-001__seed-056.log
texture-all,texture,tagfex,2,56,0.01,6,10,12122161524140730,10995980294772522,1126181229368208,41492695242892525,745650461471526,639,1166902130628.3662,/nobackup/proj/disk/naiss2026-4-902/shared/yizhil/Avalanche/avalanche-master/search_result_texture-all/tagfex/order2/lr001/search_texture_tagfex__order-2__lr-001__seed-056__summary.json,/nobackup/proj/disk/naiss2026-4-902/shared/yizhil/Avalanche/avalanche-master/search_result_texture-all/tagfex/order2/lr001/log/search_texture_tagfex__order-2__lr-001__seed-056.log
texture-all,texture,tagfex,2,56,0.01,7,10,14707405514929842,13418095093568368,1289310421361474,56200100757822367,917773513234542,716,1281806582729.8074,/nobackup/proj/disk/naiss2026-4-902/shared/yizhil/Avalanche/avalanche-master/search_result_texture-all/tagfex/order2/lr001/search_texture_tagfex__order-2__lr-001__seed-056__summary.json,/nobackup/proj/disk/naiss2026-4-902/shared/yizhil/Avalanche/avalanche-master/search_result_texture-all/tagfex/order2/lr001/log/search_texture_tagfex__order-2__lr-001__seed-056.log
texture-all,texture,tagfex,2,56,0.01,8,10,17667445586681930,16198073336086746,1469372250595184,73867546344504297,1115971995673868,799,1396710883196.3303,/nobackup/proj/disk/naiss2026-4-902/shared/yizhil/Avalanche/avalanche-master/search_result_texture-all/tagfex/order2/lr001/search_texture_tagfex__order-2__lr-001__seed-056__summary.json,/nobackup/proj/disk/naiss2026-4-902/shared/yizhil/Avalanche/avalanche-master/search_result_texture-all/tagfex/order2/lr001/log/search_texture_tagfex__order-2__lr-001__seed-056.log
texture-all,texture,tagfex,2,56,0.01,9,10,20793460447717036,19145177215419960,1648283232297076,94661006792221333,1327198280736476,878,1511615353913.9817,/nobackup/proj/disk/naiss2026-4-902/shared/yizhil/Avalanche/avalanche-master/search_result_texture-all/tagfex/order2/lr001/search_texture_tagfex__order-2__lr-001__seed-056__summary.json,/nobackup/proj/disk/naiss2026-4-902/shared/yizhil/Avalanche/avalanche-master/search_result_texture-all/tagfex/order2/lr001/log/search_texture_tagfex__order-2__lr-001__seed-056.log
texture-all,texture,tagfex,2,56,0.01,10,10,24241518054473043,22402524926359494,1838993128113549,118902524846694376,1561459176654987,960,1626519975682.278,/nobackup/proj/disk/naiss2026-4-902/shared/yizhil/Avalanche/avalanche-master/search_result_texture-all/tagfex/order2/lr001/search_texture_tagfex__order-2__lr-001__seed-056__summary.json,/nobackup/proj/disk/naiss2026-4-902/shared/yizhil/Avalanche/avalanche-master/search_result_texture-all/tagfex/order2/lr001/log/search_texture_tagfex__order-2__lr-001__seed-056.log
texture-all,texture,tagfex,2,56,0.05,1,10,2273018143876562,2263595961840634,9422182035928,2273018143876562,122601982676760,246,498382043401.46344,/nobackup/proj/disk/naiss2026-4-902/shared/yizhil/Avalanche/avalanche-master/search_result_texture-all/tagfex/order2/lr005/search_texture_tagfex__order-2__lr-005__seed-056__summary.json,/nobackup/proj/disk/naiss2026-4-902/shared/yizhil/Avalanche/avalanche-master/search_result_texture-all/tagfex/order2/lr005/log/search_texture_tagfex__order-2__lr-005__seed-056.log
texture-all,texture,tagfex,2,56,0.05,2,10,4073371741736316,3556816590833890,516555150902426,6346389885612878,227026921119132,321,707248975449.0094,/nobackup/proj/disk/naiss2026-4-902/shared/yizhil/Avalanche/avalanche-master/search_result_texture-all/tagfex/order2/lr005/search_texture_tagfex__order-2__lr-005__seed-056__summary.json,/nobackup/proj/disk/naiss2026-4-902/shared/yizhil/Avalanche/avalanche-master/search_result_texture-all/tagfex/order2/lr005/log/search_texture_tagfex__order-2__lr-005__seed-056.log
texture-all,texture,tagfex,2,56,0.05,3,10,5732757989618788,5070460455729970,662297533888818,12079147875231666,330519894095337,402,822188791281.9329,/nobackup/proj/disk/naiss2026-4-902/shared/yizhil/Avalanche/avalanche-master/search_result_texture-all/tagfex/order2/lr005/search_texture_tagfex__order-2__lr-005__seed-056__summary.json,/nobackup/proj/disk/naiss2026-4-902/shared/yizhil/Avalanche/avalanche-master/search_result_texture-all/tagfex/order2/lr005/log/search_texture_tagfex__order-2__lr-005__seed-056.log
texture-all,texture,tagfex,2,56,0.05,4,10,7598855766517013,6789668072429358,809187694087655,19678003641748679,449804662915319,480,937093047740.2479,/nobackup/proj/disk/naiss2026-4-902/shared/yizhil/Avalanche/avalanche-master/search_result_texture-all/tagfex/order2/lr005/search_texture_tagfex__order-2__lr-005__seed-056__summary.json,/nobackup/proj/disk/naiss2026-4-902/shared/yizhil/Avalanche/avalanche-master/search_result_texture-all/tagfex/order2/lr005/log/search_texture_tagfex__order-2__lr-005__seed-056.log
texture-all,texture,tagfex,2,56,0.05,5,10,9692530077049712,8732201065330352,960329011719360,29370533718798391,585962603653313,557,1051997493093.9192,/nobackup/proj/disk/naiss2026-4-902/shared/yizhil/Avalanche/avalanche-master/search_result_texture-all/tagfex/order2/lr005/search_texture_tagfex__order-2__lr-005__seed-056__summary.json,/nobackup/proj/disk/naiss2026-4-902/shared/yizhil/Avalanche/avalanche-master/search_result_texture-all/tagfex/order2/lr005/log/search_texture_tagfex__order-2__lr-005__seed-056.log
texture-all,texture,tagfex,2,56,0.05,6,10,12122161524254210,10995980294886002,1126181229368208,41492695243052601,745650461483704,639,1166902130647.424,/nobackup/proj/disk/naiss2026-4-902/shared/yizhil/Avalanche/avalanche-master/search_result_texture-all/tagfex/order2/lr005/search_texture_tagfex__order-2__lr-005__seed-056__summary.json,/nobackup/proj/disk/naiss2026-4-902/shared/yizhil/Avalanche/avalanche-master/search_result_texture-all/tagfex/order2/lr005/log/search_texture_tagfex__order-2__lr-005__seed-056.log
texture-all,texture,tagfex,2,56,0.05,7,10,14707405515153014,13418095093791540,1289310421361474,56200100758205615,917773513250534,716,1281806582752.1426,/nobackup/proj/disk/naiss2026-4-902/shared/yizhil/Avalanche/avalanche-master/search_result_texture-all/tagfex/order2/lr005/search_texture_tagfex__order-2__lr-005__seed-056__summary.json,/nobackup/proj/disk/naiss2026-4-902/shared/yizhil/Avalanche/avalanche-master/search_result_texture-all/tagfex/order2/lr005/log/search_texture_tagfex__order-2__lr-005__seed-056.log
texture-all,texture,tagfex,2,56,0.05,8,10,17667445586880156,16198073336284972,1469372250595184,73867546345085771,1115971995693194,799,1396710883220.518,/nobackup/proj/disk/naiss2026-4-902/shared/yizhil/Avalanche/avalanche-master/search_result_texture-all/tagfex/order2/lr005/search_texture_tagfex__order-2__lr-005__seed-056__summary.json,/nobackup/proj/disk/naiss2026-4-902/shared/yizhil/Avalanche/avalanche-master/search_result_texture-all/tagfex/order2/lr005/log/search_texture_tagfex__order-2__lr-005__seed-056.log
texture-all,texture,tagfex,2,56,0.05,9,10,20793460447983344,19145177215686268,1648283232297076,94661006793069115,1327198280757250,878,1511615353937.6423,/nobackup/proj/disk/naiss2026-4-902/shared/yizhil/Avalanche/avalanche-master/search_result_texture-all/tagfex/order2/lr005/search_texture_tagfex__order-2__lr-005__seed-056__summary.json,/nobackup/proj/disk/naiss2026-4-902/shared/yizhil/Avalanche/avalanche-master/search_result_texture-all/tagfex/order2/lr005/log/search_texture_tagfex__order-2__lr-005__seed-056.log
texture-all,texture,tagfex,2,56,0.05,10,10,24241518054672575,22402524926559026,1838993128113549,118902524847741690,1561459176677701,960,1626519975705.9385,/nobackup/proj/disk/naiss2026-4-902/shared/yizhil/Avalanche/avalanche-master/search_result_texture-all/tagfex/order2/lr005/search_texture_tagfex__order-2__lr-005__seed-056__summary.json,/nobackup/proj/disk/naiss2026-4-902/shared/yizhil/Avalanche/avalanche-master/search_result_texture-all/tagfex/order2/lr005/log/search_texture_tagfex__order-2__lr-005__seed-056.log
texture-all,texture,tagfex,2,56,0.1,1,10,2273018143876562,2263595961840634,9422182035928,2273018143876562,122601982676760,246,498382043401.46344,/nobackup/proj/disk/naiss2026-4-902/shared/yizhil/Avalanche/avalanche-master/search_result_texture-all/tagfex/order2/lr01/search_texture_tagfex__order-2__lr-01__seed-056__summary.json,/nobackup/proj/disk/naiss2026-4-902/shared/yizhil/Avalanche/avalanche-master/search_result_texture-all/tagfex/order2/lr01/log/search_texture_tagfex__order-2__lr-01__seed-056.log
texture-all,texture,tagfex,2,56,0.1,2,10,4073371741746192,3556816590843766,516555150902426,6346389885622754,227026921121560,321,707248975456.5732,/nobackup/proj/disk/naiss2026-4-902/shared/yizhil/Avalanche/avalanche-master/search_result_texture-all/tagfex/order2/lr01/search_texture_tagfex__order-2__lr-01__seed-056__summary.json,/nobackup/proj/disk/naiss2026-4-902/shared/yizhil/Avalanche/avalanche-master/search_result_texture-all/tagfex/order2/lr01/log/search_texture_tagfex__order-2__lr-01__seed-056.log
texture-all,texture,tagfex,2,56,0.1,3,10,5732757989630574,5070460455741756,662297533888818,12079147875253328,330519894095337,402,822188791281.9329,/nobackup/proj/disk/naiss2026-4-902/shared/yizhil/Avalanche/avalanche-master/search_result_texture-all/tagfex/order2/lr01/search_texture_tagfex__order-2__lr-01__seed-056__summary.json,/nobackup/proj/disk/naiss2026-4-902/shared/yizhil/Avalanche/avalanche-master/search_result_texture-all/tagfex/order2/lr01/log/search_texture_tagfex__order-2__lr-01__seed-056.log
texture-all,texture,tagfex,2,56,0.1,4,10,7598855766517013,6789668072429358,809187694087655,19678003641770341,449804662915319,480,937093047740.2479,/nobackup/proj/disk/naiss2026-4-902/shared/yizhil/Avalanche/avalanche-master/search_result_texture-all/tagfex/order2/lr01/search_texture_tagfex__order-2__lr-01__seed-056__summary.json,/nobackup/proj/disk/naiss2026-4-902/shared/yizhil/Avalanche/avalanche-master/search_result_texture-all/tagfex/order2/lr01/log/search_texture_tagfex__order-2__lr-01__seed-056.log
texture-all,texture,tagfex,2,56,0.1,5,10,9692530077049712,8732201065330352,960329011719360,29370533718820053,585962603653313,557,1051997493093.9192,/nobackup/proj/disk/naiss2026-4-902/shared/yizhil/Avalanche/avalanche-master/search_result_texture-all/tagfex/order2/lr01/search_texture_tagfex__order-2__lr-01__seed-056__summary.json,/nobackup/proj/disk/naiss2026-4-902/shared/yizhil/Avalanche/avalanche-master/search_result_texture-all/tagfex/order2/lr01/log/search_texture_tagfex__order-2__lr-01__seed-056.log
texture-all,texture,tagfex,2,56,0.1,6,10,12122161524245854,10995980294877646,1126181229368208,41492695243065907,745650461483704,639,1166902130647.424,/nobackup/proj/disk/naiss2026-4-902/shared/yizhil/Avalanche/avalanche-master/search_result_texture-all/tagfex/order2/lr01/search_texture_tagfex__order-2__lr-01__seed-056__summary.json,/nobackup/proj/disk/naiss2026-4-902/shared/yizhil/Avalanche/avalanche-master/search_result_texture-all/tagfex/order2/lr01/log/search_texture_tagfex__order-2__lr-01__seed-056.log
texture-all,texture,tagfex,2,56,0.1,7,10,14707405515138376,13418095093776902,1289310421361474,56200100758204283,917773513250534,716,1281806582752.1426,/nobackup/proj/disk/naiss2026-4-902/shared/yizhil/Avalanche/avalanche-master/search_result_texture-all/tagfex/order2/lr01/search_texture_tagfex__order-2__lr-01__seed-056__summary.json,/nobackup/proj/disk/naiss2026-4-902/shared/yizhil/Avalanche/avalanche-master/search_result_texture-all/tagfex/order2/lr01/log/search_texture_tagfex__order-2__lr-01__seed-056.log
texture-all,texture,tagfex,2,56,0.1,8,10,17667445586810158,16198073336214974,1469372250595184,73867546345014441,1115971995690110,799,1396710883216.6582,/nobackup/proj/disk/naiss2026-4-902/shared/yizhil/Avalanche/avalanche-master/search_result_texture-all/tagfex/order2/lr01/search_texture_tagfex__order-2__lr-01__seed-056__summary.json,/nobackup/proj/disk/naiss2026-4-902/shared/yizhil/Avalanche/avalanche-master/search_result_texture-all/tagfex/order2/lr01/log/search_texture_tagfex__order-2__lr-01__seed-056.log
texture-all,texture,tagfex,2,56,0.1,9,10,20793460447962894,19145177215665818,1648283232297076,94661006792977335,1327198280752460,878,1511615353932.1868,/nobackup/proj/disk/naiss2026-4-902/shared/yizhil/Avalanche/avalanche-master/search_result_texture-all/tagfex/order2/lr01/search_texture_tagfex__order-2__lr-01__seed-056__summary.json,/nobackup/proj/disk/naiss2026-4-902/shared/yizhil/Avalanche/avalanche-master/search_result_texture-all/tagfex/order2/lr01/log/search_texture_tagfex__order-2__lr-01__seed-056.log
texture-all,texture,tagfex,2,56,0.1,10,10,24241518054660289,22402524926546740,1838993128113549,118902524847637624,1561459176676003,960,1626519975704.1697,/nobackup/proj/disk/naiss2026-4-902/shared/yizhil/Avalanche/avalanche-master/search_result_texture-all/tagfex/order2/lr01/search_texture_tagfex__order-2__lr-01__seed-056__summary.json,/nobackup/proj/disk/naiss2026-4-902/shared/yizhil/Avalanche/avalanche-master/search_result_texture-all/tagfex/order2/lr01/log/search_texture_tagfex__order-2__lr-01__seed-056.log
texture-all,texture,tagfex,3,52,0.01,1,10,2208338437362542,2199184366891954,9154070470588,2208338437362542,119113291363986,239,498381972234.25104,/nobackup/proj/disk/naiss2026-4-902/shared/yizhil/Avalanche/avalanche-master/search_result_texture-all/tagfex/order3/lr001/search_texture_tagfex__order-3__lr-001__seed-052__summary.json,/nobackup/proj/disk/naiss2026-4-902/shared/yizhil/Avalanche/avalanche-master/search_result_texture-all/tagfex/order3/lr001/log/search_texture_tagfex__order-3__lr-001__seed-052.log
texture-all,texture,tagfex,3,52,0.01,2,10,4060875038058615,3545929049491826,514945988566789,6269213475421157,226331049066597,320,707284528333.1156,/nobackup/proj/disk/naiss2026-4-902/shared/yizhil/Avalanche/avalanche-master/search_result_texture-all/tagfex/order3/lr001/search_texture_tagfex__order-3__lr-001__seed-052__summary.json,/nobackup/proj/disk/naiss2026-4-902/shared/yizhil/Avalanche/avalanche-master/search_result_texture-all/tagfex/order3/lr001/log/search_texture_tagfex__order-3__lr-001__seed-052.log
texture-all,texture,tagfex,3,52,0.01,3,10,5747018426201068,5083073401236836,663945024964232,12016231901622225,331342076257973,403,822188774833.6799,/nobackup/proj/disk/naiss2026-4-902/shared/yizhil/Avalanche/avalanche-master/search_result_texture-all/tagfex/order3/lr001/search_texture_tagfex__order-3__lr-001__seed-052__summary.json,/nobackup/proj/disk/naiss2026-4-902/shared/yizhil/Avalanche/avalanche-master/search_result_texture-all/tagfex/order3/lr001/log/search_texture_tagfex__order-3__lr-001__seed-052.log
texture-all,texture,tagfex,3,52,0.01,4,10,7630517591200803,6817958275762478,812559315438325,19646749492823028,451678845934021,482,937093041356.89,/nobackup/proj/disk/naiss2026-4-902/shared/yizhil/Avalanche/avalanche-master/search_result_texture-all/tagfex/order3/lr001/search_texture_tagfex__order-3__lr-001__seed-052__summary.json,/nobackup/proj/disk/naiss2026-4-902/shared/yizhil/Avalanche/avalanche-master/search_result_texture-all/tagfex/order3/lr001/log/search_texture_tagfex__order-3__lr-001__seed-052.log
texture-all,texture,tagfex,3,52,0.01,5,10,9814339860152128,8841941918965592,972397941186536,29461089352975156,593326620905127,564,1051997554796.3245,/nobackup/proj/disk/naiss2026-4-902/shared/yizhil/Avalanche/avalanche-master/search_result_texture-all/tagfex/order3/lr001/search_texture_tagfex__order-3__lr-001__seed-052__summary.json,/nobackup/proj/disk/naiss2026-4-902/shared/yizhil/Avalanche/avalanche-master/search_result_texture-all/tagfex/order3/lr001/log/search_texture_tagfex__order-3__lr-001__seed-052.log
texture-all,texture,tagfex,3,52,0.01,6,10,12255080436121637,11116562510513958,1138517925607679,41716169789096793,753749559553583,646,1166794983829.076,/nobackup/proj/disk/naiss2026-4-902/shared/yizhil/Avalanche/avalanche-master/search_result_texture-all/tagfex/order3/lr001/search_texture_tagfex__order-3__lr-001__seed-052__summary.json,/nobackup/proj/disk/naiss2026-4-902/shared/yizhil/Avalanche/avalanche-master/search_result_texture-all/tagfex/order3/lr001/log/search_texture_tagfex__order-3__lr-001__seed-052.log
texture-all,texture,tagfex,3,52,0.01,7,10,14851013708060536,13549098444848160,1301915263212376,56567183497157329,926746094576886,723,1281806493190.7136,/nobackup/proj/disk/naiss2026-4-902/shared/yizhil/Avalanche/avalanche-master/search_result_texture-all/tagfex/order3/lr001/search_texture_tagfex__order-3__lr-001__seed-052__summary.json,/nobackup/proj/disk/naiss2026-4-902/shared/yizhil/Avalanche/avalanche-master/search_result_texture-all/tagfex/order3/lr001/log/search_texture_tagfex__order-3__lr-001__seed-052.log
texture-all,texture,tagfex,3,52,0.01,8,10,17734140671151327,16259251380917406,1474889290233921,74301324168308656,1120162114815191,802,1396710866353.106,/nobackup/proj/disk/naiss2026-4-902/shared/yizhil/Avalanche/avalanche-master/search_result_texture-all/tagfex/order3/lr001/search_texture_tagfex__order-3__lr-001__seed-052__summary.json,/nobackup/proj/disk/naiss2026-4-902/shared/yizhil/Avalanche/avalanche-master/search_result_texture-all/tagfex/order3/lr001/log/search_texture_tagfex__order-3__lr-001__seed-052.log
texture-all,texture,tagfex,3,52,0.01,9,10,20769038458235316,19122632567051068,1646405891184248,95070362626543972,1325686655310132,877,1511615342428.8848,/nobackup/proj/disk/naiss2026-4-902/shared/yizhil/Avalanche/avalanche-master/search_result_texture-all/tagfex/order3/lr001/search_texture_tagfex__order-3__lr-001__seed-052__summary.json,/nobackup/proj/disk/naiss2026-4-902/shared/yizhil/Avalanche/avalanche-master/search_result_texture-all/tagfex/order3/lr001/log/search_texture_tagfex__order-3__lr-001__seed-052.log
texture-all,texture,tagfex,3,52,0.01,10,10,24242996387910351,22404003257666882,1838993130243469,119313359014454323,1561459178807685,960,1626519977924.6719,/nobackup/proj/disk/naiss2026-4-902/shared/yizhil/Avalanche/avalanche-master/search_result_texture-all/tagfex/order3/lr001/search_texture_tagfex__order-3__lr-001__seed-052__summary.json,/nobackup/proj/disk/naiss2026-4-902/shared/yizhil/Avalanche/avalanche-master/search_result_texture-all/tagfex/order3/lr001/log/search_texture_tagfex__order-3__lr-001__seed-052.log
texture-all,texture,tagfex,3,52,0.05,1,10,2208338437362542,2199184366891954,9154070470588,2208338437362542,119113291363986,239,498381972234.25104,/nobackup/proj/disk/naiss2026-4-902/shared/yizhil/Avalanche/avalanche-master/search_result_texture-all/tagfex/order3/lr005/search_texture_tagfex__order-3__lr-005__seed-052__summary.json,/nobackup/proj/disk/naiss2026-4-902/shared/yizhil/Avalanche/avalanche-master/search_result_texture-all/tagfex/order3/lr005/log/search_texture_tagfex__order-3__lr-005__seed-052.log
texture-all,texture,tagfex,3,52,0.05,2,10,4060875038058615,3545929049491826,514945988566789,6269213475421157,226331049066597,320,707284528333.1156,/nobackup/proj/disk/naiss2026-4-902/shared/yizhil/Avalanche/avalanche-master/search_result_texture-all/tagfex/order3/lr005/search_texture_tagfex__order-3__lr-005__seed-052__summary.json,/nobackup/proj/disk/naiss2026-4-902/shared/yizhil/Avalanche/avalanche-master/search_result_texture-all/tagfex/order3/lr005/log/search_texture_tagfex__order-3__lr-005__seed-052.log
texture-all,texture,tagfex,3,52,0.05,3,10,5747018426201068,5083073401236836,663945024964232,12016231901622225,331342076257973,403,822188774833.6799,/nobackup/proj/disk/naiss2026-4-902/shared/yizhil/Avalanche/avalanche-master/search_result_texture-all/tagfex/order3/lr005/search_texture_tagfex__order-3__lr-005__seed-052__summary.json,/nobackup/proj/disk/naiss2026-4-902/shared/yizhil/Avalanche/avalanche-master/search_result_texture-all/tagfex/order3/lr005/log/search_texture_tagfex__order-3__lr-005__seed-052.log
texture-all,texture,tagfex,3,52,0.05,4,10,7630517591200803,6817958275762478,812559315438325,19646749492823028,451678845934021,482,937093041356.89,/nobackup/proj/disk/naiss2026-4-902/shared/yizhil/Avalanche/avalanche-master/search_result_texture-all/tagfex/order3/lr005/search_texture_tagfex__order-3__lr-005__seed-052__summary.json,/nobackup/proj/disk/naiss2026-4-902/shared/yizhil/Avalanche/avalanche-master/search_result_texture-all/tagfex/order3/lr005/log/search_texture_tagfex__order-3__lr-005__seed-052.log
texture-all,texture,tagfex,3,52,0.05,5,10,9814339860152128,8841941918965592,972397941186536,29461089352975156,593326620905127,564,1051997554796.3245,/nobackup/proj/disk/naiss2026-4-902/shared/yizhil/Avalanche/avalanche-master/search_result_texture-all/tagfex/order3/lr005/search_texture_tagfex__order-3__lr-005__seed-052__summary.json,/nobackup/proj/disk/naiss2026-4-902/shared/yizhil/Avalanche/avalanche-master/search_result_texture-all/tagfex/order3/lr005/log/search_texture_tagfex__order-3__lr-005__seed-052.log
texture-all,texture,tagfex,3,52,0.05,6,10,12255080436121637,11116562510513958,1138517925607679,41716169789096793,753749559553583,646,1166794983829.076,/nobackup/proj/disk/naiss2026-4-902/shared/yizhil/Avalanche/avalanche-master/search_result_texture-all/tagfex/order3/lr005/search_texture_tagfex__order-3__lr-005__seed-052__summary.json,/nobackup/proj/disk/naiss2026-4-902/shared/yizhil/Avalanche/avalanche-master/search_result_texture-all/tagfex/order3/lr005/log/search_texture_tagfex__order-3__lr-005__seed-052.log
texture-all,texture,tagfex,3,52,0.05,7,10,14851013708060536,13549098444848160,1301915263212376,56567183497157329,926746094576886,723,1281806493190.7136,/nobackup/proj/disk/naiss2026-4-902/shared/yizhil/Avalanche/avalanche-master/search_result_texture-all/tagfex/order3/lr005/search_texture_tagfex__order-3__lr-005__seed-052__summary.json,/nobackup/proj/disk/naiss2026-4-902/shared/yizhil/Avalanche/avalanche-master/search_result_texture-all/tagfex/order3/lr005/log/search_texture_tagfex__order-3__lr-005__seed-052.log
texture-all,texture,tagfex,3,52,0.05,8,10,17734140671151327,16259251380917406,1474889290233921,74301324168308656,1120162114815191,802,1396710866353.106,/nobackup/proj/disk/naiss2026-4-902/shared/yizhil/Avalanche/avalanche-master/search_result_texture-all/tagfex/order3/lr005/search_texture_tagfex__order-3__lr-005__seed-052__summary.json,/nobackup/proj/disk/naiss2026-4-902/shared/yizhil/Avalanche/avalanche-master/search_result_texture-all/tagfex/order3/lr005/log/search_texture_tagfex__order-3__lr-005__seed-052.log
texture-all,texture,tagfex,3,52,0.05,9,10,20769038458235316,19122632567051068,1646405891184248,95070362626543972,1325686655310132,877,1511615342428.8848,/nobackup/proj/disk/naiss2026-4-902/shared/yizhil/Avalanche/avalanche-master/search_result_texture-all/tagfex/order3/lr005/search_texture_tagfex__order-3__lr-005__seed-052__summary.json,/nobackup/proj/disk/naiss2026-4-902/shared/yizhil/Avalanche/avalanche-master/search_result_texture-all/tagfex/order3/lr005/log/search_texture_tagfex__order-3__lr-005__seed-052.log
texture-all,texture,tagfex,3,52,0.05,10,10,24242996387910351,22404003257666882,1838993130243469,119313359014454323,1561459178807685,960,1626519977924.6719,/nobackup/proj/disk/naiss2026-4-902/shared/yizhil/Avalanche/avalanche-master/search_result_texture-all/tagfex/order3/lr005/search_texture_tagfex__order-3__lr-005__seed-052__summary.json,/nobackup/proj/disk/naiss2026-4-902/shared/yizhil/Avalanche/avalanche-master/search_result_texture-all/tagfex/order3/lr005/log/search_texture_tagfex__order-3__lr-005__seed-052.log
texture-all,texture,tagfex,3,52,0.1,1,10,2208338437362542,2199184366891954,9154070470588,2208338437362542,119113291363986,239,498381972234.25104,/nobackup/proj/disk/naiss2026-4-902/shared/yizhil/Avalanche/avalanche-master/search_result_texture-all/tagfex/order3/lr01/search_texture_tagfex__order-3__lr-01__seed-052__summary.json,/nobackup/proj/disk/naiss2026-4-902/shared/yizhil/Avalanche/avalanche-master/search_result_texture-all/tagfex/order3/lr01/log/search_texture_tagfex__order-3__lr-01__seed-052.log
texture-all,texture,tagfex,3,52,0.1,2,10,4060875038058615,3545929049491826,514945988566789,6269213475421157,226331049066597,320,707284528333.1156,/nobackup/proj/disk/naiss2026-4-902/shared/yizhil/Avalanche/avalanche-master/search_result_texture-all/tagfex/order3/lr01/search_texture_tagfex__order-3__lr-01__seed-052__summary.json,/nobackup/proj/disk/naiss2026-4-902/shared/yizhil/Avalanche/avalanche-master/search_result_texture-all/tagfex/order3/lr01/log/search_texture_tagfex__order-3__lr-01__seed-052.log
texture-all,texture,tagfex,3,52,0.1,3,10,5747018426201068,5083073401236836,663945024964232,12016231901622225,331342076257973,403,822188774833.6799,/nobackup/proj/disk/naiss2026-4-902/shared/yizhil/Avalanche/avalanche-master/search_result_texture-all/tagfex/order3/lr01/search_texture_tagfex__order-3__lr-01__seed-052__summary.json,/nobackup/proj/disk/naiss2026-4-902/shared/yizhil/Avalanche/avalanche-master/search_result_texture-all/tagfex/order3/lr01/log/search_texture_tagfex__order-3__lr-01__seed-052.log
texture-all,texture,tagfex,3,52,0.1,4,10,7630517591200803,6817958275762478,812559315438325,19646749492823028,451678845934021,482,937093041356.89,/nobackup/proj/disk/naiss2026-4-902/shared/yizhil/Avalanche/avalanche-master/search_result_texture-all/tagfex/order3/lr01/search_texture_tagfex__order-3__lr-01__seed-052__summary.json,/nobackup/proj/disk/naiss2026-4-902/shared/yizhil/Avalanche/avalanche-master/search_result_texture-all/tagfex/order3/lr01/log/search_texture_tagfex__order-3__lr-01__seed-052.log
texture-all,texture,tagfex,3,52,0.1,5,10,9814339860152128,8841941918965592,972397941186536,29461089352975156,593326620905127,564,1051997554796.3245,/nobackup/proj/disk/naiss2026-4-902/shared/yizhil/Avalanche/avalanche-master/search_result_texture-all/tagfex/order3/lr01/search_texture_tagfex__order-3__lr-01__seed-052__summary.json,/nobackup/proj/disk/naiss2026-4-902/shared/yizhil/Avalanche/avalanche-master/search_result_texture-all/tagfex/order3/lr01/log/search_texture_tagfex__order-3__lr-01__seed-052.log
texture-all,texture,tagfex,3,52,0.1,6,10,12255080436121637,11116562510513958,1138517925607679,41716169789096793,753749559553583,646,1166794983829.076,/nobackup/proj/disk/naiss2026-4-902/shared/yizhil/Avalanche/avalanche-master/search_result_texture-all/tagfex/order3/lr01/search_texture_tagfex__order-3__lr-01__seed-052__summary.json,/nobackup/proj/disk/naiss2026-4-902/shared/yizhil/Avalanche/avalanche-master/search_result_texture-all/tagfex/order3/lr01/log/search_texture_tagfex__order-3__lr-01__seed-052.log
texture-all,texture,tagfex,3,52,0.1,7,10,14851013708060536,13549098444848160,1301915263212376,56567183497157329,926746094576886,723,1281806493190.7136,/nobackup/proj/disk/naiss2026-4-902/shared/yizhil/Avalanche/avalanche-master/search_result_texture-all/tagfex/order3/lr01/search_texture_tagfex__order-3__lr-01__seed-052__summary.json,/nobackup/proj/disk/naiss2026-4-902/shared/yizhil/Avalanche/avalanche-master/search_result_texture-all/tagfex/order3/lr01/log/search_texture_tagfex__order-3__lr-01__seed-052.log
texture-all,texture,tagfex,3,52,0.1,8,10,17734140671151327,16259251380917406,1474889290233921,74301324168308656,1120162114815191,802,1396710866353.106,/nobackup/proj/disk/naiss2026-4-902/shared/yizhil/Avalanche/avalanche-master/search_result_texture-all/tagfex/order3/lr01/search_texture_tagfex__order-3__lr-01__seed-052__summary.json,/nobackup/proj/disk/naiss2026-4-902/shared/yizhil/Avalanche/avalanche-master/search_result_texture-all/tagfex/order3/lr01/log/search_texture_tagfex__order-3__lr-01__seed-052.log
texture-all,texture,tagfex,3,52,0.1,9,10,20769038458235316,19122632567051068,1646405891184248,95070362626543972,1325686655310132,877,1511615342428.8848,/nobackup/proj/disk/naiss2026-4-902/shared/yizhil/Avalanche/avalanche-master/search_result_texture-all/tagfex/order3/lr01/search_texture_tagfex__order-3__lr-01__seed-052__summary.json,/nobackup/proj/disk/naiss2026-4-902/shared/yizhil/Avalanche/avalanche-master/search_result_texture-all/tagfex/order3/lr01/log/search_texture_tagfex__order-3__lr-01__seed-052.log
texture-all,texture,tagfex,3,52,0.1,10,10,24242996387910351,22404003257666882,1838993130243469,119313359014454323,1561459178807685,960,1626519977924.6719,/nobackup/proj/disk/naiss2026-4-902/shared/yizhil/Avalanche/avalanche-master/search_result_texture-all/tagfex/order3/lr01/search_texture_tagfex__order-3__lr-01__seed-052__summary.json,/nobackup/proj/disk/naiss2026-4-902/shared/yizhil/Avalanche/avalanche-master/search_result_texture-all/tagfex/order3/lr01/log/search_texture_tagfex__order-3__lr-01__seed-052.log
texture-all,texture,tagfex,3,53,0.01,1,10,2208338437362542,2199184366891954,9154070470588,2208338437362542,119113291363986,239,498381972234.25104,/nobackup/proj/disk/naiss2026-4-902/shared/yizhil/Avalanche/avalanche-master/search_result_texture-all/tagfex/order3/lr001/search_texture_tagfex__order-3__lr-001__seed-053__summary.json,/nobackup/proj/disk/naiss2026-4-902/shared/yizhil/Avalanche/avalanche-master/search_result_texture-all/tagfex/order3/lr001/log/search_texture_tagfex__order-3__lr-001__seed-053.log
texture-all,texture,tagfex,3,53,0.01,2,10,4060875038058615,3545929049491826,514945988566789,6269213475421157,226331049066597,320,707284528333.1156,/nobackup/proj/disk/naiss2026-4-902/shared/yizhil/Avalanche/avalanche-master/search_result_texture-all/tagfex/order3/lr001/search_texture_tagfex__order-3__lr-001__seed-053__summary.json,/nobackup/proj/disk/naiss2026-4-902/shared/yizhil/Avalanche/avalanche-master/search_result_texture-all/tagfex/order3/lr001/log/search_texture_tagfex__order-3__lr-001__seed-053.log
texture-all,texture,tagfex,3,53,0.01,3,10,5747018426201068,5083073401236836,663945024964232,12016231901622225,331342076257973,403,822188774833.6799,/nobackup/proj/disk/naiss2026-4-902/shared/yizhil/Avalanche/avalanche-master/search_result_texture-all/tagfex/order3/lr001/search_texture_tagfex__order-3__lr-001__seed-053__summary.json,/nobackup/proj/disk/naiss2026-4-902/shared/yizhil/Avalanche/avalanche-master/search_result_texture-all/tagfex/order3/lr001/log/search_texture_tagfex__order-3__lr-001__seed-053.log
texture-all,texture,tagfex,3,53,0.01,4,10,7630517591200803,6817958275762478,812559315438325,19646749492823028,451678845934021,482,937093041356.89,/nobackup/proj/disk/naiss2026-4-902/shared/yizhil/Avalanche/avalanche-master/search_result_texture-all/tagfex/order3/lr001/search_texture_tagfex__order-3__lr-001__seed-053__summary.json,/nobackup/proj/disk/naiss2026-4-902/shared/yizhil/Avalanche/avalanche-master/search_result_texture-all/tagfex/order3/lr001/log/search_texture_tagfex__order-3__lr-001__seed-053.log
texture-all,texture,tagfex,3,53,0.01,5,10,9814339860152128,8841941918965592,972397941186536,29461089352975156,593326620905127,564,1051997554796.3245,/nobackup/proj/disk/naiss2026-4-902/shared/yizhil/Avalanche/avalanche-master/search_result_texture-all/tagfex/order3/lr001/search_texture_tagfex__order-3__lr-001__seed-053__summary.json,/nobackup/proj/disk/naiss2026-4-902/shared/yizhil/Avalanche/avalanche-master/search_result_texture-all/tagfex/order3/lr001/log/search_texture_tagfex__order-3__lr-001__seed-053.log
texture-all,texture,tagfex,3,53,0.01,6,10,12255496259590877,11116978333983198,1138517925607679,41716585612566033,753818863465123,646,1166902265425.887,/nobackup/proj/disk/naiss2026-4-902/shared/yizhil/Avalanche/avalanche-master/search_result_texture-all/tagfex/order3/lr001/search_texture_tagfex__order-3__lr-001__seed-053__summary.json,/nobackup/proj/disk/naiss2026-4-902/shared/yizhil/Avalanche/avalanche-master/search_result_texture-all/tagfex/order3/lr001/log/search_texture_tagfex__order-3__lr-001__seed-053.log
texture-all,texture,tagfex,3,53,0.01,7,10,14851013708060536,13549098444848160,1301915263212376,56567599320626569,926526649262962,723,1281502972701.1921,/nobackup/proj/disk/naiss2026-4-902/shared/yizhil/Avalanche/avalanche-master/search_result_texture-all/tagfex/order3/lr001/search_texture_tagfex__order-3__lr-001__seed-053__summary.json,/nobackup/proj/disk/naiss2026-4-902/shared/yizhil/Avalanche/avalanche-master/search_result_texture-all/tagfex/order3/lr001/log/search_texture_tagfex__order-3__lr-001__seed-053.log
texture-all,texture,tagfex,3,53,0.01,8,10,17734140671151327,16259251380917406,1474889290233921,74301739991777896,1120162114815191,802,1396710866353.106,/nobackup/proj/disk/naiss2026-4-902/shared/yizhil/Avalanche/avalanche-master/search_result_texture-all/tagfex/order3/lr001/search_texture_tagfex__order-3__lr-001__seed-053__summary.json,/nobackup/proj/disk/naiss2026-4-902/shared/yizhil/Avalanche/avalanche-master/search_result_texture-all/tagfex/order3/lr001/log/search_texture_tagfex__order-3__lr-001__seed-053.log
texture-all,texture,tagfex,3,53,0.01,9,10,20769777623788476,19123371732604228,1646405891184248,95071517615566372,1325686655310132,877,1511615342428.8848,/nobackup/proj/disk/naiss2026-4-902/shared/yizhil/Avalanche/avalanche-master/search_result_texture-all/tagfex/order3/lr001/search_texture_tagfex__order-3__lr-001__seed-053__summary.json,/nobackup/proj/disk/naiss2026-4-902/shared/yizhil/Avalanche/avalanche-master/search_result_texture-all/tagfex/order3/lr001/log/search_texture_tagfex__order-3__lr-001__seed-053.log
texture-all,texture,tagfex,3,53,0.01,10,10,24242996387910351,22404003257666882,1838993130243469,119314514003476723,1561459178807685,960,1626519977924.6719,/nobackup/proj/disk/naiss2026-4-902/shared/yizhil/Avalanche/avalanche-master/search_result_texture-all/tagfex/order3/lr001/search_texture_tagfex__order-3__lr-001__seed-053__summary.json,/nobackup/proj/disk/naiss2026-4-902/shared/yizhil/Avalanche/avalanche-master/search_result_texture-all/tagfex/order3/lr001/log/search_texture_tagfex__order-3__lr-001__seed-053.log
texture-all,texture,tagfex,3,53,0.05,1,10,2208338437362542,2199184366891954,9154070470588,2208338437362542,119113291363986,239,498381972234.25104,/nobackup/proj/disk/naiss2026-4-902/shared/yizhil/Avalanche/avalanche-master/search_result_texture-all/tagfex/order3/lr005/search_texture_tagfex__order-3__lr-005__seed-053__summary.json,/nobackup/proj/disk/naiss2026-4-902/shared/yizhil/Avalanche/avalanche-master/search_result_texture-all/tagfex/order3/lr005/log/search_texture_tagfex__order-3__lr-005__seed-053.log
texture-all,texture,tagfex,3,53,0.05,2,10,4060875038058615,3545929049491826,514945988566789,6269213475421157,226331049066597,320,707284528333.1156,/nobackup/proj/disk/naiss2026-4-902/shared/yizhil/Avalanche/avalanche-master/search_result_texture-all/tagfex/order3/lr005/search_texture_tagfex__order-3__lr-005__seed-053__summary.json,/nobackup/proj/disk/naiss2026-4-902/shared/yizhil/Avalanche/avalanche-master/search_result_texture-all/tagfex/order3/lr005/log/search_texture_tagfex__order-3__lr-005__seed-053.log
texture-all,texture,tagfex,3,53,0.05,3,10,5747018426201068,5083073401236836,663945024964232,12016231901622225,331342076257973,403,822188774833.6799,/nobackup/proj/disk/naiss2026-4-902/shared/yizhil/Avalanche/avalanche-master/search_result_texture-all/tagfex/order3/lr005/search_texture_tagfex__order-3__lr-005__seed-053__summary.json,/nobackup/proj/disk/naiss2026-4-902/shared/yizhil/Avalanche/avalanche-master/search_result_texture-all/tagfex/order3/lr005/log/search_texture_tagfex__order-3__lr-005__seed-053.log
texture-all,texture,tagfex,3,53,0.05,4,10,7630517591200803,6817958275762478,812559315438325,19646749492823028,451678845934021,482,937093041356.89,/nobackup/proj/disk/naiss2026-4-902/shared/yizhil/Avalanche/avalanche-master/search_result_texture-all/tagfex/order3/lr005/search_texture_tagfex__order-3__lr-005__seed-053__summary.json,/nobackup/proj/disk/naiss2026-4-902/shared/yizhil/Avalanche/avalanche-master/search_result_texture-all/tagfex/order3/lr005/log/search_texture_tagfex__order-3__lr-005__seed-053.log
texture-all,texture,tagfex,3,53,0.05,5,10,9814339860152128,8841941918965592,972397941186536,29461089352975156,593326620905127,564,1051997554796.3245,/nobackup/proj/disk/naiss2026-4-902/shared/yizhil/Avalanche/avalanche-master/search_result_texture-all/tagfex/order3/lr005/search_texture_tagfex__order-3__lr-005__seed-053__summary.json,/nobackup/proj/disk/naiss2026-4-902/shared/yizhil/Avalanche/avalanche-master/search_result_texture-all/tagfex/order3/lr005/log/search_texture_tagfex__order-3__lr-005__seed-053.log
texture-all,texture,tagfex,3,53,0.05,6,10,12255496259590877,11116978333983198,1138517925607679,41716585612566033,753818863465123,646,1166902265425.887,/nobackup/proj/disk/naiss2026-4-902/shared/yizhil/Avalanche/avalanche-master/search_result_texture-all/tagfex/order3/lr005/search_texture_tagfex__order-3__lr-005__seed-053__summary.json,/nobackup/proj/disk/naiss2026-4-902/shared/yizhil/Avalanche/avalanche-master/search_result_texture-all/tagfex/order3/lr005/log/search_texture_tagfex__order-3__lr-005__seed-053.log
texture-all,texture,tagfex,3,53,0.05,7,10,14851013708060536,13549098444848160,1301915263212376,56567599320626569,926526649262962,723,1281502972701.1921,/nobackup/proj/disk/naiss2026-4-902/shared/yizhil/Avalanche/avalanche-master/search_result_texture-all/tagfex/order3/lr005/search_texture_tagfex__order-3__lr-005__seed-053__summary.json,/nobackup/proj/disk/naiss2026-4-902/shared/yizhil/Avalanche/avalanche-master/search_result_texture-all/tagfex/order3/lr005/log/search_texture_tagfex__order-3__lr-005__seed-053.log
texture-all,texture,tagfex,3,53,0.05,8,10,17734140671151327,16259251380917406,1474889290233921,74301739991777896,1120162114815191,802,1396710866353.106,/nobackup/proj/disk/naiss2026-4-902/shared/yizhil/Avalanche/avalanche-master/search_result_texture-all/tagfex/order3/lr005/search_texture_tagfex__order-3__lr-005__seed-053__summary.json,/nobackup/proj/disk/naiss2026-4-902/shared/yizhil/Avalanche/avalanche-master/search_result_texture-all/tagfex/order3/lr005/log/search_texture_tagfex__order-3__lr-005__seed-053.log
texture-all,texture,tagfex,3,53,0.05,9,10,20769777623788476,19123371732604228,1646405891184248,95071517615566372,1325686655310132,877,1511615342428.8848,/nobackup/proj/disk/naiss2026-4-902/shared/yizhil/Avalanche/avalanche-master/search_result_texture-all/tagfex/order3/lr005/search_texture_tagfex__order-3__lr-005__seed-053__summary.json,/nobackup/proj/disk/naiss2026-4-902/shared/yizhil/Avalanche/avalanche-master/search_result_texture-all/tagfex/order3/lr005/log/search_texture_tagfex__order-3__lr-005__seed-053.log
texture-all,texture,tagfex,3,53,0.05,10,10,24242996387910351,22404003257666882,1838993130243469,119314514003476723,1561459178807685,960,1626519977924.6719,/nobackup/proj/disk/naiss2026-4-902/shared/yizhil/Avalanche/avalanche-master/search_result_texture-all/tagfex/order3/lr005/search_texture_tagfex__order-3__lr-005__seed-053__summary.json,/nobackup/proj/disk/naiss2026-4-902/shared/yizhil/Avalanche/avalanche-master/search_result_texture-all/tagfex/order3/lr005/log/search_texture_tagfex__order-3__lr-005__seed-053.log
texture-all,texture,tagfex,3,53,0.1,1,10,2208338437362542,2199184366891954,9154070470588,2208338437362542,119113291363986,239,498381972234.25104,/nobackup/proj/disk/naiss2026-4-902/shared/yizhil/Avalanche/avalanche-master/search_result_texture-all/tagfex/order3/lr01/search_texture_tagfex__order-3__lr-01__seed-053__summary.json,/nobackup/proj/disk/naiss2026-4-902/shared/yizhil/Avalanche/avalanche-master/search_result_texture-all/tagfex/order3/lr01/log/search_texture_tagfex__order-3__lr-01__seed-053.log
texture-all,texture,tagfex,3,53,0.1,2,10,4060875038058615,3545929049491826,514945988566789,6269213475421157,226331049066597,320,707284528333.1156,/nobackup/proj/disk/naiss2026-4-902/shared/yizhil/Avalanche/avalanche-master/search_result_texture-all/tagfex/order3/lr01/search_texture_tagfex__order-3__lr-01__seed-053__summary.json,/nobackup/proj/disk/naiss2026-4-902/shared/yizhil/Avalanche/avalanche-master/search_result_texture-all/tagfex/order3/lr01/log/search_texture_tagfex__order-3__lr-01__seed-053.log
texture-all,texture,tagfex,3,53,0.1,3,10,5747018426201068,5083073401236836,663945024964232,12016231901622225,331342076257973,403,822188774833.6799,/nobackup/proj/disk/naiss2026-4-902/shared/yizhil/Avalanche/avalanche-master/search_result_texture-all/tagfex/order3/lr01/search_texture_tagfex__order-3__lr-01__seed-053__summary.json,/nobackup/proj/disk/naiss2026-4-902/shared/yizhil/Avalanche/avalanche-master/search_result_texture-all/tagfex/order3/lr01/log/search_texture_tagfex__order-3__lr-01__seed-053.log
texture-all,texture,tagfex,3,53,0.1,4,10,7630517591200803,6817958275762478,812559315438325,19646749492823028,451678845934021,482,937093041356.89,/nobackup/proj/disk/naiss2026-4-902/shared/yizhil/Avalanche/avalanche-master/search_result_texture-all/tagfex/order3/lr01/search_texture_tagfex__order-3__lr-01__seed-053__summary.json,/nobackup/proj/disk/naiss2026-4-902/shared/yizhil/Avalanche/avalanche-master/search_result_texture-all/tagfex/order3/lr01/log/search_texture_tagfex__order-3__lr-01__seed-053.log
texture-all,texture,tagfex,3,53,0.1,5,10,9814339860152128,8841941918965592,972397941186536,29461089352975156,593326620905127,564,1051997554796.3245,/nobackup/proj/disk/naiss2026-4-902/shared/yizhil/Avalanche/avalanche-master/search_result_texture-all/tagfex/order3/lr01/search_texture_tagfex__order-3__lr-01__seed-053__summary.json,/nobackup/proj/disk/naiss2026-4-902/shared/yizhil/Avalanche/avalanche-master/search_result_texture-all/tagfex/order3/lr01/log/search_texture_tagfex__order-3__lr-01__seed-053.log
texture-all,texture,tagfex,3,53,0.1,6,10,12255496259590877,11116978333983198,1138517925607679,41716585612566033,753818863465123,646,1166902265425.887,/nobackup/proj/disk/naiss2026-4-902/shared/yizhil/Avalanche/avalanche-master/search_result_texture-all/tagfex/order3/lr01/search_texture_tagfex__order-3__lr-01__seed-053__summary.json,/nobackup/proj/disk/naiss2026-4-902/shared/yizhil/Avalanche/avalanche-master/search_result_texture-all/tagfex/order3/lr01/log/search_texture_tagfex__order-3__lr-01__seed-053.log
texture-all,texture,tagfex,3,53,0.1,7,10,14851013708060536,13549098444848160,1301915263212376,56567599320626569,926526649262962,723,1281502972701.1921,/nobackup/proj/disk/naiss2026-4-902/shared/yizhil/Avalanche/avalanche-master/search_result_texture-all/tagfex/order3/lr01/search_texture_tagfex__order-3__lr-01__seed-053__summary.json,/nobackup/proj/disk/naiss2026-4-902/shared/yizhil/Avalanche/avalanche-master/search_result_texture-all/tagfex/order3/lr01/log/search_texture_tagfex__order-3__lr-01__seed-053.log
texture-all,texture,tagfex,3,53,0.1,8,10,17734140671151327,16259251380917406,1474889290233921,74301739991777896,1120162114815191,802,1396710866353.106,/nobackup/proj/disk/naiss2026-4-902/shared/yizhil/Avalanche/avalanche-master/search_result_texture-all/tagfex/order3/lr01/search_texture_tagfex__order-3__lr-01__seed-053__summary.json,/nobackup/proj/disk/naiss2026-4-902/shared/yizhil/Avalanche/avalanche-master/search_result_texture-all/tagfex/order3/lr01/log/search_texture_tagfex__order-3__lr-01__seed-053.log
texture-all,texture,tagfex,3,53,0.1,9,10,20769777623788476,19123371732604228,1646405891184248,95071517615566372,1325686655310132,877,1511615342428.8848,/nobackup/proj/disk/naiss2026-4-902/shared/yizhil/Avalanche/avalanche-master/search_result_texture-all/tagfex/order3/lr01/search_texture_tagfex__order-3__lr-01__seed-053__summary.json,/nobackup/proj/disk/naiss2026-4-902/shared/yizhil/Avalanche/avalanche-master/search_result_texture-all/tagfex/order3/lr01/log/search_texture_tagfex__order-3__lr-01__seed-053.log
texture-all,texture,tagfex,3,53,0.1,10,10,24242996387910351,22404003257666882,1838993130243469,119314514003476723,1561459178807685,960,1626519977924.6719,/nobackup/proj/disk/naiss2026-4-902/shared/yizhil/Avalanche/avalanche-master/search_result_texture-all/tagfex/order3/lr01/search_texture_tagfex__order-3__lr-01__seed-053__summary.json,/nobackup/proj/disk/naiss2026-4-902/shared/yizhil/Avalanche/avalanche-master/search_result_texture-all/tagfex/order3/lr01/log/search_texture_tagfex__order-3__lr-01__seed-053.log
texture-all,texture,tagfex,3,54,0.01,1,10,2208338437362542,2199184366891954,9154070470588,2208338437362542,119113291363986,239,498381972234.25104,/nobackup/proj/disk/naiss2026-4-902/shared/yizhil/Avalanche/avalanche-master/search_result_texture-all/tagfex/order3/lr001/search_texture_tagfex__order-3__lr-001__seed-054__summary.json,/nobackup/proj/disk/naiss2026-4-902/shared/yizhil/Avalanche/avalanche-master/search_result_texture-all/tagfex/order3/lr001/log/search_texture_tagfex__order-3__lr-001__seed-054.log
texture-all,texture,tagfex,3,54,0.01,2,10,4060875038058615,3545929049491826,514945988566789,6269213475421157,226331049066597,320,707284528333.1156,/nobackup/proj/disk/naiss2026-4-902/shared/yizhil/Avalanche/avalanche-master/search_result_texture-all/tagfex/order3/lr001/search_texture_tagfex__order-3__lr-001__seed-054__summary.json,/nobackup/proj/disk/naiss2026-4-902/shared/yizhil/Avalanche/avalanche-master/search_result_texture-all/tagfex/order3/lr001/log/search_texture_tagfex__order-3__lr-001__seed-054.log
texture-all,texture,tagfex,3,54,0.01,3,10,5747018426201068,5083073401236836,663945024964232,12016231901622225,331342076257973,403,822188774833.6799,/nobackup/proj/disk/naiss2026-4-902/shared/yizhil/Avalanche/avalanche-master/search_result_texture-all/tagfex/order3/lr001/search_texture_tagfex__order-3__lr-001__seed-054__summary.json,/nobackup/proj/disk/naiss2026-4-902/shared/yizhil/Avalanche/avalanche-master/search_result_texture-all/tagfex/order3/lr001/log/search_texture_tagfex__order-3__lr-001__seed-054.log
texture-all,texture,tagfex,3,54,0.01,4,10,7630517591200803,6817958275762478,812559315438325,19646749492823028,451678845934021,482,937093041356.89,/nobackup/proj/disk/naiss2026-4-902/shared/yizhil/Avalanche/avalanche-master/search_result_texture-all/tagfex/order3/lr001/search_texture_tagfex__order-3__lr-001__seed-054__summary.json,/nobackup/proj/disk/naiss2026-4-902/shared/yizhil/Avalanche/avalanche-master/search_result_texture-all/tagfex/order3/lr001/log/search_texture_tagfex__order-3__lr-001__seed-054.log
texture-all,texture,tagfex,3,54,0.01,5,10,9814339860152128,8841941918965592,972397941186536,29461089352975156,593326620905127,564,1051997554796.3245,/nobackup/proj/disk/naiss2026-4-902/shared/yizhil/Avalanche/avalanche-master/search_result_texture-all/tagfex/order3/lr001/search_texture_tagfex__order-3__lr-001__seed-054__summary.json,/nobackup/proj/disk/naiss2026-4-902/shared/yizhil/Avalanche/avalanche-master/search_result_texture-all/tagfex/order3/lr001/log/search_texture_tagfex__order-3__lr-001__seed-054.log
texture-all,texture,tagfex,3,54,0.01,6,10,12255219043944717,11116701118337038,1138517925607679,41716308396919873,753818863465123,646,1166902265425.887,/nobackup/proj/disk/naiss2026-4-902/shared/yizhil/Avalanche/avalanche-master/search_result_texture-all/tagfex/order3/lr001/search_texture_tagfex__order-3__lr-001__seed-054__summary.json,/nobackup/proj/disk/naiss2026-4-902/shared/yizhil/Avalanche/avalanche-master/search_result_texture-all/tagfex/order3/lr001/log/search_texture_tagfex__order-3__lr-001__seed-054.log
texture-all,texture,tagfex,3,54,0.01,7,10,14850713433135480,13548798169923104,1301915263212376,56567021830055353,926746094576886,723,1281806493190.7136,/nobackup/proj/disk/naiss2026-4-902/shared/yizhil/Avalanche/avalanche-master/search_result_texture-all/tagfex/order3/lr001/search_texture_tagfex__order-3__lr-001__seed-054__summary.json,/nobackup/proj/disk/naiss2026-4-902/shared/yizhil/Avalanche/avalanche-master/search_result_texture-all/tagfex/order3/lr001/log/search_texture_tagfex__order-3__lr-001__seed-054.log
texture-all,texture,tagfex,3,54,0.01,8,10,17734140671151327,16259251380917406,1474889290233921,74301162501206680,1120162114815191,802,1396710866353.106,/nobackup/proj/disk/naiss2026-4-902/shared/yizhil/Avalanche/avalanche-master/search_result_texture-all/tagfex/order3/lr001/search_texture_tagfex__order-3__lr-001__seed-054__summary.json,/nobackup/proj/disk/naiss2026-4-902/shared/yizhil/Avalanche/avalanche-master/search_result_texture-all/tagfex/order3/lr001/log/search_texture_tagfex__order-3__lr-001__seed-054.log
texture-all,texture,tagfex,3,54,0.01,9,10,20767560127128996,19121154235944748,1646405891184248,95068722628335676,1324208324203812,877,1509929674120.6523,/nobackup/proj/disk/naiss2026-4-902/shared/yizhil/Avalanche/avalanche-master/search_result_texture-all/tagfex/order3/lr001/search_texture_tagfex__order-3__lr-001__seed-054__summary.json,/nobackup/proj/disk/naiss2026-4-902/shared/yizhil/Avalanche/avalanche-master/search_result_texture-all/tagfex/order3/lr001/log/search_texture_tagfex__order-3__lr-001__seed-054.log
texture-all,texture,tagfex,3,54,0.01,10,10,24242996387910351,22404003257666882,1838993130243469,119311719016246027,1561459178807685,960,1626519977924.6719,/nobackup/proj/disk/naiss2026-4-902/shared/yizhil/Avalanche/avalanche-master/search_result_texture-all/tagfex/order3/lr001/search_texture_tagfex__order-3__lr-001__seed-054__summary.json,/nobackup/proj/disk/naiss2026-4-902/shared/yizhil/Avalanche/avalanche-master/search_result_texture-all/tagfex/order3/lr001/log/search_texture_tagfex__order-3__lr-001__seed-054.log
texture-all,texture,tagfex,3,54,0.05,1,10,2208338437362542,2199184366891954,9154070470588,2208338437362542,119113291363986,239,498381972234.25104,/nobackup/proj/disk/naiss2026-4-902/shared/yizhil/Avalanche/avalanche-master/search_result_texture-all/tagfex/order3/lr005/search_texture_tagfex__order-3__lr-005__seed-054__summary.json,/nobackup/proj/disk/naiss2026-4-902/shared/yizhil/Avalanche/avalanche-master/search_result_texture-all/tagfex/order3/lr005/log/search_texture_tagfex__order-3__lr-005__seed-054.log
texture-all,texture,tagfex,3,54,0.05,2,10,4060875038058615,3545929049491826,514945988566789,6269213475421157,226331049066597,320,707284528333.1156,/nobackup/proj/disk/naiss2026-4-902/shared/yizhil/Avalanche/avalanche-master/search_result_texture-all/tagfex/order3/lr005/search_texture_tagfex__order-3__lr-005__seed-054__summary.json,/nobackup/proj/disk/naiss2026-4-902/shared/yizhil/Avalanche/avalanche-master/search_result_texture-all/tagfex/order3/lr005/log/search_texture_tagfex__order-3__lr-005__seed-054.log
texture-all,texture,tagfex,3,54,0.05,3,10,5747018426201068,5083073401236836,663945024964232,12016231901622225,331342076257973,403,822188774833.6799,/nobackup/proj/disk/naiss2026-4-902/shared/yizhil/Avalanche/avalanche-master/search_result_texture-all/tagfex/order3/lr005/search_texture_tagfex__order-3__lr-005__seed-054__summary.json,/nobackup/proj/disk/naiss2026-4-902/shared/yizhil/Avalanche/avalanche-master/search_result_texture-all/tagfex/order3/lr005/log/search_texture_tagfex__order-3__lr-005__seed-054.log
texture-all,texture,tagfex,3,54,0.05,4,10,7630517591200803,6817958275762478,812559315438325,19646749492823028,451678845934021,482,937093041356.89,/nobackup/proj/disk/naiss2026-4-902/shared/yizhil/Avalanche/avalanche-master/search_result_texture-all/tagfex/order3/lr005/search_texture_tagfex__order-3__lr-005__seed-054__summary.json,/nobackup/proj/disk/naiss2026-4-902/shared/yizhil/Avalanche/avalanche-master/search_result_texture-all/tagfex/order3/lr005/log/search_texture_tagfex__order-3__lr-005__seed-054.log
texture-all,texture,tagfex,3,54,0.05,5,10,9814339860152128,8841941918965592,972397941186536,29461089352975156,593326620905127,564,1051997554796.3245,/nobackup/proj/disk/naiss2026-4-902/shared/yizhil/Avalanche/avalanche-master/search_result_texture-all/tagfex/order3/lr005/search_texture_tagfex__order-3__lr-005__seed-054__summary.json,/nobackup/proj/disk/naiss2026-4-902/shared/yizhil/Avalanche/avalanche-master/search_result_texture-all/tagfex/order3/lr005/log/search_texture_tagfex__order-3__lr-005__seed-054.log
texture-all,texture,tagfex,3,54,0.05,6,10,12255219043944085,11116701118336406,1138517925607679,41716308396919241,753818863465123,646,1166902265425.887,/nobackup/proj/disk/naiss2026-4-902/shared/yizhil/Avalanche/avalanche-master/search_result_texture-all/tagfex/order3/lr005/search_texture_tagfex__order-3__lr-005__seed-054__summary.json,/nobackup/proj/disk/naiss2026-4-902/shared/yizhil/Avalanche/avalanche-master/search_result_texture-all/tagfex/order3/lr005/log/search_texture_tagfex__order-3__lr-005__seed-054.log
texture-all,texture,tagfex,3,54,0.05,7,10,14850713433135480,13548798169923104,1301915263212376,56567021830054721,926746094576886,723,1281806493190.7136,/nobackup/proj/disk/naiss2026-4-902/shared/yizhil/Avalanche/avalanche-master/search_result_texture-all/tagfex/order3/lr005/search_texture_tagfex__order-3__lr-005__seed-054__summary.json,/nobackup/proj/disk/naiss2026-4-902/shared/yizhil/Avalanche/avalanche-master/search_result_texture-all/tagfex/order3/lr005/log/search_texture_tagfex__order-3__lr-005__seed-054.log
texture-all,texture,tagfex,3,54,0.05,8,10,17734140671151327,16259251380917406,1474889290233921,74301162501206048,1120162114815191,802,1396710866353.106,/nobackup/proj/disk/naiss2026-4-902/shared/yizhil/Avalanche/avalanche-master/search_result_texture-all/tagfex/order3/lr005/search_texture_tagfex__order-3__lr-005__seed-054__summary.json,/nobackup/proj/disk/naiss2026-4-902/shared/yizhil/Avalanche/avalanche-master/search_result_texture-all/tagfex/order3/lr005/log/search_texture_tagfex__order-3__lr-005__seed-054.log
texture-all,texture,tagfex,3,54,0.05,9,10,20767560127128996,19121154235944748,1646405891184248,95068722628335044,1324208324203812,877,1509929674120.6523,/nobackup/proj/disk/naiss2026-4-902/shared/yizhil/Avalanche/avalanche-master/search_result_texture-all/tagfex/order3/lr005/search_texture_tagfex__order-3__lr-005__seed-054__summary.json,/nobackup/proj/disk/naiss2026-4-902/shared/yizhil/Avalanche/avalanche-master/search_result_texture-all/tagfex/order3/lr005/log/search_texture_tagfex__order-3__lr-005__seed-054.log
texture-all,texture,tagfex,3,54,0.05,10,10,24242996387910351,22404003257666882,1838993130243469,119311719016245395,1561459178807685,960,1626519977924.6719,/nobackup/proj/disk/naiss2026-4-902/shared/yizhil/Avalanche/avalanche-master/search_result_texture-all/tagfex/order3/lr005/search_texture_tagfex__order-3__lr-005__seed-054__summary.json,/nobackup/proj/disk/naiss2026-4-902/shared/yizhil/Avalanche/avalanche-master/search_result_texture-all/tagfex/order3/lr005/log/search_texture_tagfex__order-3__lr-005__seed-054.log
texture-all,texture,tagfex,3,54,0.1,1,10,2208338437362542,2199184366891954,9154070470588,2208338437362542,119113291363986,239,498381972234.25104,/nobackup/proj/disk/naiss2026-4-902/shared/yizhil/Avalanche/avalanche-master/search_result_texture-all/tagfex/order3/lr01/search_texture_tagfex__order-3__lr-01__seed-054__summary.json,/nobackup/proj/disk/naiss2026-4-902/shared/yizhil/Avalanche/avalanche-master/search_result_texture-all/tagfex/order3/lr01/log/search_texture_tagfex__order-3__lr-01__seed-054.log
texture-all,texture,tagfex,3,54,0.1,2,10,4060875038058615,3545929049491826,514945988566789,6269213475421157,226331049066597,320,707284528333.1156,/nobackup/proj/disk/naiss2026-4-902/shared/yizhil/Avalanche/avalanche-master/search_result_texture-all/tagfex/order3/lr01/search_texture_tagfex__order-3__lr-01__seed-054__summary.json,/nobackup/proj/disk/naiss2026-4-902/shared/yizhil/Avalanche/avalanche-master/search_result_texture-all/tagfex/order3/lr01/log/search_texture_tagfex__order-3__lr-01__seed-054.log
texture-all,texture,tagfex,3,54,0.1,3,10,5747018426201068,5083073401236836,663945024964232,12016231901622225,331342076257973,403,822188774833.6799,/nobackup/proj/disk/naiss2026-4-902/shared/yizhil/Avalanche/avalanche-master/search_result_texture-all/tagfex/order3/lr01/search_texture_tagfex__order-3__lr-01__seed-054__summary.json,/nobackup/proj/disk/naiss2026-4-902/shared/yizhil/Avalanche/avalanche-master/search_result_texture-all/tagfex/order3/lr01/log/search_texture_tagfex__order-3__lr-01__seed-054.log
texture-all,texture,tagfex,3,54,0.1,4,10,7630517591200803,6817958275762478,812559315438325,19646749492823028,451678845934021,482,937093041356.89,/nobackup/proj/disk/naiss2026-4-902/shared/yizhil/Avalanche/avalanche-master/search_result_texture-all/tagfex/order3/lr01/search_texture_tagfex__order-3__lr-01__seed-054__summary.json,/nobackup/proj/disk/naiss2026-4-902/shared/yizhil/Avalanche/avalanche-master/search_result_texture-all/tagfex/order3/lr01/log/search_texture_tagfex__order-3__lr-01__seed-054.log
texture-all,texture,tagfex,3,54,0.1,5,10,9814339860152128,8841941918965592,972397941186536,29461089352975156,593326620905127,564,1051997554796.3245,/nobackup/proj/disk/naiss2026-4-902/shared/yizhil/Avalanche/avalanche-master/search_result_texture-all/tagfex/order3/lr01/search_texture_tagfex__order-3__lr-01__seed-054__summary.json,/nobackup/proj/disk/naiss2026-4-902/shared/yizhil/Avalanche/avalanche-master/search_result_texture-all/tagfex/order3/lr01/log/search_texture_tagfex__order-3__lr-01__seed-054.log
texture-all,texture,tagfex,3,54,0.1,6,10,12255219043944223,11116701118336544,1138517925607679,41716308396919379,753818863465123,646,1166902265425.887,/nobackup/proj/disk/naiss2026-4-902/shared/yizhil/Avalanche/avalanche-master/search_result_texture-all/tagfex/order3/lr01/search_texture_tagfex__order-3__lr-01__seed-054__summary.json,/nobackup/proj/disk/naiss2026-4-902/shared/yizhil/Avalanche/avalanche-master/search_result_texture-all/tagfex/order3/lr01/log/search_texture_tagfex__order-3__lr-01__seed-054.log
texture-all,texture,tagfex,3,54,0.1,7,10,14850713433135480,13548798169923104,1301915263212376,56567021830054859,926746094576886,723,1281806493190.7136,/nobackup/proj/disk/naiss2026-4-902/shared/yizhil/Avalanche/avalanche-master/search_result_texture-all/tagfex/order3/lr01/search_texture_tagfex__order-3__lr-01__seed-054__summary.json,/nobackup/proj/disk/naiss2026-4-902/shared/yizhil/Avalanche/avalanche-master/search_result_texture-all/tagfex/order3/lr01/log/search_texture_tagfex__order-3__lr-01__seed-054.log
texture-all,texture,tagfex,3,54,0.1,8,10,17734140671151327,16259251380917406,1474889290233921,74301162501206186,1120162114815191,802,1396710866353.106,/nobackup/proj/disk/naiss2026-4-902/shared/yizhil/Avalanche/avalanche-master/search_result_texture-all/tagfex/order3/lr01/search_texture_tagfex__order-3__lr-01__seed-054__summary.json,/nobackup/proj/disk/naiss2026-4-902/shared/yizhil/Avalanche/avalanche-master/search_result_texture-all/tagfex/order3/lr01/log/search_texture_tagfex__order-3__lr-01__seed-054.log
texture-all,texture,tagfex,3,54,0.1,9,10,20767560127128996,19121154235944748,1646405891184248,95068722628335182,1324208324203812,877,1509929674120.6523,/nobackup/proj/disk/naiss2026-4-902/shared/yizhil/Avalanche/avalanche-master/search_result_texture-all/tagfex/order3/lr01/search_texture_tagfex__order-3__lr-01__seed-054__summary.json,/nobackup/proj/disk/naiss2026-4-902/shared/yizhil/Avalanche/avalanche-master/search_result_texture-all/tagfex/order3/lr01/log/search_texture_tagfex__order-3__lr-01__seed-054.log
texture-all,texture,tagfex,3,54,0.1,10,10,24242996387910351,22404003257666882,1838993130243469,119311719016245533,1561459178807685,960,1626519977924.6719,/nobackup/proj/disk/naiss2026-4-902/shared/yizhil/Avalanche/avalanche-master/search_result_texture-all/tagfex/order3/lr01/search_texture_tagfex__order-3__lr-01__seed-054__summary.json,/nobackup/proj/disk/naiss2026-4-902/shared/yizhil/Avalanche/avalanche-master/search_result_texture-all/tagfex/order3/lr01/log/search_texture_tagfex__order-3__lr-01__seed-054.log
texture-all,texture,tagfex,3,55,0.01,1,10,2208338437362542,2199184366891954,9154070470588,2208338437362542,119113291363986,239,498381972234.25104,/nobackup/proj/disk/naiss2026-4-902/shared/yizhil/Avalanche/avalanche-master/search_result_texture-all/tagfex/order3/lr001/search_texture_tagfex__order-3__lr-001__seed-055__summary.json,/nobackup/proj/disk/naiss2026-4-902/shared/yizhil/Avalanche/avalanche-master/search_result_texture-all/tagfex/order3/lr001/log/search_texture_tagfex__order-3__lr-001__seed-055.log
texture-all,texture,tagfex,3,55,0.01,2,10,4060875038058615,3545929049491826,514945988566789,6269213475421157,226331049066597,320,707284528333.1156,/nobackup/proj/disk/naiss2026-4-902/shared/yizhil/Avalanche/avalanche-master/search_result_texture-all/tagfex/order3/lr001/search_texture_tagfex__order-3__lr-001__seed-055__summary.json,/nobackup/proj/disk/naiss2026-4-902/shared/yizhil/Avalanche/avalanche-master/search_result_texture-all/tagfex/order3/lr001/log/search_texture_tagfex__order-3__lr-001__seed-055.log
texture-all,texture,tagfex,3,55,0.01,3,10,5747018426201068,5083073401236836,663945024964232,12016231901622225,331342076257973,403,822188774833.6799,/nobackup/proj/disk/naiss2026-4-902/shared/yizhil/Avalanche/avalanche-master/search_result_texture-all/tagfex/order3/lr001/search_texture_tagfex__order-3__lr-001__seed-055__summary.json,/nobackup/proj/disk/naiss2026-4-902/shared/yizhil/Avalanche/avalanche-master/search_result_texture-all/tagfex/order3/lr001/log/search_texture_tagfex__order-3__lr-001__seed-055.log
texture-all,texture,tagfex,3,55,0.01,4,10,7630517591200803,6817958275762478,812559315438325,19646749492823028,451678845934021,482,937093041356.89,/nobackup/proj/disk/naiss2026-4-902/shared/yizhil/Avalanche/avalanche-master/search_result_texture-all/tagfex/order3/lr001/search_texture_tagfex__order-3__lr-001__seed-055__summary.json,/nobackup/proj/disk/naiss2026-4-902/shared/yizhil/Avalanche/avalanche-master/search_result_texture-all/tagfex/order3/lr001/log/search_texture_tagfex__order-3__lr-001__seed-055.log
texture-all,texture,tagfex,3,55,0.01,5,10,9814339860152128,8841941918965592,972397941186536,29461089352975156,593326620905127,564,1051997554796.3245,/nobackup/proj/disk/naiss2026-4-902/shared/yizhil/Avalanche/avalanche-master/search_result_texture-all/tagfex/order3/lr001/search_texture_tagfex__order-3__lr-001__seed-055__summary.json,/nobackup/proj/disk/naiss2026-4-902/shared/yizhil/Avalanche/avalanche-master/search_result_texture-all/tagfex/order3/lr001/log/search_texture_tagfex__order-3__lr-001__seed-055.log
texture-all,texture,tagfex,3,55,0.01,6,10,12255149740033177,11116631814425498,1138517925607679,41716239093008333,753818863465123,646,1166902265425.887,/nobackup/proj/disk/naiss2026-4-902/shared/yizhil/Avalanche/avalanche-master/search_result_texture-all/tagfex/order3/lr001/search_texture_tagfex__order-3__lr-001__seed-055__summary.json,/nobackup/proj/disk/naiss2026-4-902/shared/yizhil/Avalanche/avalanche-master/search_result_texture-all/tagfex/order3/lr001/log/search_texture_tagfex__order-3__lr-001__seed-055.log
texture-all,texture,tagfex,3,55,0.01,7,10,14851452598688384,13549537335476008,1301915263212376,56567691691696717,926746094576886,723,1281806493190.7136,/nobackup/proj/disk/naiss2026-4-902/shared/yizhil/Avalanche/avalanche-master/search_result_texture-all/tagfex/order3/lr001/search_texture_tagfex__order-3__lr-001__seed-055__summary.json,/nobackup/proj/disk/naiss2026-4-902/shared/yizhil/Avalanche/avalanche-master/search_result_texture-all/tagfex/order3/lr001/log/search_texture_tagfex__order-3__lr-001__seed-055.log
texture-all,texture,tagfex,3,55,0.01,8,10,17733401505598295,16258512215364374,1474889290233921,74301093197295012,1120162114815191,802,1396710866353.106,/nobackup/proj/disk/naiss2026-4-902/shared/yizhil/Avalanche/avalanche-master/search_result_texture-all/tagfex/order3/lr001/search_texture_tagfex__order-3__lr-001__seed-055__summary.json,/nobackup/proj/disk/naiss2026-4-902/shared/yizhil/Avalanche/avalanche-master/search_result_texture-all/tagfex/order3/lr001/log/search_texture_tagfex__order-3__lr-001__seed-055.log
texture-all,texture,tagfex,3,55,0.01,9,10,20769777623788476,19123371732604228,1646405891184248,95070870821083488,1325686655310132,877,1511615342428.8848,/nobackup/proj/disk/naiss2026-4-902/shared/yizhil/Avalanche/avalanche-master/search_result_texture-all/tagfex/order3/lr001/search_texture_tagfex__order-3__lr-001__seed-055__summary.json,/nobackup/proj/disk/naiss2026-4-902/shared/yizhil/Avalanche/avalanche-master/search_result_texture-all/tagfex/order3/lr001/log/search_texture_tagfex__order-3__lr-001__seed-055.log
texture-all,texture,tagfex,3,55,0.01,10,10,24241518056803775,22402524926560306,1838993130243469,119312388877887263,1561459178807685,960,1626519977924.6719,/nobackup/proj/disk/naiss2026-4-902/shared/yizhil/Avalanche/avalanche-master/search_result_texture-all/tagfex/order3/lr001/search_texture_tagfex__order-3__lr-001__seed-055__summary.json,/nobackup/proj/disk/naiss2026-4-902/shared/yizhil/Avalanche/avalanche-master/search_result_texture-all/tagfex/order3/lr001/log/search_texture_tagfex__order-3__lr-001__seed-055.log
texture-all,texture,tagfex,3,55,0.05,1,10,2208338437362542,2199184366891954,9154070470588,2208338437362542,119113291363986,239,498381972234.25104,/nobackup/proj/disk/naiss2026-4-902/shared/yizhil/Avalanche/avalanche-master/search_result_texture-all/tagfex/order3/lr005/search_texture_tagfex__order-3__lr-005__seed-055__summary.json,/nobackup/proj/disk/naiss2026-4-902/shared/yizhil/Avalanche/avalanche-master/search_result_texture-all/tagfex/order3/lr005/log/search_texture_tagfex__order-3__lr-005__seed-055.log
texture-all,texture,tagfex,3,55,0.05,2,10,4060875038058615,3545929049491826,514945988566789,6269213475421157,226331049066597,320,707284528333.1156,/nobackup/proj/disk/naiss2026-4-902/shared/yizhil/Avalanche/avalanche-master/search_result_texture-all/tagfex/order3/lr005/search_texture_tagfex__order-3__lr-005__seed-055__summary.json,/nobackup/proj/disk/naiss2026-4-902/shared/yizhil/Avalanche/avalanche-master/search_result_texture-all/tagfex/order3/lr005/log/search_texture_tagfex__order-3__lr-005__seed-055.log
texture-all,texture,tagfex,3,55,0.05,3,10,5747018426201068,5083073401236836,663945024964232,12016231901622225,331342076257973,403,822188774833.6799,/nobackup/proj/disk/naiss2026-4-902/shared/yizhil/Avalanche/avalanche-master/search_result_texture-all/tagfex/order3/lr005/search_texture_tagfex__order-3__lr-005__seed-055__summary.json,/nobackup/proj/disk/naiss2026-4-902/shared/yizhil/Avalanche/avalanche-master/search_result_texture-all/tagfex/order3/lr005/log/search_texture_tagfex__order-3__lr-005__seed-055.log
texture-all,texture,tagfex,3,55,0.05,4,10,7630517591200803,6817958275762478,812559315438325,19646749492823028,451678845934021,482,937093041356.89,/nobackup/proj/disk/naiss2026-4-902/shared/yizhil/Avalanche/avalanche-master/search_result_texture-all/tagfex/order3/lr005/search_texture_tagfex__order-3__lr-005__seed-055__summary.json,/nobackup/proj/disk/naiss2026-4-902/shared/yizhil/Avalanche/avalanche-master/search_result_texture-all/tagfex/order3/lr005/log/search_texture_tagfex__order-3__lr-005__seed-055.log
texture-all,texture,tagfex,3,55,0.05,5,10,9814339860152128,8841941918965592,972397941186536,29461089352975156,593326620905127,564,1051997554796.3245,/nobackup/proj/disk/naiss2026-4-902/shared/yizhil/Avalanche/avalanche-master/search_result_texture-all/tagfex/order3/lr005/search_texture_tagfex__order-3__lr-005__seed-055__summary.json,/nobackup/proj/disk/naiss2026-4-902/shared/yizhil/Avalanche/avalanche-master/search_result_texture-all/tagfex/order3/lr005/log/search_texture_tagfex__order-3__lr-005__seed-055.log
texture-all,texture,tagfex,3,55,0.05,6,10,12255149740032999,11116631814425320,1138517925607679,41716239093008155,753818863464945,646,1166902265425.6116,/nobackup/proj/disk/naiss2026-4-902/shared/yizhil/Avalanche/avalanche-master/search_result_texture-all/tagfex/order3/lr005/search_texture_tagfex__order-3__lr-005__seed-055__summary.json,/nobackup/proj/disk/naiss2026-4-902/shared/yizhil/Avalanche/avalanche-master/search_result_texture-all/tagfex/order3/lr005/log/search_texture_tagfex__order-3__lr-005__seed-055.log
texture-all,texture,tagfex,3,55,0.05,7,10,14851452598687416,13549537335475040,1301915263212376,56567691691695571,926746094576886,723,1281806493190.7136,/nobackup/proj/disk/naiss2026-4-902/shared/yizhil/Avalanche/avalanche-master/search_result_texture-all/tagfex/order3/lr005/search_texture_tagfex__order-3__lr-005__seed-055__summary.json,/nobackup/proj/disk/naiss2026-4-902/shared/yizhil/Avalanche/avalanche-master/search_result_texture-all/tagfex/order3/lr005/log/search_texture_tagfex__order-3__lr-005__seed-055.log
texture-all,texture,tagfex,3,55,0.05,8,10,17733401505598295,16258512215364374,1474889290233921,74301093197293866,1120162114815191,802,1396710866353.106,/nobackup/proj/disk/naiss2026-4-902/shared/yizhil/Avalanche/avalanche-master/search_result_texture-all/tagfex/order3/lr005/search_texture_tagfex__order-3__lr-005__seed-055__summary.json,/nobackup/proj/disk/naiss2026-4-902/shared/yizhil/Avalanche/avalanche-master/search_result_texture-all/tagfex/order3/lr005/log/search_texture_tagfex__order-3__lr-005__seed-055.log
texture-all,texture,tagfex,3,55,0.05,9,10,20769777623788476,19123371732604228,1646405891184248,95070870821082342,1325686655310132,877,1511615342428.8848,/nobackup/proj/disk/naiss2026-4-902/shared/yizhil/Avalanche/avalanche-master/search_result_texture-all/tagfex/order3/lr005/search_texture_tagfex__order-3__lr-005__seed-055__summary.json,/nobackup/proj/disk/naiss2026-4-902/shared/yizhil/Avalanche/avalanche-master/search_result_texture-all/tagfex/order3/lr005/log/search_texture_tagfex__order-3__lr-005__seed-055.log
texture-all,texture,tagfex,3,55,0.05,10,10,24241518056803775,22402524926560306,1838993130243469,119312388877886117,1561459178807685,960,1626519977924.6719,/nobackup/proj/disk/naiss2026-4-902/shared/yizhil/Avalanche/avalanche-master/search_result_texture-all/tagfex/order3/lr005/search_texture_tagfex__order-3__lr-005__seed-055__summary.json,/nobackup/proj/disk/naiss2026-4-902/shared/yizhil/Avalanche/avalanche-master/search_result_texture-all/tagfex/order3/lr005/log/search_texture_tagfex__order-3__lr-005__seed-055.log
texture-all,texture,tagfex,3,55,0.1,1,10,2208338437362542,2199184366891954,9154070470588,2208338437362542,119113291363986,239,498381972234.25104,/nobackup/proj/disk/naiss2026-4-902/shared/yizhil/Avalanche/avalanche-master/search_result_texture-all/tagfex/order3/lr01/search_texture_tagfex__order-3__lr-01__seed-055__summary.json,/nobackup/proj/disk/naiss2026-4-902/shared/yizhil/Avalanche/avalanche-master/search_result_texture-all/tagfex/order3/lr01/log/search_texture_tagfex__order-3__lr-01__seed-055.log
texture-all,texture,tagfex,3,55,0.1,2,10,4060875038021327,3545929049454538,514945988566789,6269213475383869,226331049062061,320,707284528318.9407,/nobackup/proj/disk/naiss2026-4-902/shared/yizhil/Avalanche/avalanche-master/search_result_texture-all/tagfex/order3/lr01/search_texture_tagfex__order-3__lr-01__seed-055__summary.json,/nobackup/proj/disk/naiss2026-4-902/shared/yizhil/Avalanche/avalanche-master/search_result_texture-all/tagfex/order3/lr01/log/search_texture_tagfex__order-3__lr-01__seed-055.log
texture-all,texture,tagfex,3,55,0.1,3,10,5747018426191872,5083073401227640,663945024964232,12016231901575741,331342076257973,403,822188774833.6799,/nobackup/proj/disk/naiss2026-4-902/shared/yizhil/Avalanche/avalanche-master/search_result_texture-all/tagfex/order3/lr01/search_texture_tagfex__order-3__lr-01__seed-055__summary.json,/nobackup/proj/disk/naiss2026-4-902/shared/yizhil/Avalanche/avalanche-master/search_result_texture-all/tagfex/order3/lr01/log/search_texture_tagfex__order-3__lr-01__seed-055.log
texture-all,texture,tagfex,3,55,0.1,4,10,7630517591175043,6817958275736718,812559315438325,19646749492750784,451678845933331,482,937093041355.4585,/nobackup/proj/disk/naiss2026-4-902/shared/yizhil/Avalanche/avalanche-master/search_result_texture-all/tagfex/order3/lr01/search_texture_tagfex__order-3__lr-01__seed-055__summary.json,/nobackup/proj/disk/naiss2026-4-902/shared/yizhil/Avalanche/avalanche-master/search_result_texture-all/tagfex/order3/lr01/log/search_texture_tagfex__order-3__lr-01__seed-055.log
texture-all,texture,tagfex,3,55,0.1,5,10,9814339860077840,8841941918891304,972397941186536,29461089352828624,593326620896409,564,1051997554780.8671,/nobackup/proj/disk/naiss2026-4-902/shared/yizhil/Avalanche/avalanche-master/search_result_texture-all/tagfex/order3/lr01/search_texture_tagfex__order-3__lr-01__seed-055__summary.json,/nobackup/proj/disk/naiss2026-4-902/shared/yizhil/Avalanche/avalanche-master/search_result_texture-all/tagfex/order3/lr01/log/search_texture_tagfex__order-3__lr-01__seed-055.log
texture-all,texture,tagfex,3,55,0.1,6,10,12255149739899245,11116631814291566,1138517925607679,41716239092727869,753818863451485,646,1166902265404.7756,/nobackup/proj/disk/naiss2026-4-902/shared/yizhil/Avalanche/avalanche-master/search_result_texture-all/tagfex/order3/lr01/search_texture_tagfex__order-3__lr-01__seed-055__summary.json,/nobackup/proj/disk/naiss2026-4-902/shared/yizhil/Avalanche/avalanche-master/search_result_texture-all/tagfex/order3/lr01/log/search_texture_tagfex__order-3__lr-01__seed-055.log
texture-all,texture,tagfex,3,55,0.1,7,10,14851452598454594,13549537335242218,1301915263212376,56567691691182463,926746094562242,723,1281806493170.4592,/nobackup/proj/disk/naiss2026-4-902/shared/yizhil/Avalanche/avalanche-master/search_result_texture-all/tagfex/order3/lr01/search_texture_tagfex__order-3__lr-01__seed-055__summary.json,/nobackup/proj/disk/naiss2026-4-902/shared/yizhil/Avalanche/avalanche-master/search_result_texture-all/tagfex/order3/lr01/log/search_texture_tagfex__order-3__lr-01__seed-055.log
texture-all,texture,tagfex,3,55,0.1,8,10,17733401505531083,16258512215297162,1474889290233921,74301093196713546,1120162114809143,802,1396710866345.565,/nobackup/proj/disk/naiss2026-4-902/shared/yizhil/Avalanche/avalanche-master/search_result_texture-all/tagfex/order3/lr01/search_texture_tagfex__order-3__lr-01__seed-055__summary.json,/nobackup/proj/disk/naiss2026-4-902/shared/yizhil/Avalanche/avalanche-master/search_result_texture-all/tagfex/order3/lr01/log/search_texture_tagfex__order-3__lr-01__seed-055.log
texture-all,texture,tagfex,3,55,0.1,9,10,20769777623734318,19123371732550070,1646405891184248,95070870820447864,1325686655302242,877,1511615342419.8882,/nobackup/proj/disk/naiss2026-4-902/shared/yizhil/Avalanche/avalanche-master/search_result_texture-all/tagfex/order3/lr01/search_texture_tagfex__order-3__lr-01__seed-055__summary.json,/nobackup/proj/disk/naiss2026-4-902/shared/yizhil/Avalanche/avalanche-master/search_result_texture-all/tagfex/order3/lr01/log/search_texture_tagfex__order-3__lr-01__seed-055.log
texture-all,texture,tagfex,3,55,0.1,10,10,24241518056780861,22402524926537392,1838993130243469,119312388877228725,1561459178805907,960,1626519977922.8198,/nobackup/proj/disk/naiss2026-4-902/shared/yizhil/Avalanche/avalanche-master/search_result_texture-all/tagfex/order3/lr01/search_texture_tagfex__order-3__lr-01__seed-055__summary.json,/nobackup/proj/disk/naiss2026-4-902/shared/yizhil/Avalanche/avalanche-master/search_result_texture-all/tagfex/order3/lr01/log/search_texture_tagfex__order-3__lr-01__seed-055.log
texture-all,texture,tagfex,3,56,0.01,1,10,2208338437362542,2199184366891954,9154070470588,2208338437362542,119113291363986,239,498381972234.25104,/nobackup/proj/disk/naiss2026-4-902/shared/yizhil/Avalanche/avalanche-master/search_result_texture-all/tagfex/order3/lr001/search_texture_tagfex__order-3__lr-001__seed-056__summary.json,/nobackup/proj/disk/naiss2026-4-902/shared/yizhil/Avalanche/avalanche-master/search_result_texture-all/tagfex/order3/lr001/log/search_texture_tagfex__order-3__lr-001__seed-056.log
texture-all,texture,tagfex,3,56,0.01,2,10,4060875038058615,3545929049491826,514945988566789,6269213475421157,226331049066597,320,707284528333.1156,/nobackup/proj/disk/naiss2026-4-902/shared/yizhil/Avalanche/avalanche-master/search_result_texture-all/tagfex/order3/lr001/search_texture_tagfex__order-3__lr-001__seed-056__summary.json,/nobackup/proj/disk/naiss2026-4-902/shared/yizhil/Avalanche/avalanche-master/search_result_texture-all/tagfex/order3/lr001/log/search_texture_tagfex__order-3__lr-001__seed-056.log
texture-all,texture,tagfex,3,56,0.01,3,10,5747018426201068,5083073401236836,663945024964232,12016231901622225,331342076257973,403,822188774833.6799,/nobackup/proj/disk/naiss2026-4-902/shared/yizhil/Avalanche/avalanche-master/search_result_texture-all/tagfex/order3/lr001/search_texture_tagfex__order-3__lr-001__seed-056__summary.json,/nobackup/proj/disk/naiss2026-4-902/shared/yizhil/Avalanche/avalanche-master/search_result_texture-all/tagfex/order3/lr001/log/search_texture_tagfex__order-3__lr-001__seed-056.log
texture-all,texture,tagfex,3,56,0.01,4,10,7630517591200803,6817958275762478,812559315438325,19646749492823028,451678845934021,482,937093041356.89,/nobackup/proj/disk/naiss2026-4-902/shared/yizhil/Avalanche/avalanche-master/search_result_texture-all/tagfex/order3/lr001/search_texture_tagfex__order-3__lr-001__seed-056__summary.json,/nobackup/proj/disk/naiss2026-4-902/shared/yizhil/Avalanche/avalanche-master/search_result_texture-all/tagfex/order3/lr001/log/search_texture_tagfex__order-3__lr-001__seed-056.log
texture-all,texture,tagfex,3,56,0.01,5,10,9814339860152128,8841941918965592,972397941186536,29461089352975156,593326620905127,564,1051997554796.3245,/nobackup/proj/disk/naiss2026-4-902/shared/yizhil/Avalanche/avalanche-master/search_result_texture-all/tagfex/order3/lr001/search_texture_tagfex__order-3__lr-001__seed-056__summary.json,/nobackup/proj/disk/naiss2026-4-902/shared/yizhil/Avalanche/avalanche-master/search_result_texture-all/tagfex/order3/lr001/log/search_texture_tagfex__order-3__lr-001__seed-056.log
texture-all,texture,tagfex,3,56,0.01,6,10,12255219043944717,11116701118337038,1138517925607679,41716308396919873,753818863465123,646,1166902265425.887,/nobackup/proj/disk/naiss2026-4-902/shared/yizhil/Avalanche/avalanche-master/search_result_texture-all/tagfex/order3/lr001/search_texture_tagfex__order-3__lr-001__seed-056__summary.json,/nobackup/proj/disk/naiss2026-4-902/shared/yizhil/Avalanche/avalanche-master/search_result_texture-all/tagfex/order3/lr001/log/search_texture_tagfex__order-3__lr-001__seed-056.log
texture-all,texture,tagfex,3,56,0.01,7,10,14851452598688384,13549537335476008,1301915263212376,56567760995608257,926746094576886,723,1281806493190.7136,/nobackup/proj/disk/naiss2026-4-902/shared/yizhil/Avalanche/avalanche-master/search_result_texture-all/tagfex/order3/lr001/search_texture_tagfex__order-3__lr-001__seed-056__summary.json,/nobackup/proj/disk/naiss2026-4-902/shared/yizhil/Avalanche/avalanche-master/search_result_texture-all/tagfex/order3/lr001/log/search_texture_tagfex__order-3__lr-001__seed-056.log
texture-all,texture,tagfex,3,56,0.01,8,10,17733747985757675,16258858695523754,1474889290233921,74301508981365932,1120162114815191,802,1396710866353.106,/nobackup/proj/disk/naiss2026-4-902/shared/yizhil/Avalanche/avalanche-master/search_result_texture-all/tagfex/order3/lr001/search_texture_tagfex__order-3__lr-001__seed-056__summary.json,/nobackup/proj/disk/naiss2026-4-902/shared/yizhil/Avalanche/avalanche-master/search_result_texture-all/tagfex/order3/lr001/log/search_texture_tagfex__order-3__lr-001__seed-056.log
texture-all,texture,tagfex,3,56,0.01,9,10,20769777623788476,19123371732604228,1646405891184248,95071286605154408,1325686655310132,877,1511615342428.8848,/nobackup/proj/disk/naiss2026-4-902/shared/yizhil/Avalanche/avalanche-master/search_result_texture-all/tagfex/order3/lr001/search_texture_tagfex__order-3__lr-001__seed-056__summary.json,/nobackup/proj/disk/naiss2026-4-902/shared/yizhil/Avalanche/avalanche-master/search_result_texture-all/tagfex/order3/lr001/log/search_texture_tagfex__order-3__lr-001__seed-056.log
texture-all,texture,tagfex,3,56,0.01,10,10,24241518056803775,22402524926560306,1838993130243469,119312804661958183,1561459178807685,960,1626519977924.6719,/nobackup/proj/disk/naiss2026-4-902/shared/yizhil/Avalanche/avalanche-master/search_result_texture-all/tagfex/order3/lr001/search_texture_tagfex__order-3__lr-001__seed-056__summary.json,/nobackup/proj/disk/naiss2026-4-902/shared/yizhil/Avalanche/avalanche-master/search_result_texture-all/tagfex/order3/lr001/log/search_texture_tagfex__order-3__lr-001__seed-056.log
texture-all,texture,tagfex,3,56,0.05,1,10,2208338437362542,2199184366891954,9154070470588,2208338437362542,119113291363986,239,498381972234.25104,/nobackup/proj/disk/naiss2026-4-902/shared/yizhil/Avalanche/avalanche-master/search_result_texture-all/tagfex/order3/lr005/search_texture_tagfex__order-3__lr-005__seed-056__summary.json,/nobackup/proj/disk/naiss2026-4-902/shared/yizhil/Avalanche/avalanche-master/search_result_texture-all/tagfex/order3/lr005/log/search_texture_tagfex__order-3__lr-005__seed-056.log
texture-all,texture,tagfex,3,56,0.05,2,10,4060875038058615,3545929049491826,514945988566789,6269213475421157,226331049066597,320,707284528333.1156,/nobackup/proj/disk/naiss2026-4-902/shared/yizhil/Avalanche/avalanche-master/search_result_texture-all/tagfex/order3/lr005/search_texture_tagfex__order-3__lr-005__seed-056__summary.json,/nobackup/proj/disk/naiss2026-4-902/shared/yizhil/Avalanche/avalanche-master/search_result_texture-all/tagfex/order3/lr005/log/search_texture_tagfex__order-3__lr-005__seed-056.log
texture-all,texture,tagfex,3,56,0.05,3,10,5747018426201068,5083073401236836,663945024964232,12016231901622225,331342076257973,403,822188774833.6799,/nobackup/proj/disk/naiss2026-4-902/shared/yizhil/Avalanche/avalanche-master/search_result_texture-all/tagfex/order3/lr005/search_texture_tagfex__order-3__lr-005__seed-056__summary.json,/nobackup/proj/disk/naiss2026-4-902/shared/yizhil/Avalanche/avalanche-master/search_result_texture-all/tagfex/order3/lr005/log/search_texture_tagfex__order-3__lr-005__seed-056.log
texture-all,texture,tagfex,3,56,0.05,4,10,7630517591200803,6817958275762478,812559315438325,19646749492823028,451678845934021,482,937093041356.89,/nobackup/proj/disk/naiss2026-4-902/shared/yizhil/Avalanche/avalanche-master/search_result_texture-all/tagfex/order3/lr005/search_texture_tagfex__order-3__lr-005__seed-056__summary.json,/nobackup/proj/disk/naiss2026-4-902/shared/yizhil/Avalanche/avalanche-master/search_result_texture-all/tagfex/order3/lr005/log/search_texture_tagfex__order-3__lr-005__seed-056.log
texture-all,texture,tagfex,3,56,0.05,5,10,9814339860152128,8841941918965592,972397941186536,29461089352975156,593326620905127,564,1051997554796.3245,/nobackup/proj/disk/naiss2026-4-902/shared/yizhil/Avalanche/avalanche-master/search_result_texture-all/tagfex/order3/lr005/search_texture_tagfex__order-3__lr-005__seed-056__summary.json,/nobackup/proj/disk/naiss2026-4-902/shared/yizhil/Avalanche/avalanche-master/search_result_texture-all/tagfex/order3/lr005/log/search_texture_tagfex__order-3__lr-005__seed-056.log
texture-all,texture,tagfex,3,56,0.05,6,10,12255219043944401,11116701118336722,1138517925607679,41716308396919557,753818863465123,646,1166902265425.887,/nobackup/proj/disk/naiss2026-4-902/shared/yizhil/Avalanche/avalanche-master/search_result_texture-all/tagfex/order3/lr005/search_texture_tagfex__order-3__lr-005__seed-056__summary.json,/nobackup/proj/disk/naiss2026-4-902/shared/yizhil/Avalanche/avalanche-master/search_result_texture-all/tagfex/order3/lr005/log/search_texture_tagfex__order-3__lr-005__seed-056.log
texture-all,texture,tagfex,3,56,0.05,7,10,14851452598688384,13549537335476008,1301915263212376,56567760995607941,926746094576886,723,1281806493190.7136,/nobackup/proj/disk/naiss2026-4-902/shared/yizhil/Avalanche/avalanche-master/search_result_texture-all/tagfex/order3/lr005/search_texture_tagfex__order-3__lr-005__seed-056__summary.json,/nobackup/proj/disk/naiss2026-4-902/shared/yizhil/Avalanche/avalanche-master/search_result_texture-all/tagfex/order3/lr005/log/search_texture_tagfex__order-3__lr-005__seed-056.log
texture-all,texture,tagfex,3,56,0.05,8,10,17733747985757675,16258858695523754,1474889290233921,74301508981365616,1120162114815191,802,1396710866353.106,/nobackup/proj/disk/naiss2026-4-902/shared/yizhil/Avalanche/avalanche-master/search_result_texture-all/tagfex/order3/lr005/search_texture_tagfex__order-3__lr-005__seed-056__summary.json,/nobackup/proj/disk/naiss2026-4-902/shared/yizhil/Avalanche/avalanche-master/search_result_texture-all/tagfex/order3/lr005/log/search_texture_tagfex__order-3__lr-005__seed-056.log
texture-all,texture,tagfex,3,56,0.05,9,10,20769777623788476,19123371732604228,1646405891184248,95071286605154092,1325686655310132,877,1511615342428.8848,/nobackup/proj/disk/naiss2026-4-902/shared/yizhil/Avalanche/avalanche-master/search_result_texture-all/tagfex/order3/lr005/search_texture_tagfex__order-3__lr-005__seed-056__summary.json,/nobackup/proj/disk/naiss2026-4-902/shared/yizhil/Avalanche/avalanche-master/search_result_texture-all/tagfex/order3/lr005/log/search_texture_tagfex__order-3__lr-005__seed-056.log
texture-all,texture,tagfex,3,56,0.05,10,10,24241518056803775,22402524926560306,1838993130243469,119312804661957867,1561459178807685,960,1626519977924.6719,/nobackup/proj/disk/naiss2026-4-902/shared/yizhil/Avalanche/avalanche-master/search_result_texture-all/tagfex/order3/lr005/search_texture_tagfex__order-3__lr-005__seed-056__summary.json,/nobackup/proj/disk/naiss2026-4-902/shared/yizhil/Avalanche/avalanche-master/search_result_texture-all/tagfex/order3/lr005/log/search_texture_tagfex__order-3__lr-005__seed-056.log
texture-all,texture,tagfex,3,56,0.1,1,10,2208338437362542,2199184366891954,9154070470588,2208338437362542,119113291363986,239,498381972234.25104,/nobackup/proj/disk/naiss2026-4-902/shared/yizhil/Avalanche/avalanche-master/search_result_texture-all/tagfex/order3/lr01/search_texture_tagfex__order-3__lr-01__seed-056__summary.json,/nobackup/proj/disk/naiss2026-4-902/shared/yizhil/Avalanche/avalanche-master/search_result_texture-all/tagfex/order3/lr01/log/search_texture_tagfex__order-3__lr-01__seed-056.log
texture-all,texture,tagfex,3,56,0.1,2,10,4060875038058615,3545929049491826,514945988566789,6269213475421157,226331049066597,320,707284528333.1156,/nobackup/proj/disk/naiss2026-4-902/shared/yizhil/Avalanche/avalanche-master/search_result_texture-all/tagfex/order3/lr01/search_texture_tagfex__order-3__lr-01__seed-056__summary.json,/nobackup/proj/disk/naiss2026-4-902/shared/yizhil/Avalanche/avalanche-master/search_result_texture-all/tagfex/order3/lr01/log/search_texture_tagfex__order-3__lr-01__seed-056.log
texture-all,texture,tagfex,3,56,0.1,3,10,5747018426201068,5083073401236836,663945024964232,12016231901622225,331342076257973,403,822188774833.6799,/nobackup/proj/disk/naiss2026-4-902/shared/yizhil/Avalanche/avalanche-master/search_result_texture-all/tagfex/order3/lr01/search_texture_tagfex__order-3__lr-01__seed-056__summary.json,/nobackup/proj/disk/naiss2026-4-902/shared/yizhil/Avalanche/avalanche-master/search_result_texture-all/tagfex/order3/lr01/log/search_texture_tagfex__order-3__lr-01__seed-056.log
texture-all,texture,tagfex,3,56,0.1,4,10,7630517591200803,6817958275762478,812559315438325,19646749492823028,451678845934021,482,937093041356.89,/nobackup/proj/disk/naiss2026-4-902/shared/yizhil/Avalanche/avalanche-master/search_result_texture-all/tagfex/order3/lr01/search_texture_tagfex__order-3__lr-01__seed-056__summary.json,/nobackup/proj/disk/naiss2026-4-902/shared/yizhil/Avalanche/avalanche-master/search_result_texture-all/tagfex/order3/lr01/log/search_texture_tagfex__order-3__lr-01__seed-056.log
texture-all,texture,tagfex,3,56,0.1,5,10,9814339860152128,8841941918965592,972397941186536,29461089352975156,593326620905127,564,1051997554796.3245,/nobackup/proj/disk/naiss2026-4-902/shared/yizhil/Avalanche/avalanche-master/search_result_texture-all/tagfex/order3/lr01/search_texture_tagfex__order-3__lr-01__seed-056__summary.json,/nobackup/proj/disk/naiss2026-4-902/shared/yizhil/Avalanche/avalanche-master/search_result_texture-all/tagfex/order3/lr01/log/search_texture_tagfex__order-3__lr-01__seed-056.log
texture-all,texture,tagfex,3,56,0.1,6,10,12255219043944579,11116701118336900,1138517925607679,41716308396919735,753818863465123,646,1166902265425.887,/nobackup/proj/disk/naiss2026-4-902/shared/yizhil/Avalanche/avalanche-master/search_result_texture-all/tagfex/order3/lr01/search_texture_tagfex__order-3__lr-01__seed-056__summary.json,/nobackup/proj/disk/naiss2026-4-902/shared/yizhil/Avalanche/avalanche-master/search_result_texture-all/tagfex/order3/lr01/log/search_texture_tagfex__order-3__lr-01__seed-056.log
texture-all,texture,tagfex,3,56,0.1,7,10,14851452598688384,13549537335476008,1301915263212376,56567760995608119,926746094576886,723,1281806493190.7136,/nobackup/proj/disk/naiss2026-4-902/shared/yizhil/Avalanche/avalanche-master/search_result_texture-all/tagfex/order3/lr01/search_texture_tagfex__order-3__lr-01__seed-056__summary.json,/nobackup/proj/disk/naiss2026-4-902/shared/yizhil/Avalanche/avalanche-master/search_result_texture-all/tagfex/order3/lr01/log/search_texture_tagfex__order-3__lr-01__seed-056.log
texture-all,texture,tagfex,3,56,0.1,8,10,17733747985757675,16258858695523754,1474889290233921,74301508981365794,1120162114815191,802,1396710866353.106,/nobackup/proj/disk/naiss2026-4-902/shared/yizhil/Avalanche/avalanche-master/search_result_texture-all/tagfex/order3/lr01/search_texture_tagfex__order-3__lr-01__seed-056__summary.json,/nobackup/proj/disk/naiss2026-4-902/shared/yizhil/Avalanche/avalanche-master/search_result_texture-all/tagfex/order3/lr01/log/search_texture_tagfex__order-3__lr-01__seed-056.log
texture-all,texture,tagfex,3,56,0.1,9,10,20769777623788476,19123371732604228,1646405891184248,95071286605154270,1325686655310132,877,1511615342428.8848,/nobackup/proj/disk/naiss2026-4-902/shared/yizhil/Avalanche/avalanche-master/search_result_texture-all/tagfex/order3/lr01/search_texture_tagfex__order-3__lr-01__seed-056__summary.json,/nobackup/proj/disk/naiss2026-4-902/shared/yizhil/Avalanche/avalanche-master/search_result_texture-all/tagfex/order3/lr01/log/search_texture_tagfex__order-3__lr-01__seed-056.log
texture-all,texture,tagfex,3,56,0.1,10,10,24241518056803775,22402524926560306,1838993130243469,119312804661958045,1561459178807685,960,1626519977924.6719,/nobackup/proj/disk/naiss2026-4-902/shared/yizhil/Avalanche/avalanche-master/search_result_texture-all/tagfex/order3/lr01/search_texture_tagfex__order-3__lr-01__seed-056__summary.json,/nobackup/proj/disk/naiss2026-4-902/shared/yizhil/Avalanche/avalanche-master/search_result_texture-all/tagfex/order3/lr01/log/search_texture_tagfex__order-3__lr-01__seed-056.log
