exp_name,method,dataset,order,seed,backbone,lr,lr_candidates,loss_selection,selection_loss,best_lr,best_loss,total_search_flops,storage_bytes,tasks,selection_loss_eval_flops,average_incremental_accuracy,final_average_accuracy,average_forgetting,mean_final_accuracy_loss,backward_transfer,worst_forgotten_task,forgetting_mean,forgetting_median,forgetting_std,forgetting_min,forgetting_q25,forgetting_q75,forgetting_max,forgetting_positive_fraction,task_end_seen_accuracy_curve,forgetting_per_task,intransigence,intransigence_mean,final_hidden_neurons,training_runtime_s,training_gpu_ms,initial_task_s,incremental_tasks_total_s,mean_incremental_task_s,median_incremental_task_s,terminal_flops_per_sample,overall_learning_flops,core_training_flops,learning_auxiliary_flops,single_sample_forward_flops,model_parameter_bytes,replay_sample_bytes,replay_label_bytes,auxiliary_bytes,persistent_storage_bytes,persistent_storage_mib,inference_latency_ms_per_sample,peak_allocated_gpu_memory_mib,intransigence_reference_lr,intransigence_reference_file
texture-all,ewc,texture,1,52,resnet18_cifar,0.1,"[0.1,0.05,0.01]",last_epoch_train_mean,0.5670392188158903,0.1,0.5670392188158903,6956079489983907,44699952,10,0,0.1517652849549775,0.09583333333333334,0.9259259259259258,0.9259259259259258,-0.9259259259259258,2,0.9259259259259258,1.0,0.20951312035156966,0.3333333333333333,1.0,1.0,1.0,1.0,"[0.3333333333333333,0.27472527472527475,0.1574074074074074,0.16279069767441862,0.1103448275862069,0.11042944785276074,0.09944751381215469,0.095,0.07834101382488479,0.09583333333333334]","[0.3333333333333333,1.0,1.0,1.0,1.0,1.0,1.0,1.0,1.0]","[0.6666666666666667,-0.31999999999999995,-1.0,0.0,0.0,0.0,-0.38888888888888884,0.0,0.0,0.0]",-0.1042222222222222,512,249.54754081601277,249561.4296875,20.158681105007418,229.38885971100535,25.487651079000596,25.061585279006977,2299463879852.6357,2318693163327969,2208364681657226,110328481670743,38301453324,44699952,0,0,938737564,983437516,937.8791007995605,0.8327043959676909,11053.51318359375,0.1,/nobackup/proj/disk/naiss2026-4-902/shared/yizhil/Avalanche/avalanche-master/joint_result_texture-all/ewc/order1/joint_texture_ewc__order-1__seed-052.json
texture-all,ewc,texture,1,52,resnet18_cifar,0.05,"[0.1,0.05,0.01]",last_epoch_train_mean,1.6937967554315345,0.1,0.5670392188158903,6956079489983907,44699952,10,0,0.16237134556103805,0.09583333333333334,0.9377104377104377,0.9377104377104377,-0.9377104377104377,2,0.9377104377104377,1.0,0.17618148756836538,0.4393939393939394,1.0,1.0,1.0,1.0,"[0.4393939393939394,0.27472527472527475,0.1574074074074074,0.16279069767441862,0.1103448275862069,0.11042944785276074,0.09944751381215469,0.095,0.07834101382488479,0.09583333333333334]","[0.4393939393939394,1.0,1.0,1.0,1.0,1.0,1.0,1.0,1.0]","[0.5606060606060606,-0.31999999999999995,-1.0,0.0,0.0,0.0,-0.38888888888888884,0.0,0.0,0.0]",-0.11482828282828282,512,254.9173053339764,254935.552734375,15.751127138995798,239.1661781949806,26.57401979944229,26.352207985997666,2299463879852.6357,2318693163327969,2208364681657226,110328481670743,38301453324,44699952,0,0,938737564,983437516,937.8791007995605,0.7729283960846564,11046.8876953125,0.1,
texture-all,ewc,texture,1,52,resnet18_cifar,0.01,"[0.1,0.05,0.01]",last_epoch_train_mean,0.6361646350328024,0.1,0.5670392188158903,6956079489983907,44699952,10,0,0.2184319516216441,0.09583333333333334,1.0,1.0,-1.0,1,1.0,1.0,0.0,1.0,1.0,1.0,1.0,1.0,"[1.0,0.27472527472527475,0.1574074074074074,0.16279069767441862,0.1103448275862069,0.11042944785276074,0.09944751381215469,0.095,0.07834101382488479,0.09583333333333334]","[1.0,1.0,1.0,1.0,1.0,1.0,1.0,1.0,1.0]","[0.0,-0.31999999999999995,-1.0,0.0,0.0,0.0,-0.38888888888888884,0.0,0.0,0.0]",-0.17088888888888887,512,240.56392210299964,240581.56640625,17.3276545109984,223.23626759200124,24.804029732444583,24.851830461993814,2299463879852.6357,2318693163327969,2208364681657226,110328481670743,38301453324,44699952,0,0,938737564,983437516,937.8791007995605,0.7025177542042608,11046.8876953125,0.1,
texture-all,ewc,texture,1,53,resnet18_cifar,0.1,"[0.1,0.05,0.01]",last_epoch_train_mean,0.8970696484887755,0.05,0.006565039578293051,6956079489983907,44699952,10,0,0.17306857649102764,0.1,0.9412755000990296,0.9412755000990296,-0.9412755000990296,2,0.9412755000990296,1.0,0.1464537655361283,0.5303030303030303,1.0,1.0,1.0,1.0,"[0.5303030303030303,0.27472527472527475,0.1574074074074074,0.16279069767441862,0.11724137931034483,0.11042944785276074,0.09944751381215469,0.1,0.07834101382488479,0.1]","[0.5303030303030303,1.0,0.9411764705882353,1.0,1.0,1.0,1.0,1.0,1.0]","[0.4696969696969697,0.0,0.0,-1.0,0.0,-0.05555555555555558,0.0,0.0,0.0,0.0]",-0.05858585858585859,512,240.42674097095733,240448.0595703125,17.07737624901347,223.34936472194386,24.816596080215984,24.94091740899603,2299463879852.6357,2318693163327969,2208364681657226,110328481670743,38301453324,44699952,0,0,938737564,983437516,937.8791007995605,0.7708969751547556,11046.8876953125,0.05,
texture-all,ewc,texture,1,53,resnet18_cifar,0.05,"[0.1,0.05,0.01]",last_epoch_train_mean,0.006565039578293051,0.05,0.006565039578293051,6956079489983907,44699952,10,0,0.21962160679405787,0.09583333333333334,1.0,1.0,-1.0,1,1.0,1.0,0.0,1.0,1.0,1.0,1.0,1.0,"[1.0,0.27472527472527475,0.1574074074074074,0.16279069767441862,0.11724137931034483,0.11042944785276074,0.09944751381215469,0.1,0.07834101382488479,0.09583333333333334]","[1.0,1.0,1.0,1.0,1.0,1.0,1.0,1.0,1.0]","[0.0,0.0,0.0,-1.0,0.0,-0.05555555555555558,0.0,0.0,0.0,0.0]",-0.10555555555555556,512,243.65376730292337,243668.8095703125,17.83888621997903,225.81488108294434,25.09054234254937,24.712158267997438,2299463879852.6357,2318693163327969,2208364681657226,110328481670743,38301453324,44699952,0,0,938737564,983437516,937.8791007995605,0.7537391708562305,11046.8876953125,0.05,/nobackup/proj/disk/naiss2026-4-902/shared/yizhil/Avalanche/avalanche-master/joint_result_texture-all/ewc/order1/joint_texture_ewc__order-1__seed-053.json
texture-all,ewc,texture,1,53,resnet18_cifar,0.01,"[0.1,0.05,0.01]",last_epoch_train_mean,0.13461238745745127,0.05,0.006565039578293051,6956079489983907,44699952,10,0,0.2184319516216441,0.09583333333333334,1.0,1.0,-1.0,1,1.0,1.0,0.0,1.0,1.0,1.0,1.0,1.0,"[1.0,0.27472527472527475,0.1574074074074074,0.16279069767441862,0.1103448275862069,0.11042944785276074,0.09944751381215469,0.095,0.07834101382488479,0.09583333333333334]","[1.0,1.0,1.0,1.0,1.0,1.0,1.0,1.0,1.0]","[0.0,0.0,0.0,-1.0,0.0,-0.05555555555555558,0.0,0.0,0.0,0.0]",-0.10555555555555556,512,243.46554943098454,243486.9404296875,18.665190529980464,224.80035890100407,24.97781765566712,24.83433630800573,2299463879852.6357,2318693163327969,2208364681657226,110328481670743,38301453324,44699952,0,0,938737564,983437516,937.8791007995605,0.8547638333160043,11046.8876953125,0.05,
texture-all,ewc,texture,1,54,resnet18_cifar,0.1,"[0.1,0.05,0.01]",last_epoch_train_mean,0.2893369786151044,0.05,0.006544947104117313,6956079489983907,44699952,10,0,0.21944526730257694,0.09583333333333334,1.0,1.0,-1.0,1,1.0,1.0,0.0,1.0,1.0,1.0,1.0,1.0,"[1.0,0.27472527472527475,0.1574074074074074,0.16279069767441862,0.1103448275862069,0.11042944785276074,0.10497237569060773,0.095,0.08294930875576037,0.09583333333333334]","[1.0,1.0,1.0,1.0,1.0,1.0,1.0,1.0,1.0]","[0.0,-0.6,0.0,0.0,0.0,0.0,-0.9444444444444444,0.0,0.0,0.0]",-0.15444444444444444,512,243.6384682939679,243661.3388671875,18.567655084014405,225.07081320995349,25.007868134439278,25.020488798996666,2299463879852.6357,2318693163327969,2208364681657226,110328481670743,38301453324,44699952,0,0,938737564,983437516,937.8791007995605,0.7805912877908364,11046.8876953125,0.05,
texture-all,ewc,texture,1,54,resnet18_cifar,0.05,"[0.1,0.05,0.01]",last_epoch_train_mean,0.006544947104117313,0.05,0.006544947104117313,6956079489983907,44699952,10,0,0.22009793474200473,0.09583333333333334,1.0,1.0,-1.0,1,1.0,1.0,0.0,1.0,1.0,1.0,1.0,1.0,"[1.0,0.27472527472527475,0.1574074074074074,0.16279069767441862,0.1103448275862069,0.1165644171779141,0.10497237569060773,0.1,0.07834101382488479,0.09583333333333334]","[1.0,1.0,1.0,1.0,1.0,1.0,1.0,1.0,1.0]","[0.0,-0.6,0.0,0.0,0.0,0.0,-0.9444444444444444,0.0,0.0,0.0]",-0.15444444444444444,512,245.23159645296982,245254.9931640625,18.18547651800327,227.04611993496655,25.227346659440727,25.235218229994643,2299463879852.6357,2318693163327969,2208364681657226,110328481670743,38301453324,44699952,0,0,938737564,983437516,937.8791007995605,0.7669138957377678,11046.8876953125,0.05,/nobackup/proj/disk/naiss2026-4-902/shared/yizhil/Avalanche/avalanche-master/joint_result_texture-all/ewc/order1/joint_texture_ewc__order-1__seed-054.json
texture-all,ewc,texture,1,54,resnet18_cifar,0.01,"[0.1,0.05,0.01]",last_epoch_train_mean,0.09988305785439232,0.05,0.006544947104117313,6956079489983907,44699952,10,0,0.2184319516216441,0.09583333333333334,1.0,1.0,-1.0,1,1.0,1.0,0.0,1.0,1.0,1.0,1.0,1.0,"[1.0,0.27472527472527475,0.1574074074074074,0.16279069767441862,0.1103448275862069,0.11042944785276074,0.09944751381215469,0.095,0.07834101382488479,0.09583333333333334]","[1.0,1.0,1.0,1.0,1.0,1.0,1.0,1.0,1.0]","[0.0,-0.6,0.0,0.0,0.0,0.0,-0.9444444444444444,0.0,0.0,0.0]",-0.15444444444444444,512,253.60630861402024,253625.0390625,18.403950870007975,235.20235774401226,26.13359530489025,25.25565343501512,2299463879852.6357,2318693163327969,2208364681657226,110328481670743,38301453324,44699952,0,0,938737564,983437516,937.8791007995605,0.8213119957266221,11046.8876953125,0.05,
texture-all,ewc,texture,1,55,resnet18_cifar,0.1,"[0.1,0.05,0.01]",last_epoch_train_mean,2.377584928041929,0.05,0.007545200116061545,6956079489983907,44699952,10,0,0.1517652849549775,0.09583333333333334,0.9259259259259258,0.9259259259259258,-0.9259259259259258,2,0.9259259259259258,1.0,0.20951312035156966,0.3333333333333333,1.0,1.0,1.0,1.0,"[0.3333333333333333,0.27472527472527475,0.1574074074074074,0.16279069767441862,0.1103448275862069,0.11042944785276074,0.09944751381215469,0.095,0.07834101382488479,0.09583333333333334]","[0.3333333333333333,1.0,1.0,1.0,1.0,1.0,1.0,1.0,1.0]","[0.5151515151515151,0.0,0.0,0.0,0.0,0.0,0.0,0.0,0.0,0.0]",0.051515151515151514,512,266.1718120010046,266190.9931640625,20.30809356601094,245.86371843499364,27.318190937221516,26.552531600988004,2299463879852.6357,2318693163327969,2208364681657226,110328481670743,38301453324,44699952,0,0,938737564,983437516,937.8791007995605,0.8062780209002085,11046.8876953125,0.05,
texture-all,ewc,texture,1,55,resnet18_cifar,0.05,"[0.1,0.05,0.01]",last_epoch_train_mean,0.007545200116061545,0.05,0.007545200116061545,6956079489983907,44699952,10,0,0.2266216067940579,0.09583333333333334,1.0,1.0,-1.0,1,1.0,1.0,0.0,1.0,1.0,1.0,1.0,1.0,"[1.0,0.27472527472527475,0.1574074074074074,0.16279069767441862,0.11724137931034483,0.11042944785276074,0.09944751381215469,0.17,0.07834101382488479,0.09583333333333334]","[1.0,1.0,1.0,1.0,1.0,1.0,1.0,1.0,1.0]","[-0.1515151515151515,0.0,0.0,0.0,0.0,0.0,0.0,0.0,0.0,0.0]",-0.015151515151515148,512,261.9348793599347,261951.9873046875,18.849849356978666,243.08503000295605,27.009447778106228,26.966208346013445,2299463879852.6357,2318693163327969,2208364681657226,110328481670743,38301453324,44699952,0,0,938737564,983437516,937.8791007995605,0.8186246544937603,11046.8876953125,0.05,/nobackup/proj/disk/naiss2026-4-902/shared/yizhil/Avalanche/avalanche-master/joint_result_texture-all/ewc/order1/joint_texture_ewc__order-1__seed-055.json
texture-all,ewc,texture,1,55,resnet18_cifar,0.01,"[0.1,0.05,0.01]",last_epoch_train_mean,0.05846009074480503,0.05,0.007545200116061545,6956079489983907,44699952,10,0,0.2184319516216441,0.09583333333333334,1.0,1.0,-1.0,1,1.0,1.0,0.0,1.0,1.0,1.0,1.0,1.0,"[1.0,0.27472527472527475,0.1574074074074074,0.16279069767441862,0.1103448275862069,0.11042944785276074,0.09944751381215469,0.095,0.07834101382488479,0.09583333333333334]","[1.0,1.0,1.0,1.0,1.0,1.0,1.0,1.0,1.0]","[-0.1515151515151515,0.0,0.0,0.0,0.0,0.0,0.0,0.0,0.0,0.0]",-0.015151515151515148,512,261.4271089179965,261450.333984375,20.455381254985696,240.97172766301082,26.774636407001204,26.20678814398707,2299463879852.6357,2318693163327969,2208364681657226,110328481670743,38301453324,44699952,0,0,938737564,983437516,937.8791007995605,0.8203329456591746,11046.8876953125,0.05,
texture-all,ewc,texture,1,56,resnet18_cifar,0.1,"[0.1,0.05,0.01]",last_epoch_train_mean,0.5341921665451743,0.01,0.18003196066076105,6956079489983907,44699952,10,0,0.1517652849549775,0.09583333333333334,0.9259259259259258,0.9259259259259258,-0.9259259259259258,2,0.9259259259259258,1.0,0.20951312035156966,0.3333333333333333,1.0,1.0,1.0,1.0,"[0.3333333333333333,0.27472527472527475,0.1574074074074074,0.16279069767441862,0.1103448275862069,0.11042944785276074,0.09944751381215469,0.095,0.07834101382488479,0.09583333333333334]","[0.3333333333333333,1.0,1.0,1.0,1.0,1.0,1.0,1.0,1.0]","[0.6666666666666667,0.0,-0.7058823529411764,0.0,0.0,-0.5,0.0,0.0,-0.05882352941176472,0.0]",-0.05980392156862744,512,255.60813193005743,255627.8349609375,18.253151459997753,237.35498047005967,26.37277560778441,25.903911745001096,2299463879852.6357,2318693163327969,2208364681657226,110328481670743,38301453324,44699952,0,0,938737564,983437516,937.8791007995605,0.7772961998853134,11046.8876953125,0.01,
texture-all,ewc,texture,1,56,resnet18_cifar,0.05,"[0.1,0.05,0.01]",last_epoch_train_mean,0.7477499610417849,0.01,0.18003196066076105,6956079489983907,44699952,10,0,0.16581831525800778,0.1,0.9345414933650227,0.9345414933650227,-0.9345414933650227,2,0.9345414933650227,1.0,0.16536765999268324,0.4696969696969697,1.0,1.0,1.0,1.0,"[0.4696969696969697,0.27472527472527475,0.1574074074074074,0.16279069767441862,0.1103448275862069,0.11042944785276074,0.09944751381215469,0.095,0.07834101382488479,0.1]","[0.4696969696969697,1.0,0.9411764705882353,1.0,1.0,1.0,1.0,1.0,1.0]","[0.5303030303030303,0.0,-0.7058823529411764,0.0,0.0,-0.5,0.0,0.0,-0.05882352941176472,0.0]",-0.07344028520499109,512,252.85291436509578,252872.7294921875,18.414415500999894,234.4384988640959,26.048722096010653,25.700380432012025,2299463879852.6357,2318693163327969,2208364681657226,110328481670743,38301453324,44699952,0,0,938737564,983437516,937.8791007995605,0.881225912598893,11046.8876953125,0.01,
texture-all,ewc,texture,1,56,resnet18_cifar,0.01,"[0.1,0.05,0.01]",last_epoch_train_mean,0.18003196066076105,0.01,0.18003196066076105,6956079489983907,44699952,10,0,0.2184319516216441,0.09583333333333334,1.0,1.0,-1.0,1,1.0,1.0,0.0,1.0,1.0,1.0,1.0,1.0,"[1.0,0.27472527472527475,0.1574074074074074,0.16279069767441862,0.1103448275862069,0.11042944785276074,0.09944751381215469,0.095,0.07834101382488479,0.09583333333333334]","[1.0,1.0,1.0,1.0,1.0,1.0,1.0,1.0,1.0]","[0.0,0.0,-0.7058823529411764,0.0,0.0,-0.5,0.0,0.0,-0.05882352941176472,0.0]",-0.1264705882352941,512,255.5615254630393,255584.0830078125,18.281797797011677,237.2797276660276,26.36441418511418,25.76863383501768,2299463879852.6357,2318693163327969,2208364681657226,110328481670743,38301453324,44699952,0,0,938737564,983437516,937.8791007995605,0.6795547959579077,11046.8876953125,0.01,/nobackup/proj/disk/naiss2026-4-902/shared/yizhil/Avalanche/avalanche-master/joint_result_texture-all/ewc/order1/joint_texture_ewc__order-1__seed-056.json
texture-all,ewc,texture,2,52,resnet18_cifar,0.1,"[0.1,0.05,0.01]",last_epoch_train_mean,0.011156169107047522,0.05,0.003537243555822387,6956079482605599,44699952,10,0,0.23454786926539145,0.075,1.0,1.0,-1.0,1,1.0,1.0,0.0,1.0,1.0,1.0,1.0,1.0,"[1.0,0.31645569620253167,0.19387755102040816,0.18333333333333332,0.16083916083916083,0.11180124223602485,0.125,0.0845771144278607,0.0945945945945946,0.075]","[1.0,1.0,1.0,1.0,1.0,1.0,1.0,1.0,1.0]","[-0.01851851851851849,0.0,0.0,0.0,0.0,0.0,-0.30434782608695654,0.0,-0.09523809523809523,0.0]",-0.04181044398435703,512,254.79450277000433,254815.8544921875,19.25927525301813,235.5352275169862,26.17058083522069,26.221863068989478,2299465328145.7275,2318693160868533,2208364679314906,110328481553627,38301453324,44699952,0,0,938737564,983437516,937.8791007995605,0.7710514373078089,11055.09521484375,0.05,
texture-all,ewc,texture,2,52,resnet18_cifar,0.05,"[0.1,0.05,0.01]",last_epoch_train_mean,0.003537243555822387,0.05,0.003537243555822387,6956079482605599,44699952,10,0,0.23454786926539145,0.075,1.0,1.0,-1.0,1,1.0,1.0,0.0,1.0,1.0,1.0,1.0,1.0,"[1.0,0.31645569620253167,0.19387755102040816,0.18333333333333332,0.16083916083916083,0.11180124223602485,0.125,0.0845771144278607,0.0945945945945946,0.075]","[1.0,1.0,1.0,1.0,1.0,1.0,1.0,1.0,1.0]","[-0.01851851851851849,0.0,0.0,0.0,0.0,0.0,-0.30434782608695654,0.0,-0.09523809523809523,0.0]",-0.04181044398435703,512,253.79760438299854,253815.9736328125,18.057919500977732,235.7396848820208,26.193298320224535,25.79229809399112,2299465328145.7275,2318693160868533,2208364679314906,110328481553627,38301453324,44699952,0,0,938737564,983437516,937.8791007995605,0.8991314665763639,11055.09521484375,0.05,/nobackup/proj/disk/naiss2026-4-902/shared/yizhil/Avalanche/avalanche-master/joint_result_texture-all/ewc/order2/joint_texture_ewc__order-2__seed-052.json
texture-all,ewc,texture,2,52,resnet18_cifar,0.01,"[0.1,0.05,0.01]",last_epoch_train_mean,0.30589713919453504,0.05,0.003537243555822387,6956079482605599,44699952,10,0,0.23454786926539145,0.075,1.0,1.0,-1.0,1,1.0,1.0,0.0,1.0,1.0,1.0,1.0,1.0,"[1.0,0.31645569620253167,0.19387755102040816,0.18333333333333332,0.16083916083916083,0.11180124223602485,0.125,0.0845771144278607,0.0945945945945946,0.075]","[1.0,1.0,1.0,1.0,1.0,1.0,1.0,1.0,1.0]","[-0.01851851851851849,0.0,0.0,0.0,0.0,0.0,-0.30434782608695654,0.0,-0.09523809523809523,0.0]",-0.04181044398435703,512,253.86687647301005,253887.6328125,19.851013662992045,234.015862810018,26.001762534446446,26.266793034010334,2299465328145.7275,2318693160868533,2208364679314906,110328481553627,38301453324,44699952,0,0,938737564,983437516,937.8791007995605,0.8122195875330362,11055.09521484375,0.05,
texture-all,ewc,texture,2,53,resnet18_cifar,0.1,"[0.1,0.05,0.01]",last_epoch_train_mean,0.14476752135811782,0.05,0.005672683712185883,6956079482605599,44699952,10,0,0.2326960174135396,0.075,0.9979423868312757,0.9979423868312757,-0.9979423868312757,2,0.9979423868312757,1.0,0.005819808898654703,0.9814814814814815,1.0,1.0,1.0,1.0,"[0.9814814814814815,0.31645569620253167,0.19387755102040816,0.18333333333333332,0.16083916083916083,0.11180124223602485,0.125,0.0845771144278607,0.0945945945945946,0.075]","[0.9814814814814815,1.0,1.0,1.0,1.0,1.0,1.0,1.0,1.0]","[0.01851851851851849,-0.19999999999999996,0.0,0.0,0.0,0.0,-0.6086956521739131,-0.23529411764705888,0.0,0.0]",-0.10254712513024535,512,249.28012695899815,249301.5048828125,20.98975786397932,228.29036909501883,25.365596566113204,25.3799717539805,2299465328145.7275,2318693160868533,2208364679314906,110328481553627,38301453324,44699952,0,0,938737564,983437516,937.8791007995605,0.788118129275972,11055.09521484375,0.05,
texture-all,ewc,texture,2,53,resnet18_cifar,0.05,"[0.1,0.05,0.01]",last_epoch_train_mean,0.005672683712185883,0.05,0.005672683712185883,6956079482605599,44699952,10,0,0.23454786926539145,0.075,1.0,1.0,-1.0,1,1.0,1.0,0.0,1.0,1.0,1.0,1.0,1.0,"[1.0,0.31645569620253167,0.19387755102040816,0.18333333333333332,0.16083916083916083,0.11180124223602485,0.125,0.0845771144278607,0.0945945945945946,0.075]","[1.0,1.0,1.0,1.0,1.0,1.0,1.0,1.0,1.0]","[0.0,-0.19999999999999996,0.0,0.0,0.0,0.0,-0.6086956521739131,-0.23529411764705888,0.0,0.0]",-0.10439897698209719,512,246.52437914002803,246544.2646484375,18.701221294992138,227.8231578450359,25.313684205003987,25.297608176013455,2299465328145.7275,2318693160868533,2208364679314906,110328481553627,38301453324,44699952,0,0,938737564,983437516,937.8791007995605,0.875486650087017,11055.09521484375,0.05,/nobackup/proj/disk/naiss2026-4-902/shared/yizhil/Avalanche/avalanche-master/joint_result_texture-all/ewc/order2/joint_texture_ewc__order-2__seed-053.json
texture-all,ewc,texture,2,53,resnet18_cifar,0.01,"[0.1,0.05,0.01]",last_epoch_train_mean,0.46432421338267443,0.05,0.005672683712185883,6956079482605599,44699952,10,0,0.23454786926539145,0.075,1.0,1.0,-1.0,1,1.0,1.0,0.0,1.0,1.0,1.0,1.0,1.0,"[1.0,0.31645569620253167,0.19387755102040816,0.18333333333333332,0.16083916083916083,0.11180124223602485,0.125,0.0845771144278607,0.0945945945945946,0.075]","[1.0,1.0,1.0,1.0,1.0,1.0,1.0,1.0,1.0]","[0.0,-0.19999999999999996,0.0,0.0,0.0,0.0,-0.6086956521739131,-0.23529411764705888,0.0,0.0]",-0.10439897698209719,512,256.97458297296544,256998.033203125,18.552097634994425,238.422485337971,26.491387259774555,25.526815328979865,2299465328145.7275,2318693160868533,2208364679314906,110328481553627,38301453324,44699952,0,0,938737564,983437516,937.8791007995605,0.8803784290648764,11055.09521484375,0.05,
texture-all,ewc,texture,2,54,resnet18_cifar,0.1,"[0.1,0.05,0.01]",last_epoch_train_mean,0.00014802149820663943,0.1,0.00014802149820663943,6956079482605599,44699952,10,0,0.23454786926539145,0.075,1.0,1.0,-1.0,1,1.0,1.0,0.0,1.0,1.0,1.0,1.0,1.0,"[1.0,0.31645569620253167,0.19387755102040816,0.18333333333333332,0.16083916083916083,0.11180124223602485,0.125,0.0845771144278607,0.0945945945945946,0.075]","[1.0,1.0,1.0,1.0,1.0,1.0,1.0,1.0,1.0]","[-0.11111111111111116,-0.31999999999999995,0.0,0.0,0.0,-0.6666666666666667,-1.0,0.0,-0.1428571428571429,0.0]",-0.22406349206349208,512,255.0195921040431,255043.0849609375,19.09784682301688,235.92174528102623,26.21352725344736,25.7955024910043,2299465328145.7275,2318693160868533,2208364679314906,110328481553627,38301453324,44699952,0,0,938737564,983437516,937.8791007995605,0.8110472495900467,11055.09521484375,0.1,/nobackup/proj/disk/naiss2026-4-902/shared/yizhil/Avalanche/avalanche-master/joint_result_texture-all/ewc/order2/joint_texture_ewc__order-2__seed-054.json
texture-all,ewc,texture,2,54,resnet18_cifar,0.05,"[0.1,0.05,0.01]",last_epoch_train_mean,0.007338589716066674,0.1,0.00014802149820663943,6956079482605599,44699952,10,0,0.2349983197158419,0.075,1.0,1.0,-1.0,1,1.0,1.0,0.0,1.0,1.0,1.0,1.0,1.0,"[1.0,0.31645569620253167,0.19387755102040816,0.18333333333333332,0.16083916083916083,0.11180124223602485,0.125,0.0845771144278607,0.0990990990990991,0.075]","[1.0,1.0,1.0,1.0,1.0,1.0,1.0,1.0,1.0]","[-0.11111111111111116,-0.31999999999999995,0.0,0.0,0.0,-0.6666666666666667,-1.0,0.0,-0.1428571428571429,0.0]",-0.22406349206349208,512,255.3809356300044,255398.3935546875,21.20559773000423,234.17533790000016,26.019481988888906,25.10751858499134,2299465328145.7275,2318693160868533,2208364679314906,110328481553627,38301453324,44699952,0,0,938737564,983437516,937.8791007995605,0.7517124709314279,11055.09521484375,0.1,
texture-all,ewc,texture,2,54,resnet18_cifar,0.01,"[0.1,0.05,0.01]",last_epoch_train_mean,0.6635878027939215,0.1,0.00014802149820663943,6956079482605599,44699952,10,0,0.23454786926539145,0.075,1.0,1.0,-1.0,1,1.0,1.0,0.0,1.0,1.0,1.0,1.0,1.0,"[1.0,0.31645569620253167,0.19387755102040816,0.18333333333333332,0.16083916083916083,0.11180124223602485,0.125,0.0845771144278607,0.0945945945945946,0.075]","[1.0,1.0,1.0,1.0,1.0,1.0,1.0,1.0,1.0]","[-0.11111111111111116,-0.31999999999999995,0.0,0.0,0.0,-0.6666666666666667,-1.0,0.0,-0.1428571428571429,0.0]",-0.22406349206349208,512,239.68355787402834,239697.5361328125,18.67485473002307,221.00870314400527,24.55652257155614,22.971178161998978,2299465328145.7275,2318693160868533,2208364679314906,110328481553627,38301453324,44699952,0,0,938737564,983437516,937.8791007995605,0.42309591262892354,11055.09521484375,0.1,
texture-all,ewc,texture,2,55,resnet18_cifar,0.1,"[0.1,0.05,0.01]",last_epoch_train_mean,0.21789224082376898,0.05,0.005657245859322025,6956079482605599,44699952,10,0,0.2215849063024285,0.075,0.98559670781893,0.98559670781893,-0.98559670781893,2,0.98559670781893,1.0,0.04073866229058299,0.8703703703703703,1.0,1.0,1.0,1.0,"[0.8703703703703703,0.31645569620253167,0.19387755102040816,0.18333333333333332,0.16083916083916083,0.11180124223602485,0.125,0.0845771144278607,0.0945945945945946,0.075]","[0.8703703703703703,1.0,1.0,1.0,1.0,1.0,1.0,1.0,1.0]","[0.12962962962962965,-0.19999999999999996,0.0,0.0,0.0,0.0,0.0,-0.8823529411764706,0.0,0.0]",-0.09527233115468409,512,231.3921754840121,231400.34765625,11.171582520008087,220.22059296400403,24.468954773778226,23.175382037006784,2299465328145.7275,2318693160868533,2208364679314906,110328481553627,38301453324,44699952,0,0,938737564,983437516,937.8791007995605,0.423820833505791,11055.09521484375,0.05,
texture-all,ewc,texture,2,55,resnet18_cifar,0.05,"[0.1,0.05,0.01]",last_epoch_train_mean,0.005657245859322025,0.05,0.005657245859322025,6956079482605599,44699952,10,0,0.23454786926539145,0.075,1.0,1.0,-1.0,1,1.0,1.0,0.0,1.0,1.0,1.0,1.0,1.0,"[1.0,0.31645569620253167,0.19387755102040816,0.18333333333333332,0.16083916083916083,0.11180124223602485,0.125,0.0845771144278607,0.0945945945945946,0.075]","[1.0,1.0,1.0,1.0,1.0,1.0,1.0,1.0,1.0]","[0.0,-0.19999999999999996,0.0,0.0,0.0,0.0,0.0,-0.8823529411764706,0.0,0.0]",-0.10823529411764705,512,227.25479917303892,227262.7841796875,11.17568051800481,216.0791186550341,24.008790961670456,23.05246838898165,2299465328145.7275,2318693160868533,2208364679314906,110328481553627,38301453324,44699952,0,0,938737564,983437516,937.8791007995605,0.4253759959586508,11055.09521484375,0.05,/nobackup/proj/disk/naiss2026-4-902/shared/yizhil/Avalanche/avalanche-master/joint_result_texture-all/ewc/order2/joint_texture_ewc__order-2__seed-055.json
texture-all,ewc,texture,2,55,resnet18_cifar,0.01,"[0.1,0.05,0.01]",last_epoch_train_mean,0.6200746515902077,0.05,0.005657245859322025,6956079482605599,44699952,10,0,0.23454786926539145,0.075,1.0,1.0,-1.0,1,1.0,1.0,0.0,1.0,1.0,1.0,1.0,1.0,"[1.0,0.31645569620253167,0.19387755102040816,0.18333333333333332,0.16083916083916083,0.11180124223602485,0.125,0.0845771144278607,0.0945945945945946,0.075]","[1.0,1.0,1.0,1.0,1.0,1.0,1.0,1.0,1.0]","[0.0,-0.19999999999999996,0.0,0.0,0.0,0.0,0.0,-0.8823529411764706,0.0,0.0]",-0.10823529411764705,512,227.4174741159659,227425.572265625,11.134705093980301,216.2827690219856,24.03141878022062,23.47579690400744,2299465328145.7275,2318693160868533,2208364679314906,110328481553627,38301453324,44699952,0,0,938737564,983437516,937.8791007995605,0.42378957077744417,11055.09521484375,0.05,
texture-all,ewc,texture,2,56,resnet18_cifar,0.1,"[0.1,0.05,0.01]",last_epoch_train_mean,0.013485767696870536,0.05,0.00641795172833088,6956079482605599,44699952,10,0,0.23454786926539145,0.075,1.0,1.0,-1.0,1,1.0,1.0,0.0,1.0,1.0,1.0,1.0,1.0,"[1.0,0.31645569620253167,0.19387755102040816,0.18333333333333332,0.16083916083916083,0.11180124223602485,0.125,0.0845771144278607,0.0945945945945946,0.075]","[1.0,1.0,1.0,1.0,1.0,1.0,1.0,1.0,1.0]","[0.0,-0.84,0.0,0.0,0.0,0.0,0.0,0.0,0.0,0.0]",-0.08399999999999999,512,227.9129931879288,227921.0341796875,11.40612508598133,216.50686810194748,24.056318677994163,23.45714901399333,2299465328145.7275,2318693160868533,2208364679314906,110328481553627,38301453324,44699952,0,0,938737564,983437516,937.8791007995605,0.42414153346423217,11055.09521484375,0.05,
texture-all,ewc,texture,2,56,resnet18_cifar,0.05,"[0.1,0.05,0.01]",last_epoch_train_mean,0.00641795172833088,0.05,0.00641795172833088,6956079482605599,44699952,10,0,0.23454786926539145,0.075,1.0,1.0,-1.0,1,1.0,1.0,0.0,1.0,1.0,1.0,1.0,1.0,"[1.0,0.31645569620253167,0.19387755102040816,0.18333333333333332,0.16083916083916083,0.11180124223602485,0.125,0.0845771144278607,0.0945945945945946,0.075]","[1.0,1.0,1.0,1.0,1.0,1.0,1.0,1.0,1.0]","[0.0,-0.84,0.0,0.0,0.0,0.0,0.0,0.0,0.0,0.0]",-0.08399999999999999,512,228.6031664859911,228611.2314453125,11.348222393979086,217.254944092012,24.13943823244578,23.756069277005736,2299465328145.7275,2318693160868533,2208364679314906,110328481553627,38301453324,44699952,0,0,938737564,983437516,937.8791007995605,0.4240286247901774,11055.09521484375,0.05,/nobackup/proj/disk/naiss2026-4-902/shared/yizhil/Avalanche/avalanche-master/joint_result_texture-all/ewc/order2/joint_texture_ewc__order-2__seed-056.json
texture-all,ewc,texture,2,56,resnet18_cifar,0.01,"[0.1,0.05,0.01]",last_epoch_train_mean,0.6628994316589542,0.05,0.00641795172833088,6956079482605599,44699952,10,0,0.23454786926539145,0.075,1.0,1.0,-1.0,1,1.0,1.0,0.0,1.0,1.0,1.0,1.0,1.0,"[1.0,0.31645569620253167,0.19387755102040816,0.18333333333333332,0.16083916083916083,0.11180124223602485,0.125,0.0845771144278607,0.0945945945945946,0.075]","[1.0,1.0,1.0,1.0,1.0,1.0,1.0,1.0,1.0]","[0.0,-0.84,0.0,0.0,0.0,0.0,0.0,0.0,0.0,0.0]",-0.08399999999999999,512,226.04167736502131,226049.5546875,10.67567504500039,215.36600232002093,23.929555813335657,23.590571343986085,2299465328145.7275,2318693160868533,2208364679314906,110328481553627,38301453324,44699952,0,0,938737564,983437516,937.8791007995605,0.42365436687153607,11055.09521484375,0.05,
texture-all,ewc,texture,3,52,resnet18_cifar,0.1,"[0.1,0.05,0.01]",last_epoch_train_mean,,0.05,0.3906847737639783,,,,,,,,,,,,,,,,,,,,,,,,,,,,,,,,,,,,,,,,,,,,
texture-all,ewc,texture,3,52,resnet18_cifar,0.05,"[0.1,0.05,0.01]",last_epoch_train_mean,0.3906847737639783,0.05,0.3906847737639783,,44699952,10,0,0.22684397672336898,0.07083333333333333,1.0,1.0,-1.0,1,1.0,1.0,0.0,1.0,1.0,1.0,1.0,1.0,"[1.0,0.2375,0.17525773195876287,0.17796610169491525,0.1323529411764706,0.11688311688311688,0.12994350282485875,0.1111111111111111,0.11659192825112108,0.07083333333333333]","[1.0,1.0,1.0,1.0,1.0,1.0,1.0,1.0,1.0]","[0.0,0.0,-1.0,0.0,0.0,-0.11111111111111116,-0.08695652173913049,0.0,0.0,0.0]",-0.11980676328502417,512,178.85697138900002,178862.92724609375,9.417732749000038,169.43923863999999,18.82658207111111,19.12012113100002,2299465789034.941,2318693159703537,2208364678205386,110328481498151,38301453324,44699952,0,0,938737564,983437516,937.8791007995605,0.4239503874993981,11055.8037109375,0.05,/nobackup/proj/disk/naiss2026-4-902/shared/yizhil/Avalanche/avalanche-master/joint_result_texture-all/ewc/order3/joint_texture_ewc__order-3__seed-052.json
texture-all,ewc,texture,3,52,resnet18_cifar,0.01,"[0.1,0.05,0.01]",last_epoch_train_mean,1.1608144030513534,0.05,0.3906847737639783,,44699952,10,0,0.21113639736438922,0.07083333333333333,0.9836065573770492,0.9836065573770492,-0.9836065573770492,2,0.9836065573770492,1.0,0.04636765778272444,0.8524590163934426,1.0,1.0,1.0,1.0,"[0.8524590163934426,0.2375,0.17525773195876287,0.17796610169491525,0.1323529411764706,0.11688311688311688,0.12994350282485875,0.10606060606060606,0.11210762331838565,0.07083333333333333]","[0.8524590163934426,1.0,1.0,1.0,1.0,1.0,1.0,1.0,1.0]","[0.14754098360655743,0.0,-1.0,0.0,0.0,-0.11111111111111116,-0.08695652173913049,0.0,0.0,0.0]",-0.10505266492436842,512,177.33559290600033,177341.443359375,9.634343809000029,167.7012490970003,18.63347212188892,18.70123757700003,2299465789034.941,2318693159703537,2208364678205386,110328481498151,38301453324,44699952,0,0,938737564,983437516,937.8791007995605,0.4227837291656063,11055.8037109375,0.05,
texture-all,ewc,texture,3,53,resnet18_cifar,0.1,"[0.1,0.05,0.01]",last_epoch_train_mean,,0.05,0.0009462585012114281,,,,,,,,,,,,,,,,,,,,,,,,,,,,,,,,,,,,,,,,,,,,
texture-all,ewc,texture,3,53,resnet18_cifar,0.05,"[0.1,0.05,0.01]",last_epoch_train_mean,0.0009462585012114281,0.05,0.0009462585012114281,,44699952,10,0,0.22589049572504494,0.07083333333333333,1.0,1.0,-1.0,1,1.0,1.0,0.0,1.0,1.0,1.0,1.0,1.0,"[1.0,0.2375,0.17525773195876287,0.17796610169491525,0.1323529411764706,0.11688311688311688,0.12994350282485875,0.10606060606060606,0.11210762331838565,0.07083333333333333]","[1.0,1.0,1.0,1.0,1.0,1.0,1.0,1.0,1.0]","[0.0,0.0,-1.0,0.0,0.0,-0.05555555555555558,0.0,0.0,-0.19999999999999996,0.0]",-0.12555555555555556,512,176.43328515200028,176439.10693359375,9.581567850000056,166.85171730200022,18.539079700222246,18.586161216000164,2299465789034.941,2318693159703537,2208364678205386,110328481498151,38301453324,44699952,0,0,938737564,983437516,937.8791007995605,0.4228614833351685,11055.8037109375,0.05,/nobackup/proj/disk/naiss2026-4-902/shared/yizhil/Avalanche/avalanche-master/joint_result_texture-all/ewc/order3/joint_texture_ewc__order-3__seed-053.json
texture-all,ewc,texture,3,53,resnet18_cifar,0.01,"[0.1,0.05,0.01]",last_epoch_train_mean,0.8299628517713892,0.05,0.0009462585012114281,,44699952,10,0,0.22589049572504494,0.07083333333333333,1.0,1.0,-1.0,1,1.0,1.0,0.0,1.0,1.0,1.0,1.0,1.0,"[1.0,0.2375,0.17525773195876287,0.17796610169491525,0.1323529411764706,0.11688311688311688,0.12994350282485875,0.10606060606060606,0.11210762331838565,0.07083333333333333]","[1.0,1.0,1.0,1.0,1.0,1.0,1.0,1.0,1.0]","[0.0,0.0,-1.0,0.0,0.0,-0.05555555555555558,0.0,0.0,-0.19999999999999996,0.0]",-0.12555555555555556,512,176.55431251200025,176560.115234375,9.632704432000082,166.92160808000017,18.54684534222224,18.710553611000023,2299465789034.941,2318693159703537,2208364678205386,110328481498151,38301453324,44699952,0,0,938737564,983437516,937.8791007995605,0.42270281666579496,11055.8037109375,0.05,
texture-all,ewc,texture,3,54,resnet18_cifar,0.1,"[0.1,0.05,0.01]",last_epoch_train_mean,0.2664642373481429,0.05,0.016104067978729684,6956079479110611,44699952,10,0,0.22181992056527836,0.07083333333333333,0.9945355191256829,0.9945355191256829,-0.9945355191256829,2,0.9945355191256829,1.0,0.015455885927574827,0.9508196721311475,1.0,1.0,1.0,1.0,"[0.9508196721311475,0.2375,0.17525773195876287,0.1864406779661017,0.1323529411764706,0.11688311688311688,0.12994350282485875,0.10606060606060606,0.11210762331838565,0.07083333333333333]","[0.9508196721311475,1.0,1.0,1.0,1.0,1.0,1.0,1.0,1.0]","[0.049180327868852514,0.0,-1.0,0.0,0.0,0.0,-0.26086956521739135,0.0,-0.07999999999999996,0.0]",-0.1291689237348539,512,176.29236764399934,176298.16162109375,9.442546211999797,166.84982143199954,18.53886904799995,18.356782351999982,2299465789034.941,2318693159703537,2208364678205386,110328481498151,38301453324,44699952,0,0,938737564,983437516,937.8791007995605,0.4219099041658107,11055.8037109375,0.05,
texture-all,ewc,texture,3,54,resnet18_cifar,0.05,"[0.1,0.05,0.01]",last_epoch_train_mean,0.016104067978729684,0.05,0.016104067978729684,6956079479110611,44699952,10,0,0.22589049572504494,0.07083333333333333,1.0,1.0,-1.0,1,1.0,1.0,0.0,1.0,1.0,1.0,1.0,1.0,"[1.0,0.2375,0.17525773195876287,0.17796610169491525,0.1323529411764706,0.11688311688311688,0.12994350282485875,0.10606060606060606,0.11210762331838565,0.07083333333333333]","[1.0,1.0,1.0,1.0,1.0,1.0,1.0,1.0,1.0]","[0.0,0.0,-1.0,0.0,0.0,0.0,-0.26086956521739135,0.0,-0.07999999999999996,0.0]",-0.13408695652173913,512,176.0899670929996,176095.85986328125,9.53036575100009,166.5596013419995,18.50662237133328,18.469702780000034,2299465789034.941,2318693159703537,2208364678205386,110328481498151,38301453324,44699952,0,0,938737564,983437516,937.8791007995605,0.4212756708331729,11055.8037109375,0.05,/nobackup/proj/disk/naiss2026-4-902/shared/yizhil/Avalanche/avalanche-master/joint_result_texture-all/ewc/order3/joint_texture_ewc__order-3__seed-054.json
texture-all,ewc,texture,3,54,resnet18_cifar,0.01,"[0.1,0.05,0.01]",last_epoch_train_mean,0.6910715419125845,0.05,0.016104067978729684,6956079479110611,44699952,10,0,0.18982492195455317,0.07083333333333333,0.9599271402550092,0.9599271402550092,-0.9599271402550092,2,0.9599271402550092,1.0,0.11334316346888192,0.639344262295082,1.0,1.0,1.0,1.0,"[0.639344262295082,0.2375,0.17525773195876287,0.17796610169491525,0.1323529411764706,0.11688311688311688,0.12994350282485875,0.10606060606060606,0.11210762331838565,0.07083333333333333]","[0.639344262295082,1.0,1.0,1.0,1.0,1.0,1.0,1.0,1.0]","[0.360655737704918,0.0,-1.0,0.0,0.0,0.0,-0.26086956521739135,0.0,-0.07999999999999996,0.0]",-0.09802138275124733,512,176.4917793430002,176497.35791015625,9.625739341000099,166.8660400020001,18.540671111333342,18.574931685000138,2299465789034.941,2318693159703537,2208364678205386,110328481498151,38301453324,44699952,0,0,938737564,983437516,937.8791007995605,0.42374412916785786,11055.8037109375,0.05,
texture-all,ewc,texture,3,55,resnet18_cifar,0.1,"[0.1,0.05,0.01]",last_epoch_train_mean,,0.05,0.007542949405510023,,,,,,,,,,,,,,,,,,,,,,,,,,,,,,,,,,,,,,,,,,,,
texture-all,ewc,texture,3,55,resnet18_cifar,0.05,"[0.1,0.05,0.01]",last_epoch_train_mean,0.007542949405510023,0.05,0.007542949405510023,,44699952,10,0,0.22589049572504494,0.07083333333333333,1.0,1.0,-1.0,1,1.0,1.0,0.0,1.0,1.0,1.0,1.0,1.0,"[1.0,0.2375,0.17525773195876287,0.17796610169491525,0.1323529411764706,0.11688311688311688,0.12994350282485875,0.10606060606060606,0.11210762331838565,0.07083333333333333]","[1.0,1.0,1.0,1.0,1.0,1.0,1.0,1.0,1.0]","[0.0,0.0,0.0,0.0,-0.6666666666666667,-0.5555555555555556,0.0,-0.5238095238095238,0.0,0.0]",-0.17460317460317462,512,176.42603984699872,176431.8115234375,9.463467864999984,166.96257198199874,18.55139688688875,18.488228448999962,2299465789034.941,2318693159703537,2208364678205386,110328481498151,38301453324,44699952,0,0,938737564,983437516,937.8791007995605,0.4221069249960389,11055.8037109375,0.05,/nobackup/proj/disk/naiss2026-4-902/shared/yizhil/Avalanche/avalanche-master/joint_result_texture-all/ewc/order3/joint_texture_ewc__order-3__seed-055.json
texture-all,ewc,texture,3,55,resnet18_cifar,0.01,"[0.1,0.05,0.01]",last_epoch_train_mean,0.7230263467294624,0.05,0.007542949405510023,,44699952,10,0,0.22589049572504494,0.07083333333333333,1.0,1.0,-1.0,1,1.0,1.0,0.0,1.0,1.0,1.0,1.0,1.0,"[1.0,0.2375,0.17525773195876287,0.17796610169491525,0.1323529411764706,0.11688311688311688,0.12994350282485875,0.10606060606060606,0.11210762331838565,0.07083333333333333]","[1.0,1.0,1.0,1.0,1.0,1.0,1.0,1.0,1.0]","[0.0,0.0,0.0,0.0,-0.6666666666666667,-0.5555555555555556,0.0,-0.5238095238095238,0.0,0.0]",-0.17460317460317462,512,176.32543033099955,176330.9365234375,9.484804436000104,166.84062589499945,18.537847321666604,18.45105639600024,2299465789034.941,2318693159703537,2208364678205386,110328481498151,38301453324,44699952,0,0,938737564,983437516,937.8791007995605,0.4221565291648706,11055.8037109375,0.05,
texture-all,ewc,texture,3,56,resnet18_cifar,0.1,"[0.1,0.05,0.01]",last_epoch_train_mean,0.08631489829844739,0.05,0.017632289845720833,6956079479110611,44699952,10,0,0.2386579311237668,0.07083333333333333,0.9981785063752278,0.9981785063752278,-0.9981785063752278,2,0.9981785063752278,1.0,0.005151961975858275,0.9836065573770492,1.0,1.0,1.0,1.0,"[0.9836065573770492,0.2375,0.17525773195876287,0.3220338983050847,0.1323529411764706,0.11688311688311688,0.12994350282485875,0.10606060606060606,0.11210762331838565,0.07083333333333333]","[0.9836065573770492,1.0,1.0,1.0,1.0,1.0,1.0,1.0,1.0]","[-0.3278688524590164,0.0,0.0,0.0,0.0,0.0,0.0,0.0,-0.12,0.0]",-0.044786885245901645,512,176.34721595200017,176353.29150390625,9.591512130999945,166.75570382100022,18.52841153566669,18.438193746999787,2299465789034.941,2318693159703537,2208364678205386,110328481498151,38301453324,44699952,0,0,938737564,983437516,937.8791007995605,0.4231041333336331,11055.8037109375,0.05,
texture-all,ewc,texture,3,56,resnet18_cifar,0.05,"[0.1,0.05,0.01]",last_epoch_train_mean,0.017632289845720833,0.05,0.017632289845720833,6956079479110611,44699952,10,0,0.22589049572504494,0.07083333333333333,1.0,1.0,-1.0,1,1.0,1.0,0.0,1.0,1.0,1.0,1.0,1.0,"[1.0,0.2375,0.17525773195876287,0.17796610169491525,0.1323529411764706,0.11688311688311688,0.12994350282485875,0.10606060606060606,0.11210762331838565,0.07083333333333333]","[1.0,1.0,1.0,1.0,1.0,1.0,1.0,1.0,1.0]","[-0.34426229508196726,0.0,0.0,0.0,0.0,0.0,0.0,0.0,-0.12,0.0]",-0.04642622950819673,512,176.2633157539999,176269.19580078125,9.495895646000008,166.7674201079999,18.52971334533332,18.405338440999913,2299465789034.941,2318693159703537,2208364678205386,110328481498151,38301453324,44699952,0,0,938737564,983437516,937.8791007995605,0.4226174499971573,11055.8037109375,0.05,/nobackup/proj/disk/naiss2026-4-902/shared/yizhil/Avalanche/avalanche-master/joint_result_texture-all/ewc/order3/joint_texture_ewc__order-3__seed-056.json
texture-all,ewc,texture,3,56,resnet18_cifar,0.01,"[0.1,0.05,0.01]",last_epoch_train_mean,0.7845942500125931,0.05,0.017632289845720833,6956079479110611,44699952,10,0,0.22589049572504494,0.07083333333333333,1.0,1.0,-1.0,1,1.0,1.0,0.0,1.0,1.0,1.0,1.0,1.0,"[1.0,0.2375,0.17525773195876287,0.17796610169491525,0.1323529411764706,0.11688311688311688,0.12994350282485875,0.10606060606060606,0.11210762331838565,0.07083333333333333]","[1.0,1.0,1.0,1.0,1.0,1.0,1.0,1.0,1.0]","[-0.34426229508196726,0.0,0.0,0.0,0.0,0.0,0.0,0.0,-0.12,0.0]",-0.04642622950819673,512,175.83008888800077,175835.6923828125,9.621437100000094,166.20865178800068,18.46762797644452,18.475992575999953,2299465789034.941,2318693159703537,2208364678205386,110328481498151,38301453324,44699952,0,0,938737564,983437516,937.8791007995605,0.4233556624967605,11055.8037109375,0.05,
texture-all,icarl,texture,1,52,resnet18_cifar,0.1,"[0.1,0.05,0.01]",last_epoch_train_mean,0.09784872829914093,0.05,0.09403699239095052,55809387284353758,44699952,10,0,0.8042271097285791,0.8416666666666667,0.0759956238387611,-0.0555076441350951,0.0555076441350951,1,0.0759956238387611,0.040000000000000036,0.11449329186668118,0.0,0.0,0.09523809523809523,0.3787878787878788,0.5555555555555556,"[0.9545454545454546,0.6263736263736264,0.7777777777777778,0.7751937984496124,0.8206896551724138,0.8159509202453987,0.7955801104972375,0.805,0.8294930875576036,0.8416666666666667]","[0.3787878787878788,0.040000000000000036,0.05882352941176472,0.09523809523809523,0.0,0.11111111111111116,0.0,0.0,0.0]","[0.045454545454545414,0.43999999999999995,-0.058823529411764705,0.0,0.0,0.0,0.0,0.0,0.0,0.0]",0.04266310160427807,512,313.5832763510407,313594.26171875,14.221401960996445,299.36187439004425,33.262430487782694,32.91185987801873,2349359758941.3477,18603129094784586,13714001246204778,4889127848579808,38301461004,44699952,394272000,11520,89530232,528513704,504.02994537353516,0.425075666741274,10135.93017578125,0.05,
texture-all,icarl,texture,1,52,resnet18_cifar,0.05,"[0.1,0.05,0.01]",last_epoch_train_mean,0.09403699239095052,0.05,0.09403699239095052,55809387284353758,44699952,10,0,0.8688565243085767,0.8958333333333334,0.055536315536315536,0.040111478935008354,-0.040111478935008354,1,0.055536315536315536,0.0,0.07961482532201702,0.0,0.0,0.1428571428571429,0.19696969696969702,0.3333333333333333,"[0.9848484848484849,0.7912087912087912,0.9351851851851852,0.8449612403100775,0.8620689655172413,0.8282208588957055,0.856353591160221,0.865,0.8248847926267281,0.8958333333333334]","[0.19696969696969702,0.15999999999999992,0.0,0.1428571428571429,0.0,0.0,0.0,0.0,0.0]","[0.015151515151515138,0.12,-0.7647058823529411,0.0,0.0,0.0,0.0,0.0,0.0,0.0]",-0.0629554367201426,512,307.0098060530145,307019.748046875,11.077153468009783,295.9326525850047,32.8814058427783,32.30848787300056,2349359758941.3477,18603129094784586,13714001246204778,4889127848579808,38301461004,44699952,394272000,11520,89530232,528513704,504.02994537353516,0.42609167940099724,10135.677734375,0.05,/nobackup/proj/disk/naiss2026-4-902/shared/yizhil/Avalanche/avalanche-master/joint_result_texture-all/icarl/order1/joint_texture_icarl__order-1__seed-052.json
texture-all,icarl,texture,1,52,resnet18_cifar,0.01,"[0.1,0.05,0.01]",last_epoch_train_mean,0.1722006877263387,0.05,0.09403699239095052,55809387284353758,44699952,10,0,0.6976426456106881,0.6666666666666666,0.21222348801296168,0.17373401815094283,-0.17373401815094283,8,0.21222348801296168,0.0,0.2522339157640516,0.0,0.0,0.38095238095238093,0.6842105263157895,0.4444444444444444,"[0.8333333333333334,0.7472527472527473,0.7129629629629629,0.689922480620155,0.7172413793103448,0.6625766871165644,0.6298342541436464,0.63,0.6866359447004609,0.6666666666666666]","[0.48484848484848486,0.36,0.0,0.38095238095238093,0.0,0.0,0.0,0.6842105263157895,0.0]","[0.16666666666666663,0.040000000000000036,-0.7058823529411765,0.23809523809523814,0.0,0.11111111111111116,0.0,0.0,0.0,0.0]",-0.015000933706816055,512,306.17374428594485,306183.865234375,10.778922377008712,295.39482190893614,32.82164687877068,32.17031815901282,2349359758941.3477,18603129094784586,13714001246204778,4889127848579808,38301461004,44699952,394272000,11520,89530232,528513704,504.02994537353516,0.4252206291615342,10135.677734375,0.05,
texture-all,icarl,texture,1,53,resnet18_cifar,0.1,"[0.1,0.05,0.01]",last_epoch_train_mean,0.10936485131581625,0.05,0.08794069041808446,55809387284353758,44699952,10,0,0.8077126220683791,0.8333333333333334,0.0695398428731762,0.0630038951607579,-0.0630038951607579,1,0.0695398428731762,0.0,0.16410891233846597,0.0,0.0,0.039999999999999925,0.5303030303030303,0.3333333333333333,"[1.0,0.7912087912087912,0.8148148148148148,0.7829457364341085,0.7034482758620689,0.7239263803680982,0.7679558011049724,0.83,0.8294930875576036,0.8333333333333334]","[0.5303030303030303,0.039999999999999925,0.0,0.0,0.0,0.0,0.05555555555555558,0.0,0.0]","[0.0,0.040000000000000036,0.17647058823529416,-1.0,0.0,-0.05555555555555558,0.0,0.0,0.0,0.0]",-0.08390849673202613,512,306.1126670559752,306122.2509765625,11.004152779001743,295.10851427697344,32.78983491966372,32.28579172200989,2349359758941.3477,18603129094784586,13714001246204778,4889127848579808,38301461004,44699952,394272000,11520,89530232,528513704,504.02994537353516,0.4257801373266072,10135.677734375,0.05,
texture-all,icarl,texture,1,53,resnet18_cifar,0.05,"[0.1,0.05,0.01]",last_epoch_train_mean,0.08794069041808446,0.05,0.08794069041808446,55809387284353758,44699952,10,0,0.9122358999799607,0.9458333333333333,0.031265031265031266,-0.0014147072970602309,0.0014147072970602309,4,0.031265031265031266,0.0,0.06302391285871746,0.0,0.0,0.0,0.19047619047619047,0.2222222222222222,"[1.0,1.0,0.9259259259259259,0.937984496124031,0.8620689655172413,0.8773006134969326,0.8784530386740331,0.81,0.8847926267281107,0.9458333333333333]","[0.09090909090909094,0.0,0.0,0.19047619047619047,0.0,0.0,0.0,0.0,0.0]","[0.0,0.0,0.47058823529411764,-1.0,0.0,-0.05555555555555558,0.0,0.0,0.0,0.0]",-0.05849673202614379,512,306.83443307795096,306844.7490234375,10.99980197599507,295.8346311019559,32.87051456688399,32.37304958800087,2349359758941.3477,18603129094784586,13714001246204778,4889127848579808,38301461004,44699952,394272000,11520,89530232,528513704,504.02994537353516,0.4286714667008103,10135.677734375,0.05,/nobackup/proj/disk/naiss2026-4-902/shared/yizhil/Avalanche/avalanche-master/joint_result_texture-all/icarl/order1/joint_texture_icarl__order-1__seed-053.json
texture-all,icarl,texture,1,53,resnet18_cifar,0.01,"[0.1,0.05,0.01]",last_epoch_train_mean,0.15135197341442108,0.05,0.08794069041808446,55809387284353758,44699952,10,0,0.7681231435639542,0.675,0.18987937262447066,0.13105584321270594,-0.13105584321270594,1,0.18987937262447066,0.05555555555555558,0.24139706138943556,0.0,0.0,0.38095238095238093,0.6818181818181819,0.5555555555555556,"[1.0,0.9560439560439561,0.8148148148148148,0.7209302325581395,0.7586206896551724,0.7607361963190185,0.7071823204419889,0.675,0.6129032258064516,0.675]","[0.6818181818181819,0.12,0.47058823529411764,0.38095238095238093,0.0,0.0,0.05555555555555558,0.0,0.0]","[0.0,0.0,0.9411764705882353,-0.9523809523809523,0.0,-0.05555555555555558,0.0,0.0,0.2941176470588235,0.0]",0.022735760971055084,512,305.91491875899374,305924.951171875,10.744090166001115,295.1708285929926,32.796758732554736,32.39122849499108,2349359758941.3477,18603129094784586,13714001246204778,4889127848579808,38301461004,44699952,394272000,11520,89530232,528513704,504.02994537353516,0.42457764538994525,10135.677734375,0.05,
texture-all,icarl,texture,1,54,resnet18_cifar,0.1,"[0.1,0.05,0.01]",last_epoch_train_mean,0.10390193859736124,0.05,0.09472746253013611,55809387284353758,44699952,10,0,0.8357620699247637,0.8291666666666667,0.09699685934980053,0.07738901621254562,-0.07738901621254562,1,0.09699685934980053,0.0,0.15162986598750391,0.0,0.0,0.11764705882352944,0.48484848484848486,0.4444444444444444,"[1.0,0.989010989010989,0.8981481481481481,0.8217054263565892,0.7862068965517242,0.6871165644171779,0.7513812154696132,0.77,0.8248847926267281,0.8291666666666667]","[0.48484848484848486,0.07999999999999996,0.11764705882352944,0.19047619047619047,0.0,0.0,0.0,0.0,0.0]","[0.0,-0.6,0.23529411764705888,0.0,0.0,0.0,-0.9444444444444444,0.0,0.0,0.0]",-0.13091503267973856,512,306.0059051209828,306015.86328125,11.151253513991833,294.85465160699096,32.761627956332326,32.39935952500673,2349359758941.3477,18603129094784586,13714001246204778,4889127848579808,38301461004,44699952,394272000,11520,89530232,528513704,504.02994537353516,0.42473914169628796,10135.677734375,0.05,
texture-all,icarl,texture,1,54,resnet18_cifar,0.05,"[0.1,0.05,0.01]",last_epoch_train_mean,0.09472746253013611,0.05,0.09472746253013611,55809387284353758,44699952,10,0,0.9011884748797481,0.8041666666666667,0.1245791245791246,0.11150722915428798,-0.11150722915428798,4,0.1245791245791246,0.0,0.23836861980374222,0.0,0.0,0.0,0.6666666666666667,0.2222222222222222,"[1.0,1.0,0.9629629629629629,0.8914728682170543,0.8827586206896552,0.8588957055214724,0.9337016574585635,0.83,0.847926267281106,0.8041666666666667]","[0.4545454545454546,0.0,0.0,0.6666666666666667,0.0,0.0,0.0,0.0,0.0]","[0.0,-0.6,0.23529411764705888,0.0,0.0,0.0,-0.9444444444444444,0.052631578947368474,0.0,0.0]",-0.1256518747850017,512,305.45588625001255,305465.716796875,10.958449718018528,294.497436531994,32.72193739244378,32.10941475600703,2349359758941.3477,18603129094784586,13714001246204778,4889127848579808,38301461004,44699952,394272000,11520,89530232,528513704,504.02994537353516,0.4258314043302865,10135.677734375,0.05,/nobackup/proj/disk/naiss2026-4-902/shared/yizhil/Avalanche/avalanche-master/joint_result_texture-all/icarl/order1/joint_texture_icarl__order-1__seed-054.json
texture-all,icarl,texture,1,54,resnet18_cifar,0.01,"[0.1,0.05,0.01]",last_epoch_train_mean,0.16884591778119404,0.05,0.09472746253013611,55809387284353758,44699952,10,0,0.7631674015091263,0.6875,0.12084656084656085,0.10123871770930595,-0.10123871770930595,1,0.12084656084656085,0.0,0.22601232502817153,0.0,0.0,0.040000000000000036,0.6666666666666667,0.3333333333333333,"[1.0,1.0,0.7037037037037037,0.6356589147286822,0.7724137931034483,0.8282208588957055,0.7182320441988951,0.65,0.6359447004608295,0.6875]","[0.6666666666666667,0.040000000000000036,0.0,0.38095238095238093,0.0,0.0,0.0,0.0,0.0]","[0.0,-0.6,0.9411764705882353,0.0,0.0,0.0,-0.9444444444444444,0.0,0.5294117647058824,0.0]",-0.007385620915032675,512,305.3598123380216,305369.8486328125,10.651945978024742,294.70786635999684,32.74531848444409,32.354209880984854,2349359758941.3477,18603129094784586,13714001246204778,4889127848579808,38301461004,44699952,394272000,11520,89530232,528513704,504.02994537353516,0.4251445501722628,10135.677734375,0.05,
texture-all,icarl,texture,1,55,resnet18_cifar,0.1,"[0.1,0.05,0.01]",last_epoch_train_mean,0.08983465780814488,0.1,0.08983465780814488,55809387284353758,44699952,10,0,0.8143716964676259,0.8958333333333334,0.04208754208754209,0.015420875420875422,-0.015420875420875422,1,0.04208754208754209,0.0,0.11904154565430092,0.0,0.0,0.0,0.3787878787878788,0.1111111111111111,"[1.0,0.5604395604395604,0.7592592592592593,0.813953488372093,0.8068965517241379,0.7361963190184049,0.8397790055248618,0.865,0.8663594470046083,0.8958333333333334]","[0.3787878787878788,0.0,0.0,0.0,0.0,0.0,0.0,0.0,0.0]","[-0.6666666666666667,0.24,-1.0,-1.0,0.0,-1.0,-0.05555555555555558,0.0,0.0,-0.6956521739130435]",-0.4177874396135266,512,305.3748877480102,305384.7158203125,10.840247927000746,294.5346398210095,32.726071091223275,32.09491999598686,2349359758941.3477,18603129094784586,13714001246204778,4889127848579808,38301461004,44699952,394272000,11520,89530232,528513704,504.02994537353516,0.42594635403171804,10135.677734375,0.1,/nobackup/proj/disk/naiss2026-4-902/shared/yizhil/Avalanche/avalanche-master/joint_result_texture-all/icarl/order1/joint_texture_icarl__order-1__seed-055.json
texture-all,icarl,texture,1,55,resnet18_cifar,0.05,"[0.1,0.05,0.01]",last_epoch_train_mean,0.09739916523297627,0.1,0.08983465780814488,55809387284353758,44699952,10,0,0.8663204982893136,0.8791666666666667,0.02693602693602694,0.0007922360863537345,-0.0007922360863537345,1,0.02693602693602694,0.0,0.0761865892187526,0.0,0.0,0.0,0.24242424242424243,0.1111111111111111,"[1.0,1.0,0.5740740740740741,0.8682170542635659,0.8758620689655172,0.8650306748466258,0.8729281767955801,0.88,0.847926267281106,0.8791666666666667]","[0.24242424242424243,0.0,0.0,0.0,0.0,0.0,0.0,0.0,0.0]","[-0.6666666666666667,0.0,0.0,-1.0,0.0,-1.0,-0.05555555555555558,0.0,0.0,-0.6956521739130435]",-0.3417874396135266,512,309.39559601206565,309405.693359375,10.717483070999151,298.6781129410665,33.186456993451834,32.17819695401704,2349359758941.3477,18603129094784586,13714001246204778,4889127848579808,38301461004,44699952,394272000,11520,89530232,528513704,504.02994537353516,0.42698809556895867,10135.677734375,0.1,
texture-all,icarl,texture,1,55,resnet18_cifar,0.01,"[0.1,0.05,0.01]",last_epoch_train_mean,0.1439687728881836,0.1,0.08983465780814488,55809387284353758,44699952,10,0,0.7704516088821746,0.6458333333333334,0.16472637327126494,0.14511853013401002,-0.14511853013401002,1,0.16472637327126494,0.052631578947368474,0.25379767211157345,0.0,0.0,0.12,0.7272727272727273,0.5555555555555556,"[1.0,1.0,0.8518518518518519,0.8604651162790697,0.7586206896551724,0.7484662576687117,0.6574585635359116,0.615,0.5668202764976958,0.6458333333333334]","[0.7272727272727273,0.12,0.058823529411764705,0.5238095238095238,0.0,0.0,0.0,0.052631578947368474,0.0]","[-0.6666666666666667,0.0,-0.058823529411764705,-1.0,0.0,-1.0,-0.05555555555555558,0.0,0.47058823529411764,-0.6956521739130435]",-0.3006109690252913,512,309.9196544639999,309929.6513671875,11.306996474013431,298.6126579899865,33.17918422110961,32.55097315501189,2349359758941.3477,18603129094784586,13714001246204778,4889127848579808,38301461004,44699952,394272000,11520,89530232,528513704,504.02994537353516,0.42571118744187214,10135.677734375,0.1,
texture-all,icarl,texture,1,56,resnet18_cifar,0.1,"[0.1,0.05,0.01]",last_epoch_train_mean,0.09402397871017457,0.05,0.08791487018267313,55809387284353758,44699952,10,0,0.9626454066664041,0.9916666666666667,0.01098039215686275,-0.00460301079496127,0.00460301079496127,3,0.01098039215686275,0.0,0.021016095697214538,0.0,0.0,0.0,0.05882352941176472,0.2222222222222222,"[1.0,0.989010989010989,1.0,0.9767441860465116,0.9724137931034482,0.9079754601226994,0.9723756906077348,0.89,0.9262672811059908,0.9916666666666667]","[0.0,0.040000000000000036,0.05882352941176472,0.0,0.0,0.0,0.0,0.0,0.0]","[-0.06060606060606055,0.040000000000000036,-0.05882352941176472,-0.19047619047619047,0.0,0.0,0.0,0.052631578947368474,0.0,0.0]",-0.021727420154664723,512,307.2837849079515,307293.943359375,11.147283116995823,296.13650179095566,32.904055754550626,32.56373731698841,2349359758941.3477,18603129094784586,13714001246204778,4889127848579808,38301461004,44699952,394272000,11520,89530232,528513704,504.02994537353516,0.424635766830761,10135.677734375,0.05,
texture-all,icarl,texture,1,56,resnet18_cifar,0.05,"[0.1,0.05,0.01]",last_epoch_train_mean,0.08791487018267313,0.05,0.08791487018267313,55809387284353758,44699952,10,0,0.9016245539472137,0.8458333333333333,0.11197408256231783,0.11197408256231783,-0.11197408256231783,3,0.11197408256231783,0.0,0.17844651728080063,0.0,0.0,0.19047619047619047,0.5294117647058824,0.3333333333333333,"[1.0,1.0,0.9537037037037037,0.9534883720930233,0.8758620689655172,0.8895705521472392,0.9005524861878453,0.8,0.7972350230414746,0.8458333333333333]","[0.28787878787878785,0.0,0.5294117647058824,0.19047619047619047,0.0,0.0,0.0,0.0,0.0]","[-0.06060606060606055,0.0,0.23529411764705876,-0.23809523809523814,0.0,0.0,0.0,0.0,0.0,0.0]",-0.006340718105423993,512,308.14501520298654,308155.3017578125,11.204945050994866,296.9400701519917,32.993341127999074,32.43928655600757,2349359758941.3477,18603129094784586,13714001246204778,4889127848579808,38301461004,44699952,394272000,11520,89530232,528513704,504.02994537353516,0.42594509565484867,10135.677734375,0.05,/nobackup/proj/disk/naiss2026-4-902/shared/yizhil/Avalanche/avalanche-master/joint_result_texture-all/icarl/order1/joint_texture_icarl__order-1__seed-056.json
texture-all,icarl,texture,1,56,resnet18_cifar,0.01,"[0.1,0.05,0.01]",last_epoch_train_mean,0.15788209239641826,0.05,0.08791487018267313,55809387284353758,44699952,10,0,0.7603364820984456,0.5958333333333333,0.21170635044732056,0.2072619060028761,-0.2072619060028761,1,0.21170635044732056,0.11111111111111116,0.2547519934160651,0.0,0.052631578947368474,0.1764705882352941,0.7272727272727273,0.7777777777777778,"[1.0,0.9340659340659341,0.8333333333333334,0.813953488372093,0.7931034482758621,0.803680981595092,0.7071823204419889,0.56,0.5622119815668203,0.5958333333333333]","[0.7272727272727273,0.16000000000000003,0.058823529411764705,0.6190476190476191,0.0,0.0,0.11111111111111116,0.052631578947368474,0.1764705882352941]","[-0.06060606060606055,0.040000000000000036,0.8235294117647058,-0.19047619047619047,0.0,0.0,0.0,0.0,0.5294117647058824,0.0]",0.11418589253883372,512,312.11103627004195,312121.0927734375,11.257735510007478,300.8533007600345,33.428144528892716,32.642601716011995,2349359758941.3477,18603129094784586,13714001246204778,4889127848579808,38301461004,44699952,394272000,11520,89530232,528513704,504.02994537353516,0.4256579790914354,10135.677734375,0.05,
texture-all,icarl,texture,2,52,resnet18_cifar,0.1,"[0.1,0.05,0.01]",last_epoch_train_mean,0.1104976067940394,0.05,0.10993756701548894,56140222299477684,44699952,10,0,0.9969965073536503,0.9916666666666667,0.005291005291005285,0.005291005291005285,-0.005291005291005285,9,0.005291005291005285,0.0,0.014965222882254957,0.0,0.0,0.0,0.04761904761904756,0.1111111111111111,"[1.0,1.0,0.9897959183673469,1.0,0.993006993006993,1.0,1.0,1.0,0.9954954954954955,0.9916666666666667]","[0.0,0.0,0.0,0.0,0.0,0.0,0.0,0.0,0.04761904761904756]","[-0.01851851851851849,0.0,0.0,0.0,0.0,0.0,-0.30434782608695654,0.0,-0.04761904761904756,0.0]",-0.037048539222452256,512,311.03509355403366,311044.962890625,11.57373904902488,299.4613545050088,33.27348383388986,32.307337582984474,2347799216973.781,18713407433159228,13801408682185638,4911998750973590,38301461004,44699952,394272000,11520,89530232,528513704,504.02994537353516,0.42580198726985447,10134.84326171875,0.05,
texture-all,icarl,texture,2,52,resnet18_cifar,0.05,"[0.1,0.05,0.01]",last_epoch_train_mean,0.10993756701548894,0.05,0.10993756701548894,56140222299477684,44699952,10,0,0.9978720527795805,1.0,0.0,0.0,-0.0,1,0.0,0.0,0.0,0.0,0.0,0.0,0.0,0.0,"[1.0,1.0,1.0,1.0,1.0,1.0,0.9836956521739131,0.9950248756218906,1.0,1.0]","[0.0,0.0,0.0,0.0,0.0,0.0,0.0,0.0,0.0]","[-0.01851851851851849,0.0,0.0,0.0,0.0,0.0,-0.30434782608695654,0.0,-0.09523809523809523,0.0]",-0.04181044398435703,512,309.3694730340503,309379.4267578125,11.462948086002143,297.9065249480482,33.100724994227576,32.562539711012505,2347799216973.781,18713407433159228,13801408682185638,4911998750973590,38301461004,44699952,394272000,11520,89530232,528513704,504.02994537353516,0.4258073749952018,10134.84326171875,0.05,/nobackup/proj/disk/naiss2026-4-902/shared/yizhil/Avalanche/avalanche-master/joint_result_texture-all/icarl/order2/joint_texture_icarl__order-2__seed-052.json
texture-all,icarl,texture,2,52,resnet18_cifar,0.01,"[0.1,0.05,0.01]",last_epoch_train_mean,0.15830928087234497,0.05,0.10993756701548894,56140222299477684,44699952,10,0,0.876525725448704,0.8791666666666667,0.05244996549344375,0.014575569358178065,-0.014575569358178065,1,0.05244996549344375,0.0,0.10398331871643997,0.0,0.0,0.04347826086956519,0.33333333333333337,0.3333333333333333,"[1.0,0.9367088607594937,0.7755102040816326,0.8583333333333333,0.8811188811188811,0.8819875776397516,0.8043478260869565,0.8606965174129353,0.8873873873873874,0.8791666666666667]","[0.33333333333333337,0.0,0.0,0.0,0.0,0.0,0.04347826086956519,0.0,0.09523809523809523]","[-0.01851851851851849,0.07999999999999996,0.0,0.0,0.0,0.0,0.21739130434782605,0.0,0.0,0.0]",0.027887278582930754,512,308.754530101025,308764.5419921875,11.312334621004993,297.44219548002,33.04913283111333,32.38779794200673,2347799216973.781,18713407433159228,13801408682185638,4911998750973590,38301461004,44699952,394272000,11520,89530232,528513704,504.02994537353516,0.4252205417287769,10134.84326171875,0.05,
texture-all,icarl,texture,2,53,resnet18_cifar,0.1,"[0.1,0.05,0.01]",last_epoch_train_mean,0.11000547558069229,0.05,0.10571849048137665,56140222299477684,44699952,10,0,0.8987492133510168,0.8916666666666667,0.05349794238683128,0.048206937095825984,-0.048206937095825984,1,0.05349794238683128,0.0,0.15131503136502253,0.0,0.0,0.0,0.4814814814814815,0.1111111111111111,"[1.0,0.8860759493670886,0.8367346938775511,0.8583333333333333,0.8811188811188811,0.9006211180124224,0.907608695652174,0.9154228855721394,0.9099099099099099,0.8916666666666667]","[0.4814814814814815,0.0,0.0,0.0,0.0,0.0,0.0,0.0,0.0]","[0.0,-0.19999999999999996,0.0,0.0,0.0,0.0,-0.6086956521739131,-0.23529411764705888,0.04761904761904767,0.0]",-0.09963707222019243,512,307.49884645306156,307508.7607421875,11.223917559022084,296.2749288940395,32.91943654378216,32.30337599301129,2347799216973.781,18713407433159228,13801408682185638,4911998750973590,38301461004,44699952,394272000,11520,89530232,528513704,504.02994537353516,0.425043858558638,10134.84326171875,0.05,
texture-all,icarl,texture,2,53,resnet18_cifar,0.05,"[0.1,0.05,0.01]",last_epoch_train_mean,0.10571849048137665,0.05,0.10571849048137665,56140222299477684,44699952,10,0,0.8164257772656274,0.9083333333333333,0.043868312757201634,0.043868312757201634,-0.043868312757201634,1,0.043868312757201634,0.0,0.09898849980871131,0.0,0.0,0.0,0.31481481481481477,0.2222222222222222,"[1.0,0.27848101265822783,0.7857142857142857,0.8333333333333334,0.8321678321678322,0.8633540372670807,0.8804347826086957,0.8905472636815921,0.8918918918918919,0.9083333333333333]","[0.31481481481481477,0.07999999999999996,0.0,0.0,0.0,0.0,0.0,0.0,0.0]","[0.0,-0.07999999999999996,0.0,0.0,0.0,0.0,-0.6086956521739131,-0.23529411764705888,0.0,0.0]",-0.09239897698209719,512,306.6358201750263,306645.6015625,10.989114124007756,295.64670605101855,32.849634005668726,32.20854646299267,2347799216973.781,18713407433159228,13801408682185638,4911998750973590,38301461004,44699952,394272000,11520,89530232,528513704,504.02994537353516,0.4259805001008014,10134.84326171875,0.05,/nobackup/proj/disk/naiss2026-4-902/shared/yizhil/Avalanche/avalanche-master/joint_result_texture-all/icarl/order2/joint_texture_icarl__order-2__seed-053.json
texture-all,icarl,texture,2,53,resnet18_cifar,0.01,"[0.1,0.05,0.01]",last_epoch_train_mean,0.1524243156115214,0.05,0.10571849048137665,56140222299477684,44699952,10,0,0.8979116057697917,0.8625,0.06139610970528845,0.040367408369681744,-0.040367408369681744,1,0.06139610970528845,0.0,0.11541259421134792,0.0,0.0,0.08695652173913049,0.37037037037037035,0.3333333333333333,"[1.0,1.0,0.9795918367346939,0.8583333333333333,0.8811188811188811,0.8944099378881988,0.7989130434782609,0.8258706467661692,0.8783783783783784,0.8625]","[0.37037037037037035,0.0,0.0,0.0,0.0,0.0,0.08695652173913049,0.0,0.09523809523809523]","[0.0,-0.19999999999999996,0.0,0.0,0.0,0.0,-0.13043478260869562,-0.17647058823529416,0.04761904761904767,0.0]",-0.04592863232249421,512,306.9172123778844,306927.0380859375,11.249179361999268,295.66803301588516,32.852003668431685,32.337271012977,2347799216973.781,18713407433159228,13801408682185638,4911998750973590,38301461004,44699952,394272000,11520,89530232,528513704,504.02994537353516,0.4247429498112372,10134.84326171875,0.05,
texture-all,icarl,texture,2,54,resnet18_cifar,0.1,"[0.1,0.05,0.01]",last_epoch_train_mean,0.1248192752401034,0.05,0.08666335940361022,56140222299477684,44699952,10,0,0.9571695269823509,0.9125,0.11343454033512515,0.10108886132277946,-0.10108886132277946,3,0.11343454033512515,0.0,0.2245786412129682,0.0,0.0,0.01851851851851849,0.6842105263157895,0.3333333333333333,"[1.0,0.9873417721518988,0.9693877551020408,0.9916666666666667,0.993006993006993,0.9192546583850931,0.9184782608695652,0.9701492537313433,0.9099099099099099,0.9125]","[0.01851851851851849,0.0,0.6842105263157895,0.31818181818181823,0.0,0.0,0.0,0.0,0.0]","[0.0,0.0,0.0,-1.0,-1.0,0.11111111111111116,0.0,-1.0,-0.5238095238095238,0.0]",-0.3412698412698413,512,306.1950504449778,306204.93359375,11.171996527991723,295.0230539169861,32.78033932410957,32.14943013800075,2347799216973.781,18713407433159228,13801408682185638,4911998750973590,38301461004,44699952,394272000,11520,89530232,528513704,504.02994537353516,0.42501859582747176,10134.84326171875,0.05,
texture-all,icarl,texture,2,54,resnet18_cifar,0.05,"[0.1,0.05,0.01]",last_epoch_train_mean,0.08666335940361022,0.05,0.08666335940361022,56140222299477684,44699952,10,0,0.8974667785676406,0.8833333333333333,0.079221848110737,0.0739308428197317,-0.0739308428197317,4,0.079221848110737,0.0,0.12921262669880712,0.0,0.0,0.07999999999999996,0.31818181818181823,0.3333333333333333,"[1.0,1.0,0.8163265306122449,0.8583333333333333,0.8811188811188811,0.8944099378881988,0.8532608695652174,0.900497512437811,0.8873873873873874,0.8833333333333333]","[0.31481481481481477,0.07999999999999996,0.0,0.31818181818181823,0.0,0.0,0.0,0.0,0.0]","[0.0,0.0,0.0,-1.0,-1.0,0.0,0.08695652173913049,-1.0,-0.47619047619047616,0.0]",-0.33892339544513456,512,306.5122797340737,306522.20703125,11.12397435202729,295.3883053820464,32.82092282022737,32.05897340801312,2347799216973.781,18713407433159228,13801408682185638,4911998750973590,38301461004,44699952,394272000,11520,89530232,528513704,504.02994537353516,0.4252913001740429,10134.84326171875,0.05,/nobackup/proj/disk/naiss2026-4-902/shared/yizhil/Avalanche/avalanche-master/joint_result_texture-all/icarl/order2/joint_texture_icarl__order-2__seed-054.json
texture-all,icarl,texture,2,54,resnet18_cifar,0.01,"[0.1,0.05,0.01]",last_epoch_train_mean,0.15579685270786287,0.05,0.08666335940361022,56140222299477684,44699952,10,0,0.9078977073856034,0.8958333333333334,0.037330981775426215,0.0021960002465827855,-0.0021960002465827855,1,0.037330981775426215,0.0,0.07780601178866878,0.0,0.0,0.0,0.2407407407407407,0.2222222222222222,"[1.0,0.9873417721518988,0.9897959183673469,0.8583333333333333,0.8881118881118881,0.8944099378881988,0.8315217391304348,0.8507462686567164,0.8828828828828829,0.8958333333333334]","[0.2407407407407407,0.0,0.0,0.0,0.0,0.0,0.0,0.0,0.09523809523809523]","[0.0,0.040000000000000036,0.0,-1.0,-1.0,0.0,0.5652173913043479,-0.9411764705882353,-0.4285714285714286,0.0]",-0.2764530507855316,512,306.7076639410516,306717.53515625,11.257812130003003,295.4498518110486,32.82776131233873,32.14475756601314,2347799216973.781,18713407433159228,13801408682185638,4911998750973590,38301461004,44699952,394272000,11520,89530232,528513704,504.02994537353516,0.42556337890952517,10134.84326171875,0.05,
texture-all,icarl,texture,2,55,resnet18_cifar,0.1,"[0.1,0.05,0.01]",last_epoch_train_mean,0.11677800913651784,0.1,0.11677800913651784,56140222299477684,44699952,10,0,0.9935336993418481,0.9916666666666667,0.007348618459729573,0.007348618459729573,-0.007348618459729573,9,0.007348618459729573,0.0,0.015364061546586703,0.0,0.0,0.0,0.04761904761904767,0.2222222222222222,"[1.0,1.0,0.9897959183673469,0.975,1.0,0.9937888198757764,0.9945652173913043,0.9950248756218906,0.9954954954954955,0.9916666666666667]","[0.01851851851851849,0.0,0.0,0.0,0.0,0.0,0.0,0.0,0.04761904761904767]","[-0.01851851851851849,-1.0,0.0,0.0,0.0,0.0,0.0,-1.0,-0.7142857142857143,0.0]",-0.2732804232804233,512,305.83285870496184,305842.6669921875,11.18822936102515,294.6446293439367,32.7382921493263,31.97948591900058,2347799216973.781,18713407433159228,13801408682185638,4911998750973590,38301461004,44699952,394272000,11520,89530232,528513704,504.02994537353516,0.4253643707973727,10134.84326171875,0.1,/nobackup/proj/disk/naiss2026-4-902/shared/yizhil/Avalanche/avalanche-master/joint_result_texture-all/icarl/order2/joint_texture_icarl__order-2__seed-055.json
texture-all,icarl,texture,2,55,resnet18_cifar,0.05,"[0.1,0.05,0.01]",last_epoch_train_mean,0.12531742552916209,0.1,0.11677800913651784,56140222299477684,44699952,10,0,0.8859576598301995,0.9041666666666667,0.05121693121693122,0.05121693121693122,-0.05121693121693122,1,0.05121693121693122,0.0,0.10337102453338626,0.0,0.0,0.04761904761904767,0.33333333333333337,0.3333333333333333,"[1.0,0.8734177215189873,0.8163265306122449,0.8583333333333333,0.8881118881118881,0.8757763975155279,0.8804347826086957,0.8756218905472637,0.8873873873873874,0.9041666666666667]","[0.33333333333333337,0.07999999999999996,0.0,0.0,0.0,0.0,0.0,0.0,0.04761904761904767]","[-0.01851851851851849,-1.0,0.0,0.0,0.0,0.0,0.0,-1.0,-0.6190476190476191,0.0]",-0.26375661375661374,512,306.03177495105774,306041.6474609375,11.003097446984611,295.02867750407313,32.78096416711924,32.153996677021496,2347799216973.781,18713407433159228,13801408682185638,4911998750973590,38301461004,44699952,394272000,11520,89530232,528513704,504.02994537353516,0.42449595833507675,10134.84326171875,0.1,
texture-all,icarl,texture,2,55,resnet18_cifar,0.01,"[0.1,0.05,0.01]",last_epoch_train_mean,0.16025577386220297,0.1,0.11677800913651784,56140222299477684,44699952,10,0,0.8864625561356844,0.9208333333333333,0.03700609548562766,0.03217517761123153,-0.03217517761123153,1,0.03700609548562766,0.0,0.06129062894777308,0.0,0.0,0.052631578947368474,0.18518518518518523,0.3333333333333333,"[1.0,0.9113924050632911,0.8469387755102041,0.8416666666666667,0.8671328671328671,0.8757763975155279,0.8478260869565217,0.8656716417910447,0.8873873873873874,0.9208333333333333]","[0.18518518518518523,0.0,0.052631578947368474,0.0,0.0,0.0,0.0,0.0,0.09523809523809523]","[-0.01851851851851849,-1.0,0.0,0.0,0.0,0.0,0.21739130434782605,-1.0,-0.6190476190476191,0.0]",-0.24201748332183115,512,307.6647664780321,307674.708984375,11.107916054024827,296.5568504240073,32.95076115822303,32.19720092299394,2347799216973.781,18713407433159228,13801408682185638,4911998750973590,38301461004,44699952,394272000,11520,89530232,528513704,504.02994537353516,0.42420607060194016,10134.84326171875,0.1,
texture-all,icarl,texture,2,56,resnet18_cifar,0.1,"[0.1,0.05,0.01]",last_epoch_train_mean,0.08810782233874002,0.1,0.08810782233874002,56140222299477684,44699952,10,0,0.8247446212046137,0.9291666666666667,0.03497942386831275,-0.08138421249532361,0.08138421249532361,1,0.03497942386831275,0.0,0.09893675127713009,0.0,0.0,0.0,0.31481481481481477,0.1111111111111111,"[1.0,0.6075949367088608,0.7959183673469388,0.7333333333333333,0.6993006993006993,0.7763975155279503,0.8967391304347826,0.8855721393034826,0.9234234234234234,0.9291666666666667]","[0.31481481481481477,0.0,0.0,0.0,0.0,0.0,0.0,0.0,0.0]","[-0.03703703703703709,-0.24000000000000005,-0.10526315789473684,0.7272727272727273,0.0,0.0,-0.08695652173913049,-1.0,-0.23809523809523814,-0.38888888888888884]",-0.13689681163823042,512,306.6025318590109,306612.3037109375,11.354380014003254,295.24815184500767,32.80535020500085,32.05634035001276,2347799216973.781,18713407433159228,13801408682185638,4911998750973590,38301461004,44699952,394272000,11520,89530232,528513704,504.02994537353516,0.4252512000675779,10134.84326171875,0.1,/nobackup/proj/disk/naiss2026-4-902/shared/yizhil/Avalanche/avalanche-master/joint_result_texture-all/icarl/order2/joint_texture_icarl__order-2__seed-056.json
texture-all,icarl,texture,2,56,resnet18_cifar,0.05,"[0.1,0.05,0.01]",last_epoch_train_mean,0.08814022888739904,0.1,0.08810782233874002,56140222299477684,44699952,10,0,0.952159979478366,0.9875,0.007348618459729561,0.007348618459729561,-0.007348618459729561,9,0.007348618459729561,0.0,0.01536406154658667,0.0,0.0,0.0,0.04761904761904756,0.2222222222222222,"[1.0,0.9873417721518988,0.9387755102040817,0.9166666666666666,0.9370629370629371,0.937888198757764,0.9130434782608695,0.9303482587064676,0.972972972972973,0.9875]","[0.01851851851851849,0.0,0.0,0.0,0.0,0.0,0.0,0.0,0.04761904761904756]","[-0.03703703703703709,-0.56,-0.10526315789473684,0.0,0.0,0.0,-0.08695652173913049,-1.0,-0.19047619047619047,-0.38888888888888884]",-0.23686217960359837,512,308.46045298996614,308470.4677734375,10.949823187984293,297.51062980198185,33.05673664466465,32.372483294981066,2347799216973.781,18713407433159228,13801408682185638,4911998750973590,38301461004,44699952,394272000,11520,89530232,528513704,504.02994537353516,0.42629687074319617,10134.84326171875,0.1,
texture-all,icarl,texture,2,56,resnet18_cifar,0.01,"[0.1,0.05,0.01]",last_epoch_train_mean,0.15511058072249095,0.1,0.08810782233874002,56140222299477684,44699952,10,0,0.9128103893883303,0.8791666666666667,0.06534519336451702,0.05085243974132863,-0.05085243974132863,1,0.06534519336451702,0.0,0.10440296650944723,0.0,0.0,0.13043478260869557,0.31481481481481477,0.3333333333333333,"[1.0,1.0,0.9897959183673469,0.8583333333333333,0.8811188811188811,0.8944099378881988,0.8532608695652174,0.8756218905472637,0.8963963963963963,0.8791666666666667]","[0.31481481481481477,0.0,0.0,0.0,0.0,0.0,0.13043478260869557,0.0,0.1428571428571429]","[-0.03703703703703709,-0.56,-0.10526315789473684,0.0,0.0,0.0,0.30434782608695643,-1.0,-0.23809523809523814,-0.38888888888888884]",-0.20249364958289445,512,308.44937927793944,308459.2978515625,11.147720082983142,297.3016591949563,33.03351768832848,32.327845621999586,2347799216973.781,18713407433159228,13801408682185638,4911998750973590,38301461004,44699952,394272000,11520,89530232,528513704,504.02994537353516,0.42617481643295224,10134.84326171875,0.1,
texture-all,icarl,texture,3,52,resnet18_cifar,0.1,"[0.1,0.05,0.01]",last_epoch_train_mean,0.11554249127705891,0.05,0.10704950541257859,56326144449190590,44699952,10,0,0.7842246732080765,0.8,0.10362614991351733,0.09833514462251204,-0.09833514462251204,1,0.10362614991351733,0.0,0.20555982311516013,0.0,0.0,0.09523809523809523,0.6721311475409837,0.4444444444444444,"[1.0,0.875,0.7422680412371134,0.7542372881355932,0.7205882352941176,0.7142857142857143,0.7344632768361582,0.7525252525252525,0.7488789237668162,0.8]","[0.6721311475409837,0.0,0.11764705882352944,0.09523809523809523,0.0,0.0,0.0,0.04761904761904767,0.0]","[0.0,0.0,-1.0,0.0,0.0,-0.11111111111111116,-0.08695652173913049,0.1428571428571429,0.0,0.0]",-0.10552104899930988,512,312.56622520906967,312576.32421875,11.073332880012458,301.4928923290572,33.49921025878413,35.249708604009356,2348613707930.793,18775381483063530,13842811577137898,4932569905925632,38301461004,44699952,394272000,11520,89530232,528513704,504.02994537353516,0.4270518458118507,10134.8671875,0.05,
texture-all,icarl,texture,3,52,resnet18_cifar,0.05,"[0.1,0.05,0.01]",last_epoch_train_mean,0.10704950541257859,0.05,0.10704950541257859,56326144449190590,44699952,10,0,0.8058941509223754,0.7333333333333333,0.21989874146060176,0.17134598702549436,-0.17134598702549436,4,0.21989874146060176,0.05882352941176472,0.2969950823422476,0.0,0.0,0.3157894736842105,0.9047619047619048,0.6666666666666666,"[0.9672131147540983,0.7125,0.7319587628865979,0.8728813559322034,0.8235294117647058,0.9415584415584416,0.9265536723163842,0.6767676767676768,0.672645739910314,0.7333333333333333]","[0.540983606557377,0.3157894736842105,0.05882352941176472,0.9047619047619048,0.11111111111111116,0.0,0.0,0.04761904761904767,0.0]","[0.032786885245901676,0.0,-0.7058823529411765,0.0,0.0,-0.11111111111111116,-0.08695652173913049,0.1428571428571429,0.0,0.0]",-0.07283059576883735,512,315.55664322702796,315566.7763671875,11.683956969005521,303.87268625802244,33.76363180644694,35.460680049000075,2348613707930.793,18775381483063530,13842811577137898,4932569905925632,38301461004,44699952,394272000,11520,89530232,528513704,504.02994537353516,0.43007178768069326,10134.8671875,0.05,/nobackup/proj/disk/naiss2026-4-902/shared/yizhil/Avalanche/avalanche-master/joint_result_texture-all/icarl/order3/joint_texture_icarl__order-3__seed-052.json
texture-all,icarl,texture,3,52,resnet18_cifar,0.01,"[0.1,0.05,0.01]",last_epoch_train_mean,0.17023088534673056,0.05,0.10704950541257859,56326144449190590,44699952,10,0,0.6097552256050307,0.5458333333333333,0.21571917042150002,0.11524194249329171,-0.11524194249329171,4,0.21571917042150002,0.16666666666666674,0.229719522240612,0.0,0.0,0.33333333333333326,0.6666666666666667,0.5555555555555556,"[0.8032786885245902,0.7375,0.5567010309278351,0.559322033898305,0.6029411764705882,0.6168831168831169,0.5932203389830508,0.5303030303030303,0.5515695067264574,0.5458333333333333]","[0.45901639344262296,0.3157894736842105,0.0,0.6666666666666667,0.33333333333333326,0.16666666666666674,0.0,0.0,0.0]","[0.19672131147540983,0.0,-0.11764705882352941,0.09523809523809523,0.16666666666666663,0.05555555555555547,-0.08695652173913049,0.7142857142857143,0.040000000000000036,1.0]",0.20638637626587816,512,313.48514937001164,313495.205078125,11.543622301978758,301.9415270680329,33.54905856311476,35.03437226699316,2348613707930.793,18775381483063530,13842811577137898,4932569905925632,38301461004,44699952,394272000,11520,89530232,528513704,504.02994537353516,0.42836975832566776,10134.8671875,0.05,
texture-all,icarl,texture,3,53,resnet18_cifar,0.1,"[0.1,0.05,0.01]",last_epoch_train_mean,0.11343544473250707,0.05,0.09641137371460597,56326144449190590,44699952,10,0,0.9887966240434508,0.975,0.017485273596864064,0.012194268305858779,-0.012194268305858779,5,0.017485273596864064,0.0,0.024773629281629756,0.0,0.0,0.049180327868852514,0.05555555555555558,0.3333333333333333,"[1.0,1.0,1.0,1.0,1.0,0.9805194805194806,0.9661016949152542,0.9797979797979798,0.9865470852017937,0.975]","[0.049180327868852514,0.052631578947368474,0.0,0.0,0.05555555555555558,0.0,0.0,0.0,0.0]","[0.0,0.0,-1.0,0.0,0.0,-0.05555555555555558,0.0,0.09523809523809523,-0.19999999999999996,0.0]",-0.11603174603174603,512,312.88932482502423,312899.4599609375,11.78934921498876,301.0999756100355,33.455552845559495,34.96311751101166,2348613707930.793,18775381483063530,13842811577137898,4932569905925632,38301461004,44699952,394272000,11520,89530232,528513704,504.02994537353516,0.426843591897826,10134.8671875,0.05,
texture-all,icarl,texture,3,53,resnet18_cifar,0.05,"[0.1,0.05,0.01]",last_epoch_train_mean,0.09641137371460597,0.05,0.09641137371460597,56326144449190590,44699952,10,0,0.8287908979698597,0.8791666666666667,0.08805577642810553,0.04230414244117742,-0.04230414244117742,4,0.08805577642810553,0.0,0.12602497135563315,0.0,0.0,0.10526315789473684,0.33333333333333337,0.4444444444444444,"[1.0,0.9875,0.711340206185567,0.8135593220338984,0.8161764705882353,0.8246753246753247,0.7401129943502824,0.7171717171717171,0.7982062780269058,0.8791666666666667]","[0.29508196721311475,0.10526315789473684,0.05882352941176472,0.33333333333333337,0.0,0.0,0.0,0.0,0.0]","[0.0,0.0,-0.5882352941176471,0.0,0.0,-0.05555555555555558,0.0,0.04761904761904767,-0.19999999999999996,0.0]",-0.0796171802054155,512,311.918636064016,311928.6083984375,11.15148217100068,300.76715389301535,33.41857265477948,35.00112002401147,2348613707930.793,18775381483063530,13842811577137898,4932569905925632,38301461004,44699952,394272000,11520,89530232,528513704,504.02994537353516,0.4266240042246257,10134.8671875,0.05,/nobackup/proj/disk/naiss2026-4-902/shared/yizhil/Avalanche/avalanche-master/joint_result_texture-all/icarl/order3/joint_texture_icarl__order-3__seed-053.json
texture-all,icarl,texture,3,53,resnet18_cifar,0.01,"[0.1,0.05,0.01]",last_epoch_train_mean,0.16519678831100465,0.05,0.09641137371460597,56326144449190590,44699952,10,0,0.715993952933059,0.7291666666666666,0.16339220851156427,0.09149678367496297,-0.09149678367496297,4,0.16339220851156427,0.09523809523809523,0.22896547567718215,0.0,0.0,0.2222222222222222,0.7619047619047619,0.6666666666666666,"[1.0,0.7125,0.5360824742268041,0.6610169491525424,0.6764705882352942,0.7077922077922078,0.7796610169491526,0.6666666666666666,0.6905829596412556,0.7291666666666666]","[0.24590163934426235,0.10526315789473684,0.0,0.7619047619047619,0.2222222222222222,0.0,0.0,0.09523809523809523,0.040000000000000036]","[0.0,0.0,-0.058823529411764705,0.0,0.05555555555555558,-0.05555555555555558,0.0,0.09523809523809523,-0.19999999999999996,1.0]",0.08364145658263306,512,311.6392760629824,311649.3447265625,11.248596396995708,300.3906796659867,33.376742185109634,34.76786721701501,2348613707930.793,18775381483063530,13842811577137898,4932569905925632,38301461004,44699952,394272000,11520,89530232,528513704,504.02994537353516,0.42729628330562264,10134.8671875,0.05,
texture-all,icarl,texture,3,54,resnet18_cifar,0.1,"[0.1,0.05,0.01]",last_epoch_train_mean,0.10185372680425644,0.1,0.10185372680425644,56326144449190590,44699952,10,0,0.8217190123049848,0.7416666666666667,0.13546402167424346,0.13546402167424346,-0.13546402167424346,1,0.13546402167424346,0.0,0.21389104666442954,0.0,0.0,0.2857142857142857,0.639344262295082,0.3333333333333333,"[1.0,1.0,0.5257731958762887,0.8813559322033898,0.875,0.8571428571428571,0.8870056497175142,0.7272727272727273,0.7219730941704036,0.7416666666666667]","[0.639344262295082,0.0,0.29411764705882354,0.2857142857142857,0.0,0.0,0.0,0.0,0.0]","[-0.016393442622950838,0.0,-0.29411764705882354,-1.0,-1.0,-1.0,0.0,0.0,0.0,-1.0]",-0.43105110896817744,512,309.4998915249307,309509.89453125,11.061432460002834,298.4384590649279,33.15982878499199,34.67504032200668,2348613707930.793,18775381483063530,13842811577137898,4932569905925632,38301461004,44699952,394272000,11520,89530232,528513704,504.02994537353516,0.4262296374993942,10134.8671875,0.1,/nobackup/proj/disk/naiss2026-4-902/shared/yizhil/Avalanche/avalanche-master/joint_result_texture-all/icarl/order3/joint_texture_icarl__order-3__seed-054.json
texture-all,icarl,texture,3,54,resnet18_cifar,0.05,"[0.1,0.05,0.01]",last_epoch_train_mean,0.10919224222501119,0.1,0.10185372680425644,56326144449190590,44699952,10,0,0.7324645124571652,0.7375,0.18573452453233877,0.08240430355505896,-0.08240430355505896,4,0.18573452453233877,0.0,0.3239140933842467,0.0,0.0,0.05555555555555558,0.9047619047619048,0.4444444444444444,"[1.0,0.6125,0.36082474226804123,0.6949152542372882,0.7426470588235294,0.8831168831168831,0.8192090395480226,0.7474747474747475,0.726457399103139,0.7375]","[0.6557377049180328,0.0,0.0,0.9047619047619048,0.05555555555555558,0.05555555555555558,0.0,0.0,0.0]","[-0.016393442622950838,0.0,0.0,-1.0,-1.0,-1.0,0.0,0.04761904761904767,0.0,-1.0]",-0.39687743950039034,512,310.1643054160231,310174.470703125,11.282657836010912,298.8816475800122,33.20907195333469,34.59243457499542,2348613707930.793,18775381483063530,13842811577137898,4932569905925632,38301461004,44699952,394272000,11520,89530232,528513704,504.02994537353516,0.42617783741055365,10134.8671875,0.1,
texture-all,icarl,texture,3,54,resnet18_cifar,0.01,"[0.1,0.05,0.01]",last_epoch_train_mean,0.15290467540423075,0.1,0.10185372680425644,56326144449190590,44699952,10,0,0.7576606812297128,0.6125,0.27650790607362363,0.17971363280876215,-0.17971363280876215,4,0.27650790607362363,0.16666666666666663,0.31899016277942044,0.0,0.0,0.4426229508196722,0.9523809523809523,0.5555555555555556,"[1.0,0.9375,0.711340206185567,0.8898305084745762,0.7941176470588235,0.6753246753246753,0.7401129943502824,0.5656565656565656,0.6502242152466368,0.6125]","[0.4426229508196722,0.3157894736842105,0.0,0.9523809523809523,0.6111111111111112,0.16666666666666663,0.0,0.0,0.0]","[-0.016393442622950838,0.0,-0.11764705882352941,-0.9523809523809523,-0.9444444444444444,-1.0,0.0,0.23809523809523814,0.07999999999999996,0.0]",-0.2712770660176639,512,309.71425158603233,309724.5078125,11.219831220019842,298.4944203660125,33.16604670733472,34.49574461200973,2348613707930.793,18775381483063530,13842811577137898,4932569905925632,38301461004,44699952,394272000,11520,89530232,528513704,504.02994537353516,0.4265111248969333,10134.8671875,0.1,
texture-all,icarl,texture,3,55,resnet18_cifar,0.1,"[0.1,0.05,0.01]",last_epoch_train_mean,0.11416910439729691,0.05,0.10400414814551671,56326144449190590,44699952,10,0,0.8746329886790294,0.925,0.041102658428277206,0.041102658428277206,-0.041102658428277206,1,0.041102658428277206,0.0,0.06701713530688665,0.0,0.0,0.05555555555555558,0.19672131147540983,0.3333333333333333,"[1.0,0.7125,0.9175257731958762,0.8898305084745762,0.8970588235294118,0.8311688311688312,0.8531073446327684,0.8636363636363636,0.8565022421524664,0.925]","[0.19672131147540983,0.0,0.11764705882352944,0.0,0.0,0.05555555555555558,0.0,0.0,0.0]","[0.0,0.0,0.05882352941176472,0.0,-0.6666666666666667,-0.5555555555555556,0.0,-0.4285714285714286,0.0,0.0]",-0.15919701213818863,512,309.184302543028,309194.35546875,11.344036000024062,297.84026654300396,33.093362949222666,34.55043423600728,2348613707930.793,18775381483063530,13842811577137898,4932569905925632,38301461004,44699952,394272000,11520,89530232,528513704,504.02994537353516,0.42606480844066635,10134.8671875,0.05,
texture-all,icarl,texture,3,55,resnet18_cifar,0.05,"[0.1,0.05,0.01]",last_epoch_train_mean,0.10400414814551671,0.05,0.10400414814551671,56326144449190590,44699952,10,0,0.8234337343794454,0.8583333333333333,0.10339144765374274,0.018424127392304836,-0.018424127392304836,4,0.10339144765374274,0.0,0.19137136493163073,0.0,0.0,0.04761904761904767,0.5714285714285714,0.3333333333333333,"[1.0,0.6,0.6082474226804123,0.8898305084745762,0.8897058823529411,0.9545454545454546,0.8700564971751412,0.7474747474747475,0.8161434977578476,0.8583333333333333]","[0.3114754098360656,0.0,0.0,0.5714285714285714,0.0,0.0,0.0,0.04761904761904767,0.0]","[0.0,0.0,0.8823529411764706,0.0,-0.6666666666666667,-0.5555555555555556,0.0,-0.5238095238095238,0.0,0.0]",-0.08636788048552756,512,308.6937742320297,308703.6708984375,11.086833844019566,297.6069403880101,33.067437820890014,34.56033425798523,2348613707930.793,18775381483063530,13842811577137898,4932569905925632,38301461004,44699952,394272000,11520,89530232,528513704,504.02994537353516,0.42714510442844283,10134.8671875,0.05,/nobackup/proj/disk/naiss2026-4-902/shared/yizhil/Avalanche/avalanche-master/joint_result_texture-all/icarl/order3/joint_texture_icarl__order-3__seed-055.json
texture-all,icarl,texture,3,55,resnet18_cifar,0.01,"[0.1,0.05,0.01]",last_epoch_train_mean,0.1549271176258723,0.05,0.10400414814551671,56326144449190590,44699952,10,0,0.8119351156483423,0.7208333333333333,0.198782475313968,0.12688705047736668,-0.12688705047736668,4,0.198782475313968,0.0,0.32257646345926,0.0,0.0,0.1578947368421053,1.0,0.4444444444444444,"[1.0,0.9625,0.8247422680412371,0.864406779661017,0.7794117647058824,0.7597402597402597,0.7966101694915254,0.7070707070707071,0.7040358744394619,0.7208333333333333]","[0.1311475409836066,0.1578947368421053,0.0,1.0,0.5,0.0,0.0,0.0,0.0]","[0.0,0.0,1.0,0.0,-0.6111111111111112,-0.5555555555555556,0.0,-0.4285714285714286,0.0,1.0]",0.040476190476190464,512,311.89707000306225,311907.041015625,11.185484227986308,300.71158577507595,33.412398419452884,34.55721671599895,2348613707930.793,18775381483063530,13842811577137898,4932569905925632,38301461004,44699952,394272000,11520,89530232,528513704,504.02994537353516,0.4271143791508318,10134.8671875,0.05,
texture-all,icarl,texture,3,56,resnet18_cifar,0.1,"[0.1,0.05,0.01]",last_epoch_train_mean,0.10392314195632935,0.1,0.10392314195632935,56326144449190590,44699952,10,0,0.970941396316095,0.9333333333333333,0.030791916037817686,0.024255968325399384,-0.024255968325399384,1,0.030791916037817686,0.0,0.07180862469005395,0.0,0.0,0.0,0.2295081967213115,0.2222222222222222,"[1.0,1.0,0.9896907216494846,0.9915254237288136,0.9852941176470589,0.974025974025974,0.9830508474576272,0.9242424242424242,0.9282511210762332,0.9333333333333333]","[0.2295081967213115,0.0,0.0,0.04761904761904767,0.0,0.0,0.0,0.0,0.0]","[-0.360655737704918,0.0,-0.05882352941176472,-0.47619047619047616,-0.8333333333333334,0.0,-0.13043478260869568,0.04761904761904767,0.0,-0.05882352941176472]",-0.18706423410419049,512,316.1719329570187,316187.052734375,11.66992367900093,304.5020092780178,33.83355658644642,35.449056495010154,2348613707930.793,18775381483063530,13842811577137898,4932569905925632,38301461004,44699952,394272000,11520,89530232,528513704,504.02994537353516,0.4275659831667629,10134.8671875,0.1,/nobackup/proj/disk/naiss2026-4-902/shared/yizhil/Avalanche/avalanche-master/joint_result_texture-all/icarl/order3/joint_texture_icarl__order-3__seed-056.json
texture-all,icarl,texture,3,56,resnet18_cifar,0.05,"[0.1,0.05,0.01]",last_epoch_train_mean,0.10758982400099436,0.1,0.10392314195632935,56326144449190590,44699952,10,0,0.9131754682520328,0.925,0.054141299890678146,0.03577839917483626,-0.03577839917483626,1,0.054141299890678146,0.04761904761904756,0.059642477036414614,0.0,0.0,0.09523809523809523,0.180327868852459,0.5555555555555556,"[1.0,0.9625,0.9587628865979382,1.0,0.9705882352941176,0.9025974025974026,0.9378531073446328,0.7121212121212122,0.7623318385650224,0.925]","[0.180327868852459,0.10526315789473684,0.05882352941176472,0.09523809523809523,0.0,0.0,0.0,0.04761904761904756,0.0]","[-0.360655737704918,0.0,0.0,-0.47619047619047616,-0.8333333333333334,0.0,-0.13043478260869568,0.09523809523809523,0.0,-0.05882352941176472]",-0.17641997640110926,512,314.4442480940488,314454.4365234375,11.806204680004157,302.63804341404466,33.626449268227184,35.219553589005955,2348613707930.793,18775381483063530,13842811577137898,4932569905925632,38301461004,44699952,394272000,11520,89530232,528513704,504.02994537353516,0.4269438166375039,10134.8671875,0.1,
texture-all,icarl,texture,3,56,resnet18_cifar,0.01,"[0.1,0.05,0.01]",last_epoch_train_mean,0.16054859260718027,0.1,0.10392314195632935,56326144449190590,44699952,10,0,0.8182238938097959,0.6916666666666667,0.13435760013269363,0.08207001843334721,-0.08207001843334721,1,0.13435760013269363,0.04761904761904767,0.19886311683883728,0.0,0.0,0.10526315789473684,0.5245901639344263,0.5555555555555556,"[1.0,1.0,0.8041237113402062,0.8220338983050848,0.7794117647058824,0.8116883116883117,0.8757062146892656,0.6666666666666666,0.7309417040358744,0.6916666666666667]","[0.5245901639344263,0.10526315789473684,0.0,0.47619047619047616,0.05555555555555558,0.0,0.0,0.04761904761904767,0.0]","[-0.360655737704918,0.0,0.8823529411764706,-0.47619047619047616,-0.8333333333333334,0.0,-0.13043478260869568,0.09523809523809523,0.0,0.9411764705882353]",0.011815317716537788,512,313.6589200349699,313669.1845703125,11.608065684995381,302.05085434997454,33.56120603888606,35.099785394995706,2348613707930.793,18775381483063530,13842811577137898,4932569905925632,38301461004,44699952,394272000,11520,89530232,528513704,504.02994537353516,0.4292906041276486,10134.8671875,0.1,
texture-all,er_ace,texture,1,52,resnet18_cifar,0.1,"[0.1,0.05,0.01]",last_epoch_train_mean,0.03485436442416984,0.1,0.03485436442416984,31466298582307398,44699952,10,0,0.6249019503023966,0.9458333333333333,0.0,-0.5236066274817565,0.5236066274817565,1,0.0,0.0,0.0,0.0,0.0,0.0,0.0,0.0,"[0.9696969696969697,0.4175824175824176,0.8981481481481481,0.7596899224806202,0.4827586206896552,0.5950920245398773,0.08839779005524862,0.525,0.5668202764976958,0.9458333333333333]","[0.0,0.0,0.0,0.0,0.0,0.0,0.0,0.0,0.0]","[0.030303030303030276,0.6000000000000001,-0.9411764705882353,0.6666666666666667,0.125,0.6111111111111112,0.6111111111111112,1.0,0.9411764705882353,0.04347826086956519]",0.3687670180061485,512,272.5048480719852,272521.716796875,18.346188875002554,254.15865919698263,28.23985102188696,28.47929278499214,1150084406841.616,10488766194102466,7725074491247266,2763691702855200,38301453324,44699952,394272000,11520,44742460,483725932,461.3169975280762,0.6430630210767655,40857.75146484375,0.1,/nobackup/proj/disk/naiss2026-4-902/shared/yizhil/Avalanche/avalanche-master/joint_result_texture-all/er_ace/order1/joint_texture_er_ace__order-1__seed-052.json
texture-all,er_ace,texture,1,52,resnet18_cifar,0.05,"[0.1,0.05,0.01]",last_epoch_train_mean,0.07143079712019339,0.1,0.03485436442416984,31466298582307398,44699952,10,0,0.6630634428659963,0.8666666666666667,0.10716407775231306,-0.1956572655643863,0.1956572655643863,3,0.10716407775231306,0.0,0.15529278537048682,0.0,0.0,0.19696969696969702,0.47058823529411764,0.4444444444444444,"[0.3484848484848485,0.8021978021978022,0.6944444444444444,0.7906976744186046,0.296551724137931,0.8466257668711656,0.7624309392265194,0.37,0.8525345622119815,0.8666666666666667]","[0.19696969696969702,0.0,0.47058823529411764,0.23809523809523814,0.0,0.0,0.0,0.0,0.05882352941176472]","[0.6515151515151515,0.12,-0.7647058823529411,0.1428571428571429,0.0,0.05555555555555558,0.22222222222222227,0.6842105263157895,0.0,0.08695652173913049]",0.11986112378520511,512,269.2926595399622,269309.0048828125,14.384506810980383,254.9081527289818,28.32312808099798,28.487295842001913,1150084406841.616,10488766194102466,7725074491247266,2763691702855200,38301453324,44699952,394272000,11520,44742460,483725932,461.3169975280762,0.8141510043060407,40854.49951171875,0.1,
texture-all,er_ace,texture,1,52,resnet18_cifar,0.01,"[0.1,0.05,0.01]",last_epoch_train_mean,0.037581852939608806,0.1,0.03485436442416984,31466298582307398,44699952,10,0,0.8662846167365629,0.7333333333333333,0.3896581359816654,0.2679631577954591,-0.2679631577954591,3,0.3896581359816654,0.23809523809523803,0.406391593194652,0.0,0.0,0.8125,1.0,0.6666666666666666,"[1.0,0.9560439560439561,0.9907407407407407,0.9534883720930233,0.6896551724137931,0.9693251533742331,0.6685082872928176,0.84,0.8617511520737328,0.7333333333333333]","[0.015151515151515138,0.0,1.0,0.23809523809523803,0.8125,0.0,0.5,0.0,0.9411764705882353]","[0.0,-0.15999999999999992,-1.0,0.2857142857142857,0.0,0.0,-0.33333333333333326,0.736842105263158,0.0,0.0]",-0.047077694235588954,512,271.5611047950224,271576.025390625,16.93861196699436,254.62249282802804,28.291388092003118,28.810321403987473,1150084406841.616,10488766194102466,7725074491247266,2763691702855200,38301453324,44699952,394272000,11520,44742460,483725932,461.3169975280762,0.6283227292442461,40854.49951171875,0.1,
texture-all,er_ace,texture,1,53,resnet18_cifar,0.1,"[0.1,0.05,0.01]",last_epoch_train_mean,0.04182895108476862,0.05,0.014481887318097152,31466298582307398,44699952,10,0,0.5447658220345512,0.5583333333333333,0.40313499137028547,0.022992778539734162,-0.022992778539734162,2,0.40313499137028547,0.4117647058823529,0.40743100548400757,0.0,0.0,0.7619047619047619,1.0,0.5555555555555556,"[1.0,0.27472527472527475,0.5277777777777778,0.26356589147286824,0.38620689655172413,0.6257668711656442,0.4088397790055249,0.49,0.9124423963133641,0.5583333333333333]","[0.4545454545454546,1.0,0.4117647058823529,0.7619047619047619,0.0,0.0,0.0,0.0,1.0]","[0.0,1.0,0.23529411764705888,0.0,0.125,0.0,0.7222222222222222,0.4736842105263158,0.0,0.30434782608695654]",0.28605483764825534,512,267.44557788898237,267457.5947265625,14.418585548002739,253.02699234097963,28.11411026010885,28.618852868996328,1150084406841.616,10488766194102466,7725074491247266,2763691702855200,38301453324,44699952,394272000,11520,44742460,483725932,461.3169975280762,0.6792833251286842,40854.49951171875,0.05,
texture-all,er_ace,texture,1,53,resnet18_cifar,0.05,"[0.1,0.05,0.01]",last_epoch_train_mean,0.014481887318097152,0.05,0.014481887318097152,31466298582307398,44699952,10,0,0.6075864682086972,0.6625,0.299047619047619,-0.14142916213091658,0.14142916213091658,3,0.299047619047619,0.12,0.3911997425857325,0.0,0.0,0.33333333333333337,1.0,0.5555555555555556,"[0.3181818181818182,0.25274725274725274,0.37962962962962965,0.49612403100775193,0.4827586206896552,0.8588957055214724,0.8950276243093923,0.73,1.0,0.6625]","[0.33333333333333337,0.12,1.0,0.23809523809523814,0.0,0.0,0.0,0.0,1.0]","[0.6818181818181819,0.96,1.0,-0.9523809523809523,1.0,0.16666666666666663,0.0,0.052631578947368474,0.0,0.7391304347826086]",0.36478659098338734,512,270.46344292300637,270478.88671875,16.620615503983572,253.8428274190228,28.204758602113642,28.4086768309935,1150084406841.616,10488766194102466,7725074491247266,2763691702855200,38301453324,44699952,394272000,11520,44742460,483725932,461.3169975280762,0.7746761956999156,40854.49951171875,0.05,/nobackup/proj/disk/naiss2026-4-902/shared/yizhil/Avalanche/avalanche-master/joint_result_texture-all/er_ace/order1/joint_texture_er_ace__order-1__seed-053.json
texture-all,er_ace,texture,1,53,resnet18_cifar,0.01,"[0.1,0.05,0.01]",last_epoch_train_mean,0.030983754615117976,0.05,0.014481887318097152,31466298582307398,44699952,10,0,0.9137062870320628,0.9833333333333333,0.02240896358543418,-0.05454121414647731,0.05454121414647731,4,0.02240896358543418,0.0,0.046366793717778305,0.0,0.0,0.0,0.1428571428571429,0.2222222222222222,"[1.0,0.978021978021978,0.9907407407407407,0.8294573643410853,0.6758620689655173,0.9141104294478528,0.8674033149171271,0.935,0.9631336405529954,0.9833333333333333]","[0.0,0.0,0.05882352941176472,0.1428571428571429,0.0,0.0,0.0,0.0,0.0]","[0.0,0.07999999999999996,0.05882352941176472,-1.0,0.0625,0.2777777777777778,0.0,0.1578947368421053,0.0,0.0]",-0.03630039559683522,512,269.28946448804345,269305.1474609375,14.509856821008725,254.77960766703472,28.308845296337193,28.678476118016988,1150084406841.616,10488766194102466,7725074491247266,2763691702855200,38301453324,44699952,394272000,11520,44742460,483725932,461.3169975280762,0.6467566835150743,40854.49951171875,0.05,
texture-all,er_ace,texture,1,54,resnet18_cifar,0.1,"[0.1,0.05,0.01]",last_epoch_train_mean,0.022919925171640012,0.1,0.022919925171640012,31466298582307398,44699952,10,0,0.6497078347315468,0.7041666666666667,0.2732896188778542,-0.01368885424096982,0.01368885424096982,3,0.2732896188778542,0.125,0.3151519585046496,0.0,0.0,0.5,0.9411764705882353,0.6666666666666666,"[0.9393939393939394,0.5604395604395604,0.8518518518518519,0.3488372093023256,0.5310344827586206,0.4539877300613497,0.7569060773480663,0.65,0.7004608294930875,0.7041666666666667]","[0.25757575757575757,0.0,0.9411764705882353,0.04761904761904756,0.125,0.5,0.0,0.0,0.5882352941176471]","[-0.4696969696969697,-0.32,-0.47058823529411764,0.0,0.25,0.2222222222222222,-0.4444444444444444,0.21052631578947367,0.3529411764705882,0.0]",-0.06690399349532478,512,304.11225895799,304127.841796875,16.66795469200588,287.4443042659841,31.938256029553788,32.72810414599371,1150084406841.616,10488766194102466,7725074491247266,2763691702855200,38301453324,44699952,394272000,11520,44742460,483725932,461.3169975280762,0.797322441697664,40854.49951171875,0.1,/nobackup/proj/disk/naiss2026-4-902/shared/yizhil/Avalanche/avalanche-master/joint_result_texture-all/er_ace/order1/joint_texture_er_ace__order-1__seed-054.json
texture-all,er_ace,texture,1,54,resnet18_cifar,0.05,"[0.1,0.05,0.01]",last_epoch_train_mean,0.044097136706113815,0.1,0.022919925171640012,31466298582307398,44699952,10,0,0.55230575787158,0.575,0.29640075629755713,-0.1596614530979856,0.1596614530979856,2,0.29640075629755713,0.11764705882352944,0.34266694609384574,0.0,0.0,0.3888888888888889,0.96,0.6666666666666666,"[0.7424242424242424,0.5274725274725275,0.35185185185185186,0.4418604651162791,0.6206896551724138,0.6073619631901841,0.30939226519337015,0.9,0.4470046082949309,0.575]","[0.0757575757575758,0.96,0.11764705882352944,0.8095238095238095,0.0,0.0,0.3888888888888889,0.3157894736842105,0.0]","[-0.2727272727272727,-0.28,0.5294117647058824,0.0,0.0,0.2777777777777778,0.4444444444444444,0.10526315789473684,1.0,0.3913043478260869]",0.21954742199216556,512,312.16663431801135,312186.798828125,17.73199382700841,294.43464049100294,32.71496005455588,32.566941589990165,1150084406841.616,10488766194102466,7725074491247266,2763691702855200,38301453324,44699952,394272000,11520,44742460,483725932,461.3169975280762,0.8772949622652959,40854.49951171875,0.1,
texture-all,er_ace,texture,1,54,resnet18_cifar,0.01,"[0.1,0.05,0.01]",last_epoch_train_mean,0.03514941307631406,0.1,0.022919925171640012,31466298582307398,44699952,10,0,0.9204577860303591,0.8791666666666667,0.16691954559601618,0.12994586138548986,-0.12994586138548986,9,0.16691954559601618,0.0,0.31653189445192476,0.0,0.0,0.0625,1.0,0.4444444444444444,"[1.0,0.989010989010989,1.0,0.9922480620155039,0.7862068965517242,0.9815950920245399,0.6850828729281768,0.965,0.9262672811059908,0.8791666666666667]","[0.0,0.0,0.05882352941176472,0.38095238095238093,0.0625,0.0,0.0,0.0,1.0]","[-0.5303030303030303,-0.96,-0.47058823529411764,-0.9523809523809523,0.1875,-0.5555555555555556,-0.5555555555555556,0.10526315789473684,0.0,0.04347826086956519]",-0.3688141910324909,512,314.10585666808765,314126.390625,18.02732150600059,296.07853516208706,32.897615018009674,32.94830930500757,1150084406841.616,10488766194102466,7725074491247266,2763691702855200,38301453324,44699952,394272000,11520,44742460,483725932,461.3169975280762,0.8928867498373924,40854.49951171875,0.1,
texture-all,er_ace,texture,1,55,resnet18_cifar,0.1,"[0.1,0.05,0.01]",last_epoch_train_mean,0.03526504487766848,0.05,0.024164982986721126,31466298582307398,44699952,10,0,0.6026710501662347,0.7625,0.20936479642361996,-0.30320301645379044,0.30320301645379044,3,0.20936479642361996,0.040000000000000036,0.3115400393571199,0.0,0.0,0.3484848484848485,1.0,0.5555555555555556,"[0.3333333333333333,0.34065934065934067,0.8425925925925926,0.4806201550387597,0.4689655172413793,0.9325153374233128,0.3812154696132597,0.535,0.9493087557603687,0.7625]","[0.3484848484848485,0.040000000000000036,1.0,0.1428571428571429,0.0,0.0,0.0,0.0,0.3529411764705882]","[0.5151515151515151,1.0,0.6470588235294117,0.09523809523809523,1.0,0.4444444444444444,0.9444444444444444,0.052631578947368474,0.11764705882352944,0.0]",0.4816615960578809,512,310.51895382697694,310536.232421875,17.371037106000585,293.14791672097635,32.57199074677515,32.64840831400943,1150084406841.616,10488766194102466,7725074491247266,2763691702855200,38301453324,44699952,394272000,11520,44742460,483725932,461.3169975280762,0.7874969292364161,40854.49951171875,0.05,
texture-all,er_ace,texture,1,55,resnet18_cifar,0.05,"[0.1,0.05,0.01]",last_epoch_train_mean,0.024164982986721126,0.05,0.024164982986721126,31466298582307398,44699952,10,0,0.746384931940472,0.9416666666666667,0.025294966471437055,-0.3579325715755024,0.3579325715755024,1,0.025294966471437055,0.0,0.04036175538279291,0.0,0.0,0.04761904761904756,0.12121212121212122,0.3333333333333333,"[0.7727272727272727,0.9120879120879121,0.4351851851851852,0.34108527131782945,0.503448275862069,0.8834355828220859,0.8287292817679558,0.91,0.9354838709677419,0.9416666666666667]","[0.12121212121212122,0.0,0.0,0.04761904761904756,0.0,0.0,0.0,0.0,0.05882352941176472]","[0.0757575757575758,0.28,0.7058823529411764,0.9523809523809523,0.5,0.5,0.38888888888888884,0.052631578947368474,0.0,0.0]",0.3455541348915962,512,311.47476435496355,311491.71875,17.7721918830066,293.70257247195696,32.633619163550776,32.691403228993295,1150084406841.616,10488766194102466,7725074491247266,2763691702855200,38301453324,44699952,394272000,11520,44742460,483725932,461.3169975280762,0.8327771667003011,40854.49951171875,0.05,/nobackup/proj/disk/naiss2026-4-902/shared/yizhil/Avalanche/avalanche-master/joint_result_texture-all/er_ace/order1/joint_texture_er_ace__order-1__seed-055.json
texture-all,er_ace,texture,1,55,resnet18_cifar,0.01,"[0.1,0.05,0.01]",last_epoch_train_mean,0.029556514816237736,0.05,0.024164982986721126,31466298582307398,44699952,10,0,0.908187414338417,0.9375,0.09801976346093993,-0.028089259095451027,0.028089259095451027,9,0.09801976346093993,0.0,0.18270617768970213,0.0,0.0,0.05882352941176472,0.5882352941176471,0.4444444444444444,"[1.0,0.978021978021978,1.0,0.8682170542635659,0.8620689655172413,1.0,0.7182320441988951,0.81,0.9078341013824884,0.9375]","[0.0,0.0,0.05882352941176472,0.04761904761904767,0.1875,0.0,0.0,0.0,0.5882352941176471]","[-0.1515151515151515,0.07999999999999996,0.0,0.5714285714285714,0.0625,0.0,0.0,0.42105263157894735,0.0,0.0]",0.09834660514923672,512,313.19363098501344,313216.732421875,17.704963756987127,295.4886672280263,32.83207413644737,32.9799314920092,1150084406841.616,10488766194102466,7725074491247266,2763691702855200,38301453324,44699952,394272000,11520,44742460,483725932,461.3169975280762,0.8664845541109875,40854.49951171875,0.05,
texture-all,er_ace,texture,1,56,resnet18_cifar,0.1,"[0.1,0.05,0.01]",last_epoch_train_mean,0.15212072606210586,0.05,0.013214210386980663,31466298582307398,44699952,10,0,0.5407243060371154,0.5625,0.3714766962960978,0.07292829642932844,-0.07292829642932844,3,0.3714766962960978,0.30303030303030304,0.34722001542375813,0.0,0.052631578947368474,0.7058823529411765,1.0,0.7777777777777778,"[0.7121212121212122,0.6593406593406593,0.32407407407407407,0.5038759689922481,0.47586206896551725,0.4171779141104294,0.46408839779005523,0.62,0.6682027649769585,0.5625]","[0.30303030303030304,0.0,1.0,0.1428571428571429,0.75,0.0,0.38888888888888884,0.052631578947368474,0.7058823529411765]","[0.2272727272727273,0.4,0.588235294117647,0.2857142857142857,0.0625,0.5555555555555556,0.2222222222222222,0.3157894736842105,0.2941176470588235,0.34782608695652173]",0.32992332925819934,512,311.0845047579787,311102.607421875,17.41687605000334,293.6676287079754,32.62973652310838,32.690830955980346,1150084406841.616,10488766194102466,7725074491247266,2763691702855200,38301453324,44699952,394272000,11520,44742460,483725932,461.3169975280762,0.5383383625788459,40854.49951171875,0.05,
texture-all,er_ace,texture,1,56,resnet18_cifar,0.05,"[0.1,0.05,0.01]",last_epoch_train_mean,0.013214210386980663,0.05,0.013214210386980663,31466298582307398,44699952,10,0,0.7975766785679911,0.9583333333333334,0.05258919729507965,-0.26753366631075604,0.26753366631075604,3,0.05258919729507965,0.0,0.07993778165738469,0.0,0.0,0.07999999999999996,0.23529411764705888,0.4444444444444444,"[0.9696969696969697,0.8241758241758241,0.5555555555555556,0.9922480620155039,0.2689655172413793,0.8282208588957055,0.850828729281768,0.76,0.967741935483871,0.9583333333333334]","[0.015151515151515138,0.07999999999999996,0.23529411764705888,0.1428571428571429,0.0,0.0,0.0,0.0,0.0]","[-0.030303030303030276,0.64,0.47058823529411764,-0.19047619047619047,0.125,0.2222222222222222,0.4444444444444444,0.8421052631578947,0.0,0.0]",0.2523580944339458,512,313.5711767360044,313596.236328125,18.250673666974762,295.32050306902966,32.81338922989218,32.84394674000214,1150084406841.616,10488766194102466,7725074491247266,2763691702855200,38301453324,44699952,394272000,11520,44742460,483725932,461.3169975280762,0.6355125541934589,40854.49951171875,0.05,/nobackup/proj/disk/naiss2026-4-902/shared/yizhil/Avalanche/avalanche-master/joint_result_texture-all/er_ace/order1/joint_texture_er_ace__order-1__seed-056.json
texture-all,er_ace,texture,1,56,resnet18_cifar,0.01,"[0.1,0.05,0.01]",last_epoch_train_mean,0.03966117103572016,0.05,0.013214210386980663,31466298582307398,44699952,10,0,0.9047206356878549,0.7416666666666667,0.2930412905903102,0.2762129452170732,-0.2762129452170732,9,0.2930412905903102,0.33333333333333337,0.27096253499589223,0.0,0.0,0.4117647058823529,0.8823529411764706,0.6666666666666666,"[1.0,0.978021978021978,0.8240740740740741,1.0,0.8827586206896552,0.9815950920245399,0.7624309392265194,0.955,0.9216589861751152,0.7416666666666667]","[0.33333333333333337,0.0,0.4117647058823529,0.19047619047619047,0.375,0.0,0.4444444444444444,0.0,0.8823529411764706]","[-0.06060606060606055,0.040000000000000036,0.0,-0.23809523809523814,0.0,0.0,0.0,0.052631578947368474,0.0,0.0]",-0.020606971975393018,512,309.4000271089899,309421.892578125,17.86698869499378,291.5330384139961,32.39255982377735,32.28466261998983,1150084406841.616,10488766194102466,7725074491247266,2763691702855200,38301453324,44699952,394272000,11520,44742460,483725932,461.3169975280762,0.8986582830402767,40854.49951171875,0.05,
texture-all,er_ace,texture,2,52,resnet18_cifar,0.1,"[0.1,0.05,0.01]",last_epoch_train_mean,0.10882987845234754,0.05,0.03346758385802188,31466298575303718,44699952,10,0,0.5641195255734102,0.30416666666666664,0.5106646017191776,0.17025967903848885,-0.17025967903848885,3,0.5106646017191776,0.5740740740740741,0.3013163122553112,0.0,0.44444444444444453,0.7391304347826088,0.8947368421052632,0.7777777777777778,"[0.3888888888888889,0.7721518987341772,0.7755102040816326,0.85,0.6363636363636364,0.14285714285714285,0.5108695652173914,0.5621890547263682,0.6981981981981982,0.30416666666666664]","[0.5740740740740741,0.0,0.8947368421052632,0.7727272727272727,0.7391304347826088,0.44444444444444453,0.0,0.6470588235294117,0.5238095238095238]","[0.5925925925925926,0.31999999999999995,0.26315789473684215,0.31818181818181823,0.3913043478260869,0.9444444444444444,0.6521739130434783,0.7647058823529411,0.19047619047619047,0.8888888888888888]",0.5325925972543283,512,309.69022507892805,309710.75,18.308105606993195,291.38211947193486,32.37579105243721,32.467031003005104,1150084359085.136,10488766191767906,7725074488912706,2763691702855200,38301453324,44699952,394272000,11520,44742460,483725932,461.3169975280762,0.42344719610506826,40854.505859375,0.05,
texture-all,er_ace,texture,2,52,resnet18_cifar,0.05,"[0.1,0.05,0.01]",last_epoch_train_mean,0.03346758385802188,0.05,0.03346758385802188,31466298575303718,44699952,10,0,0.8547510863942591,0.95,0.03559296670407781,-0.1812818423616946,0.1812818423616946,4,0.03559296670407781,0.0,0.06359511971021728,0.0,0.0,0.01851851851851849,0.18181818181818177,0.3333333333333333,"[1.0,0.6962025316455697,0.9897959183673469,0.9,0.7552447552447552,0.5900621118012422,0.9619565217391305,0.8258706467661692,0.8783783783783784,0.95]","[0.01851851851851849,0.12,0.0,0.18181818181818177,0.0,0.0,0.0,0.0,0.0]","[-0.01851851851851849,0.88,0.052631578947368474,0.36363636363636365,0.17391304347826086,0.11111111111111116,-0.13043478260869568,0.05882352941176472,0.09523809523809523,0.16666666666666663]",0.17530670873624166,512,309.15747631390695,309181.056640625,18.068931812013034,291.0885445018939,32.343171611321544,32.55010073198355,1150084359085.136,10488766191767906,7725074488912706,2763691702855200,38301453324,44699952,394272000,11520,44742460,483725932,461.3169975280762,0.8812303625745699,40854.505859375,0.05,/nobackup/proj/disk/naiss2026-4-902/shared/yizhil/Avalanche/avalanche-master/joint_result_texture-all/er_ace/order2/joint_texture_er_ace__order-2__seed-052.json
texture-all,er_ace,texture,2,52,resnet18_cifar,0.01,"[0.1,0.05,0.01]",last_epoch_train_mean,0.05110125270922009,0.05,0.03346758385802188,31466298575303718,44699952,10,0,0.8523552959636229,0.8375,0.12973204120090942,-0.04796776386731669,0.04796776386731669,6,0.12973204120090942,0.09090909090909094,0.1606600166009556,0.0,0.0,0.10526315789473684,0.5,0.6666666666666666,"[1.0,0.6708860759493671,0.8163265306122449,0.9916666666666667,0.9090909090909091,0.8819875776397516,1.0,0.9701492537313433,0.44594594594594594,0.8375]","[0.09259259259259256,0.31999999999999995,0.10526315789473684,0.09090909090909094,0.0,0.5,0.0,0.05882352941176472,0.0]","[-0.01851851851851849,0.88,0.052631578947368474,0.0,0.0,0.0,-0.30434782608695654,0.0,0.6666666666666667,0.5555555555555556]",0.1831987456564116,512,308.3571806069813,308379.228515625,18.40853397399769,289.9486466329836,32.216516292553735,32.16769797500456,1150084359085.136,10488766191767906,7725074488912706,2763691702855200,38301453324,44699952,394272000,11520,44742460,483725932,461.3169975280762,0.8359919958214354,40854.505859375,0.05,
texture-all,er_ace,texture,2,53,resnet18_cifar,0.1,"[0.1,0.05,0.01]",last_epoch_train_mean,0.11476003015186728,0.05,0.029474759610687812,31466298575303718,44699952,10,0,0.5690095805010352,0.5333333333333333,0.1765735325969244,-0.08092568172435362,0.08092568172435362,6,0.1765735325969244,0.0,0.2090949450876183,0.0,0.0,0.3684210526315789,0.5,0.4444444444444444,"[0.8518518518518519,0.6329113924050633,0.5612244897959183,0.6083333333333333,0.8601398601398601,0.2546583850931677,0.7065217391304348,0.34328358208955223,0.33783783783783783,0.5333333333333333]","[0.2407407407407407,0.48,0.3684210526315789,0.0,0.0,0.5,0.0,0.0,0.0]","[0.14814814814814814,0.28,0.4736842105263158,0.36363636363636365,0.34782608695652173,0.7777777777777778,0.043478260869565244,0.7647058823529411,0.7619047619047619,0.8333333333333334]",0.47944948255057285,512,309.6248749260267,309647.171875,18.58604066001135,291.03883426601533,32.337648251779484,32.28848125101649,1150084359085.136,10488766191767906,7725074488912706,2763691702855200,38301453324,44699952,394272000,11520,44742460,483725932,461.3169975280762,0.8517372750551052,40854.505859375,0.05,
texture-all,er_ace,texture,2,53,resnet18_cifar,0.05,"[0.1,0.05,0.01]",last_epoch_train_mean,0.029474759610687812,0.05,0.029474759610687812,31466298575303718,44699952,10,0,0.9189509063562028,0.9791666666666666,0.0,-0.13373373758351548,0.13373373758351548,1,0.0,0.0,0.0,0.0,0.0,0.0,0.0,0.0,"[1.0,0.9873417721518988,0.6836734693877551,0.95,0.958041958041958,0.8944099378881988,0.9239130434782609,0.9751243781094527,0.8378378378378378,0.9791666666666666]","[0.0,0.0,0.0,0.0,0.0,0.0,0.0,0.0,0.0]","[0.0,-0.19999999999999996,0.26315789473684215,0.0,0.0,0.0,-0.13043478260869562,-0.05882352941176472,0.2857142857142857,0.2777777777777778]",0.04373916462084453,512,309.07072924097884,309093.40234375,18.184510944993235,290.8862182959856,32.320690921776176,32.61960114698741,1150084359085.136,10488766191767906,7725074488912706,2763691702855200,38301453324,44699952,394272000,11520,44742460,483725932,461.3169975280762,0.9023129039026875,40854.505859375,0.05,/nobackup/proj/disk/naiss2026-4-902/shared/yizhil/Avalanche/avalanche-master/joint_result_texture-all/er_ace/order2/joint_texture_er_ace__order-2__seed-053.json
texture-all,er_ace,texture,2,53,resnet18_cifar,0.01,"[0.1,0.05,0.01]",last_epoch_train_mean,0.08397500843900006,0.05,0.029474759610687812,31466298575303718,44699952,10,0,0.8748724681345245,0.8791666666666667,0.07292181069958847,-0.10007629721842791,0.10007629721842791,2,0.07292181069958847,0.0,0.13301842607278205,0.0,0.0,0.01851851851851849,0.36,0.3333333333333333,"[1.0,0.9620253164556962,0.7755102040816326,0.975,0.8601398601398601,0.8198757763975155,1.0,0.9950248756218906,0.481981981981982,0.8791666666666667]","[0.01851851851851849,0.36,0.0,0.0,0.0,0.2777777777777778,0.0,0.0,0.0]","[0.0,-0.12,0.6842105263157895,0.09090909090909094,0.13043478260869568,0.0,-0.6086956521739131,-0.23529411764705888,0.6190476190476191,0.7222222222222222]",0.12828344712824455,512,310.0448836169089,310064.578125,18.203964782995172,291.84091883391375,32.42676875932375,32.469376842986094,1150084359085.136,10488766191767906,7725074488912706,2763691702855200,38301453324,44699952,394272000,11520,44742460,483725932,461.3169975280762,0.8314899834658718,40854.505859375,0.05,
texture-all,er_ace,texture,2,54,resnet18_cifar,0.1,"[0.1,0.05,0.01]",last_epoch_train_mean,0.05799568644384059,0.05,0.029572375845618365,31466298575303718,44699952,10,0,0.5805297341652871,0.30833333333333335,0.43940825322467836,-0.01686509193665832,0.01686509193665832,3,0.43940825322467836,0.48000000000000004,0.3702067587539775,0.0,0.13043478260869565,0.6666666666666667,1.0,0.7777777777777778,"[0.5555555555555556,0.46835443037974683,0.8061224489795918,0.75,0.5034965034965035,0.4906832298136646,0.7663043478260869,0.7014925373134329,0.45495495495495497,0.30833333333333335]","[0.5925925925925926,0.48000000000000004,1.0,0.9545454545454546,0.13043478260869568,0.6666666666666667,0.13043478260869565,0.0,0.0]","[0.4444444444444444,0.84,0.3157894736842105,-0.5909090909090909,-0.08695652173913043,0.8888888888888888,0.782608695652174,-0.17647058823529413,0.47619047619047616,0.7222222222222222]",0.36158080001989007,512,308.66962353198323,308691.20703125,18.51515723799821,290.154466293985,32.23938514377611,32.166726819996256,1150084359085.136,10488766191767906,7725074488912706,2763691702855200,38301453324,44699952,394272000,11520,44742460,483725932,461.3169975280762,0.6263055624003755,40854.505859375,0.05,
texture-all,er_ace,texture,2,54,resnet18_cifar,0.05,"[0.1,0.05,0.01]",last_epoch_train_mean,0.029572375845618365,0.05,0.029572375845618365,31466298575303718,44699952,10,0,0.8628897905284066,0.9666666666666667,0.018518518518518528,-0.10672250087963282,0.10672250087963282,6,0.018518518518518528,0.0,0.03703703703703705,0.0,0.0,0.0,0.11111111111111116,0.2222222222222222,"[1.0,0.810126582278481,0.9285714285714286,0.6333333333333333,1.0,0.7950310559006211,0.9619565217391305,0.9701492537313433,0.5630630630630631,0.9666666666666667]","[0.05555555555555558,0.0,0.0,0.0,0.0,0.11111111111111116,0.0,0.0,0.0]","[0.0,0.43999999999999995,0.10526315789473684,-0.7272727272727273,-1.0,0.2222222222222222,0.08695652173913049,-1.0,-0.5238095238095238,0.16666666666666663]",-0.2229973682559495,512,311.53240173801896,311554.66796875,18.68331037601456,292.8490913620044,32.5387879291116,32.38604278699495,1150084359085.136,10488766191767906,7725074488912706,2763691702855200,38301453324,44699952,394272000,11520,44742460,483725932,461.3169975280762,0.8401258583035087,40854.505859375,0.05,/nobackup/proj/disk/naiss2026-4-902/shared/yizhil/Avalanche/avalanche-master/joint_result_texture-all/er_ace/order2/joint_texture_er_ace__order-2__seed-054.json
texture-all,er_ace,texture,2,54,resnet18_cifar,0.01,"[0.1,0.05,0.01]",last_epoch_train_mean,0.057657022937768844,0.05,0.029572375845618365,31466298575303718,44699952,10,0,0.893420182286988,0.925,0.035967078189300415,-0.02046821293706622,0.02046821293706622,6,0.035967078189300415,0.0,0.05954162266756795,0.0,0.0,0.03703703703703709,0.16666666666666663,0.3333333333333333,"[1.0,0.9493670886075949,0.8061224489795918,0.9333333333333333,0.8461538461538461,0.8757763975155279,0.9891304347826086,0.9651741293532339,0.6441441441441441,0.925]","[0.03703703703703709,0.12,0.0,0.0,0.0,0.16666666666666663,0.0,0.0,0.0]","[0.0,0.07999999999999996,0.21052631578947367,-1.0,-0.782608695652174,0.0,0.0,-1.0,-0.5238095238095238,0.5555555555555556]",-0.24603363481166685,512,311.51630791599746,311536.337890625,18.68743222800549,292.82887568799197,32.53654174311022,32.59127705200808,1150084359085.136,10488766191767906,7725074488912706,2763691702855200,38301453324,44699952,394272000,11520,44742460,483725932,461.3169975280762,0.5411733419653805,40854.505859375,0.05,
texture-all,er_ace,texture,2,55,resnet18_cifar,0.1,"[0.1,0.05,0.01]",last_epoch_train_mean,0.05049250674683873,0.05,0.0290148448108173,31466298575303718,44699952,10,0,0.800168404776376,0.9625,0.036261022927689596,-0.3064045614393351,0.3064045614393351,2,0.036261022927689596,0.0,0.05162064374201932,0.0,0.0,0.09523809523809523,0.12,0.3333333333333333,"[1.0,0.7974683544303798,0.9489795918367347,0.9083333333333333,0.7622377622377622,0.3416149068322981,0.6032608695652174,0.7313432835820896,0.9459459459459459,0.9625]","[0.0,0.12,0.0,0.0,0.0,0.11111111111111116,0.0,0.0,0.09523809523809523]","[0.0,0.20000000000000007,0.26315789473684215,0.09090909090909094,0.13043478260869568,1.0,0.4347826086956522,-0.11764705882352941,0.04761904761904767,0.05555555555555558]",0.2104811921301355,512,311.3962218770466,311418.212890625,18.77863591600908,292.61758596103755,32.51306510678195,32.61827267499757,1150084359085.136,10488766191767906,7725074488912706,2763691702855200,38301453324,44699952,394272000,11520,44742460,483725932,461.3169975280762,0.8336453252316763,40854.505859375,0.05,
texture-all,er_ace,texture,2,55,resnet18_cifar,0.05,"[0.1,0.05,0.01]",last_epoch_train_mean,0.0290148448108173,0.05,0.0290148448108173,31466298575303718,44699952,10,0,0.8532241821083979,0.7958333333333333,0.2233520033690537,-0.014590760141978342,0.014590760141978342,4,0.2233520033690537,0.11111111111111116,0.2606875846507085,0.0,0.0,0.31999999999999995,0.7272727272727273,0.6666666666666666,"[1.0,0.9113924050632911,0.8673469387755102,0.4583333333333333,0.8251748251748252,0.8012422360248447,0.9402173913043478,0.9552238805970149,0.9774774774774775,0.7958333333333333]","[0.11111111111111116,0.31999999999999995,0.0,0.7272727272727273,0.0,0.0,0.17391304347826086,0.05882352941176472,0.6190476190476191]","[0.0,-0.07999999999999996,0.5263157894736843,1.0,0.21739130434782605,0.2777777777777778,0.0,-0.8823529411764706,0.0,0.05555555555555558]",0.11146874859783731,512,308.4751872079796,308495.62109375,18.10343826501048,290.37174894296913,32.263527660329906,32.27327081299154,1150084359085.136,10488766191767906,7725074488912706,2763691702855200,38301453324,44699952,394272000,11520,44742460,483725932,461.3169975280762,0.8265817209273033,40854.505859375,0.05,/nobackup/proj/disk/naiss2026-4-902/shared/yizhil/Avalanche/avalanche-master/joint_result_texture-all/er_ace/order2/joint_texture_er_ace__order-2__seed-055.json
texture-all,er_ace,texture,2,55,resnet18_cifar,0.01,"[0.1,0.05,0.01]",last_epoch_train_mean,0.05655825465190702,0.05,0.0290148448108173,31466298575303718,44699952,10,0,0.9070651878429435,0.85,0.11646956898418886,0.06570081703896631,-0.06570081703896631,2,0.11646956898418886,0.0,0.187755067291097,0.0,0.0,0.10526315789473684,0.48,0.4444444444444444,"[1.0,0.8860759493670886,0.9897959183673469,0.9916666666666667,0.8741258741258742,0.9751552795031055,1.0,0.945273631840796,0.5585585585585585,0.85]","[0.01851851851851849,0.48,0.10526315789473684,0.0,0.0,0.4444444444444444,0.0,0.0,0.0]","[0.0,-0.039999999999999925,0.0,0.0,0.0,0.0,0.0,-0.8235294117647058,0.33333333333333337,0.6111111111111112]",0.008091503267973876,512,306.7575206469628,306778.265625,18.623616822995245,288.13390382396756,32.01487820266306,32.0839558269945,1150084359085.136,10488766191767906,7725074488912706,2763691702855200,38301453324,44699952,394272000,11520,44742460,483725932,461.3169975280762,0.8394061331879735,40854.505859375,0.05,
texture-all,er_ace,texture,2,56,resnet18_cifar,0.1,"[0.1,0.05,0.01]",last_epoch_train_mean,0.0867955653769214,0.01,0.04554232427986657,31466298575303718,44699952,10,0,0.6681659143859233,0.07916666666666666,0.728673518281511,0.4851569901730683,-0.4851569901730683,4,0.728673518281511,0.88,0.3161709330430077,0.09523809523809523,0.6851851851851852,0.9473684210526315,1.0,1.0,"[0.9814814814814815,0.759493670886076,0.9081632653061225,0.9,0.8531468531468531,0.16149068322981366,0.8043478260869565,0.8109452736318408,0.42342342342342343,0.07916666666666666]","[0.6851851851851852,0.88,0.9473684210526315,1.0,1.0,0.8888888888888888,0.8260869565217391,0.23529411764705882,0.09523809523809523]","[0.01851851851851849,-0.32,0.1578947368421053,0.40909090909090906,0.3913043478260869,0.6111111111111112,0.30434782608695654,0.7647058823529411,0.9047619047619048,0.1111111111111111]",0.33528463477016446,512,302.2097958709928,302226.685546875,18.41922052501468,283.79057534597814,31.532286149553126,31.60738978299196,1150084359085.136,10488766191767906,7725074488912706,2763691702855200,38301453324,44699952,394272000,11520,44742460,483725932,461.3169975280762,0.7635424500525309,40854.505859375,0.01,
texture-all,er_ace,texture,2,56,resnet18_cifar,0.05,"[0.1,0.05,0.01]",last_epoch_train_mean,0.047775686786669054,0.01,0.04554232427986657,31466298575303718,44699952,10,0,0.843853085459938,0.8458333333333333,0.17545159194282,0.030376827737621032,-0.030376827737621032,3,0.17545159194282,0.0,0.2984947191646816,0.0,0.0,0.12,0.736842105263158,0.3333333333333333,"[1.0,0.9746835443037974,0.7448979591836735,0.95,0.40559440559440557,0.937888198757764,0.9510869565217391,0.9303482587064676,0.6981981981981982,0.8458333333333333]","[0.0,0.12,0.736842105263158,0.0,0.0,0.7222222222222222,0.0,0.0,0.0]","[0.0,-0.8400000000000001,0.0,0.0,0.9565217391304348,0.05555555555555558,0.17391304347826086,0.0,0.1428571428571429,-0.6666666666666667]",-0.017781918564527266,512,173.58557728401502,173591.52734375,16.960068357991986,156.62550892602303,17.40283432511367,17.38384980801493,1150084359085.136,10488766191767906,7725074488912706,2763691702855200,38301453324,44699952,394272000,11520,44742460,483725932,461.3169975280762,0.4234915376097585,40854.505859375,0.01,
texture-all,er_ace,texture,2,56,resnet18_cifar,0.01,"[0.1,0.05,0.01]",last_epoch_train_mean,0.04554232427986657,0.01,0.04554232427986657,31466298575303718,44699952,10,0,0.9148788699366912,0.9708333333333333,0.01300411522633745,-0.024642943597191967,0.024642943597191967,2,0.01300411522633745,0.0,0.02635184791560398,0.0,0.0,0.0,0.07999999999999996,0.2222222222222222,"[1.0,0.8987341772151899,0.8163265306122449,0.9833333333333333,0.8741258741258742,0.8509316770186336,0.9836956521739131,0.9104477611940298,0.8603603603603603,0.9708333333333333]","[0.03703703703703709,0.07999999999999996,0.0,0.0,0.0,0.0,0.0,0.0,0.0]","[0.0,-0.64,0.0,0.0,0.0,-0.05555555555555558,0.0,0.05882352941176472,0.0,-0.7222222222222223]",-0.13589542483660133,512,168.67041952500585,168676.2861328125,10.395411488978425,158.27500803602743,17.58611200400305,17.470351555006346,1150084359085.136,10488766191767906,7725074488912706,2763691702855200,38301453324,44699952,394272000,11520,44742460,483725932,461.3169975280762,0.4242428002423064,40854.505859375,0.01,/nobackup/proj/disk/naiss2026-4-902/shared/yizhil/Avalanche/avalanche-master/joint_result_texture-all/er_ace/order2/joint_texture_er_ace__order-2__seed-056.json
texture-all,er_ace,texture,3,52,resnet18_cifar,0.1,"[0.1,0.05,0.01]",last_epoch_train_mean,0.036292165607573035,0.05,0.03518534608813653,31466298571980858,44699952,10,0,0.5907759715448999,0.4583333333333333,0.4528701535258912,-0.034963764934349856,0.034963764934349856,3,0.4528701535258912,0.44000000000000006,0.346988340414629,0.0,0.2786885245901639,0.5714285714285714,1.0,0.7777777777777778,"[0.3442622950819672,0.9,0.7628865979381443,0.6101694915254238,0.7205882352941176,0.2532467532467532,0.8418079096045198,0.18686868686868688,0.8295964125560538,0.4583333333333333]","[0.2786885245901639,0.0,1.0,0.5714285714285714,1.0,0.5,0.0,0.28571428571428575,0.44000000000000006]","[0.6557377049180328,0.10526315789473684,-0.7058823529411765,0.5238095238095238,0.6111111111111112,0.7777777777777777,0.608695652173913,1.0,0.43999999999999995,1.0]",0.5016512574743919,512,169.67862108402187,169684.513671875,11.47098616301082,158.20763492101105,17.57862610233456,17.662306932004867,1150084386248.776,10488766190660286,7725074487805086,2763691702855200,38301453324,44699952,394272000,11520,44742460,483725932,461.3169975280762,0.42407372093293816,40854.505859375,0.05,
texture-all,er_ace,texture,3,52,resnet18_cifar,0.05,"[0.1,0.05,0.01]",last_epoch_train_mean,0.03518534608813653,0.05,0.03518534608813653,31466298571980858,44699952,10,0,0.8431015711698112,0.9666666666666667,0.01345881400526209,-0.3411785580240469,0.3411785580240469,1,0.01345881400526209,0.0,0.025289615918492794,0.0,0.0,0.0,0.06557377049180324,0.2222222222222222,"[0.7049180327868853,0.975,0.9690721649484536,0.847457627118644,0.7720588235294118,0.6948051948051948,0.96045197740113,0.702020202020202,0.8385650224215246,0.9666666666666667]","[0.06557377049180324,0.0,0.0,0.0,0.0,0.05555555555555558,0.0,0.0,0.0]","[0.29508196721311475,0.10526315789473684,-0.8235294117647058,0.5714285714285714,0.9444444444444444,-0.11111111111111116,-0.08695652173913049,0.7142857142857143,0.52,0.0]",0.21289068106516343,512,167.64031943198643,167646.21875,10.274015734990826,157.3663036969956,17.485144855221733,17.480220492987428,1150084386248.776,10488766190660286,7725074487805086,2763691702855200,38301453324,44699952,394272000,11520,44742460,483725932,461.3169975280762,0.423954195745561,40854.505859375,0.05,/nobackup/proj/disk/naiss2026-4-902/shared/yizhil/Avalanche/avalanche-master/joint_result_texture-all/er_ace/order3/joint_texture_er_ace__order-3__seed-052.json
texture-all,er_ace,texture,3,52,resnet18_cifar,0.01,"[0.1,0.05,0.01]",last_epoch_train_mean,0.05584776298288839,0.05,0.03518534608813653,31466298571980858,44699952,10,0,0.9150029337254925,0.9333333333333333,0.029678781044901268,-0.06099266407353088,0.06099266407353088,1,0.029678781044901268,0.0,0.05196261386123776,0.0,0.0,0.04761904761904767,0.16393442622950816,0.3333333333333333,"[1.0,0.975,0.9896907216494846,0.9491525423728814,0.6911764705882353,0.9675324675324676,0.7966101694915254,1.0,0.8475336322869955,0.9333333333333333]","[0.16393442622950816,0.0,0.0,0.0,0.05555555555555558,0.0,0.0,0.04761904761904767,0.0]","[0.0,0.10526315789473684,-1.0,0.1428571428571429,0.38888888888888884,-0.05555555555555558,-0.0434782608695653,0.0,0.24,0.0]",-0.02220246267843523,512,168.44404603904695,168450.0625,10.2870349700097,158.15701106903725,17.573001229893027,17.530949984007748,1150084386248.776,10488766190660286,7725074487805086,2763691702855200,38301453324,44699952,394272000,11520,44742460,483725932,461.3169975280762,0.4252843998983735,40854.505859375,0.05,
texture-all,er_ace,texture,3,53,resnet18_cifar,0.1,"[0.1,0.05,0.01]",last_epoch_train_mean,0.027574465688632196,0.05,0.020526720614856983,31466298571980858,44699952,10,0,0.6789870291356263,0.9333333333333333,0.015834675254965118,-0.5090323326550723,0.5090323326550723,7,0.015834675254965118,0.0,0.030534541392008372,0.0,0.0,0.0,0.08695652173913049,0.2222222222222222,"[1.0,0.7,0.7938144329896907,0.4915254237288136,0.41911764705882354,0.5844155844155844,0.6892655367231638,0.6313131313131313,0.547085201793722,0.9333333333333333]","[0.0,0.0,0.0,0.0,0.05555555555555558,0.0,0.08695652173913049,0.0,0.0]","[0.0,0.1578947368421053,-0.7647058823529411,0.8095238095238095,1.0,0.8888888888888888,0.5652173913043479,0.7142857142857143,0.64,0.0]",0.40111046584919247,512,168.14635418195394,168156.4228515625,10.563963693974074,157.58239048797986,17.50915449866443,17.443231927987654,1150084386248.776,10488766190660286,7725074487805086,2763691702855200,38301453324,44699952,394272000,11520,44742460,483725932,461.3169975280762,0.4243392292361629,40854.505859375,0.05,
texture-all,er_ace,texture,3,53,resnet18_cifar,0.05,"[0.1,0.05,0.01]",last_epoch_train_mean,0.020526720614856983,0.05,0.020526720614856983,31466298571980858,44699952,10,0,0.814651894709088,0.9166666666666666,0.06147498465081237,-0.2547167471302029,0.2547167471302029,3,0.06147498465081237,0.016393442622950838,0.08437582708366727,0.0,0.0,0.05555555555555558,0.23529411764705888,0.5555555555555556,"[0.9180327868852459,0.95,0.9587628865979382,0.7372881355932204,0.6397058823529411,0.5584415584415584,0.9548022598870056,0.9343434343434344,0.57847533632287,0.9166666666666666]","[0.016393442622950838,0.0,0.23529411764705888,0.0,0.05555555555555558,0.05555555555555558,0.0,0.19047619047619047,0.0]","[0.08196721311475408,0.0,-0.8235294117647058,0.5238095238095238,1.0,0.4444444444444444,0.04347826086956519,0.04761904761904767,0.64,0.0]",0.19577890780926294,512,167.86836525599938,167874.1962890625,10.331895012990572,157.5364702430088,17.5040522492232,17.531985781999538,1150084386248.776,10488766190660286,7725074487805086,2763691702855200,38301453324,44699952,394272000,11520,44742460,483725932,461.3169975280762,0.42443437535742606,40854.505859375,0.05,/nobackup/proj/disk/naiss2026-4-902/shared/yizhil/Avalanche/avalanche-master/joint_result_texture-all/er_ace/order3/joint_texture_er_ace__order-3__seed-053.json
texture-all,er_ace,texture,3,53,resnet18_cifar,0.01,"[0.1,0.05,0.01]",last_epoch_train_mean,0.05956206062292478,0.05,0.020526720614856983,31466298571980858,44699952,10,0,0.9178940255658965,0.9875,0.004830917874396132,-0.09930644077276643,0.09930644077276643,7,0.004830917874396132,0.0,0.013663899153363229,0.0,0.0,0.0,0.04347826086956519,0.1111111111111111,"[1.0,1.0,0.9896907216494846,0.864406779661017,0.8382352941176471,0.7662337662337663,0.8926553672316384,0.9747474747474747,0.8654708520179372,0.9875]","[0.0,0.0,0.0,0.0,0.0,0.0,0.04347826086956519,0.0,0.0]","[0.0,0.0,-0.9411764705882353,0.09523809523809523,0.05555555555555558,-0.05555555555555558,0.0,0.09523809523809523,0.52,0.0]",-0.02307002801120448,512,167.96038790702005,167966.1923828125,10.239761081000324,157.72062682601972,17.52451409177997,17.542116619995795,1150084386248.776,10488766190660286,7725074487805086,2763691702855200,38301453324,44699952,394272000,11520,44742460,483725932,461.3169975280762,0.42462028335042606,40854.505859375,0.05,
texture-all,er_ace,texture,3,54,resnet18_cifar,0.1,"[0.1,0.05,0.01]",last_epoch_train_mean,0.042713753340474094,0.05,0.018647155780569618,31466298571980858,44699952,10,0,0.4256839828350271,0.4,0.1929932871752222,-0.13286766149274398,0.13286766149274398,8,0.1929932871752222,0.14285714285714285,0.20067581202138526,0.0,0.0,0.33333333333333326,0.6190476190476191,0.6666666666666666,"[0.9836065573770492,0.775,0.38144329896907214,0.3644067796610169,0.20588235294117646,0.14935064935064934,0.3107344632768362,0.2828282828282828,0.40358744394618834,0.4]","[0.360655737704918,0.0,0.058823529411764705,0.14285714285714285,0.2222222222222222,0.33333333333333326,0.0,0.6190476190476191,0.0]","[0.016393442622950838,0.26315789473684215,-0.058823529411764705,1.0,0.9444444444444444,0.6111111111111112,0.7391304347826086,0.9523809523809523,0.92,1.0]",0.6387794750667145,512,167.05499539498123,167060.7509765625,10.219999833992915,156.83499556098832,17.42611061788759,17.3850900339894,1150084386248.776,10488766190660286,7725074487805086,2763691702855200,38301453324,44699952,394272000,11520,44742460,483725932,461.3169975280762,0.4242103458333683,40854.505859375,0.05,
texture-all,er_ace,texture,3,54,resnet18_cifar,0.05,"[0.1,0.05,0.01]",last_epoch_train_mean,0.018647155780569618,0.05,0.018647155780569618,31466298571980858,44699952,10,0,0.7637437539683605,0.825,0.0701853297481713,-0.1895677566715818,0.1895677566715818,4,0.0701853297481713,0.0,0.1057787748535345,0.0,0.0,0.09523809523809523,0.33333333333333337,0.4444444444444444,"[1.0,0.9,1.0,0.9322033898305084,0.35294117647058826,0.551948051948052,0.7627118644067796,0.8686868686868687,0.4439461883408072,0.825]","[0.14754098360655743,0.0,0.0,0.33333333333333337,0.0,0.05555555555555558,0.0,0.09523809523809523,0.0]","[0.0,0.0,-1.0,0.33333333333333337,1.0,0.7777777777777778,-0.26086956521739135,0.09523809523809523,0.8,0.4117647058823529]",0.2157244347014168,512,167.04913505501463,167055.05078125,10.195323474006727,156.8538115810079,17.428201286778656,17.44449149200227,1150084386248.776,10488766190660286,7725074487805086,2763691702855200,38301453324,44699952,394272000,11520,44742460,483725932,461.3169975280762,0.42447907059492235,40854.505859375,0.05,/nobackup/proj/disk/naiss2026-4-902/shared/yizhil/Avalanche/avalanche-master/joint_result_texture-all/er_ace/order3/joint_texture_er_ace__order-3__seed-054.json
texture-all,er_ace,texture,3,54,resnet18_cifar,0.01,"[0.1,0.05,0.01]",last_epoch_train_mean,0.040065824940621136,0.05,0.018647155780569618,31466298571980858,44699952,10,0,0.9235418234761659,0.9875,0.012345679012345685,-0.03433398310591292,0.03433398310591292,5,0.012345679012345685,0.0,0.034918853391928295,0.0,0.0,0.0,0.11111111111111116,0.1111111111111111,"[1.0,0.9375,0.979381443298969,0.9661016949152542,0.6470588235294118,0.9285714285714286,0.9378531073446328,0.9949494949494949,0.8565022421524664,0.9875]","[0.0,0.0,0.0,0.0,0.11111111111111116,0.0,0.0,0.0,0.0]","[0.0,0.1578947368421053,-1.0,0.0,0.16666666666666663,0.05555555555555558,-0.26086956521739135,0.0,0.0,0.0]",-0.08807526061530638,512,167.8845729539753,167890.525390625,10.398829300014768,157.48574365396053,17.49841596155117,17.479224059003172,1150084386248.776,10488766190660286,7725074487805086,2763691702855200,38301453324,44699952,394272000,11520,44742460,483725932,461.3169975280762,0.42593218325540266,40854.505859375,0.05,
texture-all,er_ace,texture,3,55,resnet18_cifar,0.1,"[0.1,0.05,0.01]",last_epoch_train_mean,0.0395190859415445,0.05,0.03083037086818592,31466298571980858,44699952,10,0,0.7088376718325125,0.5666666666666667,0.26039790536736857,-0.07365452228222336,0.07365452228222336,3,0.26039790536736857,0.11111111111111116,0.304562833458939,0.0,0.0,0.5,0.8823529411764706,0.5555555555555556,"[0.9672131147540983,0.775,0.6907216494845361,0.9067796610169492,0.7573529411764706,0.44155844155844154,0.8531073446327684,0.4393939393939394,0.6905829596412556,0.5666666666666667]","[0.2786885245901639,0.0,0.8823529411764706,0.5714285714285714,0.5,0.11111111111111116,0.0,0.0,0.0]","[0.032786885245901676,0.1578947368421053,0.6470588235294117,0.38095238095238093,0.055555555555555525,0.1111111111111111,0.21739130434782605,0.3333333333333333,0.72,1.0]",0.36560841309176256,512,167.42650322703412,167432.4091796875,10.19332203399972,157.2331811930344,17.47035346589271,17.43740146199707,1150084386248.776,10488766190660286,7725074487805086,2763691702855200,38301453324,44699952,394272000,11520,44742460,483725932,461.3169975280762,0.42388367085853434,40854.505859375,0.05,
texture-all,er_ace,texture,3,55,resnet18_cifar,0.05,"[0.1,0.05,0.01]",last_epoch_train_mean,0.03083037086818592,0.05,0.03083037086818592,31466298571980858,44699952,10,0,0.7930525252123897,0.8416666666666667,0.07146823527761618,-0.2597352589177567,0.2597352589177567,7,0.07146823527761618,0.016393442622950838,0.10611698951295787,0.0,0.0,0.052631578947368474,0.30434782608695654,0.5555555555555556,"[1.0,0.8625,0.9896907216494846,0.847457627118644,0.8088235294117647,0.512987012987013,0.9378531073446328,0.5555555555555556,0.5739910313901345,0.8416666666666667]","[0.016393442622950838,0.052631578947368474,0.0,0.0,0.0,0.2222222222222222,0.30434782608695654,0.047619047619047616,0.0]","[0.0,0.1578947368421053,0.05882352941176472,0.8095238095238095,0.0,-0.05555555555555558,0.08695652173913049,0.3333333333333333,0.96,0.0]",0.23509763752945878,512,167.19964487294783,167205.5634765625,10.262866606004536,156.9367782669433,17.437419807438143,17.420978724985616,1150084386248.776,10488766190660286,7725074487805086,2763691702855200,38301453324,44699952,394272000,11520,44742460,483725932,461.3169975280762,0.4242586419422878,40854.505859375,0.05,/nobackup/proj/disk/naiss2026-4-902/shared/yizhil/Avalanche/avalanche-master/joint_result_texture-all/er_ace/order3/joint_texture_er_ace__order-3__seed-055.json
texture-all,er_ace,texture,3,55,resnet18_cifar,0.01,"[0.1,0.05,0.01]",last_epoch_train_mean,0.04857734186821673,0.05,0.03083037086818592,31466298571980858,44699952,10,0,0.9232967932728517,0.9416666666666667,0.0502262096464995,-0.07911816578483245,0.07911816578483245,6,0.0502262096464995,0.0,0.06335942291583707,0.0,0.0,0.08695652173913049,0.16666666666666663,0.4444444444444444,"[1.0,0.975,1.0,0.940677966101695,1.0,0.7727272727272727,0.8305084745762712,0.9696969696969697,0.8026905829596412,0.9416666666666667]","[0.0,0.0,0.0,0.0,0.05555555555555558,0.16666666666666663,0.08695652173913049,0.1428571428571428,0.0]","[0.0,0.0,0.0,0.19047619047619047,-0.6666666666666667,-0.38888888888888895,0.08695652173913049,-0.38095238095238093,0.76,0.05882352941176472]",-0.034025169488085094,512,167.57045470597222,167576.267578125,10.282039547979366,157.28841515799286,17.47649057311032,17.498297832004027,1150084386248.776,10488766190660286,7725074487805086,2763691702855200,38301453324,44699952,394272000,11520,44742460,483725932,461.3169975280762,0.42467247500705224,40854.505859375,0.05,
texture-all,er_ace,texture,3,56,resnet18_cifar,0.1,"[0.1,0.05,0.01]",last_epoch_train_mean,0.026885292548910682,0.05,0.02193244757602014,31466298571980858,44699952,10,0,0.7047822621825758,0.9208333333333333,0.03222479034115165,-0.43242864964319877,0.43242864964319877,4,0.03222479034115165,0.0,0.045562943596007446,0.0,0.0,0.05555555555555558,0.1428571428571429,0.4444444444444444,"[1.0,0.9125,0.7216494845360825,0.7796610169491526,0.34558823529411764,0.45454545454545453,0.5875706214689266,0.8232323232323232,0.5022421524663677,0.9208333333333333]","[0.032786885245901676,0.0,0.05882352941176472,0.1428571428571429,0.0,0.05555555555555558,0.0,0.0,0.0]","[-0.34426229508196726,0.052631578947368474,0.47058823529411764,0.6190476190476191,1.0,0.9444444444444444,0.21739130434782605,0.33333333333333337,0.88,0.05882352941176472]",0.42319977497445066,512,167.42197768605547,167427.7939453125,10.29850369199994,157.12347399405553,17.45816377711728,17.46920310801943,1150084386248.776,10488766190660286,7725074487805086,2763691702855200,38301453324,44699952,394272000,11520,44742460,483725932,461.3169975280762,0.42408028748468496,40854.505859375,0.05,
texture-all,er_ace,texture,3,56,resnet18_cifar,0.05,"[0.1,0.05,0.01]",last_epoch_train_mean,0.02193244757602014,0.05,0.02193244757602014,31466298571980858,44699952,10,0,0.8304026498179411,0.9833333333333333,0.0,-0.2514785827883149,0.2514785827883149,1,0.0,0.0,0.0,0.0,0.0,0.0,0.0,0.0,"[1.0,0.9,0.9587628865979382,0.9661016949152542,0.5882352941176471,0.5714285714285714,0.864406779661017,0.8080808080808081,0.6636771300448431,0.9833333333333333]","[0.0,0.0,0.0,0.0,0.0,0.0,0.0,0.0,0.0]","[-0.34426229508196726,0.10526315789473684,0.17647058823529416,0.09523809523809523,0.8333333333333334,0.7222222222222222,0.04347826086956519,0.1428571428571429,0.16000000000000003,0.05882352941176472]",0.19934240349801874,512,167.47504278001725,167480.9423828125,10.316962601995328,157.15808017802192,17.4620089086691,17.498854648001725,1150084386248.776,10488766190660286,7725074487805086,2763691702855200,38301453324,44699952,394272000,11520,44742460,483725932,461.3169975280762,0.4234269001851014,40854.505859375,0.05,/nobackup/proj/disk/naiss2026-4-902/shared/yizhil/Avalanche/avalanche-master/joint_result_texture-all/er_ace/order3/joint_texture_er_ace__order-3__seed-056.json
texture-all,er_ace,texture,3,56,resnet18_cifar,0.01,"[0.1,0.05,0.01]",last_epoch_train_mean,0.045040647084095393,0.05,0.02193244757602014,31466298571980858,44699952,10,0,0.9312719015665321,0.9708333333333333,0.02469135802469137,-0.04391086649084584,0.04391086649084584,5,0.02469135802469137,0.0,0.04619330107128324,0.0,0.0,0.0,0.11111111111111116,0.2222222222222222,"[1.0,0.925,0.9896907216494846,0.9830508474576272,0.8161764705882353,0.9415584415584416,0.9717514124293786,0.9747474747474747,0.7399103139013453,0.9708333333333333]","[0.0,0.0,0.0,0.0,0.11111111111111116,0.11111111111111116,0.0,0.0,0.0]","[-0.34426229508196726,0.10526315789473684,0.05882352941176472,0.0,0.2222222222222222,0.11111111111111116,0.0,0.04761904761904767,0.040000000000000036,0.05882352941176472]",0.02996003025886801,512,167.7789122579561,167784.7548828125,10.321181154984515,157.4577311029716,17.495303455885733,17.472396259981906,1150084386248.776,10488766190660286,7725074487805086,2763691702855200,38301453324,44699952,394272000,11520,44742460,483725932,461.3169975280762,0.42425317503026844,40854.505859375,0.05,
texture-all,fecam,texture,1,52,resnet18_cifar,0.1,"[0.1,0.05,0.01]",last_epoch_train_mean,2.463525747323965,0.01,2.4368567528662743,1725038463466062,44699952,10,2963728815777,0.7588218503157007,0.6291666666666667,0.1155074555074555,0.1155074555074555,-0.1155074555074555,2,0.1155074555074555,0.0,0.14770493098321485,0.0,0.0,0.19047619047619047,0.44000000000000006,0.4444444444444444,"[1.0,0.9120879120879121,0.8888888888888888,0.7441860465116279,0.7310344827586207,0.7239263803680982,0.6629834254143646,0.66,0.6359447004608295,0.6291666666666667]","[0.24242424242424243,0.44000000000000006,0.0,0.19047619047619047,0.0,0.16666666666666663,0.0,0.0,0.0]","[0.0,0.19999999999999996,0.23529411764705888,0.5714285714285714,0.125,0.16666666666666663,0.4444444444444444,0.3157894736842105,0.3529411764705882,0.34782608695652173]",0.27593905372980615,512,21.350382071454078,21355.947067260742,19.709363066824153,1.641019004629925,0.18233544495888054,0.1770907558966428,498029486640.0499,575012821155354,538242870048258,36769951107096,52266431496,44699952,0,0,57321388,102021340,97.29513168334961,12.837634665387062,10092.015625,0.01,
texture-all,fecam,texture,1,52,resnet18_cifar,0.05,"[0.1,0.05,0.01]",last_epoch_train_mean,2.4717191225522526,0.01,2.4368567528662743,1725038463466062,44699952,10,2963728815777,0.7769383248374757,0.7083333333333334,0.05263107263107264,0.05263107263107264,-0.05263107263107264,2,0.05263107263107264,0.0,0.10054637271617126,0.0,0.0,0.047619047619047616,0.32000000000000006,0.3333333333333333,"[1.0,0.8681318681318682,0.8518518518518519,0.7364341085271318,0.7655172413793103,0.7668711656441718,0.6906077348066298,0.695,0.6866359447004609,0.7083333333333334]","[0.10606060606060608,0.32000000000000006,0.0,0.047619047619047616,0.0,0.0,0.0,0.0,0.0]","[0.0,0.43999999999999995,0.23529411764705888,0.5714285714285714,0.0,0.0,0.7222222222222222,0.21052631578947367,0.4117647058823529,0.08695652173913049]",0.26781924547088093,512,14.98849107674323,15003.224533081055,13.8052957248874,1.1831953518558294,0.13146615020620325,0.12856140290386975,498029486640.0499,575012821155354,538242870048258,36769951107096,52266431496,44699952,0,0,57321388,102021340,97.29513168334961,12.192695978834914,10091.390625,0.01,
texture-all,fecam,texture,1,52,resnet18_cifar,0.01,"[0.1,0.05,0.01]",last_epoch_train_mean,2.4368567528662743,0.01,2.4368567528662743,1725038463466062,44699952,10,2963728815777,0.983150115120163,0.9666666666666667,0.038941798941798944,0.038941798941798944,-0.038941798941798944,4,0.038941798941798944,0.0,0.07320671325842441,0.0,0.0,0.0,0.19047619047619047,0.2222222222222222,"[1.0,1.0,1.0,1.0,1.0,0.9693251533742331,0.9723756906077348,0.96,0.9631336405529954,0.9666666666666667]","[0.0,0.16000000000000003,0.0,0.19047619047619047,0.0,0.0,0.0,0.0,0.0]","[0.0,0.0,0.0,0.0,0.0,-0.05555555555555558,0.0,0.0,0.0,0.0]",-0.005555555555555558,512,14.371707764454186,14381.08805847168,13.24908099300228,1.1226267714519054,0.1247363079391006,0.11850431398488581,498029486640.0499,575012821155354,538242870048258,36769951107096,52266431496,44699952,0,0,57321388,102021340,97.29513168334961,12.10471261680747,10091.390625,0.01,/nobackup/proj/disk/naiss2026-4-902/shared/yizhil/Avalanche/avalanche-master/joint_result_texture-all/fecam/order1/joint_texture_fecam__order-1__seed-052.json
texture-all,fecam,texture,1,53,resnet18_cifar,0.1,"[0.1,0.05,0.01]",last_epoch_train_mean,2.4001351889077718,0.05,2.356674392502029,1725038463466062,44699952,10,2963728815777,0.5755334253178827,0.5458333333333333,0.07036254356429794,0.07036254356429794,-0.07036254356429794,1,0.07036254356429794,0.05263157894736836,0.08768633234101184,0.0,0.0,0.07999999999999996,0.25757575757575757,0.5555555555555556,"[0.8939393939393939,0.7032967032967034,0.5925925925925926,0.5193798449612403,0.5103448275862069,0.49079754601226994,0.4972375690607735,0.495,0.5069124423963134,0.5458333333333333]","[0.25757575757575757,0.07999999999999996,0.0,0.0,0.1875,0.05555555555555558,0.0,0.05263157894736836,0.0]","[0.10606060606060608,0.64,1.0,-0.38095238095238093,0.4375,0.38888888888888884,0.2777777777777778,0.368421052631579,0.23529411764705888,0.04347826086956519]",0.3116468322923095,512,13.97277395077981,13980.811431884766,12.85572346393019,1.117050486849621,0.124116720761069,0.1167420381680131,498029486640.0499,575012821155354,538242870048258,36769951107096,52266431496,44699952,0,0,57321388,102021340,97.29513168334961,13.10100483339435,10091.390625,0.05,
texture-all,fecam,texture,1,53,resnet18_cifar,0.05,"[0.1,0.05,0.01]",last_epoch_train_mean,2.356674392502029,0.05,2.356674392502029,1725038463466062,44699952,10,2963728815777,0.9454987526522729,0.925,0.03533950617283951,0.03533950617283951,-0.03533950617283951,2,0.03533950617283951,0.0,0.06302798627437478,0.0,0.0,0.05555555555555558,0.20000000000000007,0.3333333333333333,"[1.0,0.978021978021978,0.9259259259259259,0.937984496124031,0.9448275862068966,0.9386503067484663,0.9337016574585635,0.94,0.9308755760368663,0.925]","[0.0,0.20000000000000007,0.0,0.0,0.0625,0.0,0.05555555555555558,0.0,0.0]","[0.0,0.07999999999999996,0.23529411764705888,-1.0,0.0,0.0,0.0,0.0,0.05882352941176472,0.13043478260869568]",-0.04954475703324808,512,14.045154587831348,14050.550338745117,12.955859143985435,1.0892954438459128,0.12103282709399031,0.11745248595252633,498029486640.0499,575012821155354,538242870048258,36769951107096,52266431496,44699952,0,0,57321388,102021340,97.29513168334961,11.495397153582113,10091.390625,0.05,/nobackup/proj/disk/naiss2026-4-902/shared/yizhil/Avalanche/avalanche-master/joint_result_texture-all/fecam/order1/joint_texture_fecam__order-1__seed-053.json
texture-all,fecam,texture,1,53,resnet18_cifar,0.01,"[0.1,0.05,0.01]",last_epoch_train_mean,2.4197072611226664,0.05,2.356674392502029,1725038463466062,44699952,10,2963728815777,0.9974565207198852,0.9958333333333333,0.004444444444444449,0.004444444444444449,-0.004444444444444449,2,0.004444444444444449,0.0,0.01257078722109419,0.0,0.0,0.0,0.040000000000000036,0.1111111111111111,"[1.0,1.0,1.0,1.0,1.0,0.9938650306748467,0.994475138121547,0.995,0.9953917050691244,0.9958333333333333]","[0.0,0.040000000000000036,0.0,0.0,0.0,0.0,0.0,0.0,0.0]","[0.0,0.0,0.0,-1.0,0.0,-0.05555555555555558,0.0,0.0,0.0,0.0]",-0.10555555555555556,512,14.003734241006896,14006.681495666504,12.962900953134522,1.040833287872374,0.11564814309693044,0.11534324707463384,498029486640.0499,575012821155354,538242870048258,36769951107096,52266431496,44699952,0,0,57321388,102021340,97.29513168334961,11.16407832984502,10091.390625,0.05,
texture-all,fecam,texture,1,54,resnet18_cifar,0.1,"[0.1,0.05,0.01]",last_epoch_train_mean,2.0710110354733158,0.1,2.0710110354733158,1725038463466062,44699952,10,2963728815777,0.6819524763794458,0.5875,0.24247649352138514,0.24247649352138514,-0.24247649352138514,5,0.24247649352138514,0.052631578947368474,0.35072844871340814,0.0,0.0,0.33333333333333337,0.9375,0.5555555555555556,"[1.0,0.9230769230769231,0.7962962962962963,0.6589147286821705,0.6482758620689655,0.5766871165644172,0.5303867403314917,0.55,0.5483870967741935,0.5875]","[0.33333333333333337,0.8,0.05882352941176472,0.0,0.9375,0.0,0.0,0.052631578947368474,0.0]","[-0.5303030303030303,-0.88,0.05882352941176472,-0.7142857142857143,0.0,-0.38888888888888895,-0.11111111111111116,0.21052631578947367,0.4117647058823529,0.0]",-0.19434741935051533,512,14.030894670635462,14040.140899658203,12.818733190186322,1.21216148044914,0.13468460893879333,0.12867940706200898,498029486640.0499,575012821155354,538242870048258,36769951107096,52266431496,44699952,0,0,57321388,102021340,97.29513168334961,13.600808474196432,10091.390625,0.1,/nobackup/proj/disk/naiss2026-4-902/shared/yizhil/Avalanche/avalanche-master/joint_result_texture-all/fecam/order1/joint_texture_fecam__order-1__seed-054.json
texture-all,fecam,texture,1,54,resnet18_cifar,0.05,"[0.1,0.05,0.01]",last_epoch_train_mean,2.2992712243810876,0.1,2.0710110354733158,1725038463466062,44699952,10,2963728815777,0.9237612103294894,0.9125,0.022222222222222216,0.022222222222222216,-0.022222222222222216,2,0.022222222222222216,0.0,0.06285393610547087,0.0,0.0,0.0,0.19999999999999996,0.1111111111111111,"[1.0,0.9340659340659341,0.8981481481481481,0.9069767441860465,0.9172413793103448,0.9141104294478528,0.9171270718232044,0.925,0.9124423963133641,0.9125]","[0.0,0.19999999999999996,0.0,0.0,0.0,0.0,0.0,0.0,0.0]","[-0.5303030303030303,-0.76,-0.23529411764705876,-0.9523809523809523,0.0,-0.5,-0.5555555555555556,0.0,0.11764705882352944,0.08695652173913049]",-0.3328930075323937,512,13.775023259688169,13780.063888549805,12.685761031927541,1.0892622277606279,0.12102913641784754,0.11596319498494267,498029486640.0499,575012821155354,538242870048258,36769951107096,52266431496,44699952,0,0,57321388,102021340,97.29513168334961,11.716174408017347,10091.390625,0.1,
texture-all,fecam,texture,1,54,resnet18_cifar,0.01,"[0.1,0.05,0.01]",last_epoch_train_mean,2.363822243430398,0.1,2.0710110354733158,1725038463466062,44699952,10,2963728815777,0.9828728740997867,0.9708333333333333,0.01862433862433863,0.01862433862433863,-0.01862433862433863,2,0.01862433862433863,0.0,0.038795446172340674,0.0,0.0,0.0,0.12,0.2222222222222222,"[1.0,1.0,0.9814814814814815,0.9844961240310077,0.9862068965517241,0.9754601226993865,0.9779005524861878,0.98,0.9723502304147466,0.9708333333333333]","[0.0,0.12,0.0,0.04761904761904767,0.0,0.0,0.0,0.0,0.0]","[-0.5303030303030303,-1.0,-0.3529411764705882,-1.0,0.0,-0.5555555555555556,-0.5555555555555556,0.0,0.0,0.04347826086956519]",-0.39508770570151647,512,21.950040819006972,21960.38656616211,18.714364642015425,3.2356761769915465,0.35951957522128297,0.26447058498160914,498029486640.0499,575012821155354,538242870048258,36769951107096,52266431496,44699952,0,0,57321388,102021340,97.29513168334961,13.37905277093038,10092.015625,0.1,
texture-all,fecam,texture,1,55,resnet18_cifar,0.1,"[0.1,0.05,0.01]",last_epoch_train_mean,2.464003525771104,0.05,2.1545961057984986,1725038463466062,44699952,10,2963728815777,0.6448939464079523,0.6125,0.0546288279621613,0.0546288279621613,-0.0546288279621613,6,0.0546288279621613,0.0,0.08127413240558329,0.0,0.0,0.047619047619047616,0.2222222222222222,0.4444444444444444,"[0.9696969696969697,0.7362637362637363,0.6388888888888888,0.5658914728682171,0.5862068965517241,0.6012269938650306,0.5580110497237569,0.595,0.5852534562211982,0.6125]","[0.18181818181818188,0.03999999999999998,0.0,0.047619047619047616,0.0,0.2222222222222222,0.0,0.0,0.0]","[-0.12121212121212122,0.76,0.8823529411764706,0.7619047619047619,0.25,0.16666666666666663,0.6666666666666667,0.0,0.05882352941176472,0.13043478260869568]",0.3555637227222905,512,14.44669434701791,14454.20352935791,13.339637355005834,1.107056992012076,0.12300633244578624,0.12010845600161701,498029486640.0499,575012821155354,538242870048258,36769951107096,52266431496,44699952,0,0,57321388,102021340,97.29513168334961,12.104356829392296,10091.390625,0.05,
texture-all,fecam,texture,1,55,resnet18_cifar,0.05,"[0.1,0.05,0.01]",last_epoch_train_mean,2.1545961057984986,0.05,2.1545961057984986,1725038463466062,44699952,10,2963728815777,0.8222387431432454,0.8166666666666667,0.02204585537918872,0.02204585537918872,-0.02204585537918872,4,0.02204585537918872,0.0,0.046092184639760087,0.0,0.0,0.0,0.1428571428571429,0.2222222222222222,"[1.0,0.8571428571428571,0.7592592592592593,0.7829457364341085,0.7931034482758621,0.7975460122699386,0.7900552486187845,0.81,0.815668202764977,0.8166666666666667]","[0.0,0.0,0.0,0.1428571428571429,0.0,0.05555555555555558,0.0,0.0,0.0]","[-0.1515151515151515,0.52,0.7647058823529411,0.09523809523809523,0.125,0.05555555555555558,0.2777777777777778,0.0,0.05882352941176472,0.13043478260869568]",0.18760204714296785,512,13.906498823023867,13915.549415588379,12.85789033799665,1.0486084850272164,0.11651205389191294,0.11703806501463987,498029486640.0499,575012821155354,538242870048258,36769951107096,52266431496,44699952,0,0,57321388,102021340,97.29513168334961,11.891792978955587,10091.390625,0.05,/nobackup/proj/disk/naiss2026-4-902/shared/yizhil/Avalanche/avalanche-master/joint_result_texture-all/fecam/order1/joint_texture_fecam__order-1__seed-055.json
texture-all,fecam,texture,1,55,resnet18_cifar,0.01,"[0.1,0.05,0.01]",last_epoch_train_mean,2.375426453429383,0.05,2.1545961057984986,1725038463466062,44699952,10,2963728815777,1.0,1.0,0.0,0.0,-0.0,1,0.0,0.0,0.0,0.0,0.0,0.0,0.0,0.0,"[1.0,1.0,1.0,1.0,1.0,1.0,1.0,1.0,1.0,1.0]","[0.0,0.0,0.0,0.0,0.0,0.0,0.0,0.0,0.0]","[-0.1515151515151515,0.0,0.0,0.0,0.0,0.0,0.0,0.0,0.0,0.0]",-0.015151515151515148,512,13.533773083006963,13540.916793823242,12.499432184005855,1.0343408990011085,0.11492676655567872,0.10744640699704178,498029486640.0499,575012821155354,538242870048258,36769951107096,52266431496,44699952,0,0,57321388,102021340,97.29513168334961,11.82533491664799,10091.390625,0.05,
texture-all,fecam,texture,1,56,resnet18_cifar,0.1,"[0.1,0.05,0.01]",last_epoch_train_mean,2.4472297569373986,0.01,2.408548132165686,1725038463466062,44699952,10,2963728815777,0.7820302039688969,0.7458333333333333,0.045409652076318745,0.045409652076318745,-0.045409652076318745,1,0.045409652076318745,0.0,0.08282016755721079,0.0,0.0,0.040000000000000036,0.25757575757575757,0.3333333333333333,"[0.9545454545454546,0.8901098901098901,0.75,0.7829457364341085,0.7862068965517242,0.7239263803680982,0.7182320441988951,0.745,0.7235023041474654,0.7458333333333333]","[0.25757575757575757,0.040000000000000036,0.0,0.0,0.0,0.1111111111111111,0.0,0.0,0.0]","[0.045454545454545414,0.19999999999999996,0.29411764705882354,0.0,0.1875,0.0,0.0,0.0,0.11764705882352944,0.04347826086956519]",0.08881975122064635,512,13.13716216001194,13140.911804199219,12.12830595599371,1.0088562040182296,0.11209513377980329,0.10646316799102351,498029486640.0499,575012821155354,538242870048258,36769951107096,52266431496,44699952,0,0,57321388,102021340,97.29513168334961,14.122257812293052,10091.390625,0.01,
texture-all,fecam,texture,1,56,resnet18_cifar,0.05,"[0.1,0.05,0.01]",last_epoch_train_mean,2.463036673409598,0.01,2.408548132165686,1725038463466062,44699952,10,2963728815777,0.8233905720725732,0.7458333333333333,0.09138806612490823,0.09138806612490823,-0.09138806612490823,4,0.09138806612490823,0.0,0.11494144351673677,0.0,0.0,0.1515151515151515,0.2857142857142857,0.4444444444444444,"[1.0,0.8901098901098901,0.8796296296296297,0.7906976744186046,0.8,0.8220858895705522,0.7790055248618785,0.78,0.7465437788018433,0.7458333333333333]","[0.1515151515151515,0.27999999999999997,0.0,0.2857142857142857,0.0,0.0,0.0,0.10526315789473684,0.0]","[0.0,0.4,-0.5294117647058822,0.19047619047619047,0.125,-0.5,0.2222222222222222,0.10526315789473684,0.3529411764705882,0.17391304347826086]",0.05404040258361163,512,13.393863832985517,13396.404975891113,12.434654748998582,0.9592090839869343,0.10657878710965936,0.10492436398635618,498029486640.0499,575012821155354,538242870048258,36769951107096,52266431496,44699952,0,0,57321388,102021340,97.29513168334961,11.102527033532775,10091.390625,0.01,
texture-all,fecam,texture,1,56,resnet18_cifar,0.01,"[0.1,0.05,0.01]",last_epoch_train_mean,2.408548132165686,0.01,2.408548132165686,1725038463466062,44699952,10,2963728815777,0.9931580491202618,0.9833333333333333,0.01777777777777778,0.01777777777777778,-0.01777777777777778,2,0.01777777777777778,0.0,0.050283148884376724,0.0,0.0,0.0,0.16000000000000003,0.1111111111111111,"[1.0,1.0,1.0,1.0,1.0,0.9877300613496932,0.988950276243094,0.99,0.9815668202764977,0.9833333333333333]","[0.0,0.16000000000000003,0.0,0.0,0.0,0.0,0.0,0.0,0.0]","[0.0,0.0,-0.7058823529411764,0.0,0.0,-0.5,0.0,0.0,-0.05882352941176472,0.0]",-0.1264705882352941,512,14.214353540999582,14218.070053100586,13.111281246005092,1.1030722949944902,0.12256358833272113,0.11971215400262736,498029486640.0499,575012821155354,538242870048258,36769951107096,52266431496,44699952,0,0,57321388,102021340,97.29513168334961,11.379336533233678,10091.390625,0.01,/nobackup/proj/disk/naiss2026-4-902/shared/yizhil/Avalanche/avalanche-master/joint_result_texture-all/fecam/order1/joint_texture_fecam__order-1__seed-056.json
texture-all,fecam,texture,2,52,resnet18_cifar,0.1,"[0.1,0.05,0.01]",last_epoch_train_mean,2.4020136391244282,0.1,2.4020136391244282,1807844237405982,44699952,10,3155277370327,0.9110214145621349,0.8041666666666667,0.050526076084174226,0.050526076084174226,-0.050526076084174226,4,0.050526076084174226,0.040000000000000036,0.05476577854653133,0.0,0.0,0.10526315789473684,0.13636363636363635,0.5555555555555556,"[1.0,1.0,1.0,0.925,0.9300699300699301,0.9316770186335404,0.8641304347826086,0.8308457711442786,0.8243243243243243,0.8041666666666667]","[0.12962962962962965,0.040000000000000036,0.10526315789473684,0.13636363636363635,0.0,0.0,0.04347826086956519,0.0,0.0]","[-0.14814814814814814,0.0,0.0,0.31818181818181823,0.04347826086956519,0.0,0.4782608695652174,-0.4705882352941177,-0.1428571428571428,0.4444444444444444]",0.05227718667616366,512,14.604302215040661,14611.542984008789,13.463368174998323,1.140934040042339,0.1267704488935932,0.12220095499651507,498029437199.58575,602614745801994,565844794694898,36769951107096,52266431496,44699952,0,0,57321388,102021340,97.29513168334961,13.638930762560145,10091.390625,0.1,/nobackup/proj/disk/naiss2026-4-902/shared/yizhil/Avalanche/avalanche-master/joint_result_texture-all/fecam/order2/joint_texture_fecam__order-2__seed-052.json
texture-all,fecam,texture,2,52,resnet18_cifar,0.05,"[0.1,0.05,0.01]",last_epoch_train_mean,2.439107383169779,0.1,2.4020136391244282,1807844237405982,44699952,10,3155277370327,0.918303714632742,0.8708333333333333,0.02947368421052632,0.02947368421052632,-0.02947368421052632,2,0.02947368421052632,0.0,0.056629448426195134,0.0,0.0,0.0,0.16000000000000003,0.2222222222222222,"[1.0,0.8987341772151899,0.9183673469387755,0.9333333333333333,0.9300699300699301,0.9130434782608695,0.9239130434782609,0.9253731343283582,0.8693693693693694,0.8708333333333333]","[0.0,0.16000000000000003,0.10526315789473684,0.0,0.0,0.0,0.0,0.0,0.0]","[-0.14814814814814814,0.31999999999999995,0.0,0.0,0.0,0.05555555555555558,0.0,-0.7058823529411764,0.4761904761904762,0.05555555555555558]",0.005327108621226278,512,14.569721840060083,14589.982727050781,13.158737312012818,1.4109845280472655,0.15677605867191838,0.15911182999843732,498029437199.58575,602614745801994,565844794694898,36769951107096,52266431496,44699952,0,0,57321388,102021340,97.29513168334961,14.136713687306232,10091.390625,0.1,
texture-all,fecam,texture,2,52,resnet18_cifar,0.01,"[0.1,0.05,0.01]",last_epoch_train_mean,2.4486783655678352,0.1,2.4020136391244282,1807844237405982,44699952,10,3155277370327,0.9520194891853185,0.8958333333333334,0.013333333333333332,0.013333333333333332,-0.013333333333333332,2,0.013333333333333332,0.0,0.03771236166328253,0.0,0.0,0.0,0.12,0.1111111111111111,"[1.0,0.9620253164556962,0.9693877551020408,0.9666666666666667,0.972027972027972,0.9565217391304348,0.9510869565217391,0.9502487562189055,0.8963963963963963,0.8958333333333334]","[0.0,0.12,0.0,0.0,0.0,0.0,0.0,0.0,0.0]","[-0.14814814814814814,0.12,0.0,0.045454545454545414,0.0,0.11111111111111116,0.08695652173913049,-0.7058823529411764,0.4285714285714286,0.0]",-0.006193689421310889,512,16.101912510028342,16112.276641845703,14.946098765998613,1.1558137440297287,0.12842374933663653,0.1254579560190905,498029437199.58575,602614745801994,565844794694898,36769951107096,52266431496,44699952,0,0,57321388,102021340,97.29513168334961,12.659893233770466,10091.390625,0.1,
texture-all,fecam,texture,2,53,resnet18_cifar,0.1,"[0.1,0.05,0.01]",last_epoch_train_mean,2.4392175441834985,0.05,2.411146582626715,1807844237405982,44699952,10,3155277370327,0.8405164439254362,0.6625,0.08504223521767382,0.08504223521767382,-0.08504223521767382,2,0.08504223521767382,0.0,0.12108085346134355,0.0,0.0,0.2222222222222222,0.28,0.3333333333333333,"[1.0,0.9620253164556962,0.9489795918367347,0.9166666666666666,0.8881118881118881,0.8571428571428571,0.7771739130434783,0.7213930348258707,0.6711711711711712,0.6625]","[0.2222222222222222,0.28,0.26315789473684215,0.0,0.0,0.0,0.0,0.0,0.0]","[0.0,-0.07999999999999996,0.10526315789473684,0.13636363636363635,0.26086956521739135,0.2222222222222222,-0.2173913043478261,0.2941176470588235,0.8095238095238095,0.2222222222222222]",0.1753190956155016,512,15.316141176066594,15319.74496459961,14.201151927001774,1.1149892490648199,0.12388769434053554,0.12175206001847982,498029437199.58575,602614745801994,565844794694898,36769951107096,52266431496,44699952,0,0,57321388,102021340,97.29513168334961,13.100480041612172,10091.390625,0.05,
texture-all,fecam,texture,2,53,resnet18_cifar,0.05,"[0.1,0.05,0.01]",last_epoch_train_mean,2.411146582626715,0.05,2.411146582626715,1807844237405982,44699952,10,3155277370327,0.9468921926201215,0.8958333333333334,0.03967078189300413,0.03967078189300413,-0.03967078189300413,2,0.03967078189300413,0.0,0.0997818752682638,0.0,0.0,0.0,0.32000000000000006,0.2222222222222222,"[1.0,0.9367088607594937,0.9489795918367347,0.9583333333333334,0.958041958041958,0.9503105590062112,0.9565217391304348,0.945273631840796,0.918918918918919,0.8958333333333334]","[0.03703703703703709,0.32000000000000006,0.0,0.0,0.0,0.0,0.0,0.0,0.0]","[0.0,0.0,0.0,0.0,0.04347826086956519,0.05555555555555558,-0.6086956521739131,-0.17647058823529416,0.33333333333333337,0.0]",-0.03527990906507531,512,14.839577941049356,14845.027122497559,13.701580522989389,1.1379974180599675,0.1264441575622186,0.12165330900461413,498029437199.58575,602614745801994,565844794694898,36769951107096,52266431496,44699952,0,0,57321388,102021340,97.29513168334961,12.138687745876572,10091.390625,0.05,/nobackup/proj/disk/naiss2026-4-902/shared/yizhil/Avalanche/avalanche-master/joint_result_texture-all/fecam/order2/joint_texture_fecam__order-2__seed-053.json
texture-all,fecam,texture,2,53,resnet18_cifar,0.01,"[0.1,0.05,0.01]",last_epoch_train_mean,2.446338932688643,0.05,2.411146582626715,1807844237405982,44699952,10,3155277370327,0.963873234249902,0.9208333333333333,0.038095238095238106,0.038095238095238106,-0.038095238095238106,2,0.038095238095238106,0.0,0.07253117243679916,0.0,0.0,0.0,0.20000000000000007,0.2222222222222222,"[1.0,0.9746835443037974,0.9795918367346939,0.9666666666666667,0.972027972027972,0.9627329192546584,0.9565217391304348,0.9552238805970149,0.9504504504504504,0.9208333333333333]","[0.0,0.20000000000000007,0.0,0.0,0.0,0.0,0.0,0.0,0.1428571428571429]","[0.0,-0.12,0.0,0.09090909090909094,0.0,0.11111111111111116,-0.5217391304347825,-0.17647058823529416,0.09523809523809523,0.0]",-0.05209514214117793,512,14.580707102984888,14583.891235351562,13.47746298002312,1.1032441229617689,0.12258268032908542,0.11976190900895745,498029437199.58575,602614745801994,565844794694898,36769951107096,52266431496,44699952,0,0,57321388,102021340,97.29513168334961,11.657780716996058,10091.390625,0.05,
texture-all,fecam,texture,2,54,resnet18_cifar,0.1,"[0.1,0.05,0.01]",last_epoch_train_mean,2.3971505514005336,0.1,2.3971505514005336,1807844237405982,44699952,10,3155277370327,0.9129474027662526,0.8291666666666667,0.08967233875446436,0.08967233875446436,-0.08967233875446436,7,0.08967233875446436,0.04761904761904767,0.11133758565044916,0.0,0.0,0.07407407407407407,0.30434782608695654,0.6666666666666666,"[1.0,0.9873417721518988,0.9897959183673469,0.9666666666666667,0.9370629370629371,0.9006211180124224,0.8695652173913043,0.8159203980099502,0.8333333333333334,0.8291666666666667]","[0.07407407407407407,0.2799999999999999,0.0,0.045454545454545414,0.0,0.05555555555555558,0.30434782608695654,0.0,0.04761904761904767]","[-0.11111111111111116,-0.2799999999999999,0.0,0.0,0.21739130434782605,-0.5,-0.782608695652174,0.2941176470588235,-0.1428571428571429,0.05555555555555558]",-0.12495124426582228,512,14.470869688986568,14475.040199279785,13.381137638993096,1.0897320499934722,0.12108133888816358,0.11676919198362157,498029437199.58575,602614745801994,565844794694898,36769951107096,52266431496,44699952,0,0,57321388,102021340,97.29513168334961,12.915219179194537,10091.390625,0.1,/nobackup/proj/disk/naiss2026-4-902/shared/yizhil/Avalanche/avalanche-master/joint_result_texture-all/fecam/order2/joint_texture_fecam__order-2__seed-054.json
texture-all,fecam,texture,2,54,resnet18_cifar,0.05,"[0.1,0.05,0.01]",last_epoch_train_mean,2.427189710663586,0.1,2.3971505514005336,1807844237405982,44699952,10,3155277370327,0.974583808191855,0.9416666666666667,0.031263962375073485,0.031263962375073485,-0.031263962375073485,9,0.031263962375073485,0.0,0.054113235906976434,0.0,0.0,0.01851851851851849,0.1428571428571429,0.3333333333333333,"[1.0,1.0,1.0,0.9916666666666667,0.986013986013986,0.9503105590062112,0.9565217391304348,0.9601990049751243,0.9594594594594594,0.9416666666666667]","[0.01851851851851849,0.12,0.0,0.0,0.0,0.0,0.0,0.0,0.1428571428571429]","[-0.11111111111111116,-0.31999999999999995,0.0,0.0,0.04347826086956519,-0.3333333333333333,-1.0,0.0,-0.1428571428571429,0.0]",-0.18638233264320223,512,15.57706363897887,15582.3208694458,14.411218380002538,1.1658452589763328,0.12953836210848144,0.12470045298687182,498029437199.58575,602614745801994,565844794694898,36769951107096,52266431496,44699952,0,0,57321388,102021340,97.29513168334961,11.276562079001451,10091.390625,0.1,
texture-all,fecam,texture,2,54,resnet18_cifar,0.01,"[0.1,0.05,0.01]",last_epoch_train_mean,2.445865165896532,0.1,2.3971505514005336,1807844237405982,44699952,10,3155277370327,0.9587426570703309,0.9041666666666667,0.0364021164021164,0.0364021164021164,-0.0364021164021164,2,0.0364021164021164,0.0,0.08739536409594557,0.0,0.0,0.0,0.28,0.2222222222222222,"[1.0,0.9746835443037974,0.9795918367346939,0.9666666666666667,0.972027972027972,0.9565217391304348,0.9510869565217391,0.9502487562189055,0.9324324324324325,0.9041666666666667]","[0.0,0.28,0.0,0.0,0.0,0.0,0.0,0.0,0.04761904761904756]","[-0.11111111111111116,-0.24,0.0,0.09090909090909094,0.0,-0.5,-0.9130434782608695,0.05882352941176472,0.09523809523809523,0.0]",-0.15191838738130298,512,14.544804650970036,14548.019844055176,13.412992403988028,1.1318122469820082,0.12575691633133423,0.12502226899960078,498029437199.58575,602614745801994,565844794694898,36769951107096,52266431496,44699952,0,0,57321388,102021340,97.29513168334961,11.292243691787007,10091.390625,0.1,
texture-all,fecam,texture,2,55,resnet18_cifar,0.1,"[0.1,0.05,0.01]",last_epoch_train_mean,2.417635289634146,0.1,2.417635289634146,1807844237405982,44699952,10,3155277370327,0.7504510225919655,0.5458333333333333,0.12307125839289583,0.12307125839289583,-0.12307125839289583,2,0.12307125839289583,0.0,0.17663644570436188,0.0,0.0,0.31578947368421056,0.44,0.3333333333333333,"[1.0,0.9240506329113924,0.8571428571428571,0.825,0.7552447552447552,0.7267080745341615,0.657608695652174,0.6318407960199005,0.581081081081081,0.5458333333333333]","[0.35185185185185186,0.44,0.31578947368421056,0.0,0.0,0.0,0.0,0.0,0.0]","[-0.01851851851851849,-0.76,0.21052631578947367,0.18181818181818177,0.4782608695652174,0.38888888888888884,0.5217391304347826,-0.7647058823529411,0.09523809523809523,0.4444444444444444]",0.07776915253076243,512,14.40687869398971,14410.89958190918,13.264877898996929,1.1420007949927822,0.12688897722142023,0.1275882170011755,498029437199.58575,602614745801994,565844794694898,36769951107096,52266431496,44699952,0,0,57321388,102021340,97.29513168334961,12.796267175266015,10091.390625,0.1,/nobackup/proj/disk/naiss2026-4-902/shared/yizhil/Avalanche/avalanche-master/joint_result_texture-all/fecam/order2/joint_texture_fecam__order-2__seed-055.json
texture-all,fecam,texture,2,55,resnet18_cifar,0.05,"[0.1,0.05,0.01]",last_epoch_train_mean,2.450491742389958,0.1,2.417635289634146,1807844237405982,44699952,10,3155277370327,0.9212734887220936,0.8583333333333333,0.0297985705003249,0.0297985705003249,-0.0297985705003249,2,0.0297985705003249,0.0,0.05106086740440713,0.0,0.0,0.052631578947368474,0.16000000000000003,0.3333333333333333,"[1.0,0.9240506329113924,0.9183673469387755,0.9166666666666666,0.9300699300699301,0.9316770186335404,0.9293478260869565,0.9303482587064676,0.8738738738738738,0.8583333333333333]","[0.05555555555555558,0.16000000000000003,0.052631578947368474,0.0,0.0,0.0,0.0,0.0,0.0]","[-0.01851851851851849,-0.76,0.0,0.045454545454545414,0.0,0.05555555555555558,0.04347826086956519,-0.9411764705882353,-0.047619047619047616,0.11111111111111116]",-0.1511714563735024,512,19.068290112976683,19078.26682281494,17.826263449998805,1.242026662977878,0.13800296255309755,0.13679312999011017,498029437199.58575,602614745801994,565844794694898,36769951107096,52266431496,44699952,0,0,57321388,102021340,97.29513168334961,13.157386133267815,10091.390625,0.1,
texture-all,fecam,texture,2,55,resnet18_cifar,0.01,"[0.1,0.05,0.01]",last_epoch_train_mean,2.4451841028725227,0.1,2.417635289634146,1807844237405982,44699952,10,3155277370327,0.9686184603743643,0.9291666666666667,0.027513227513227503,0.027513227513227503,-0.027513227513227503,2,0.027513227513227503,0.0,0.06276479418555307,0.0,0.0,0.0,0.19999999999999996,0.2222222222222222,"[1.0,0.9873417721518988,0.9897959183673469,0.975,0.9790209790209791,0.9627329192546584,0.9619565217391305,0.9552238805970149,0.9459459459459459,0.9291666666666667]","[0.0,0.19999999999999996,0.0,0.0,0.0,0.0,0.0,0.0,0.04761904761904756]","[-0.01851851851851849,-0.96,0.0,0.09090909090909094,0.0,0.16666666666666663,0.04347826086956519,-0.9411764705882353,-0.5714285714285714,0.0]",-0.21900695420900024,512,15.366473408939783,15370.505569458008,14.249058713001432,1.1174146959383506,0.12415718843759452,0.12133533897576854,498029437199.58575,602614745801994,565844794694898,36769951107096,52266431496,44699952,0,0,57321388,102021340,97.29513168334961,12.434774037562116,10091.390625,0.1,
texture-all,fecam,texture,2,56,resnet18_cifar,0.1,"[0.1,0.05,0.01]",last_epoch_train_mean,2.40424719089415,0.1,2.40424719089415,1807844237405982,44699952,10,3155277370327,0.8846634544710932,0.725,0.11901791515826604,0.11901791515826604,-0.11901791515826604,2,0.11901791515826604,0.11111111111111116,0.13782661109675157,0.0,0.0,0.16666666666666663,0.43999999999999995,0.5555555555555556,"[1.0,1.0,0.9693877551020408,0.95,0.8741258741258742,0.8881987577639752,0.8532608695652174,0.8208955223880597,0.7657657657657657,0.725]","[0.16666666666666663,0.43999999999999995,0.21052631578947367,0.0,0.0,0.11111111111111116,0.0,0.0,0.14285714285714285]","[-0.03703703703703709,-0.56,0.0,0.0,0.3913043478260869,0.0,-0.0434782608695653,-0.8235294117647058,0.2857142857142857,0.22222222222222227]",-0.05648038539087134,512,15.284455611021258,15287.869300842285,14.132703373004915,1.1517522380163427,0.12797247089070474,0.12872015699394979,498029437199.58575,602614745801994,565844794694898,36769951107096,52266431496,44699952,0,0,57321388,102021340,97.29513168334961,12.25044890428156,10091.390625,0.1,/nobackup/proj/disk/naiss2026-4-902/shared/yizhil/Avalanche/avalanche-master/joint_result_texture-all/fecam/order2/joint_texture_fecam__order-2__seed-056.json
texture-all,fecam,texture,2,56,resnet18_cifar,0.05,"[0.1,0.05,0.01]",last_epoch_train_mean,2.444343008646151,0.1,2.40424719089415,1807844237405982,44699952,10,3155277370327,0.98017056503429,0.9416666666666667,0.0502527924750147,0.0502527924750147,-0.0502527924750147,2,0.0502527924750147,0.0,0.10006328471590771,0.0,0.0,0.03703703703703709,0.31999999999999995,0.3333333333333333,"[1.0,1.0,1.0,0.975,0.9790209790209791,0.9751552795031055,0.9782608695652174,0.9751243781094527,0.9774774774774775,0.9416666666666667]","[0.03703703703703709,0.31999999999999995,0.0,0.0,0.0,0.0,0.0,0.0,0.09523809523809523]","[-0.03703703703703709,-0.56,-0.10526315789473684,0.0,0.0,0.05555555555555558,-0.08695652173913049,-0.9411764705882353,-0.23809523809523814,-0.38888888888888884]",-0.2301861758687711,512,14.86857495395816,14876.201873779297,13.766043231007643,1.1025317229505163,0.12250352477227959,0.12144199799513444,498029437199.58575,602614745801994,565844794694898,36769951107096,52266431496,44699952,0,0,57321388,102021340,97.29513168334961,11.651827087553102,10091.390625,0.1,
texture-all,fecam,texture,2,56,resnet18_cifar,0.01,"[0.1,0.05,0.01]",last_epoch_train_mean,2.4494422354349275,0.1,2.40424719089415,1807844237405982,44699952,10,3155277370327,0.9662215603687685,0.9125,0.03195767195767196,0.03195767195767196,-0.03195767195767196,2,0.03195767195767196,0.0,0.075037722752965,0.0,0.0,0.0,0.24,0.2222222222222222,"[1.0,0.9873417721518988,0.9897959183673469,0.975,0.9790209790209791,0.968944099378882,0.9619565217391305,0.9552238805970149,0.9324324324324325,0.9125]","[0.0,0.24,0.0,0.0,0.0,0.0,0.0,0.0,0.04761904761904767]","[-0.03703703703703709,-0.52,-0.10526315789473684,0.09090909090909094,0.0,0.11111111111111116,0.0,-0.9411764705882353,0.04761904761904756,-0.38888888888888884]",-0.17427263047696484,512,15.368108081020182,15375.719818115234,14.222160359000554,1.1459477220196277,0.12732752466884753,0.12540662501123734,498029437199.58575,602614745801994,565844794694898,36769951107096,52266431496,44699952,0,0,57321388,102021340,97.29513168334961,11.477365174869192,10091.390625,0.1,
texture-all,fecam,texture,3,52,resnet18_cifar,0.1,"[0.1,0.05,0.01]",last_epoch_train_mean,2.4538147708019578,0.05,2.430882465408509,1759540869274362,44699952,10,3193587154965,0.9576422702608804,0.8916666666666667,0.03147897065067039,0.03147897065067039,-0.03147897065067039,6,0.03147897065067039,0.0,0.05181789609179013,0.0,0.0,0.04761904761904767,0.16666666666666663,0.4444444444444444,"[1.0,0.975,0.979381443298969,0.9830508474576272,0.9852941176470589,0.987012987012987,0.9887005649717514,0.8939393939393939,0.8923766816143498,0.8916666666666667]","[0.016393442622950838,0.05263157894736836,0.0,0.04761904761904767,0.0,0.16666666666666663,0.0,0.0,0.0]","[0.0,0.052631578947368474,-1.0,0.0,0.0,-0.11111111111111116,-0.08695652173913049,0.7142857142857143,0.12,0.05882352941176472]",-0.025232681020539417,512,14.704751083045267,14710.041320800781,13.533835781010566,1.1709153020347003,0.1301017002260778,0.12878754999837838,498029465216.7388,586513623091454,549743671984358,36769951107096,52266431496,44699952,0,0,57321388,102021340,97.29513168334961,12.935708025058071,10091.390625,0.05,
texture-all,fecam,texture,3,52,resnet18_cifar,0.05,"[0.1,0.05,0.01]",last_epoch_train_mean,2.430882465408509,0.05,2.430882465408509,1759540869274362,44699952,10,3193587154965,0.9607847579301619,0.9083333333333333,0.029100529100529102,0.029100529100529102,-0.029100529100529102,6,0.029100529100529102,0.0,0.0523782800878924,0.0,0.0,0.047619047619047616,0.16666666666666663,0.3333333333333333,"[1.0,1.0,0.9690721649484536,0.9745762711864406,0.9779411764705882,0.9805194805194806,0.9830508474576272,0.9040404040404041,0.9103139013452914,0.9083333333333333]","[0.0,0.0,0.0,0.04761904761904767,0.0,0.16666666666666663,0.0,0.047619047619047616,0.0]","[0.0,0.0,-0.8235294117647058,0.0,0.0,-0.11111111111111116,-0.08695652173913049,0.6190476190476191,0.0,0.05882352941176472]",-0.03437258961555637,512,14.51180766194011,14515.092636108398,13.354770039004507,1.1570376229356043,0.1285597358817338,0.1286493779916782,498029465216.7388,586513623091454,549743671984358,36769951107096,52266431496,44699952,0,0,57321388,102021340,97.29513168334961,11.905234637621712,10091.390625,0.05,/nobackup/proj/disk/naiss2026-4-902/shared/yizhil/Avalanche/avalanche-master/joint_result_texture-all/fecam/order3/joint_texture_fecam__order-3__seed-052.json
texture-all,fecam,texture,3,52,resnet18_cifar,0.01,"[0.1,0.05,0.01]",last_epoch_train_mean,2.4477976603680345,0.05,2.430882465408509,1759540869274362,44699952,10,3193587154965,0.9901373035285592,0.9625,0.020340012143290828,0.020340012143290828,-0.020340012143290828,6,0.020340012143290828,0.0,0.05198619249688301,0.0,0.0,0.0,0.16666666666666663,0.2222222222222222,"[1.0,1.0,1.0,1.0,1.0,1.0,1.0,0.9747474747474747,0.9641255605381166,0.9625]","[0.016393442622950838,0.0,0.0,0.0,0.0,0.16666666666666663,0.0,0.0,0.0]","[0.0,0.0,-1.0,0.0,0.0,-0.11111111111111116,-0.08695652173913049,0.23809523809523814,0.0,0.0]",-0.09599723947550035,512,14.205429736000951,14208.637321472168,13.120834544009995,1.0845951919909567,0.12051057688788408,0.12177387499832548,498029465216.7388,586513623091454,549743671984358,36769951107096,52266431496,44699952,0,0,57321388,102021340,97.29513168334961,9.149339387416452,10091.390625,0.05,
texture-all,fecam,texture,3,53,resnet18_cifar,0.1,"[0.1,0.05,0.01]",last_epoch_train_mean,2.3535053299134034,0.1,2.3535053299134034,1759540869274362,44699952,10,3193587154965,0.8147468416238111,0.6666666666666666,0.13976139140665692,0.13976139140665692,-0.13976139140665692,2,0.13976139140665692,0.09836065573770492,0.14040488493474543,0.0,0.047619047619047616,0.19047619047619047,0.4736842105263158,0.7777777777777778,"[1.0,0.9,0.865979381443299,0.8135593220338984,0.8382352941176471,0.8506493506493507,0.8192090395480226,0.7070707070707071,0.6860986547085202,0.6666666666666666]","[0.09836065573770492,0.4736842105263158,0.05882352941176461,0.19047619047619047,0.16666666666666663,0.2222222222222222,0.0,0.047619047619047616,0.0]","[-0.5573770491803278,0.21052631578947367,-0.7647058823529411,-0.38095238095238093,-0.8333333333333334,0.0,0.34782608695652173,0.8095238095238095,-0.44,0.11764705882352944]",-0.1490845374725649,512,19.08998007304035,19099.22491455078,17.876658213994233,1.2133218590461183,0.13481353989401315,0.12975524400826544,498029465216.7388,586513623091454,549743671984358,36769951107096,52266431496,44699952,0,0,57321388,102021340,97.29513168334961,13.48232825815406,10091.390625,0.1,/nobackup/proj/disk/naiss2026-4-902/shared/yizhil/Avalanche/avalanche-master/joint_result_texture-all/fecam/order3/joint_texture_fecam__order-3__seed-053.json
texture-all,fecam,texture,3,53,resnet18_cifar,0.05,"[0.1,0.05,0.01]",last_epoch_train_mean,2.43144777596715,0.1,2.3535053299134034,1759540869274362,44699952,10,3193587154965,0.9105206551047372,0.8708333333333333,0.023274640760979563,0.023274640760979563,-0.023274640760979563,6,0.023274640760979563,0.0,0.043646455229011734,0.0,0.0,0.0,0.11111111111111116,0.2222222222222222,"[1.0,0.8875,0.8969072164948454,0.9152542372881356,0.9264705882352942,0.935064935064935,0.943502824858757,0.8686868686868687,0.8609865470852018,0.8708333333333333]","[0.09836065573770492,0.0,0.0,0.0,0.0,0.11111111111111116,0.0,0.0,0.0]","[-0.5573770491803278,0.1578947368421053,-0.9411764705882353,-0.7142857142857143,-0.8333333333333334,0.0,0.0,0.7142857142857143,-0.6399999999999999,-0.05882352941176472]",-0.2872815645671556,512,15.303690963977715,15306.933197021484,14.165620056999614,1.1380709069781005,0.12645232299756673,0.12484210400725715,498029465216.7388,586513623091454,549743671984358,36769951107096,52266431496,44699952,0,0,57321388,102021340,97.29513168334961,13.640907312219497,10091.390625,0.1,
texture-all,fecam,texture,3,53,resnet18_cifar,0.01,"[0.1,0.05,0.01]",last_epoch_train_mean,2.4485837637660013,0.1,2.3535053299134034,1759540869274362,44699952,10,3193587154965,0.9886787720251846,0.9625,0.0,0.0,-0.0,1,0.0,0.0,0.0,0.0,0.0,0.0,0.0,0.0,"[1.0,1.0,1.0,1.0,1.0,1.0,1.0,0.9646464646464646,0.9596412556053812,0.9625]","[0.0,0.0,0.0,0.0,0.0,0.0,0.0,0.0,0.0]","[-0.5573770491803278,0.0,-1.0,-0.7142857142857143,-0.8333333333333334,0.0,0.0,0.33333333333333337,-0.72,-0.05882352941176472]",-0.3550486292877807,512,14.73765829904005,14743.111312866211,13.593050736992154,1.144607562047895,0.12717861800532168,0.12703205799334683,498029465216.7388,586513623091454,549743671984358,36769951107096,52266431496,44699952,0,0,57321388,102021340,97.29513168334961,12.203740958527002,10091.390625,0.1,
texture-all,fecam,texture,3,54,resnet18_cifar,0.1,"[0.1,0.05,0.01]",last_epoch_train_mean,2.4467196177287276,0.05,2.4278649019907754,1759540869274362,44699952,10,3193587154965,0.8328367016977793,0.775,0.09487991022951858,0.09487991022951858,-0.09487991022951858,6,0.09487991022951858,0.05882352941176472,0.0798910795689879,0.0,0.047619047619047616,0.16393442622950816,0.2222222222222222,0.7777777777777778,"[1.0,0.825,0.8556701030927835,0.7966101694915254,0.8235294117647058,0.8441558441558441,0.8587570621468926,0.7828282828282829,0.7668161434977578,0.775]","[0.16393442622950816,0.21052631578947367,0.05882352941176472,0.09523809523809523,0.05555555555555558,0.2222222222222222,0.0,0.047619047619047616,0.0]","[0.0,0.26315789473684215,-1.0,0.23809523809523814,0.0,0.0,-0.26086956521739135,0.7142857142857143,0.16000000000000003,0.0]",0.011466928190040327,512,14.357806336018257,14364.78411102295,13.155468540004222,1.2023377960140351,0.1335930884460039,0.1283389730087947,498029465216.7388,586513623091454,549743671984358,36769951107096,52266431496,44699952,0,0,57321388,102021340,97.29513168334961,13.75072510430376,10091.390625,0.05,
texture-all,fecam,texture,3,54,resnet18_cifar,0.05,"[0.1,0.05,0.01]",last_epoch_train_mean,2.4278649019907754,0.05,2.4278649019907754,1759540869274362,44699952,10,3193587154965,0.8666359250488569,0.75,0.09143152355691901,0.09143152355691901,-0.09143152355691901,6,0.09143152355691901,0.0,0.15493046748656564,0.0,0.0,0.06557377049180324,0.38888888888888884,0.3333333333333333,"[1.0,0.9,0.8969072164948454,0.8559322033898306,0.875,0.8896103896103896,0.8870056497175142,0.8181818181818182,0.7937219730941704,0.75]","[0.06557377049180324,0.368421052631579,0.0,0.0,0.0,0.38888888888888884,0.0,0.0,0.0]","[0.0,0.21052631578947367,-0.8823529411764706,0.33333333333333337,0.0,0.0,-0.13043478260869568,0.6666666666666667,0.12,0.4117647058823529]",0.07295032978866604,512,14.288926164008444,14292.484497070312,13.1385093779827,1.150416786025744,0.12782408733619377,0.12720633400022052,498029465216.7388,586513623091454,549743671984358,36769951107096,52266431496,44699952,0,0,57321388,102021340,97.29513168334961,12.850085479173382,10091.390625,0.05,/nobackup/proj/disk/naiss2026-4-902/shared/yizhil/Avalanche/avalanche-master/joint_result_texture-all/fecam/order3/joint_texture_fecam__order-3__seed-054.json
texture-all,fecam,texture,3,54,resnet18_cifar,0.01,"[0.1,0.05,0.01]",last_epoch_train_mean,2.4745777543768823,0.05,2.4278649019907754,1759540869274362,44699952,10,3193587154965,0.9917791140100556,0.975,0.0,0.0,-0.0,1,0.0,0.0,0.0,0.0,0.0,0.0,0.0,0.0,"[1.0,1.0,1.0,1.0,1.0,1.0,1.0,0.9696969696969697,0.9730941704035875,0.975]","[0.0,0.0,0.0,0.0,0.0,0.0,0.0,0.0,0.0]","[0.0,0.0,-1.0,0.0,0.0,0.0,-0.26086956521739135,0.2857142857142857,-0.07999999999999996,0.0]",-0.10551552795031056,512,14.427990103024058,14431.079139709473,13.320796087005874,1.107194016018184,0.12302155733535376,0.12307495801360346,498029465216.7388,586513623091454,549743671984358,36769951107096,52266431496,44699952,0,0,57321388,102021340,97.29513168334961,12.236236520887664,10091.390625,0.05,
texture-all,fecam,texture,3,55,resnet18_cifar,0.1,"[0.1,0.05,0.01]",last_epoch_train_mean,2.4154280697006776,0.1,2.4154280697006776,1759540869274362,44699952,10,3193587154965,0.9354875892951243,0.8375,0.04752622296481947,0.04752622296481947,-0.04752622296481947,6,0.04752622296481947,0.0,0.07905860051903127,0.0,0.0,0.04761904761904767,0.2222222222222222,0.3333333333333333,"[1.0,1.0,0.9587628865979382,0.9661016949152542,0.9632352941176471,0.961038961038961,0.9548022598870056,0.8838383838383839,0.8295964125560538,0.8375]","[0.0,0.1578947368421053,0.0,0.04761904761904767,0.0,0.2222222222222222,0.0,0.0,0.0]","[-0.3278688524590164,0.0,-0.8823529411764706,-0.4285714285714286,-0.11111111111111105,-0.6111111111111112,0.08695652173913049,0.42857142857142855,0.040000000000000036,-1.0]",-0.28054874941185787,512,13.994786507973913,13998.08211517334,12.890303088992368,1.1044834189815447,0.1227203798868383,0.12198011702275835,498029465216.7388,586513623091454,549743671984358,36769951107096,52266431496,44699952,0,0,57321388,102021340,97.29513168334961,12.089127345583014,10091.390625,0.1,/nobackup/proj/disk/naiss2026-4-902/shared/yizhil/Avalanche/avalanche-master/joint_result_texture-all/fecam/order3/joint_texture_fecam__order-3__seed-055.json
texture-all,fecam,texture,3,55,resnet18_cifar,0.05,"[0.1,0.05,0.01]",last_epoch_train_mean,2.4438608927899095,0.1,2.4154280697006776,1759540869274362,44699952,10,3193587154965,0.9665698291726261,0.8833333333333333,0.04200315603824377,0.04200315603824377,-0.04200315603824377,6,0.04200315603824377,0.0,0.08584208018296104,0.0,0.0,0.04761904761904767,0.2777777777777778,0.3333333333333333,"[1.0,1.0,1.0,1.0,1.0,1.0,0.9943502824858758,0.9090909090909091,0.8789237668161435,0.8833333333333333]","[0.0,0.052631578947368474,0.0,0.04761904761904767,0.0,0.2777777777777778,0.0,0.0,0.0]","[-0.3278688524590164,0.0,-0.9411764705882353,-0.4285714285714286,-0.16666666666666663,-0.6666666666666667,0.0,0.38095238095238093,-0.12,-1.0]",-0.32699977039996325,512,14.01024574303301,14013.542953491211,12.886065624014009,1.1241801190190017,0.12490890211322242,0.1225095450063236,498029465216.7388,586513623091454,549743671984358,36769951107096,52266431496,44699952,0,0,57321388,102021340,97.29513168334961,12.643616200148244,10091.390625,0.1,
texture-all,fecam,texture,3,55,resnet18_cifar,0.01,"[0.1,0.05,0.01]",last_epoch_train_mean,2.4423041286238707,0.1,2.4154280697006776,1759540869274362,44699952,10,3193587154965,0.990553970195226,0.9666666666666667,0.0,0.0,-0.0,1,0.0,0.0,0.0,0.0,0.0,0.0,0.0,0.0,"[1.0,1.0,1.0,1.0,1.0,1.0,1.0,0.9747474747474747,0.9641255605381166,0.9666666666666667]","[0.0,0.0,0.0,0.0,0.0,0.0,0.0,0.0,0.0]","[-0.3278688524590164,0.0,-0.9411764705882353,-0.4285714285714286,-0.16666666666666663,-0.6666666666666667,0.0,0.0,-0.31999999999999995,-1.0]",-0.38509500849520134,512,19.13774008405744,19149.799209594727,17.391591188003076,1.7461488960543647,0.19401654400604051,0.14650586299831048,498029465216.7388,586513623091454,549743671984358,36769951107096,52266431496,44699952,0,0,57321388,102021340,97.29513168334961,13.634485112561379,10091.390625,0.1,
texture-all,fecam,texture,3,56,resnet18_cifar,0.1,"[0.1,0.05,0.01]",last_epoch_train_mean,2.4047812955925263,0.1,2.4047812955925263,1759540869274362,44699952,10,3193587154965,0.7740766906379221,0.6708333333333333,0.07593969745249583,0.07593969745249583,-0.07593969745249583,1,0.07593969745249583,0.05555555555555558,0.07878878429627031,0.0,0.0,0.1428571428571428,0.21311475409836067,0.5555555555555556,"[1.0,0.8125,0.7938144329896907,0.7288135593220338,0.7647058823529411,0.7792207792207793,0.7909604519774012,0.7272727272727273,0.672645739910314,0.6708333333333333]","[0.21311475409836067,0.10526315789473684,0.0,0.1428571428571428,0.05555555555555558,0.16666666666666663,0.0,0.0,0.0]","[-0.360655737704918,0.368421052631579,0.05882352941176472,-0.1428571428571428,-0.8333333333333334,0.05555555555555558,0.0,0.8095238095238095,0.64,0.11764705882352944]",0.0713124792050844,512,15.07834430600633,15085.29711151123,13.949620156985475,1.1287241490208544,0.12541379433565047,0.12228657898958772,498029465216.7388,586513623091454,549743671984358,36769951107096,52266431496,44699952,0,0,57321388,102021340,97.29513168334961,13.094532720666999,10091.390625,0.1,/nobackup/proj/disk/naiss2026-4-902/shared/yizhil/Avalanche/avalanche-master/joint_result_texture-all/fecam/order3/joint_texture_fecam__order-3__seed-056.json
texture-all,fecam,texture,3,56,resnet18_cifar,0.05,"[0.1,0.05,0.01]",last_epoch_train_mean,2.4409723856362953,0.1,2.4047812955925263,1759540869274362,44699952,10,3193587154965,0.8590626375048076,0.775,0.09396061495572568,0.09396061495572568,-0.09396061495572568,6,0.09396061495572568,0.09523809523809523,0.104374320659315,0.0,0.0,0.11111111111111105,0.2777777777777778,0.5555555555555556,"[1.0,0.9625,0.8865979381443299,0.864406779661017,0.8308823529411765,0.8506493506493507,0.8361581920903954,0.8131313131313131,0.7713004484304933,0.775]","[0.09836065573770492,0.26315789473684215,0.0,0.09523809523809523,0.11111111111111105,0.2777777777777778,0.0,0.0,0.0]","[-0.360655737704918,0.10526315789473684,0.11764705882352944,-0.33333333333333326,-0.5555555555555556,0.0,-0.04347826086956519,0.33333333333333337,0.4,0.0]",-0.03367793374117724,512,14.735732696048217,14743.802352905273,13.485750734020257,1.2499819620279595,0.13888688466977328,0.13482180700520985,498029465216.7388,586513623091454,549743671984358,36769951107096,52266431496,44699952,0,0,57321388,102021340,97.29513168334961,13.48447235856535,10091.390625,0.1,
texture-all,fecam,texture,3,56,resnet18_cifar,0.01,"[0.1,0.05,0.01]",last_epoch_train_mean,2.4549264563135353,0.1,2.4047812955925263,1759540869274362,44699952,10,3193587154965,0.988173721520134,0.9625,0.0,0.0,-0.0,1,0.0,0.0,0.0,0.0,0.0,0.0,0.0,0.0,"[1.0,1.0,1.0,1.0,1.0,1.0,1.0,0.9595959595959596,0.9596412556053812,0.9625]","[0.0,0.0,0.0,0.0,0.0,0.0,0.0,0.0,0.0]","[-0.360655737704918,0.0,-0.11764705882352944,-0.47619047619047616,-0.8333333333333334,0.0,-0.13043478260869568,0.38095238095238093,0.040000000000000036,-0.05882352941176472]",-0.15561325371203363,512,14.379433995054569,14382.629554748535,13.27768165798625,1.1017523370683193,0.12241692634092437,0.12177126601454802,498029465216.7388,586513623091454,549743671984358,36769951107096,52266431496,44699952,0,0,57321388,102021340,97.29513168334961,12.156436424993444,10091.390625,0.1,
texture-all,tagfex,texture,1,52,resnet18_cifar,0.1,"[0.1,0.05,0.01]",last_epoch_train_mean,2.928319311141968,0.05,1.878383175532023,355453055526125712,510577468,10,0,0.9696014474044766,1.0,0.0,-0.009902951079421666,0.009902951079421666,1,0.0,0.0,0.0,0.0,0.0,0.0,0.0,0.0,"[0.9696969696969697,1.0,0.9537037037037037,0.9767441860465116,0.9862068965517241,0.8895705521472392,1.0,0.98,0.9400921658986175,1.0]","[0.0,0.0,0.0,0.0,0.0,0.0,0.0,0.0,0.0]","[0.030303030303030276,0.0,-0.9411764705882353,0.0,0.0,0.0,0.0,0.0,0.0,0.0]",-0.0910873440285205,5120,1602.8181404369825,1602866.44140625,36.28281181899365,1566.5353286179889,174.0594809575543,164.26140946999658,11000500741142.924,118484351842041904,108196182868079014,10288168973962890,383014533132,510577468,394272000,11520,166478620,1071339608,1021.7090682983398,4.2243539707366535,68021.26318359375,0.05,
texture-all,tagfex,texture,1,52,resnet18_cifar,0.05,"[0.1,0.05,0.01]",last_epoch_train_mean,1.878383175532023,0.05,1.878383175532023,355453055526125712,510577468,10,0,0.9590675776373914,0.8958333333333334,0.1381357433989013,0.1381357433989013,-0.1381357433989013,8,0.1381357433989013,0.0,0.28677543357200297,0.0,0.0,0.015151515151515138,0.8947368421052632,0.3333333333333333,"[1.0,1.0,0.7407407407407407,0.9922480620155039,1.0,0.9815950920245399,0.994475138121547,0.995,0.9907834101382489,0.8958333333333334]","[0.015151515151515138,0.0,0.0,0.33333333333333337,0.0,0.0,0.0,0.8947368421052632,0.0]","[0.0,0.0,-1.0,0.0,0.0,0.0,0.0,0.0,0.0,0.0]",-0.1,5120,1608.4361617149261,1608483.78125,35.064428454003064,1573.371733260923,174.8190814734359,164.45461575197987,11000500741142.924,118484351842041904,108196182868079014,10288168973962890,383014533132,510577468,394272000,11520,166478620,1071339608,1021.7090682983398,4.186360120850925,68024.79736328125,0.05,/nobackup/proj/disk/naiss2026-4-902/shared/yizhil/Avalanche/avalanche-master/joint_result_texture-all/tagfex/order1/joint_texture_tagfex__order-1__seed-052.json
texture-all,tagfex,texture,1,52,resnet18_cifar,0.01,"[0.1,0.05,0.01]",last_epoch_train_mean,1.9261544942855835,0.05,1.878383175532023,355453055526125712,510577468,10,0,0.9723883005189281,1.0,0.0,0.0,-0.0,1,0.0,0.0,0.0,0.0,0.0,0.0,0.0,0.0,"[1.0,1.0,0.8055555555555556,1.0,1.0,0.9754601226993865,0.988950276243094,1.0,0.9539170506912442,1.0]","[0.0,0.0,0.0,0.0,0.0,0.0,0.0,0.0,0.0]","[0.0,0.0,-1.0,0.0,0.0,0.0,0.0,0.0,0.0,0.0]",-0.1,5120,1619.433625116013,1619481.8203125,34.6992088650004,1584.7344162510126,176.08160180566807,165.0682841890084,11000500741142.924,118484351842041904,108196182868079014,10288168973962890,383014533132,510577468,394272000,11520,166478620,1071339608,1021.7090682983398,4.2026463081128895,68024.79736328125,0.05,
texture-all,tagfex,texture,1,53,resnet18_cifar,0.1,"[0.1,0.05,0.01]",last_epoch_train_mean,2.323733345667521,0.05,1.9259357134501138,355454094966603834,510577468,10,0,0.9058603609584365,0.9916666666666667,0.011463844797178139,-0.03904120570787237,0.03904120570787237,6,0.011463844797178139,0.0,0.02152831678259914,0.0,0.0,0.0,0.05555555555555558,0.2222222222222222,"[0.5454545454545454,0.967032967032967,0.8055555555555556,0.9689922480620154,1.0,0.8773006134969326,0.9779005524861878,0.98,0.9447004608294931,0.9916666666666667]","[0.0,0.0,0.0,0.04761904761904767,0.0,0.05555555555555558,0.0,0.0,0.0]","[0.4545454545454546,0.0,0.0,-1.0,0.0,-0.05555555555555558,0.0,0.0,0.0,0.0]",-0.0601010101010101,5120,1613.1930359220132,1613240.5859375,34.65003269497538,1578.5430032270378,175.39366702522642,164.3761822200031,11000265020253.188,118484698322201278,108196529348238388,10288168973962890,383014533132,510577468,394272000,11520,166478620,1071339608,1021.7090682983398,4.182000770985421,68023.5,0.05,
texture-all,tagfex,texture,1,53,resnet18_cifar,0.05,"[0.1,0.05,0.01]",last_epoch_train_mean,1.9259357134501138,0.05,1.9259357134501138,355454094966603834,510577468,10,0,0.8594959688363559,1.0,0.0,-0.025252525252525256,0.025252525252525256,1,0.0,0.0,0.0,0.0,0.0,0.0,0.0,0.0,"[0.7727272727272727,1.0,0.6203703703703703,0.9844961240310077,1.0,0.9447852760736196,1.0,0.95,0.3225806451612903,1.0]","[0.0,0.0,0.0,0.0,0.0,0.0,0.0,0.0,0.0]","[0.2272727272727273,0.0,0.0,-1.0,0.0,-0.05555555555555558,0.0,0.0,0.0,0.0]",-0.08282828282828283,5120,1603.9126592010434,1603959.94140625,34.888342364982236,1569.0243168360612,174.3360352040068,163.97774191800272,11000265020253.188,118484698322201278,108196529348238388,10288168973962890,383014533132,510577468,394272000,11520,166478620,1071339608,1021.7090682983398,4.1823775083078845,68023.5,0.05,/nobackup/proj/disk/naiss2026-4-902/shared/yizhil/Avalanche/avalanche-master/joint_result_texture-all/tagfex/order1/joint_texture_tagfex__order-1__seed-053.json
texture-all,tagfex,texture,1,53,resnet18_cifar,0.01,"[0.1,0.05,0.01]",last_epoch_train_mean,1.9270294666290284,0.05,1.9259357134501138,355454094966603834,510577468,10,0,0.9472242715374977,1.0,0.0,0.0,-0.0,1,0.0,0.0,0.0,0.0,0.0,0.0,0.0,0.0,"[1.0,1.0,0.75,0.9922480620155039,1.0,1.0,0.9558011049723757,1.0,0.7741935483870968,1.0]","[0.0,0.0,0.0,0.0,0.0,0.0,0.0,0.0,0.0]","[0.0,0.0,0.0,-1.0,0.0,-0.05555555555555558,0.0,0.0,0.0,0.0]",-0.10555555555555556,5120,1608.2087541290093,1608256.4765625,34.692847847996745,1573.5159062810126,174.83510069789028,164.97625939798309,11000265020253.188,118484698322201278,108196529348238388,10288168973962890,383014533132,510577468,394272000,11520,166478620,1071339608,1021.7090682983398,4.179288782931205,68023.5,0.05,
texture-all,tagfex,texture,1,54,resnet18_cifar,0.1,"[0.1,0.05,0.01]",last_epoch_train_mean,2.068588693936666,0.01,1.9224568843841552,355455480886514514,510577468,10,0,0.908769500732514,1.0,0.0,-0.02693602693602694,0.02693602693602694,1,0.0,0.0,0.0,0.0,0.0,0.0,0.0,0.0,"[0.7575757575757576,0.7582417582417582,0.8611111111111112,0.8294573643410853,0.9793103448275862,0.9938650306748467,1.0,0.945,0.9631336405529954,1.0]","[0.0,0.0,0.0,0.0,0.0,0.0,0.0,0.0,0.0]","[0.24242424242424243,0.0,0.0,-1.0,0.0,0.0,0.0,0.0,-0.05882352941176472,0.0]",-0.08163992869875222,5120,1606.2592666300188,1606306.76171875,35.39118950802367,1570.8680771219952,174.54089745799945,163.65136701602023,11000500741142.924,118485160295747560,108196991321784670,10288168973962890,383014533132,510577468,394272000,11520,166478620,1071339608,1021.7090682983398,4.188574387323267,65943.9853515625,0.01,
texture-all,tagfex,texture,1,54,resnet18_cifar,0.05,"[0.1,0.05,0.01]",last_epoch_train_mean,2.044350751241048,0.01,1.9224568843841552,355455480886514514,510577468,10,0,0.8141621275329898,0.8833333333333333,0.15160797616937968,0.040496865058268564,-0.040496865058268564,8,0.15160797616937968,0.030303030303030276,0.2696689942214462,0.0,0.0,0.05555555555555558,0.8421052631578947,0.5555555555555556,"[1.0,1.0,0.21296296296296297,0.937984496124031,1.0,0.9079754601226994,0.988950276243094,0.98,0.2304147465437788,0.8833333333333333]","[0.030303030303030276,0.0,0.0,0.38095238095238093,0.0,0.05555555555555558,0.05555555555555558,0.8421052631578947,0.0]","[0.0,0.0,1.0,-1.0,0.0,0.0,0.0,0.0,-0.05882352941176472,0.0]",-0.005882352941176472,5120,1593.2484770809824,1593295.55078125,35.19976719201077,1558.0487098889716,173.11652332099686,162.9430863049929,11000500741069.29,118485160295019394,108196991321056504,10288168973962890,383014533132,510577468,394272000,11520,166478620,1071339608,1021.7090682983398,4.173739250230331,65943.9853515625,0.01,
texture-all,tagfex,texture,1,54,resnet18_cifar,0.01,"[0.1,0.05,0.01]",last_epoch_train_mean,1.9224568843841552,0.01,1.9224568843841552,355455480886514514,510577468,10,0,0.9864278070442726,1.0,0.0,-0.0392156862745098,0.0392156862745098,1,0.0,0.0,0.0,0.0,0.0,0.0,0.0,0.0,"[1.0,1.0,0.8796296296296297,1.0,1.0,0.9938650306748467,1.0,1.0,0.9907834101382489,1.0]","[0.0,0.0,0.0,0.0,0.0,0.0,0.0,0.0,0.0]","[0.0,0.0,0.3529411764705882,-1.0,0.0,0.0,0.0,0.0,-0.05882352941176472,0.0]",-0.07058823529411765,5120,1596.9028966100013,1596949.76953125,35.08859443300753,1561.8143021769938,173.53492246411042,163.4237529769889,11000500741142.924,118485160295747560,108196991321784670,10288168973962890,383014533132,510577468,394272000,11520,166478620,1071339608,1021.7090682983398,4.191445974720409,65943.9853515625,0.01,/nobackup/proj/disk/naiss2026-4-902/shared/yizhil/Avalanche/avalanche-master/joint_result_texture-all/tagfex/order1/joint_texture_tagfex__order-1__seed-054.json
texture-all,tagfex,texture,1,55,resnet18_cifar,0.1,"[0.1,0.05,0.01]",last_epoch_train_mean,2.444755188624064,0.01,1.8584110180536906,355449937204689498,510577468,10,0,0.9618041628307156,1.0,0.0,-0.019595959595959597,0.019595959595959597,1,0.0,0.0,0.0,0.0,0.0,0.0,0.0,0.0,"[0.8636363636363636,0.8681318681318682,0.9444444444444444,0.9922480620155039,1.0,0.9877300613496932,0.9668508287292817,0.995,1.0,1.0]","[0.0,0.0,0.0,0.0,0.0,0.0,0.0,0.0,0.0]","[0.13636363636363635,0.040000000000000036,0.0,-0.9047619047619048,0.0,0.0,0.0,0.0,0.0,0.0]",-0.07283982683982684,5120,1594.8215582499397,1594868.50390625,35.17950792500051,1559.6420503249392,173.29356114721546,163.13995568998507,11000500741142.924,118483312401563166,108195143427600276,10288168973962890,383014533132,510577468,394272000,11520,166478620,1071339608,1021.7090682983398,4.1695568584448965,75808.07080078125,0.01,
texture-all,tagfex,texture,1,55,resnet18_cifar,0.05,"[0.1,0.05,0.01]",last_epoch_train_mean,1.9160521427790325,0.01,1.8584110180536906,355449937204689498,510577468,10,0,0.974519547124469,1.0,0.0,-0.01515151515151515,0.01515151515151515,1,0.0,0.0,0.0,0.0,0.0,0.0,0.0,0.0,"[0.8636363636363636,1.0,0.9537037037037037,0.9922480620155039,0.993103448275862,0.9815950920245399,0.988950276243094,0.995,0.9769585253456221,1.0]","[0.0,0.0,0.0,0.0,0.0,0.0,0.0,0.0,0.0]","[0.13636363636363635,0.0,0.0,-0.9047619047619048,0.0,0.0,0.0,0.0,0.0,0.0]",-0.07683982683982685,5120,1663.7258454499533,1663775.7265625,102.77540738499374,1560.9504380649596,173.43893756277328,163.52800463300082,11000500741142.924,118483312401563166,108195143427600276,10288168973962890,383014533132,510577468,394272000,11520,166478620,1071339608,1021.7090682983398,4.189716579154871,75808.07080078125,0.01,
texture-all,tagfex,texture,1,55,resnet18_cifar,0.01,"[0.1,0.05,0.01]",last_epoch_train_mean,1.8584110180536906,0.01,1.8584110180536906,355449937204689498,510577468,10,0,0.9842926267281106,1.0,0.0,-0.005847953216374275,0.005847953216374275,1,0.0,0.0,0.0,0.0,0.0,0.0,0.0,0.0,"[1.0,1.0,1.0,1.0,1.0,1.0,1.0,0.995,0.847926267281106,1.0]","[0.0,0.0,0.0,0.0,0.0,0.0,0.0,0.0,0.0]","[0.0,0.0,0.0,-0.9047619047619048,0.0,0.0,0.0,0.052631578947368474,0.0,0.0]",-0.08521303258145363,5120,1626.0501295390131,1626099.328125,35.822339628997725,1590.2277899100154,176.69197665666837,167.5647180310043,11000500741142.924,118483312401563166,108195143427600276,10288168973962890,383014533132,510577468,394272000,11520,166478620,1071339608,1021.7090682983398,4.1935166164572975,75808.07080078125,0.01,/nobackup/proj/disk/naiss2026-4-902/shared/yizhil/Avalanche/avalanche-master/joint_result_texture-all/tagfex/order1/joint_texture_tagfex__order-1__seed-055.json
texture-all,tagfex,texture,1,56,resnet18_cifar,0.1,"[0.1,0.05,0.01]",last_epoch_train_mean,2.9158923467000326,0.05,1.9707525491714477,355450768732149770,510577468,10,0,0.835527374835574,1.0,0.0,-0.07892652010299069,0.07892652010299069,1,0.0,0.0,0.0,0.0,0.0,0.0,0.0,0.0,"[0.3484848484848485,0.7142857142857143,0.8240740740740741,0.875968992248062,1.0,0.8098159509202454,0.9060773480662984,0.895,0.9815668202764977,1.0]","[0.0,0.0,0.0,0.0,0.0,0.0,0.0,0.0,0.0]","[0.5909090909090909,0.0,0.0,-0.23809523809523814,0.0,0.0,0.0,0.0,0.0,0.0]",0.03528138528138528,5120,1607.8434567240183,1607892.34765625,37.46667389100185,1570.3767828330165,174.4863092036685,163.53439663900645,11000500741142.924,118483589577811062,108195420603848172,10288168973962890,383014533132,510577468,394272000,11520,166478620,1071339608,1021.7090682983398,4.1860885959370835,75799.7275390625,0.05,
texture-all,tagfex,texture,1,56,resnet18_cifar,0.05,"[0.1,0.05,0.01]",last_epoch_train_mean,1.9707525491714477,0.05,1.9707525491714477,355450768732149770,510577468,10,0,0.8460111552687067,0.8875,0.15423591658885774,-0.10589480236539063,0.10589480236539063,8,0.15423591658885774,0.0,0.3059454468245575,0.0,0.0,0.11764705882352944,1.0,0.4444444444444444,"[1.0,0.8901098901098901,0.6759259259259259,0.4186046511627907,0.9724137931034482,0.7668711656441718,0.9005524861878453,0.985,0.9631336405529954,0.8875]","[0.0,0.07999999999999996,0.0,0.19047619047619047,0.0,0.0,0.0,1.0,0.11764705882352944]","[-0.06060606060606055,0.4,0.8823529411764706,0.7619047619047619,0.0,0.0,0.0,0.0,0.0,0.0]",0.19836516424751718,5120,1580.7414405920135,1580792.64453125,35.87691553699551,1544.864525055018,171.65161389500201,160.8956048109976,11000500741032.09,118483589576527646,108195420602564756,10288168973962890,383014533132,510577468,394272000,11520,166478620,1071339608,1021.7090682983398,4.201598203993247,75799.7275390625,0.05,/nobackup/proj/disk/naiss2026-4-902/shared/yizhil/Avalanche/avalanche-master/joint_result_texture-all/tagfex/order1/joint_texture_tagfex__order-1__seed-056.json
texture-all,tagfex,texture,1,56,resnet18_cifar,0.01,"[0.1,0.05,0.01]",last_epoch_train_mean,2.0262986183166505,0.05,1.9707525491714477,355450768732149770,510577468,10,0,0.9207077886502232,1.0,0.0,0.0,-0.0,1,0.0,0.0,0.0,0.0,0.0,0.0,0.0,0.0,"[1.0,1.0,0.7314814814814815,1.0,1.0,1.0,0.9779005524861878,1.0,0.4976958525345622,1.0]","[0.0,0.0,0.0,0.0,0.0,0.0,0.0,0.0,0.0]","[-0.06060606060606055,0.0,-0.05882352941176472,-0.23809523809523814,0.0,0.0,0.0,0.0,0.0,0.0]",-0.035752482811306344,5120,1589.7555393829534,1589802.984375,34.86467602298944,1554.890863359964,172.76565148444044,162.8993682890141,11000500741142.924,118483589577811062,108195420603848172,10288168973962890,383014533132,510577468,394272000,11520,166478620,1071339608,1021.7090682983398,4.18513287101329,75799.7275390625,0.05,
texture-all,tagfex,texture,2,52,resnet18_cifar,0.1,"[0.1,0.05,0.01]",last_epoch_train_mean,2.2140952666600544,0.05,1.8026338259379069,356714885345034604,510577468,10,0,0.830735362499369,0.9958333333333333,0.004444444444444449,-0.15193415637860083,0.15193415637860083,2,0.004444444444444449,0.0,0.01257078722109419,0.0,0.0,0.0,0.040000000000000036,0.1111111111111111,"[0.9814814814814815,0.6835443037974683,0.9693877551020408,0.7416666666666667,0.8671328671328671,0.9440993788819876,0.45108695652173914,0.9253731343283582,0.7477477477477478,0.9958333333333333]","[0.0,0.040000000000000036,0.0,0.0,0.0,0.0,0.0,0.0,0.0]","[0.0,1.0,0.0,0.0,0.0,0.38888888888888884,-0.30434782608695654,0.0,-0.09523809523809523,0.0]",0.0989302967563837,5120,1603.3605911959894,1603412.90234375,37.888029388006544,1565.4725618079829,173.94139575644255,164.5109835730109,11000501281033.043,118904961781866782,108575029947497104,10329931834369678,383014533132,510577468,394272000,11520,166478620,1071339608,1021.7090682983398,4.175246274947615,64136.03173828125,0.05,
texture-all,tagfex,texture,2,52,resnet18_cifar,0.05,"[0.1,0.05,0.01]",last_epoch_train_mean,1.8026338259379069,0.05,1.8026338259379069,356714885345034604,510577468,10,0,0.8079296799407446,0.675,0.4216573371162743,0.4216573371162743,-0.4216573371162743,2,0.4216573371162743,0.34782608695652173,0.4352324030762154,0.0,0.0,1.0,1.0,0.6666666666666666,"[1.0,0.7341772151898734,1.0,1.0,1.0,0.9565217391304348,0.33152173913043476,0.8009950248756219,0.581081081081081,0.675]","[0.01851851851851849,1.0,0.0,0.0,0.0,1.0,0.34782608695652173,1.0,0.4285714285714286]","[-0.01851851851851849,0.0,0.0,0.0,0.0,0.0,-0.30434782608695654,0.0,-0.09523809523809523,0.0]",-0.04181044398435703,5120,1583.991735226009,1584039.17578125,35.611023826000746,1548.3807114000083,172.04230126666758,162.06574036797974,11000501280952.078,118904961781300478,108575029946930800,10329931834369678,383014533132,510577468,394272000,11520,166478620,1071339608,1021.7090682983398,4.173824654208147,64136.03173828125,0.05,/nobackup/proj/disk/naiss2026-4-902/shared/yizhil/Avalanche/avalanche-master/joint_result_texture-all/tagfex/order2/joint_texture_tagfex__order-2__seed-052.json
texture-all,tagfex,texture,2,52,resnet18_cifar,0.01,"[0.1,0.05,0.01]",last_epoch_train_mean,1.8194809357325237,0.05,1.8026338259379069,356714885345034604,510577468,10,0,0.8755717855707997,0.7916666666666666,0.2663565136199407,0.2663565136199407,-0.2663565136199407,6,0.2663565136199407,0.05882352941176472,0.35923377182868843,0.0,0.0,0.5714285714285714,1.0,0.5555555555555556,"[1.0,0.9746835443037974,1.0,0.8666666666666667,1.0,1.0,0.33152173913043476,0.9353233830845771,0.8558558558558559,0.7916666666666666]","[0.0,0.6799999999999999,0.0,0.0,0.0,1.0,0.08695652173913049,0.05882352941176472,0.5714285714285714]","[-0.01851851851851849,0.0,0.0,0.0,0.0,0.0,-0.30434782608695654,0.0,-0.09523809523809523,0.0]",-0.04181044398435703,5120,1596.6834265840007,1596735.625,37.217094561987324,1559.4663320220134,173.27403689133482,162.95678317398415,11000501281033.2,118904961781867344,108575029947497666,10329931834369678,383014533132,510577468,394272000,11520,166478620,1071339608,1021.7090682983398,4.18287077069787,64136.03173828125,0.05,
texture-all,tagfex,texture,2,53,resnet18_cifar,0.1,"[0.1,0.05,0.01]",last_epoch_train_mean,2.142152198155721,0.05,1.8559469779332478,356710277135799228,510577468,10,0,0.7758154760874103,0.75,0.2774293157667621,0.18409598243342878,-0.18409598243342878,9,0.2774293157667621,0.17647058823529416,0.3201038535379203,0.0,0.052631578947368474,0.2222222222222222,1.0,0.7777777777777778,"[1.0,0.7341772151898734,1.0,0.8833333333333333,0.6573426573426573,0.9813664596273292,0.42391304347826086,0.8009950248756219,0.527027027027027,0.75]","[0.14814814814814814,0.6799999999999999,0.052631578947368474,0.0,0.0,0.2222222222222222,0.21739130434782605,0.17647058823529416,1.0]","[0.0,0.64,0.0,0.0,0.0,0.05555555555555558,-0.6086956521739131,-0.23529411764705888,0.0,0.0]",-0.014843421426541636,5120,1587.1295740420464,1587177.18359375,35.97772193100536,1551.151852111041,172.35020579011567,162.25746170201455,11000465277237.8,118903425711947654,108573493877577976,10329931834369678,383014533132,510577468,394272000,11520,166478620,1071339608,1021.7090682983398,4.179820629118088,65950.07275390625,0.05,
texture-all,tagfex,texture,2,53,resnet18_cifar,0.05,"[0.1,0.05,0.01]",last_epoch_train_mean,1.8559469779332478,0.05,1.8559469779332478,356710277135799228,510577468,10,0,0.7949993150122936,0.48333333333333334,0.5911612095186976,0.5861107044681924,-0.5861107044681924,2,0.5911612095186976,0.9130434782608696,0.45391935260800687,0.0,0.0,1.0,1.0,0.6666666666666666,"[1.0,1.0,1.0,0.9916666666666667,0.986013986013986,0.8695652173913043,0.4945652173913043,0.7960199004975125,0.32882882882882886,0.48333333333333334]","[0.40740740740740744,1.0,0.0,0.0,0.0,1.0,0.9130434782608696,1.0,1.0]","[0.0,-0.19999999999999996,0.0,0.045454545454545414,0.0,0.0,-0.6086956521739131,-0.23529411764705888,0.0,0.0]",-0.09985352243664265,5120,1609.6156981760287,1609664.2890625,36.3870684709982,1573.2286297050305,174.8031810783367,166.04735426200205,11000465277227.145,118903425711903820,108573493877534142,10329931834369678,383014533132,510577468,394272000,11520,166478620,1071339608,1021.7090682983398,4.17144369178762,65950.07275390625,0.05,/nobackup/proj/disk/naiss2026-4-902/shared/yizhil/Avalanche/avalanche-master/joint_result_texture-all/tagfex/order2/joint_texture_tagfex__order-2__seed-053.json
texture-all,tagfex,texture,2,53,resnet18_cifar,0.01,"[0.1,0.05,0.01]",last_epoch_train_mean,1.8716047922770183,0.05,1.8559469779332478,356710277135799228,510577468,10,0,0.9785468339481845,0.9583333333333334,0.05122577211238763,0.042336883223498746,-0.042336883223498746,2,0.05122577211238763,0.04347826086956519,0.06354971975862424,0.0,0.0,0.05882352941176472,0.19999999999999996,0.5555555555555556,"[1.0,0.9746835443037974,1.0,0.9666666666666667,1.0,1.0,0.9945652173913043,0.945273631840796,0.9459459459459459,0.9583333333333334]","[0.0,0.19999999999999996,0.0,0.0,0.0,0.11111111111111116,0.04347826086956519,0.05882352941176472,0.04761904761904767]","[0.0,-0.12,0.0,0.0,0.0,0.0,-0.6086956521739131,-0.23529411764705888,0.0,0.0]",-0.09639897698209719,5120,1608.9079706540215,1608960.43359375,36.634420457994565,1572.273550196027,174.6970611328919,163.9542151390051,11000465277237.8,118903425711947754,108573493877578076,10329931834369678,383014533132,510577468,394272000,11520,166478620,1071339608,1021.7090682983398,4.176079674895543,65950.07275390625,0.05,
texture-all,tagfex,texture,2,54,resnet18_cifar,0.1,"[0.1,0.05,0.01]",last_epoch_train_mean,2.1942872365315753,0.05,1.8664778073628743,356714261704953350,510577468,10,0,0.8109540293178181,0.8916666666666667,0.13784832451499118,0.011231756255910849,-0.011231756255910849,6,0.13784832451499118,0.0,0.2487138002081758,0.0,0.0,0.1428571428571429,0.7777777777777778,0.3333333333333333,"[0.9074074074074074,0.6075949367088608,0.8673469387755102,0.7333333333333333,0.972027972027972,0.8136645962732919,0.6467391304347826,0.9850746268656716,0.6846846846846847,0.8916666666666667]","[0.0,0.31999999999999995,0.0,0.0,0.0,0.7777777777777778,0.0,0.0,0.1428571428571429]","[0.09259259259259256,1.0,0.0,-1.0,-0.9130434782608695,0.0,0.0,-1.0,-0.5238095238095238,0.0]",-0.23442604094778008,5120,1582.3373932339891,1582384.859375,35.85390808500233,1546.4834851489868,171.83149834988743,162.030028572015,11000465277237.8,118904753901651368,108574822067281690,10329931834369678,383014533132,510577468,394272000,11520,166478620,1071339608,1021.7090682983398,4.176574375257284,64137.1982421875,0.05,
texture-all,tagfex,texture,2,54,resnet18_cifar,0.05,"[0.1,0.05,0.01]",last_epoch_train_mean,1.8664778073628743,0.05,1.8664778073628743,356714261704953350,510577468,10,0,0.8041774540661504,0.6333333333333333,0.4174647461092474,0.4085758572203585,-0.4085758572203585,2,0.4174647461092474,0.33333333333333337,0.3941597326950004,0.0,0.045454545454545414,0.8235294117647058,1.0,0.7777777777777778,"[1.0,0.9746835443037974,1.0,0.825,0.993006993006993,0.9440993788819876,0.46195652173913043,0.5024875621890548,0.7072072072072072,0.6333333333333333]","[0.33333333333333337,1.0,0.0,0.045454545454545414,0.0,1.0,0.17391304347826086,0.8235294117647058,0.38095238095238093]","[0.0,0.07999999999999996,0.0,-1.0,-1.0,0.0,0.0,-1.0,-0.5238095238095238,0.0]",-0.3443809523809524,5120,1607.9284564499976,1607981.6796875,36.401017703989055,1571.5274387460086,174.61415986066763,163.48838905701996,11000465277237.8,118904753901650664,108574822067280986,10329931834369678,383014533132,510577468,394272000,11520,166478620,1071339608,1021.7090682983398,4.177893633459462,64137.1982421875,0.05,/nobackup/proj/disk/naiss2026-4-902/shared/yizhil/Avalanche/avalanche-master/joint_result_texture-all/tagfex/order2/joint_texture_tagfex__order-2__seed-054.json
texture-all,tagfex,texture,2,54,resnet18_cifar,0.01,"[0.1,0.05,0.01]",last_epoch_train_mean,1.8684206008911133,0.05,1.8664778073628743,356714261704953350,510577468,10,0,0.8096091401527519,0.8625,0.15689594356261022,0.04578483245149912,-0.04578483245149912,2,0.15689594356261022,0.0,0.29483015103012516,0.0,0.0,0.11111111111111116,0.92,0.3333333333333333,"[1.0,0.6075949367088608,1.0,0.7083333333333334,0.993006993006993,0.9254658385093167,0.43478260869565216,0.7761194029850746,0.7882882882882883,0.8625]","[0.0,0.92,0.0,0.0,0.0,0.11111111111111116,0.0,0.0,0.38095238095238093]","[0.0,1.0,0.0,-1.0,-1.0,0.0,0.0,-1.0,-0.5238095238095238,0.0]",-0.2523809523809524,5120,1607.6467417280073,1607695.0703125,38.833819976018276,1568.812921751989,174.31254686133212,164.56844300800003,11000465277237.8,118904753901651318,108574822067281640,10329931834369678,383014533132,510577468,394272000,11520,166478620,1071339608,1021.7090682983398,4.185921579119167,64137.1982421875,0.05,
texture-all,tagfex,texture,2,55,resnet18_cifar,0.1,"[0.1,0.05,0.01]",last_epoch_train_mean,49.40828615824382,0.01,1.7968443234761555,356708925910397082,510577468,10,0,0.6718627896012564,0.55,0.5221028892696981,0.5118148234260765,-0.5118148234260765,3,0.5221028892696981,0.5217391304347826,0.33879334867003874,0.03703703703703709,0.2727272727272727,0.84,1.0,1.0,"[0.9074074074074074,0.4936708860759494,0.9897959183673469,0.5583333333333333,0.9440559440559441,0.5341614906832298,0.4782608695652174,0.3034825870646766,0.9594594594594594,0.55]","[0.03703703703703709,0.84,1.0,0.2727272727272727,0.5217391304347826,0.38888888888888884,0.9130434782608696,0.05882352941176472,0.6666666666666666]","[0.09259259259259256,0.0,0.0,-0.045454545454545414,0.0,-0.6111111111111112,0.0,-1.0,-0.1428571428571428,0.0]",-0.1706830206830207,5120,1583.2484995079576,1583296.5078125,36.5940890040074,1546.6544105039502,171.85049005599447,161.6339542909991,11000465277212.555,118902975303401634,108573043469031956,10329931834369678,383014533132,510577468,394272000,11520,166478620,1071339608,1021.7090682983398,4.153314712675638,75799.68896484375,0.01,
texture-all,tagfex,texture,2,55,resnet18_cifar,0.05,"[0.1,0.05,0.01]",last_epoch_train_mean,1.9120074113210042,0.01,1.7968443234761555,356708925910397082,510577468,10,0,0.7547953363193035,0.45416666666666666,0.630062811349361,0.59895170023825,-0.59895170023825,2,0.630062811349361,1.0,0.4297829629221924,0.0,0.26315789473684215,1.0,1.0,0.7777777777777778,"[1.0,0.9113924050632911,1.0,0.7583333333333333,0.8531468531468531,0.8322981366459627,0.2608695652173913,0.9552238805970149,0.5225225225225225,0.45416666666666666]","[0.40740740740740744,1.0,0.26315789473684215,0.0,0.0,1.0,1.0,1.0,1.0]","[0.0,0.28,0.0,-0.045454545454545414,0.0,-0.6111111111111112,0.0,-1.0,-0.38095238095238093,0.0]",-0.17575180375180374,5120,1591.30005836903,1591351.74609375,36.256601761997445,1555.0434566070326,172.7826062896703,162.82023301301524,11000465277237.8,118902975303496262,108573043469126584,10329931834369678,383014533132,510577468,394272000,11520,166478620,1071339608,1021.7090682983398,4.180908037475699,75799.68896484375,0.01,
texture-all,tagfex,texture,2,55,resnet18_cifar,0.01,"[0.1,0.05,0.01]",last_epoch_train_mean,1.7968443234761555,0.01,1.7968443234761555,356708925910397082,510577468,10,0,0.8869679768873434,0.8875,0.12253968253968253,0.011428571428571434,-0.011428571428571434,2,0.12253968253968253,0.0,0.2994187701184062,0.0,0.0,0.0,0.96,0.2222222222222222,"[1.0,0.6582278481012658,1.0,0.925,1.0,1.0,0.7663043478260869,0.8308457711442786,0.8018018018018018,0.8875]","[0.0,0.96,0.0,0.0,0.0,0.0,0.0,0.0,0.1428571428571429]","[0.0,1.0,0.0,-0.045454545454545414,0.0,-0.6111111111111112,0.0,-1.0,-0.38095238095238093,0.0]",-0.10375180375180375,5120,1597.5972485270759,1597645.15625,36.420467662013834,1561.176780865062,173.46408676278466,162.42983655602438,11000465277237.8,118902975303499186,108573043469129508,10329931834369678,383014533132,510577468,394272000,11520,166478620,1071339608,1021.7090682983398,4.190630883264627,75799.68896484375,0.01,/nobackup/proj/disk/naiss2026-4-902/shared/yizhil/Avalanche/avalanche-master/joint_result_texture-all/tagfex/order2/joint_texture_tagfex__order-2__seed-055.json
texture-all,tagfex,texture,2,56,resnet18_cifar,0.1,"[0.1,0.05,0.01]",last_epoch_train_mean,329.2730762640635,0.05,1.7207421938578287,356707574542073690,510577468,10,0,0.6767913202324216,0.9041666666666667,0.10790455375250697,-0.003206557358604139,0.003206557358604139,6,0.10790455375250697,0.040000000000000036,0.2010565394180476,0.0,0.0,0.09523809523809523,0.6666666666666667,0.6666666666666666,"[1.0,0.31645569620253167,0.42857142857142855,0.44166666666666665,0.7412587412587412,0.782608695652174,0.717391304347826,0.6069651741293532,0.8288288288288288,0.9041666666666667]","[0.01851851851851849,0.040000000000000036,0.10526315789473684,0.045454545454545414,0.0,0.6666666666666667,0.0,0.0,0.09523809523809523]","[0.0,-0.84,1.0,0.0,0.0,0.0,0.0,0.0,0.0,0.2222222222222222]",0.03822222222222223,5120,1596.5350415860012,1596587.171875,36.60759507201146,1559.9274465139897,173.32527183488776,162.78029373800382,11000465277226.719,118902524847637624,108572593013267946,10329931834369678,383014533132,510577468,394272000,11520,166478620,1071339608,1021.7090682983398,4.156355358160606,71910.31005859375,0.05,
texture-all,tagfex,texture,2,56,resnet18_cifar,0.05,"[0.1,0.05,0.01]",last_epoch_train_mean,1.7207421938578287,0.05,1.7207421938578287,356707574542073690,510577468,10,0,0.9401775820646622,0.8875,0.1340944622615552,0.1340944622615552,-0.1340944622615552,2,0.1340944622615552,0.05555555555555558,0.1604525348175641,0.0,0.0,0.19047619047619047,0.48,0.5555555555555556,"[1.0,0.9873417721518988,1.0,0.9833333333333333,0.972027972027972,0.9813664596273292,0.842391304347826,0.9054726368159204,0.8423423423423423,0.8875]","[0.0,0.48,0.0,0.0,0.0,0.05555555555555558,0.30434782608695654,0.17647058823529416,0.19047619047619047]","[0.0,-0.84,0.0,0.0,0.0,0.0,0.0,0.0,0.0,0.0]",-0.08399999999999999,5120,1602.6338056419627,1602681.69921875,36.51909658801742,1566.1147090539453,174.01274545043836,163.3256969669892,11000465277230.238,118902524847741690,108572593013372012,10329931834369678,383014533132,510577468,394272000,11520,166478620,1071339608,1021.7090682983398,4.181356837337565,71910.31005859375,0.05,/nobackup/proj/disk/naiss2026-4-902/shared/yizhil/Avalanche/avalanche-master/joint_result_texture-all/tagfex/order2/joint_texture_tagfex__order-2__seed-056.json
texture-all,tagfex,texture,2,56,resnet18_cifar,0.01,"[0.1,0.05,0.01]",last_epoch_train_mean,2.3068819681803387,0.05,1.7207421938578287,356707574542073690,510577468,10,0,0.569523530445079,0.6458333333333334,0.427855737034481,0.31674462592336994,-0.31674462592336994,2,0.427855737034481,0.03703703703703709,0.4718114820882435,0.0,0.0,0.9565217391304348,1.0,0.5555555555555556,"[1.0,0.379746835443038,0.25510204081632654,0.8583333333333333,1.0,0.8198757763975155,0.32065217391304346,0.20398009950248755,0.21171171171171171,0.6458333333333334]","[0.03703703703703709,1.0,0.0,0.0,0.0,1.0,0.9565217391304348,0.0,0.8571428571428572]","[0.0,-0.84,1.0,0.0,0.0,0.0,0.0,0.0,0.0,0.0]",0.016000000000000004,5120,1591.6744731119834,1591722.3046875,37.50237870198907,1554.1720944099943,172.68578826777716,162.74379373400006,11000465277105.338,118902524846694376,108572593012324698,10329931834369678,383014533132,510577468,394272000,11520,166478620,1071339608,1021.7090682983398,4.183504241639942,71910.31005859375,0.05,
texture-all,tagfex,texture,3,52,resnet18_cifar,0.1,"[0.1,0.05,0.01]",last_epoch_train_mean,2.318575890858968,0.05,1.7627127567927043,357940077043362969,510577468,10,0,0.9345025758454746,0.8708333333333333,0.15756089928381797,0.12113102678837169,-0.12113102678837169,4,0.15756089928381797,0.05882352941176472,0.277374890974639,0.0,0.0,0.11111111111111116,0.9047619047619048,0.5555555555555556,"[0.6721311475409836,1.0,0.845360824742268,0.9915254237288136,0.9926470588235294,1.0,1.0,0.9949494949494949,0.9775784753363229,0.8708333333333333]","[0.06557377049180324,0.0,0.05882352941176472,0.9047619047619048,0.2777777777777778,0.11111111111111116,0.0,0.0,0.0]","[0.3278688524590164,0.0,-1.0,0.0,0.0,-0.11111111111111116,-0.08695652173913049,0.0,0.0,0.0]",-0.08701987803912252,5120,1600.5819901750074,1600633.6328125,35.906053615995916,1564.6759365590115,173.85288183989016,170.56380453601014,11000393535280.713,119313359014454323,108939635173346160,10373723841108163,383014533132,510577468,394272000,11520,166478620,1071339608,1021.7090682983398,4.1848019249300705,65949.93994140625,0.05,
texture-all,tagfex,texture,3,52,resnet18_cifar,0.05,"[0.1,0.05,0.01]",last_epoch_train_mean,1.7627127567927043,0.05,1.7627127567927043,357940077043362969,510577468,10,0,0.9043257001475092,0.35,0.6976588404831143,0.6762056933469069,-0.6762056933469069,3,0.6976588404831143,0.8,0.35970895185694574,0.0,0.7142857142857143,1.0,1.0,0.8888888888888888,"[0.9180327868852459,1.0,0.8144329896907216,0.9915254237288136,0.9852941176470589,0.9935064935064936,1.0,0.9949494949494949,0.9955156950672646,0.35]","[0.7704918032786885,0.10526315789473684,1.0,1.0,1.0,0.8888888888888888,0.0,0.7142857142857143,0.8]","[0.08196721311475408,0.0,-1.0,0.0,0.11111111111111116,-0.11111111111111116,-0.08695652173913049,0.0,0.0,0.0]",-0.10049893086243764,5120,1593.2384536599566,1593286.26171875,34.98772217097576,1558.2507314889808,173.13897016544232,169.45869880198734,11000393535280.713,119313359014454323,108939635173346160,10373723841108163,383014533132,510577468,394272000,11520,166478620,1071339608,1021.7090682983398,4.19023948731289,65949.93994140625,0.05,/nobackup/proj/disk/naiss2026-4-902/shared/yizhil/Avalanche/avalanche-master/joint_result_texture-all/tagfex/order3/joint_texture_tagfex__order-3__seed-052.json
texture-all,tagfex,texture,3,52,resnet18_cifar,0.01,"[0.1,0.05,0.01]",last_epoch_train_mean,1.9050786336263021,0.05,1.7627127567927043,357940077043362969,510577468,10,0,0.9742929292929292,0.7833333333333333,0.29493100944081335,0.29493100944081335,-0.29493100944081335,5,0.29493100944081335,0.05882352941176472,0.36187992163636806,0.0,0.0,0.5714285714285714,1.0,0.6666666666666666,"[1.0,1.0,1.0,1.0,1.0,1.0,1.0,0.9595959595959596,1.0,0.7833333333333333]","[0.0,0.0,0.05882352941176472,0.7619047619047619,1.0,0.2222222222222222,0.0,0.5714285714285714,0.040000000000000036]","[0.0,0.0,-1.0,0.0,0.0,-0.11111111111111116,-0.08695652173913049,0.0,0.0,0.0]",-0.11980676328502417,5120,1603.42112734096,1603473.4140625,35.4956504360016,1567.9254769049585,174.2139418783287,171.20172830999945,11000393535280.713,119313359014454323,108939635173346160,10373723841108163,383014533132,510577468,394272000,11520,166478620,1071339608,1021.7090682983398,4.22116240018416,65949.93994140625,0.05,
texture-all,tagfex,texture,3,53,resnet18_cifar,0.1,"[0.1,0.05,0.01]",last_epoch_train_mean,2.1305660088857015,0.05,1.7257545948028565,357943542010430169,510577468,10,0,0.9439863554670037,1.0,0.0,-0.05555555555555555,0.05555555555555555,1,0.0,0.0,0.0,0.0,0.0,0.0,0.0,0.0,"[1.0,0.9875,0.5257731958762887,0.9915254237288136,1.0,0.935064935064935,1.0,1.0,1.0,1.0]","[0.0,0.0,0.0,0.0,0.0,0.0,0.0,0.0,0.0]","[0.0,0.0,-1.0,0.0,0.0,0.4444444444444444,0.0,0.0,-0.19999999999999996,0.0]",-0.07555555555555556,5120,1615.8532263220113,1615901.64453125,36.79328547400655,1579.0599408480048,175.4511045386672,173.46454333499423,11000197296388.002,119314514003476723,108940790162368560,10373723841108163,383014533132,510577468,394272000,11520,166478620,1071339608,1021.7090682983398,4.202763187640812,64132.416015625,0.05,
texture-all,tagfex,texture,3,53,resnet18_cifar,0.05,"[0.1,0.05,0.01]",last_epoch_train_mean,1.7257545948028565,0.05,1.7257545948028565,357943542010430169,510577468,10,0,0.8646584444461947,0.49166666666666664,0.5947554709403821,0.5885826314342092,-0.5885826314342092,5,0.5947554709403821,0.76,0.3366021931675518,0.05882352941176472,0.34426229508196726,0.7619047619047619,1.0,1.0,"[1.0,1.0,0.17525773195876287,1.0,0.9926470588235294,0.987012987012987,1.0,1.0,1.0,0.49166666666666664]","[0.34426229508196726,0.5789473684210527,0.05882352941176472,0.7619047619047619,1.0,1.0,0.08695652173913049,0.7619047619047619,0.76]","[0.0,0.0,-1.0,0.0,0.0,0.0,0.0,0.0,-0.19999999999999996,0.0]",-0.12,5120,1609.1743612930295,1609226.76953125,35.66824481100775,1573.5061164820218,174.83401294244686,172.76008605200332,11000197296388.002,119314514003476723,108940790162368560,10373723841108163,383014533132,510577468,394272000,11520,166478620,1071339608,1021.7090682983398,4.1956287123563625,64132.416015625,0.05,/nobackup/proj/disk/naiss2026-4-902/shared/yizhil/Avalanche/avalanche-master/joint_result_texture-all/tagfex/order3/joint_texture_tagfex__order-3__seed-053.json
texture-all,tagfex,texture,3,53,resnet18_cifar,0.01,"[0.1,0.05,0.01]",last_epoch_train_mean,1.8103679498036702,0.05,1.7257545948028565,357943542010430169,510577468,10,0,0.9419362438821202,0.5458333333333333,0.5697523891159378,0.5697523891159378,-0.5697523891159378,4,0.5697523891159378,0.7058823529411764,0.4208474681301764,0.0,0.2295081967213115,1.0,1.0,0.7777777777777778,"[1.0,1.0,0.9896907216494846,1.0,1.0,1.0,1.0,0.8838383838383839,1.0,0.5458333333333333]","[0.2295081967213115,0.0,0.7058823529411764,1.0,1.0,1.0,0.0,0.9523809523809523,0.24]","[0.0,0.0,-1.0,0.0,0.0,-0.05555555555555558,0.0,0.0,-0.19999999999999996,0.0]",-0.12555555555555556,5120,1592.488923523022,1592536.828125,35.36942147300579,1557.1195020500163,173.01327800555737,170.11505888801184,11000197296388.002,119314514003476723,108940790162368560,10373723841108163,383014533132,510577468,394272000,11520,166478620,1071339608,1021.7090682983398,4.195504883440056,64132.416015625,0.05,
texture-all,tagfex,texture,3,54,resnet18_cifar,0.1,"[0.1,0.05,0.01]",last_epoch_train_mean,2.528067143758138,0.05,1.8124858379364013,357935157048736955,510577468,10,0,0.9123303448611931,0.9958333333333333,0.005291005291005297,-0.06878306878306878,0.06878306878306878,8,0.005291005291005297,0.0,0.014965222882254992,0.0,0.0,0.0,0.04761904761904767,0.1111111111111111,"[1.0,1.0,0.3402061855670103,1.0,0.9926470588235294,0.8766233766233766,0.9887005649717514,0.9292929292929293,1.0,0.9958333333333333]","[0.0,0.0,0.0,0.0,0.0,0.0,0.0,0.04761904761904767,0.0]","[0.0,0.0,-1.0,0.0,0.0,0.0,-0.26086956521739135,0.6666666666666667,-0.07999999999999996,0.0]",-0.06742028985507245,5120,1587.9646534050116,1588012.33984375,35.28184740600409,1552.6828059990075,172.5203117776675,169.153753038001,10998815148569.291,119311719016245533,108937995175137370,10373723841108163,383014533132,510577468,394272000,11520,166478620,1071339608,1021.7090682983398,4.191558108383712,73727.64794921875,0.05,
texture-all,tagfex,texture,3,54,resnet18_cifar,0.05,"[0.1,0.05,0.01]",last_epoch_train_mean,1.8124858379364013,0.05,1.8124858379364013,357935157048736955,510577468,10,0,0.940972380988913,0.7958333333333333,0.28649237472766886,0.28649237472766886,-0.28649237472766886,6,0.28649237472766886,0.33333333333333337,0.2872431492420118,0.0,0.0,0.4117647058823529,0.7777777777777778,0.5555555555555556,"[1.0,1.0,0.6597938144329897,0.9915254237288136,1.0,0.9935064935064936,0.9887005649717514,0.9848484848484849,0.9955156950672646,0.7958333333333333]","[0.0,0.0,0.4117647058823529,0.6666666666666667,0.38888888888888884,0.7777777777777778,0.0,0.33333333333333337,0.0]","[0.0,0.0,-1.0,0.0,0.0,0.0,-0.26086956521739135,0.0,-0.07999999999999996,0.0]",-0.13408695652173913,5120,1598.7503057609429,1598802.29296875,36.64199631498195,1562.108309445961,173.5675899384401,170.503707277996,10998815148569.291,119311719016245395,108937995175137232,10373723841108163,383014533132,510577468,394272000,11520,166478620,1071339608,1021.7090682983398,4.189271991708665,73727.64794921875,0.05,/nobackup/proj/disk/naiss2026-4-902/shared/yizhil/Avalanche/avalanche-master/joint_result_texture-all/tagfex/order3/joint_texture_tagfex__order-3__seed-054.json
texture-all,tagfex,texture,3,54,resnet18_cifar,0.01,"[0.1,0.05,0.01]",last_epoch_train_mean,2.168155868848165,0.05,1.8124858379364013,357935157048736955,510577468,10,0,0.9555928695481815,0.7791666666666667,0.2832630076924516,0.27843208981805545,-0.27843208981805545,4,0.2832630076924516,0.11764705882352944,0.3382258296090242,0.0,0.049180327868852514,0.2857142857142857,0.9523809523809523,0.7777777777777778,"[1.0,1.0,0.979381443298969,1.0,1.0,1.0,0.9943502824858758,0.803030303030303,1.0,0.7791666666666667]","[0.049180327868852514,0.0,0.11764705882352944,0.9523809523809523,0.8333333333333334,0.11111111111111116,0.0,0.2857142857142857,0.19999999999999996]","[0.0,0.0,-1.0,0.0,0.0,0.0,-0.21739130434782616,0.0,-0.07999999999999996,0.0]",-0.1297391304347826,5120,1590.328096616082,1590376.10546875,35.09894095201162,1555.2291556640703,172.80323951823004,169.65849124401575,10998815148569.291,119311719016246027,108937995175137864,10373723841108163,383014533132,510577468,394272000,11520,166478620,1071339608,1021.7090682983398,4.212012650047352,73727.64794921875,0.05,
texture-all,tagfex,texture,3,55,resnet18_cifar,0.1,"[0.1,0.05,0.01]",last_epoch_train_mean,9.371136705080668,0.05,1.9724162896474202,357937166633002105,510577468,10,0,0.847328073157899,0.8125,0.24127732453029782,0.016274927828160004,-0.016274927828160004,5,0.24127732453029782,0.049180327868852514,0.3945913981913798,0.0,0.0,0.11111111111111116,1.0,0.5555555555555556,"[0.6065573770491803,0.85,0.7628865979381443,0.940677966101695,0.8676470588235294,1.0,1.0,0.6464646464646465,0.9865470852017937,0.8125]","[0.049180327868852514,0.0,0.05882352941176472,0.9523809523809523,1.0,0.11111111111111116,0.0,0.0,0.0]","[0.39344262295081966,0.631578947368421,0.0,0.0,0.3333333333333333,-0.5555555555555556,0.0,-0.5238095238095238,0.040000000000000036,0.0]",0.03189898242874946,5120,1584.0623283009627,1584114.65234375,35.17389701202046,1548.8884312889422,172.09871458766025,168.38069263397483,11000500816786.705,119312388877228725,108938665036120562,10373723841108163,383014533132,510577468,394272000,11520,166478620,1071339608,1021.7090682983398,4.183015366894931,71911.826171875,0.05,
texture-all,tagfex,texture,3,55,resnet18_cifar,0.05,"[0.1,0.05,0.01]",last_epoch_train_mean,1.9724162896474202,0.05,1.9724162896474202,357937166633002105,510577468,10,0,0.8734278528964395,0.31666666666666665,0.8233151183970856,0.8171422788909128,-0.8171422788909128,2,0.8233151183970856,1.0,0.34437310886984257,0.0,1.0,1.0,1.0,0.8888888888888888,"[1.0,1.0,0.6288659793814433,1.0,1.0,0.9935064935064936,1.0,0.8535353535353535,0.9417040358744395,0.31666666666666665]","[0.4098360655737705,1.0,1.0,1.0,1.0,1.0,0.0,1.0,1.0]","[0.0,0.0,0.0,0.0,-0.6666666666666667,-0.5,0.0,-0.5238095238095238,0.0,0.0]",-0.16904761904761906,5120,1597.6595306909876,1597707.78515625,35.288071032991866,1562.3714596579957,173.59682885088841,170.46367870701943,11000500816877.248,119312388877886117,108938665036777954,10373723841108163,383014533132,510577468,394272000,11520,166478620,1071339608,1021.7090682983398,4.1973623165783165,71911.826171875,0.05,/nobackup/proj/disk/naiss2026-4-902/shared/yizhil/Avalanche/avalanche-master/joint_result_texture-all/tagfex/order3/joint_texture_tagfex__order-3__seed-055.json
texture-all,tagfex,texture,3,55,resnet18_cifar,0.01,"[0.1,0.05,0.01]",last_epoch_train_mean,1.977198807398478,0.05,1.9724162896474202,357937166633002105,510577468,10,0,0.967346283659843,0.7916666666666666,0.2759793837964675,0.2759793837964675,-0.2759793837964675,8,0.2759793837964675,0.09523809523809523,0.3464595008313348,0.0,0.032786885245901676,0.3157894736842105,1.0,0.7777777777777778,"[1.0,1.0,1.0,1.0,1.0,0.9935064935064936,0.9943502824858758,0.8939393939393939,1.0,0.7916666666666666]","[0.032786885245901676,0.3157894736842105,0.0,0.09523809523809523,0.2222222222222222,0.7777777777777778,0.0,1.0,0.040000000000000036]","[0.0,0.0,0.0,0.0,-0.6666666666666667,-0.5555555555555556,0.0,-0.5238095238095238,0.0,0.0]",-0.17460317460317462,5120,1596.917151672038,1596965.421875,35.47443782701157,1561.4427138450264,173.4936348716696,171.26631720201112,11000500816877.523,119312388877887263,108938665036779100,10373723841108163,383014533132,510577468,394272000,11520,166478620,1071339608,1021.7090682983398,4.209592262486694,71911.826171875,0.05,
texture-all,tagfex,texture,3,56,resnet18_cifar,0.1,"[0.1,0.05,0.01]",last_epoch_train_mean,2.2518247922261554,0.05,1.848981793721517,357938413985874095,510577468,10,0,0.892454323722722,0.24583333333333332,0.7777777777777778,0.7654320987654322,-0.7654320987654322,1,0.7777777777777778,1.0,0.41573970964154905,0.0,1.0,1.0,1.0,0.7777777777777778,"[1.0,1.0,0.7010309278350515,0.9915254237288136,0.9926470588235294,0.9935064935064936,1.0,1.0,1.0,0.24583333333333332]","[1.0,0.0,1.0,1.0,1.0,1.0,0.0,1.0,1.0]","[-0.34426229508196726,0.0,0.0,0.0,0.05555555555555558,0.05555555555555558,0.0,0.0,-0.12,0.0]",-0.03531511839708561,5120,1605.1706382700359,1605222.484375,36.579155829007505,1568.5914824410283,174.2879424934476,172.1915212290187,11000500816877.523,119312804661958045,108939080820849882,10373723841108163,383014533132,510577468,394272000,11520,166478620,1071339608,1021.7090682983398,4.202932379121194,71913.427734375,0.05,
texture-all,tagfex,texture,3,56,resnet18_cifar,0.05,"[0.1,0.05,0.01]",last_epoch_train_mean,1.848981793721517,0.05,1.848981793721517,357938413985874095,510577468,10,0,0.9131074895317187,0.925,0.08921617948940355,0.08921617948940355,-0.08921617948940355,8,0.08921617948940355,0.032786885245901676,0.14550694965919936,0.0,0.0,0.11111111111111116,0.47619047619047616,0.5555555555555556,"[1.0,1.0,0.422680412371134,1.0,1.0,1.0,1.0,0.7878787878787878,0.9955156950672646,0.925]","[0.032786885245901676,0.0,0.0,0.1428571428571429,0.11111111111111116,0.0,0.0,0.47619047619047616,0.040000000000000036]","[-0.34426229508196726,0.0,0.0,0.0,0.0,0.0,0.0,0.0,-0.12,0.0]",-0.04642622950819673,5120,1614.0000784489384,1614048.5859375,34.91303271599463,1579.0870457329438,175.45411619254932,174.2555616099853,11000500816877.523,119312804661957867,108939080820849704,10373723841108163,383014533132,510577468,394272000,11520,166478620,1071339608,1021.7090682983398,4.196149766600381,71913.427734375,0.05,/nobackup/proj/disk/naiss2026-4-902/shared/yizhil/Avalanche/avalanche-master/joint_result_texture-all/tagfex/order3/joint_texture_tagfex__order-3__seed-056.json
texture-all,tagfex,texture,3,56,resnet18_cifar,0.01,"[0.1,0.05,0.01]",last_epoch_train_mean,1.8967283407847086,0.05,1.848981793721517,357938413985874095,510577468,10,0,0.9744255701343331,0.8625,0.18995746446726838,0.18995746446726838,-0.18995746446726838,5,0.18995746446726838,0.0,0.3414557049285424,0.0,0.0,0.05882352941176472,0.8888888888888888,0.3333333333333333,"[1.0,1.0,0.8969072164948454,1.0,1.0,1.0,1.0,0.9848484848484849,1.0,0.8625]","[0.0,0.0,0.05882352941176472,0.7619047619047619,0.8888888888888888,0.0,0.0,0.0,0.0]","[-0.34426229508196726,0.0,0.0,0.0,0.0,0.0,0.0,0.0,-0.12,0.0]",-0.04642622950819673,5120,1611.575422680995,1611627.34765625,35.573974871018436,1576.0014478099765,175.1112719788863,172.24209398101084,11000500816877.523,119312804661958183,108939080820850020,10373723841108163,383014533132,510577468,394272000,11520,166478620,1071339608,1021.7090682983398,4.210574687628347,71913.427734375,0.05,
texture-all,cwr_star,texture,1,52,resnet18_cifar,0.1,"[0.1,0.05,0.01]",last_epoch_train_mean,0.0,0.1,0.0,3283140126089142,44699952,10,0,0.17093308159243276,0.1,0.9124455337690631,0.9124455337690631,-0.9124455337690631,2,0.9124455337690631,1.0,0.20624118595147634,0.3333333333333333,0.9411764705882353,1.0,1.0,1.0,"[0.3333333333333333,0.27472527472527475,0.14814814814814814,0.16279069767441862,0.25517241379310346,0.147239263803681,0.10497237569060773,0.1,0.08294930875576037,0.1]","[0.3333333333333333,1.0,0.9411764705882353,1.0,0.9375,1.0,1.0,1.0,1.0]","[0.6666666666666667,-0.31999999999999995,-0.9411764705882353,0.0,0.0,0.0,-0.38888888888888884,0.0,0.0,0.0]",-0.09833986928104574,512,39.887331085978076,39906.255859375,18.651876060059294,21.23545502591878,2.3594950028798647,2.3819183909799904,459722288076.53265,1094380042029714,1094380042017426,12288,38301453324,44699952,0,0,44763204,89463156,85.3187141418457,0.8793010871158913,10092.015625,0.1,/nobackup/proj/disk/naiss2026-4-902/shared/yizhil/Avalanche/avalanche-master/joint_result_texture-all/cwr_star/order1/joint_texture_cwr_star__order-1__seed-052.json
texture-all,cwr_star,texture,1,52,resnet18_cifar,0.05,"[0.1,0.05,0.01]",last_epoch_train_mean,0.0,0.1,0.0,3283140126089142,44699952,10,0,0.19466783881165314,0.12083333333333333,0.2708457120221826,0.2708457120221826,-0.2708457120221826,3,0.2708457120221826,0.0,0.40643762228003694,0.0,0.0,0.3787878787878788,1.0,0.4444444444444444,"[0.4696969696969697,0.34065934065934067,0.21296296296296297,0.17829457364341086,0.15172413793103448,0.13496932515337423,0.12154696132596685,0.11,0.10599078341013825,0.12083333333333333]","[0.3787878787878788,0.0,1.0,0.0,1.0,0.0,0.0,0.0,0.058823529411764705]","[0.5303030303030303,0.68,-1.0,1.0,0.0,1.0,0.6111111111111112,1.0,0.9411764705882353,0.0]",0.4762590612002377,512,39.94090104033239,39957.765869140625,18.689706895966083,21.25119414436631,2.361243793818479,2.3763792500831187,459722288076.53265,1094380042029714,1094380042017426,12288,38301453324,44699952,0,0,44763204,89463156,85.3187141418457,0.8781621979627138,10091.390625,0.1,
texture-all,cwr_star,texture,1,52,resnet18_cifar,0.01,"[0.1,0.05,0.01]",last_epoch_train_mean,0.0,0.1,0.0,3283140126089142,44699952,10,0,0.37022380216707707,0.175,0.1734006734006734,0.1734006734006734,-0.1734006734006734,2,0.1734006734006734,0.0,0.3405337335820512,0.0,0.0,0.0,1.0,0.2222222222222222,"[0.9090909090909091,0.5274725274725275,0.4444444444444444,0.37209302325581395,0.33793103448275863,0.3006134969325153,0.23204419889502761,0.21,0.1935483870967742,0.175]","[0.5606060606060606,1.0,0.0,0.0,0.0,0.0,0.0,0.0,0.0]","[0.09090909090909094,-0.31999999999999995,0.0,1.0,0.9375,1.0,-0.38888888888888884,1.0,1.0,1.0]",0.5319520202020203,512,40.055083045503125,40069.873291015625,18.978657808853313,21.07642523664981,2.3418250262944236,2.347833388019353,459722288076.53265,1094380042029714,1094380042017426,12288,38301453324,44699952,0,0,44763204,89463156,85.3187141418457,0.8473463938571513,10091.390625,0.1,
texture-all,cwr_star,texture,1,53,resnet18_cifar,0.1,"[0.1,0.05,0.01]",last_epoch_train_mean,0.0,0.1,0.0,3283140126089142,44699952,10,0,0.3505130626959904,0.18333333333333332,0.43557404106423714,0.43557404106423714,-0.43557404106423714,4,0.43557404106423714,0.08000000000000007,0.44865431699734415,0.0,0.05555555555555555,0.9411764705882353,1.0,0.7777777777777778,"[0.7878787878787878,0.6153846153846154,0.3611111111111111,0.34108527131782945,0.30344827586206896,0.26993865030674846,0.24861878453038674,0.21,0.18433179723502305,0.18333333333333332]","[0.7878787878787878,0.08000000000000007,0.9411764705882353,1.0,0.0,0.05555555555555555,0.05555555555555555,1.0,0.0]","[-0.45454545454545453,0.07999999999999996,-0.9411764705882353,-1.0,1.0,-0.05555555555555555,0.5,0.0,0.058823529411764705,0.0]",-0.08124539512774807,512,39.28904700605199,39306.649658203125,18.55067106313072,20.738375942921266,2.3042639936579183,2.304658728884533,459722288076.53265,1094380042029714,1094380042017426,12288,38301453324,44699952,0,0,44763204,89463156,85.3187141418457,0.9217306496187424,10091.390625,0.1,/nobackup/proj/disk/naiss2026-4-902/shared/yizhil/Avalanche/avalanche-master/joint_result_texture-all/cwr_star/order1/joint_texture_cwr_star__order-1__seed-053.json
texture-all,cwr_star,texture,1,53,resnet18_cifar,0.05,"[0.1,0.05,0.01]",last_epoch_train_mean,0.0,0.1,0.0,3283140126089142,44699952,10,0,0.4266277844031207,0.15833333333333333,0.2930533404217615,0.2930533404217615,-0.2930533404217615,3,0.2930533404217615,0.0,0.41630307846029596,0.0,0.0,0.6,1.0,0.4444444444444444,"[1.0,0.8791208791208791,0.5370370370370371,0.4496124031007752,0.3586206896551724,0.31901840490797545,0.20441988950276244,0.185,0.17511520737327188,0.15833333333333333]","[0.9848484848484849,0.6,1.0,0.0,0.0,0.0,0.0,0.05263157894736842,0.0]","[-0.6666666666666667,0.4,-1.0,0.0,0.0,0.0,-0.4444444444444444,0.9473684210526316,0.058823529411764705,0.8695652173913043]",0.016464605674458954,512,40.05307159596123,40070.36474609375,18.883866441901773,21.169205154059455,2.352133906006606,2.358936837874353,459722288076.53265,1094380042029714,1094380042017426,12288,38301453324,44699952,0,0,44763204,89463156,85.3187141418457,0.966505411391457,10091.390625,0.1,
texture-all,cwr_star,texture,1,53,resnet18_cifar,0.01,"[0.1,0.05,0.01]",last_epoch_train_mean,0.0,0.1,0.0,3283140126089142,44699952,10,0,0.5729302490761217,0.24583333333333332,0.24279951214935735,0.24279951214935735,-0.24279951214935735,3,0.24279951214935735,0.0,0.36287876598085755,0.0,0.0,0.4545454545454546,0.9411764705882353,0.3333333333333333,"[1.0,0.7252747252747253,0.7407407407407407,0.6201550387596899,0.5517241379310345,0.49079754601226994,0.4419889502762431,0.475,0.4377880184331797,0.24583333333333332]","[0.4545454545454546,0.0,0.9411764705882353,0.0,0.0,0.0,0.0,0.7894736842105263,0.0]","[-0.6666666666666667,1.0,-0.9411764705882353,0.0,1.0,0.0,0.5555555555555556,0.21052631578947367,0.058823529411764705,0.0]",0.1217062263501892,512,41.25009505500202,41268.212158203125,19.88626105399453,21.36383400100749,2.3737593334452765,2.37613512398093,459722288076.53265,1094380042029714,1094380042017426,12288,38301453324,44699952,0,0,44763204,89463156,85.3187141418457,0.9754681332803253,10092.015625,0.1,
texture-all,cwr_star,texture,1,54,resnet18_cifar,0.1,"[0.1,0.05,0.01]",last_epoch_train_mean,0.0,0.1,0.0,3283140126089142,44699952,10,0,0.2561279321693033,0.14583333333333334,0.6647832593962625,0.6647832593962625,-0.6647832593962625,3,0.6647832593962625,0.5757575757575758,0.2411102841001506,0.3333333333333333,0.5,0.9411764705882353,1.0,1.0,"[0.6212121212121212,0.45054945054945056,0.18518518518518517,0.2248062015503876,0.1310344827586207,0.15337423312883436,0.2265193370165746,0.22,0.20276497695852536,0.14583333333333334]","[0.5757575757575758,0.52,1.0,0.42857142857142855,1.0,0.3333333333333333,0.5,0.6842105263157895,0.9411764705882353]","[-0.1515151515151515,-0.52,-0.47058823529411764,-0.42857142857142855,0.0,0.1111111111111111,-0.5,0.3157894736842105,0.0,0.0]",-0.16437742305853761,512,37.96824602005654,37986.64501953125,18.544961636012886,19.423284384043654,2.158142709338184,2.1494279469770845,459722288076.53265,1094380042029714,1094380042017426,12288,38301453324,44699952,0,0,44763204,89463156,85.3187141418457,0.9656657583642906,10091.390625,0.1,/nobackup/proj/disk/naiss2026-4-902/shared/yizhil/Avalanche/avalanche-master/joint_result_texture-all/cwr_star/order1/joint_texture_cwr_star__order-1__seed-054.json
texture-all,cwr_star,texture,1,54,resnet18_cifar,0.05,"[0.1,0.05,0.01]",last_epoch_train_mean,0.0,0.1,0.0,3283140126089142,44699952,10,0,0.37243017280379204,0.23333333333333334,0.32215488215488214,0.32215488215488214,-0.32215488215488214,3,0.32215488215488214,0.0,0.45582733823041555,0.0,0.0,0.9393939393939394,1.0,0.3333333333333333,"[0.9393939393939394,0.7582417582417582,0.39814814814814814,0.3333333333333333,0.2896551724137931,0.25766871165644173,0.1878453038674033,0.17,0.15668202764976957,0.23333333333333334]","[0.9393939393939394,0.96,1.0,0.0,0.0,0.0,0.0,0.0,0.0]","[-0.4696969696969697,-0.96,-0.47058823529411764,0.0,0.0,0.4444444444444444,-0.5555555555555556,1.0,1.0,0.04347826086956519]",0.00320819447673667,512,37.184399842924904,37203.25524902344,18.39493778400356,18.789462058921345,2.087718006546816,2.1053879050014075,459722288076.53265,1094380042029714,1094380042017426,12288,38301453324,44699952,0,0,44763204,89463156,85.3187141418457,0.8216496416328786,10091.390625,0.1,
texture-all,cwr_star,texture,1,54,resnet18_cifar,0.01,"[0.1,0.05,0.01]",last_epoch_train_mean,0.0,0.1,0.0,3283140126089142,44699952,10,0,0.40799417685911976,0.19583333333333333,0.28639334521687465,0.28639334521687465,-0.28639334521687465,8,0.28639334521687465,0.0,0.4153420936494893,0.0,0.0,0.6363636363636364,1.0,0.3333333333333333,"[1.0,0.7252747252747253,0.4444444444444444,0.37209302325581395,0.3310344827586207,0.294478527607362,0.26519337016574585,0.235,0.21658986175115208,0.19583333333333333]","[0.6363636363636364,0.0,0.9411764705882353,0.0,0.0,0.0,0.0,1.0,0.0]","[-0.5303030303030303,0.0,-0.4117647058823529,0.0,1.0,0.4444444444444444,0.4444444444444444,0.0,1.0,0.0]",0.19468211527035056,512,40.226994523080066,40245.49951171875,18.92105904899654,21.305935474083526,2.3673261637870584,2.3750029579969123,459722288076.53265,1094380042029714,1094380042017426,12288,38301453324,44699952,0,0,44763204,89463156,85.3187141418457,0.885352454012415,10091.390625,0.1,
texture-all,cwr_star,texture,1,55,resnet18_cifar,0.1,"[0.1,0.05,0.01]",last_epoch_train_mean,0.0,0.1,0.0,3283140126089142,44699952,10,0,0.18982221336976998,0.09583333333333334,0.6367975494291284,0.6367975494291284,-0.6367975494291284,3,0.6367975494291284,0.76,0.36861590139130224,0.0,0.3333333333333333,1.0,1.0,0.8888888888888888,"[0.3333333333333333,0.45054945054945056,0.1574074074074074,0.16279069767441862,0.1103448275862069,0.09815950920245399,0.13812154696132597,0.195,0.15668202764976957,0.09583333333333334]","[0.3333333333333333,0.76,1.0,0.19047619047619047,1.0,0.0,0.5,0.9473684210526315,1.0]","[0.0,0.24,-1.0,-0.19047619047619047,0.0,0.0,0.4444444444444444,0.052631578947368474,0.0,-0.6956521739130435]",-0.1149052340997421,512,39.79252269398421,39812.808349609375,18.90849051901023,20.88403217497398,2.3204480194415535,2.308521970990114,459722288076.53265,1094380042029714,1094380042017426,12288,38301453324,44699952,0,0,44763204,89463156,85.3187141418457,0.8340258874037924,10091.390625,0.1,/nobackup/proj/disk/naiss2026-4-902/shared/yizhil/Avalanche/avalanche-master/joint_result_texture-all/cwr_star/order1/joint_texture_cwr_star__order-1__seed-055.json
texture-all,cwr_star,texture,1,55,resnet18_cifar,0.05,"[0.1,0.05,0.01]",last_epoch_train_mean,0.0,0.1,0.0,3283140126089142,44699952,10,0,0.2838950841413618,0.1625,0.6674707862943157,0.6674707862943157,-0.6674707862943157,4,0.6674707862943157,0.9411764705882353,0.40906077284288955,0.0,0.3333333333333333,1.0,1.0,0.7777777777777778,"[0.7727272727272727,0.38461538461538464,0.25,0.24806201550387597,0.25517241379310346,0.2085889570552147,0.22099447513812154,0.175,0.16129032258064516,0.1625]","[0.7727272727272727,0.96,0.9411764705882353,1.0,0.0,1.0,0.3333333333333333,1.0,0.0]","[-0.4393939393939394,0.040000000000000036,-0.9411764705882353,-1.0,0.0,-1.0,0.6111111111111112,0.0,1.0,-0.6956521739130435]",-0.2425111472784107,512,39.52999014101806,39548.737060546875,18.772678287001327,20.757311854016734,2.306367983779637,2.3007290569948964,459722288076.53265,1094380042029714,1094380042017426,12288,38301453324,44699952,0,0,44763204,89463156,85.3187141418457,0.8981992626407495,10091.390625,0.1,
texture-all,cwr_star,texture,1,55,resnet18_cifar,0.01,"[0.1,0.05,0.01]",last_epoch_train_mean,0.0,0.1,0.0,3283140126089142,44699952,10,0,0.36296508819631895,0.2625,0.16666666666666666,0.16666666666666666,-0.16666666666666666,2,0.16666666666666666,0.0,0.3333333333333333,0.0,0.0,0.0,1.0,0.2222222222222222,"[0.8333333333333334,0.5164835164835165,0.4351851851851852,0.3643410852713178,0.32413793103448274,0.2883435582822086,0.22099447513812154,0.2,0.18433179723502305,0.2625]","[0.5,1.0,0.0,0.0,0.0,0.0,0.0,0.0,0.0]","[-0.5,0.0,0.0,0.0,1.0,0.0,-0.05555555555555558,1.0,1.0,-0.6956521739130435]",0.1748792270531401,512,38.08241961803287,38094.718994140625,18.940343122987542,19.14207649504533,2.12689738833837,2.1816199660243,459722288076.53265,1094380042029714,1094380042017426,12288,38301453324,44699952,0,0,44763204,89463156,85.3187141418457,0.9789855706912931,10091.390625,0.1,
texture-all,cwr_star,texture,1,56,resnet18_cifar,0.1,"[0.1,0.05,0.01]",last_epoch_train_mean,0.0,0.1,0.0,3283140126089142,44699952,10,0,0.3569892025136505,0.1625,0.656763715587245,0.656763715587245,-0.656763715587245,2,0.656763715587245,0.9696969696969697,0.4647673442846599,0.0,0.0,1.0,1.0,0.6666666666666666,"[0.9696969696969697,0.6483516483516484,0.37962962962962965,0.37209302325581395,0.25517241379310346,0.2085889570552147,0.23756906077348067,0.175,0.16129032258064516,0.1625]","[0.9696969696969697,1.0,0.9411764705882353,1.0,0.0,1.0,0.0,1.0,0.0]","[0.0,-1.0,0.05882352941176472,-1.0,0.0,-0.5,1.0,0.0,1.0,-1.0]",-0.14411764705882352,512,39.20717454495025,39224.880615234375,18.65633140600403,20.55084313894622,2.283427015438469,2.2744666209910065,459722288076.53265,1094380042029714,1094380042017426,12288,38301453324,44699952,0,0,44763204,89463156,85.3187141418457,0.8149965416426616,10091.390625,0.1,/nobackup/proj/disk/naiss2026-4-902/shared/yizhil/Avalanche/avalanche-master/joint_result_texture-all/cwr_star/order1/joint_texture_cwr_star__order-1__seed-056.json
texture-all,cwr_star,texture,1,56,resnet18_cifar,0.05,"[0.1,0.05,0.01]",last_epoch_train_mean,0.0,0.1,0.0,3283140126089142,44699952,10,0,0.44683702722615,0.15416666666666667,0.3288888888888889,0.3288888888888889,-0.3288888888888889,1,0.3288888888888889,0.0,0.4652465163627282,0.0,0.0,0.96,1.0,0.3333333333333333,"[1.0,0.8461538461538461,0.6111111111111112,0.49612403100775193,0.4413793103448276,0.4049079754601227,0.1878453038674033,0.17,0.15668202764976957,0.15416666666666667]","[1.0,0.96,1.0,0.0,0.0,0.0,0.0,0.0,0.0]","[-0.030303030303030276,-0.96,0.0,0.0,0.0,0.5,0.0,1.0,1.0,-0.13043478260869565]",0.1379262187088274,512,39.5102733639651,39530.205810546875,19.01050547399791,20.49976788996719,2.277751987774132,2.254768542974489,459722288076.53265,1094380042029714,1094380042017426,12288,38301453324,44699952,0,0,44763204,89463156,85.3187141418457,0.9316750291570012,10091.390625,0.1,
texture-all,cwr_star,texture,1,56,resnet18_cifar,0.01,"[0.1,0.05,0.01]",last_epoch_train_mean,0.0,0.1,0.0,3283140126089142,44699952,10,0,0.4296547872282466,0.20833333333333334,0.3580542264752791,0.3580542264752791,-0.3580542264752791,3,0.3580542264752791,0.0,0.4208773981691524,0.0,0.0,0.631578947368421,1.0,0.4444444444444444,"[1.0,0.7252747252747253,0.4722222222222222,0.3953488372093023,0.33793103448275863,0.3006134969325153,0.27071823204419887,0.305,0.28110599078341014,0.20833333333333334]","[0.5909090909090908,0.0,1.0,0.0,1.0,0.0,0.0,0.631578947368421,0.0]","[-0.030303030303030276,0.0,0.0,0.0,0.0,0.5,1.0,0.368421052631579,1.0,-1.0]",0.18381180223285487,512,39.80302120401757,39818.1015625,18.955854425003054,20.847166779014515,2.316351864334946,2.317439245991409,459722288076.53265,1094380042029714,1094380042017426,12288,38301453324,44699952,0,0,44763204,89463156,85.3187141418457,0.8776794750398645,10091.390625,0.1,
texture-all,cwr_star,texture,2,52,resnet18_cifar,0.1,"[0.1,0.05,0.01]",last_epoch_train_mean,0.0,0.1,0.0,3338368853352102,44699952,10,0,0.3683146326568583,0.16666666666666666,0.19753086419753085,0.19753086419753085,-0.19753086419753085,2,0.19753086419753085,0.0,0.37323991253903643,0.0,0.0,0.0,1.0,0.2222222222222222,"[0.7777777777777778,0.6835443037974683,0.4897959183673469,0.39166666666666666,0.32867132867132864,0.2484472049689441,0.21739130434782608,0.19900497512437812,0.18018018018018017,0.16666666666666666]","[0.7777777777777778,1.0,0.0,0.0,0.0,0.0,0.0,0.0,0.0]","[0.07407407407407407,0.0,1.0,0.0,1.0,0.0,1.0,0.23529411764705882,0.8095238095238095,1.0]",0.5118892001244942,512,40.45560530596413,40476.566650390625,19.776723966991995,20.678881338972133,2.297653482108015,2.2878199050028343,459722232261.1315,1112789617784034,1112789617771746,12288,38301453324,44699952,0,0,44763204,89463156,85.3187141418457,0.8680189708684338,10091.390625,0.1,/nobackup/proj/disk/naiss2026-4-902/shared/yizhil/Avalanche/avalanche-master/joint_result_texture-all/cwr_star/order2/joint_texture_cwr_star__order-2__seed-052.json
texture-all,cwr_star,texture,2,52,resnet18_cifar,0.05,"[0.1,0.05,0.01]",last_epoch_train_mean,0.0,0.1,0.0,3338368853352102,44699952,10,0,0.42635652183538875,0.19166666666666668,0.20987654320987653,0.20987654320987653,-0.20987654320987653,2,0.20987654320987653,0.0,0.3935154926051661,0.0,0.0,0.0,1.0,0.2222222222222222,"[1.0,0.7215189873417721,0.5816326530612245,0.43333333333333335,0.36363636363636365,0.2857142857142857,0.25,0.22885572139303484,0.2072072072072072,0.19166666666666668]","[0.8888888888888888,1.0,0.0,0.0,0.0,0.0,0.0,0.0,0.0]","[-0.14814814814814814,0.0,1.0,0.0,1.0,0.0,1.0,0.23529411764705882,0.8095238095238095,1.0]",0.48966697790227204,512,37.94327620603144,37955.85485839844,19.43287704899558,18.510399157035863,2.0567110174484293,2.0498454090266023,459722232261.1315,1112789617784034,1112789617771746,12288,38301453324,44699952,0,0,44763204,89463156,85.3187141418457,0.9450863251307359,10091.390625,0.1,
texture-all,cwr_star,texture,2,52,resnet18_cifar,0.01,"[0.1,0.05,0.01]",last_epoch_train_mean,0.0,0.1,0.0,3338368853352102,44699952,10,0,0.43095692563679844,0.1875,0.27048260381593714,0.27048260381593714,-0.27048260381593714,2,0.27048260381593714,0.0,0.39849669833341644,0.0,0.0,0.5454545454545454,1.0,0.3333333333333333,"[0.9629629629629629,0.7215189873417721,0.5816326530612245,0.5416666666666666,0.36363636363636365,0.2795031055900621,0.24456521739130435,0.22388059701492538,0.20270270270270271,0.1875]","[0.8888888888888888,1.0,0.0,0.5454545454545454,0.0,0.0,0.0,0.0,0.0]","[-0.11111111111111105,0.0,1.0,0.4545454545454546,0.0,0.0,1.0,0.23529411764705882,0.8095238095238095,1.0]",0.4388252270605212,512,40.39432783803204,40417.684326171875,19.72907464799937,20.665253190032672,2.2961392433369636,2.2952368860132992,459722232261.1315,1112789617784034,1112789617771746,12288,38301453324,44699952,0,0,44763204,89463156,85.3187141418457,0.9630878292227862,10091.390625,0.1,
texture-all,cwr_star,texture,2,53,resnet18_cifar,0.1,"[0.1,0.05,0.01]",last_epoch_train_mean,0.0,0.1,0.0,3338368853352102,44699952,10,0,0.3851116581959161,0.17083333333333334,0.2559680198886911,0.2559680198886911,-0.2559680198886911,2,0.2559680198886911,0.0,0.3949559771035433,0.0,0.0,0.3157894736842105,1.0,0.4444444444444444,"[0.9444444444444444,0.6455696202531646,0.4897959183673469,0.39166666666666666,0.34265734265734266,0.2546583850931677,0.22282608695652173,0.20398009950248755,0.18468468468468469,0.17083333333333334]","[0.9444444444444444,1.0,0.3157894736842105,0.0,0.043478260869565216,0.0,0.0,0.0,0.0]","[0.01851851851851849,0.0,-0.3157894736842105,-0.7272727272727273,0.9130434782608696,0.0,1.0,0.29411764705882354,1.0,0.5555555555555556]",0.27381729984368297,512,37.333574053045595,37350.6962890625,16.96833951098961,20.365234542055987,2.2628038380062208,2.284627942019142,459722232261.1315,1112789617784034,1112789617771746,12288,38301453324,44699952,0,0,44763204,89463156,85.3187141418457,0.9721360916349416,10091.390625,0.1,/nobackup/proj/disk/naiss2026-4-902/shared/yizhil/Avalanche/avalanche-master/joint_result_texture-all/cwr_star/order2/joint_texture_cwr_star__order-2__seed-053.json
texture-all,cwr_star,texture,2,53,resnet18_cifar,0.05,"[0.1,0.05,0.01]",last_epoch_train_mean,0.0,0.1,0.0,3338368853352102,44699952,10,0,0.37951746001582276,0.17083333333333334,0.19753086419753085,0.19753086419753085,-0.19753086419753085,2,0.19753086419753085,0.0,0.37323991253903643,0.0,0.0,0.0,1.0,0.2222222222222222,"[0.7962962962962963,0.6835443037974683,0.5510204081632653,0.39166666666666666,0.3356643356643357,0.2546583850931677,0.22282608695652173,0.20398009950248755,0.18468468468468469,0.17083333333333334]","[0.7777777777777778,1.0,0.0,0.0,0.0,0.0,0.0,0.0,0.0]","[0.16666666666666663,0.0,0.0,-0.7272727272727273,1.0,0.0,1.0,0.29411764705882354,1.0,0.5555555555555556]",0.32890671420083184,512,40.3258044559916,40345.2265625,19.847110461996635,20.478693993994966,2.2754104437772185,2.276970770006301,459722232261.1315,1112789617784034,1112789617771746,12288,38301453324,44699952,0,0,44763204,89463156,85.3187141418457,0.8911359748405326,10091.390625,0.1,
texture-all,cwr_star,texture,2,53,resnet18_cifar,0.01,"[0.1,0.05,0.01]",last_epoch_train_mean,0.0,0.1,0.0,3338368853352102,44699952,10,0,0.4823530792960063,0.24166666666666667,0.22233051765215509,0.22233051765215509,-0.22233051765215509,2,0.22233051765215509,0.0,0.35344715116057385,0.0,0.0,0.3157894736842105,1.0,0.3333333333333333,"[1.0,0.7341772151898734,0.6428571428571429,0.525,0.45454545454545453,0.36024844720496896,0.31521739130434784,0.2885572139303483,0.26126126126126126,0.24166666666666667]","[0.6851851851851851,1.0,0.3157894736842105,0.0,0.0,0.0,0.0,0.0,0.0]","[-0.03703703703703709,0.0,-0.3157894736842105,0.2727272727272727,0.0,0.0,1.0,0.29411764705882354,1.0,0.5555555555555556]",0.27695739646204043,512,40.191329959983705,40212.18505859375,19.622346682008356,20.56898327797535,2.2854425864417056,2.2821633999992628,459722232261.1315,1112789617784034,1112789617771746,12288,38301453324,44699952,0,0,44763204,89463156,85.3187141418457,0.9000684333538326,10091.390625,0.1,
texture-all,cwr_star,texture,2,54,resnet18_cifar,0.1,"[0.1,0.05,0.01]",last_epoch_train_mean,0.0,0.1,0.0,3338368853352102,44699952,10,0,0.42210064754411236,0.22083333333333333,0.27898957367556404,0.27898957367556404,-0.27898957367556404,2,0.27898957367556404,0.0,0.3916414152266839,0.0,0.0,0.4545454545454546,1.0,0.4444444444444444,"[0.9814814814814815,0.6962025316455697,0.5612244897959183,0.4166666666666667,0.35664335664335667,0.2608695652173913,0.24456521739130435,0.24378109452736318,0.23873873873873874,0.22083333333333333]","[0.9259259259259259,1.0,0.0,0.4545454545454546,0.13043478260869568,0.0,0.0,0.0,0.0]","[-0.09259259259259267,-0.31999999999999995,1.0,0.0,0.0,-0.6666666666666667,0.0,1.0,0.8571428571428571,1.0]",0.27778835978835975,512,40.109967578959186,40126.1416015625,19.63658489100635,20.473382687952835,2.2748202986614263,2.2708304050029255,459722232261.1315,1112789617784034,1112789617771746,12288,38301453324,44699952,0,0,44763204,89463156,85.3187141418457,0.9045873667976897,10091.390625,0.1,/nobackup/proj/disk/naiss2026-4-902/shared/yizhil/Avalanche/avalanche-master/joint_result_texture-all/cwr_star/order2/joint_texture_cwr_star__order-2__seed-054.json
texture-all,cwr_star,texture,2,54,resnet18_cifar,0.05,"[0.1,0.05,0.01]",last_epoch_train_mean,0.0,0.1,0.0,3338368853352102,44699952,10,0,0.39338997925119223,0.16666666666666666,0.21604938271604937,0.21604938271604937,-0.21604938271604937,2,0.21604938271604937,0.0,0.40440344084343705,0.0,0.0,0.0,1.0,0.2222222222222222,"[0.9444444444444444,0.6962025316455697,0.5612244897959183,0.39166666666666666,0.32867132867132864,0.2484472049689441,0.21739130434782608,0.19900497512437812,0.18018018018018017,0.16666666666666666]","[0.9444444444444444,1.0,0.0,0.0,0.0,0.0,0.0,0.0,0.0]","[-0.05555555555555558,-0.31999999999999995,1.0,0.0,1.0,-0.6666666666666667,0.0,1.0,0.8571428571428571,1.0]",0.3814920634920635,512,40.046653628058266,40066.341796875,19.46772791800322,20.578925710055046,2.2865473011172273,2.298358766012825,459722232261.1315,1112789617784034,1112789617771746,12288,38301453324,44699952,0,0,44763204,89463156,85.3187141418457,0.8501469247372976,10091.390625,0.1,
texture-all,cwr_star,texture,2,54,resnet18_cifar,0.01,"[0.1,0.05,0.01]",last_epoch_train_mean,0.0,0.1,0.0,3338368853352102,44699952,10,0,0.484206820792605,0.24166666666666667,0.26326619016677494,0.26326619016677494,-0.26326619016677494,2,0.26326619016677494,0.0,0.3820763449530632,0.0,0.0,0.6842105263157895,1.0,0.3333333333333333,"[1.0,0.7341772151898734,0.6530612244897959,0.5333333333333333,0.45454545454545453,0.36024844720496896,0.31521739130434784,0.2885572139303483,0.26126126126126126,0.24166666666666667]","[0.6851851851851851,1.0,0.6842105263157895,0.0,0.0,0.0,0.0,0.0,0.0]","[-0.11111111111111116,-0.31999999999999995,0.3157894736842105,1.0,0.0,-0.6666666666666667,0.0,1.0,0.8571428571428571,1.0]",0.30751545530492896,512,40.478249475039775,40496.0595703125,19.817588148987852,20.660661326051923,2.295629036227991,2.2809269839781336,459722232261.1315,1112789617784034,1112789617771746,12288,38301453324,44699952,0,0,44763204,89463156,85.3187141418457,0.9839766041598826,10091.390625,0.1,
texture-all,cwr_star,texture,2,55,resnet18_cifar,0.1,"[0.1,0.05,0.01]",last_epoch_train_mean,0.0,0.1,0.0,3338368853352102,44699952,10,0,0.3524589519924343,0.1625,0.3698524357054741,0.3698524357054741,-0.3698524357054741,2,0.3698524357054741,0.08695652173913049,0.43887556207616846,0.0,0.0,0.9259259259259259,1.0,0.5555555555555556,"[0.9259259259259259,0.5569620253164557,0.3163265306122449,0.39166666666666666,0.3356643356643357,0.2484472049689441,0.21739130434782608,0.19402985074626866,0.17567567567567569,0.1625]","[0.9259259259259259,1.0,0.3157894736842105,1.0,0.08695652173913049,0.0,0.0,0.0,0.0]","[0.05555555555555558,-1.0,0.6842105263157895,0.0,0.0,0.0,1.0,0.0,0.2857142857142857,1.0]",0.2025480367585631,512,39.02790108596673,39039.21813964844,19.64485791302286,19.38304317294387,2.15367146366043,2.198437522019958,459722232261.1315,1112789617784034,1112789617771746,12288,38301453324,44699952,0,0,44763204,89463156,85.3187141418457,0.9796820708288578,10091.390625,0.1,/nobackup/proj/disk/naiss2026-4-902/shared/yizhil/Avalanche/avalanche-master/joint_result_texture-all/cwr_star/order2/joint_texture_cwr_star__order-2__seed-055.json
texture-all,cwr_star,texture,2,55,resnet18_cifar,0.05,"[0.1,0.05,0.01]",last_epoch_train_mean,0.0,0.1,0.0,3338368853352102,44699952,10,0,0.43625587046987535,0.20416666666666666,0.20370370370370372,0.20370370370370372,-0.20370370370370372,2,0.20370370370370372,0.0,0.3831140901032815,0.0,0.0,0.0,1.0,0.2222222222222222,"[1.0,0.7088607594936709,0.5714285714285714,0.4583333333333333,0.38461538461538464,0.30434782608695654,0.266304347826087,0.24378109452736318,0.22072072072072071,0.20416666666666666]","[0.8333333333333334,1.0,0.0,0.0,0.0,0.0,0.0,0.0,0.0]","[-0.01851851851851849,-1.0,1.0,0.0,1.0,0.0,1.0,0.0,0.2857142857142857,1.0]",0.32671957671957674,512,40.87806818401441,40896.41650390625,19.927383820002433,20.950684364011977,2.327853818223553,2.324577440012945,459722232261.1315,1112789617784034,1112789617771746,12288,38301453324,44699952,0,0,44763204,89463156,85.3187141418457,0.831470687747545,10091.390625,0.1,
texture-all,cwr_star,texture,2,55,resnet18_cifar,0.01,"[0.1,0.05,0.01]",last_epoch_train_mean,0.0,0.1,0.0,3338368853352102,44699952,10,0,0.4916217867789995,0.24166666666666667,0.2925059562486463,0.2925059562486463,-0.2925059562486463,2,0.2925059562486463,0.0,0.4212347001160329,0.0,0.0,0.6851851851851851,1.0,0.3333333333333333,"[1.0,0.7341772151898734,0.6938775510204082,0.5666666666666667,0.45454545454545453,0.36024844720496896,0.31521739130434784,0.2885572139303483,0.26126126126126126,0.24166666666666667]","[0.6851851851851851,1.0,0.9473684210526315,0.0,0.0,0.0,0.0,0.0,0.0]","[-0.01851851851851849,-1.0,0.052631578947368474,1.0,0.0,0.0,1.0,0.0,0.2857142857142857,1.0]",0.23198273461431357,512,40.31718827702571,40339.911865234375,19.542217890004395,20.774970387021312,2.308330043002368,2.3067572149739135,459722232261.1315,1112789617784034,1112789617771746,12288,38301453324,44699952,0,0,44763204,89463156,85.3187141418457,0.9238867876168418,10091.390625,0.1,
texture-all,cwr_star,texture,2,56,resnet18_cifar,0.1,"[0.1,0.05,0.01]",last_epoch_train_mean,0.0,0.1,0.0,3338368853352102,44699952,10,0,0.2864858329047423,0.12916666666666668,0.15432098765432098,0.15432098765432098,-0.15432098765432098,2,0.15432098765432098,0.0,0.32264529247832047,0.0,0.0,0.0,1.0,0.2222222222222222,"[0.6296296296296297,0.4810126582278481,0.3877551020408163,0.31666666666666665,0.26573426573426573,0.19254658385093168,0.16847826086956522,0.15422885572139303,0.13963963963963963,0.12916666666666668]","[0.38888888888888895,1.0,0.0,0.0,0.0,0.0,0.0,0.0,0.0]","[0.33333333333333326,-0.56,0.8947368421052632,1.0,1.0,0.0,0.9130434782608695,0.0,0.7619047619047619,0.6111111111111112]",0.4954129526715339,512,40.865682873962214,40877.064697265625,20.073042469011853,20.79264040495036,2.310293378327818,2.3212723430187907,459722232261.1315,1112789617784034,1112789617771746,12288,38301453324,44699952,0,0,44763204,89463156,85.3187141418457,0.980524520734131,10091.390625,0.1,/nobackup/proj/disk/naiss2026-4-902/shared/yizhil/Avalanche/avalanche-master/joint_result_texture-all/cwr_star/order2/joint_texture_cwr_star__order-2__seed-056.json
texture-all,cwr_star,texture,2,56,resnet18_cifar,0.05,"[0.1,0.05,0.01]",last_epoch_train_mean,0.0,0.1,0.0,3338368853352102,44699952,10,0,0.4218282570472912,0.19166666666666668,0.20987654320987653,0.20987654320987653,-0.20987654320987653,2,0.20987654320987653,0.0,0.3935154926051661,0.0,0.0,0.0,1.0,0.2222222222222222,"[1.0,0.7088607594936709,0.5714285714285714,0.44166666666666665,0.3706293706293706,0.2732919254658385,0.2391304347826087,0.21890547263681592,0.20270270270270271,0.19166666666666668]","[0.8888888888888888,1.0,0.0,0.0,0.0,0.0,0.0,0.0,0.0]","[-0.03703703703703709,-0.56,0.8947368421052632,0.0,1.0,0.0,0.9130434782608695,0.0,0.7619047619047619,0.6111111111111112]",0.35837591563449683,512,40.21773879698594,40238.077880859375,19.492946298007155,20.724792498978786,2.302754722108754,2.303694685018854,459722232261.1315,1112789617784034,1112789617771746,12288,38301453324,44699952,0,0,44763204,89463156,85.3187141418457,0.8756036374203783,10091.390625,0.1,
texture-all,cwr_star,texture,2,56,resnet18_cifar,0.01,"[0.1,0.05,0.01]",last_epoch_train_mean,0.0,0.1,0.0,3338368853352102,44699952,10,0,0.4739177051463465,0.24166666666666667,0.1922933034044145,0.1922933034044145,-0.1922933034044145,2,0.1922933034044145,0.0,0.3557081236213658,0.0,0.0,0.045454545454545456,1.0,0.3333333333333333,"[1.0,0.7341772151898734,0.5918367346938775,0.49166666666666664,0.45454545454545453,0.36024844720496896,0.31521739130434784,0.2885572139303483,0.26126126126126126,0.24166666666666667]","[0.6851851851851851,1.0,0.0,0.045454545454545456,0.0,0.0,0.0,0.0,0.0]","[-0.03703703703703709,-0.56,0.8947368421052632,0.9545454545454546,0.0,0.0,0.9130434782608695,0.0,0.7619047619047619,0.6111111111111112]",0.3538304610890423,512,40.33645103496383,40355.560546875,19.755249848996755,20.581201185967075,2.2868001317741196,2.289872737979749,459722232261.1315,1112789617784034,1112789617771746,12288,38301453324,44699952,0,0,44763204,89463156,85.3187141418457,0.8936559749903003,10091.390625,0.1,
texture-all,cwr_star,texture,3,52,resnet18_cifar,0.1,"[0.1,0.05,0.01]",last_epoch_train_mean,0.0,0.1,0.0,3306152090822262,44699952,10,0,0.45651281499300983,0.2625,0.5191256830601093,0.5191256830601093,-0.5191256830601093,2,0.5191256830601093,0.6721311475409836,0.47449821521513463,0.0,0.0,1.0,1.0,0.5555555555555556,"[0.9508196721311475,0.6875,0.5670103092783505,0.4830508474576271,0.39705882352941174,0.35064935064935066,0.3107344632768362,0.2777777777777778,0.27802690582959644,0.2625]","[0.6721311475409836,1.0,0.0,1.0,1.0,1.0,0.0,0.0,0.0]","[0.0,0.0,0.058823529411764705,-0.8571428571428572,-0.4444444444444444,-0.2777777777777778,0.08695652173913049,0.42857142857142855,-0.6799999999999999,0.17647058823529413]",-0.15085430114074616,512,38.05058291601017,38064.41296386719,19.073743863991695,18.976839052018477,2.1085376724464973,2.2846470180083998,459722264177.7994,1102050696940754,1102050696928466,12288,38301453324,44699952,0,0,44763204,89463156,85.3187141418457,0.880865020856921,10091.390625,0.1,/nobackup/proj/disk/naiss2026-4-902/shared/yizhil/Avalanche/avalanche-master/joint_result_texture-all/cwr_star/order3/joint_texture_cwr_star__order-3__seed-052.json
texture-all,cwr_star,texture,3,52,resnet18_cifar,0.05,"[0.1,0.05,0.01]",last_epoch_train_mean,0.0,0.1,0.0,3306152090822262,44699952,10,0,0.4617524590578664,0.22916666666666666,0.3770491803278688,0.3770491803278688,-0.3770491803278688,2,0.3770491803278688,0.0,0.4564722625236525,0.0,0.0,1.0,1.0,0.4444444444444444,"[1.0,0.7125,0.5876288659793815,0.4915254237288136,0.40441176470588236,0.35714285714285715,0.3107344632768362,0.2777777777777778,0.24663677130044842,0.22916666666666666]","[0.39344262295081966,1.0,0.0,1.0,1.0,0.0,0.0,0.0,0.0]","[-0.049180327868852514,0.0,0.058823529411764705,-0.8571428571428572,-0.4444444444444444,-0.2777777777777778,1.0,0.42857142857142855,0.32,0.17647058823529413]",0.03553201389845555,512,38.213427930983016,38231.68994140625,17.497637748980196,20.71579018200282,2.30175446466698,2.298088123992784,459722264177.7994,1102050696940754,1102050696928466,12288,38301453324,44699952,0,0,44763204,89463156,85.3187141418457,0.9634933833391793,10091.390625,0.1,
texture-all,cwr_star,texture,3,52,resnet18_cifar,0.01,"[0.1,0.05,0.01]",last_epoch_train_mean,0.0,0.1,0.0,3306152090822262,44699952,10,0,0.37244196604327995,0.2125,0.13114754098360656,0.13114754098360656,-0.13114754098360656,5,0.13114754098360656,0.0,0.31228922540392456,0.0,0.0,0.0,1.0,0.2222222222222222,"[0.7049180327868853,0.5375,0.4329896907216495,0.3559322033898305,0.375,0.33116883116883117,0.288135593220339,0.25757575757575757,0.22869955156950672,0.2125]","[0.180327868852459,0.0,0.0,0.0,1.0,0.0,0.0,0.0,0.0]","[0.24590163934426224,1.0,0.0,0.14285714285714285,-0.4444444444444444,-0.2777777777777778,1.0,0.42857142857142855,0.32,0.17647058823529413]",0.25915785767859056,512,39.97735662900959,39997.884521484375,19.177554563008016,20.799802066001575,2.3110891184446194,2.3132777200080454,459722264177.7994,1102050696940754,1102050696928466,12288,38301453324,44699952,0,0,44763204,89463156,85.3187141418457,0.805296183655931,10091.390625,0.1,
texture-all,cwr_star,texture,3,53,resnet18_cifar,0.1,"[0.1,0.05,0.01]",last_epoch_train_mean,0.0,0.1,0.0,3306152090822262,44699952,10,0,0.1542280895396295,0.07083333333333333,0.8492746169506055,0.8492746169506055,-0.8492746169506055,2,0.8492746169506055,1.0,0.2701451222838357,0.26229508196721313,0.9411764705882353,1.0,1.0,1.0,"[0.26229508196721313,0.2375,0.16494845360824742,0.17796610169491525,0.1323529411764706,0.11688311688311688,0.12994350282485875,0.10606060606060606,0.14349775784753363,0.07083333333333333]","[0.26229508196721313,1.0,0.9411764705882353,1.0,1.0,1.0,1.0,1.0,0.44]","[0.180327868852459,0.0,-0.9411764705882353,-0.7142857142857143,-0.8333333333333334,0.0,0.0,0.0,-0.24,-0.05882352941176472]",-0.26072911787665887,512,40.05102476099273,40068.176513671875,19.231834008998703,20.81919075199403,2.313243416888225,2.3225569869973697,459722264177.7994,1102050696940754,1102050696928466,12288,38301453324,44699952,0,0,44763204,89463156,85.3187141418457,0.863984062380041,10091.390625,0.1,/nobackup/proj/disk/naiss2026-4-902/shared/yizhil/Avalanche/avalanche-master/joint_result_texture-all/cwr_star/order3/joint_texture_cwr_star__order-3__seed-053.json
texture-all,cwr_star,texture,3,53,resnet18_cifar,0.05,"[0.1,0.05,0.01]",last_epoch_train_mean,0.0,0.1,0.0,3306152090822262,44699952,10,0,0.4614913130715249,0.275,0.4784456587735277,0.4784456587735277,-0.4784456587735277,2,0.4784456587735277,0.639344262295082,0.4463448211841221,0.0,0.0,1.0,1.0,0.5555555555555556,"[0.9180327868852459,0.6125,0.4639175257731959,0.559322033898305,0.4632352941176471,0.4805194805194805,0.3050847457627119,0.2727272727272727,0.2645739910313901,0.275]","[0.639344262295082,1.0,0.0,1.0,0.6666666666666667,1.0,0.0,0.0,0.0]","[-0.4754098360655738,0.0,0.0,-0.7142857142857143,-0.8333333333333334,0.0,0.0,1.0,-0.2,0.3529411764705882]",-0.08700877072140333,512,40.00997563498095,40032.087646484375,19.38659669001936,20.623378944961587,2.2914865494401764,2.290085469983751,459722264177.7994,1102050696940754,1102050696928466,12288,38301453324,44699952,0,0,44763204,89463156,85.3187141418457,0.9769543497289609,10091.390625,0.1,
texture-all,cwr_star,texture,3,53,resnet18_cifar,0.01,"[0.1,0.05,0.01]",last_epoch_train_mean,0.0,0.1,0.0,3306152090822262,44699952,10,0,0.44813192911603766,0.23333333333333334,0.14207650273224046,0.14207650273224046,-0.14207650273224046,5,0.14207650273224046,0.0,0.31552349799458035,0.0,0.0,0.0,1.0,0.2222222222222222,"[0.9016393442622951,0.6875,0.5670103092783505,0.4661016949152542,0.4117647058823529,0.36363636363636365,0.3163841807909605,0.2828282828282828,0.25112107623318386,0.23333333333333334]","[0.2786885245901639,0.0,0.0,0.0,1.0,0.0,0.0,0.0,0.0]","[-0.45901639344262296,1.0,0.0,0.2857142857142857,-0.8333333333333334,0.0,1.0,1.0,0.2,0.9411764705882353]",0.31345410295265647,512,40.26693465403514,40286.687744140625,19.533834368019598,20.733100286015542,2.3036778095572825,2.3018331569910515,459722264177.7994,1102050696940754,1102050696928466,12288,38301453324,44699952,0,0,44763204,89463156,85.3187141418457,0.8956124585286792,10091.390625,0.1,
texture-all,cwr_star,texture,3,54,resnet18_cifar,0.1,"[0.1,0.05,0.01]",last_epoch_train_mean,0.0,0.1,0.0,3306152090822262,44699952,10,0,0.26104028777618016,0.17083333333333334,0.17604710372309215,0.17604710372309215,-0.17604710372309215,3,0.17604710372309215,0.0,0.3019939901541088,0.0,0.0,0.26229508196721313,0.9411764705882353,0.3333333333333333,"[0.26229508196721313,0.2,0.32989690721649484,0.3389830508474576,0.36764705882352944,0.3181818181818182,0.23163841807909605,0.20707070707070707,0.18385650224215247,0.17083333333333334]","[0.26229508196721313,0.0,0.9411764705882353,0.38095238095238093,0.0,0.0,0.0,0.0,0.0]","[0.721311475409836,1.0,-0.9411764705882353,-0.38095238095238093,-1.0,0.0,0.0,1.0,1.0,0.0]",0.13991826238692198,512,39.89554772502743,39910.125244140625,19.299801530025434,20.595746195001993,2.2884162438891105,2.2915315549762454,459722264177.7994,1102050696940754,1102050696928466,12288,38301453324,44699952,0,0,44763204,89463156,85.3187141418457,0.8713333380001131,10091.390625,0.1,/nobackup/proj/disk/naiss2026-4-902/shared/yizhil/Avalanche/avalanche-master/joint_result_texture-all/cwr_star/order3/joint_texture_cwr_star__order-3__seed-054.json
texture-all,cwr_star,texture,3,54,resnet18_cifar,0.05,"[0.1,0.05,0.01]",last_epoch_train_mean,0.0,0.1,0.0,3306152090822262,44699952,10,0,0.4719753609879673,0.2625,0.37522768670309653,0.37522768670309653,-0.37522768670309653,2,0.37522768670309653,0.0,0.45643591890123136,0.0,0.0,1.0,1.0,0.4444444444444444,"[1.0,0.7125,0.5876288659793815,0.5,0.4117647058823529,0.36363636363636365,0.3163841807909605,0.2828282828282828,0.2825112107623318,0.2625]","[0.3770491803278688,1.0,0.0,1.0,1.0,0.0,0.0,0.0,0.0]","[-0.016393442622950838,0.0,0.0,-1.0,-1.0,0.0,1.0,1.0,0.0,0.0]",-0.0016393442622950837,512,37.63199144101236,37644.231201171875,17.780326612002682,19.851664829009678,2.2057405365566307,2.1982175550074317,459722264177.7994,1102050696940754,1102050696928466,12288,38301453324,44699952,0,0,44763204,89463156,85.3187141418457,0.704285199996472,10091.390625,0.1,
texture-all,cwr_star,texture,3,54,resnet18_cifar,0.01,"[0.1,0.05,0.01]",last_epoch_train_mean,0.0,0.1,0.0,3306152090822262,44699952,10,0,0.2570780434322669,0.22916666666666666,0.0,0.0,-0.0,1,0.0,0.0,0.0,0.0,0.0,0.0,0.0,0.0,"[0.26229508196721313,0.2,0.32989690721649484,0.2711864406779661,0.23529411764705882,0.2077922077922078,0.3107344632768362,0.2777777777777778,0.24663677130044842,0.22916666666666666]","[0.0,0.0,0.0,0.0,0.0,0.0,0.0,0.0,0.0]","[0.721311475409836,1.0,-0.9411764705882353,0.0,0.0,0.0,0.0,1.0,1.0,0.0]",0.27801350048216006,512,40.015413089015055,40036.207275390625,19.478682785993442,20.536730303021614,2.281858922557957,2.293592072004685,459722264177.7994,1102050696940754,1102050696928466,12288,38301453324,44699952,0,0,44763204,89463156,85.3187141418457,0.9164475788566051,10091.390625,0.1,
texture-all,cwr_star,texture,3,55,resnet18_cifar,0.1,"[0.1,0.05,0.01]",last_epoch_train_mean,0.0,0.1,0.0,3306152090822262,44699952,10,0,0.34868939930870063,0.26666666666666666,0.5456811427475793,0.5456811427475793,-0.5456811427475793,3,0.5456811427475793,0.8947368421052632,0.474951298998468,0.0,0.016393442622950782,1.0,1.0,0.7777777777777778,"[0.2786885245901639,0.425,0.4742268041237113,0.4406779661016949,0.375,0.3246753246753247,0.3220338983050847,0.29292929292929293,0.28699551569506726,0.26666666666666666]","[0.016393442622950782,0.8947368421052632,1.0,0.9523809523809523,1.0,1.0,0.0,0.047619047619047616,0.0]","[0.39344262295081966,0.10526315789473684,-0.9411764705882353,-0.38095238095238093,-0.16666666666666663,-0.6666666666666667,0.0,0.7142857142857142,-0.43999999999999995,0.0]",-0.1382470689742679,512,39.53181669098558,39554.428955078125,18.918082656979095,20.613734034006484,2.2904148926673873,2.284146899008192,459722264177.7994,1102050696940754,1102050696928466,12288,38301453324,44699952,0,0,44763204,89463156,85.3187141418457,0.8581265375444976,10091.390625,0.1,/nobackup/proj/disk/naiss2026-4-902/shared/yizhil/Avalanche/avalanche-master/joint_result_texture-all/cwr_star/order3/joint_texture_cwr_star__order-3__seed-055.json
texture-all,cwr_star,texture,3,55,resnet18_cifar,0.05,"[0.1,0.05,0.01]",last_epoch_train_mean,0.0,0.1,0.0,3306152090822262,44699952,10,0,0.47028044573373,0.2625,0.37522768670309653,0.37522768670309653,-0.37522768670309653,2,0.37522768670309653,0.0,0.45643591890123136,0.0,0.0,1.0,1.0,0.4444444444444444,"[1.0,0.7125,0.5876288659793815,0.4830508474576271,0.4117647058823529,0.36363636363636365,0.3163841807909605,0.2828282828282828,0.2825112107623318,0.2625]","[0.3770491803278688,1.0,0.0,0.0,1.0,1.0,0.0,0.0,0.0]","[-0.3278688524590164,0.0,0.058823529411764705,0.5714285714285714,-0.16666666666666663,-0.6666666666666667,1.0,0.7619047619047619,-0.43999999999999995,0.0]",0.07909546769527483,512,39.92691884201486,39947.320556640625,19.348303959006444,20.578614883008413,2.2865127647787125,2.2796209390216973,459722264177.7994,1102050696940754,1102050696928466,12288,38301453324,44699952,0,0,44763204,89463156,85.3187141418457,0.9387821335015664,10091.390625,0.1,
texture-all,cwr_star,texture,3,55,resnet18_cifar,0.01,"[0.1,0.05,0.01]",last_epoch_train_mean,0.0,0.1,0.0,3306152090822262,44699952,10,0,0.4029267298522418,0.2125,0.1402550091074681,0.1402550091074681,-0.1402550091074681,5,0.1402550091074681,0.0,0.31477602298328516,0.0,0.0,0.0,1.0,0.2222222222222222,"[0.8032786885245902,0.6125,0.5051546391752577,0.4152542372881356,0.375,0.33116883116883117,0.288135593220339,0.25757575757575757,0.22869955156950672,0.2125]","[0.2622950819672131,0.0,0.0,0.0,1.0,0.0,0.0,0.0,0.0]","[-0.1311475409836066,1.0,0.058823529411764705,0.5714285714285714,-0.16666666666666663,-0.6666666666666667,1.0,0.7619047619047619,0.56,0.0]",0.2987675988428158,512,39.53657519092667,39554.87109375,19.011675040004775,20.524900150921894,2.2805444612135437,2.2940609460056294,459722264177.7994,1102050696940754,1102050696928466,12288,38301453324,44699952,0,0,44763204,89463156,85.3187141418457,0.8281237831397448,10091.390625,0.1,
texture-all,cwr_star,texture,3,56,resnet18_cifar,0.1,"[0.1,0.05,0.01]",last_epoch_train_mean,0.0,0.1,0.0,3306152090822262,44699952,10,0,0.3227114958437133,0.17083333333333334,0.3112667557675932,0.30944526214282086,-0.30944526214282086,4,0.3112667557675932,0.0,0.3931969744606566,0.0,0.0,0.4918032786885246,1.0,0.4444444444444444,"[0.47540983606557374,0.4625,0.36082474226804123,0.4491525423728814,0.36764705882352944,0.3181818181818182,0.23163841807909605,0.20707070707070707,0.18385650224215247,0.17083333333333334]","[0.4918032786885246,0.3684210526315789,0.9411764705882353,1.0,0.0,0.0,0.0,0.0,0.0]","[0.16393442622950827,0.631578947368421,-0.05882352941176472,-0.47619047619047616,-0.8333333333333334,1.0,-0.13043478260869568,1.0,1.0,0.9411764705882353]",0.32379077226418945,512,39.5662840110017,39588.494384765625,18.98681151701021,20.57947249399149,2.2866080548879433,2.295682300988119,459722264177.7994,1102050696940754,1102050696928466,12288,38301453324,44699952,0,0,44763204,89463156,85.3187141418457,0.9939621792000253,10091.390625,0.1,/nobackup/proj/disk/naiss2026-4-902/shared/yizhil/Avalanche/avalanche-master/joint_result_texture-all/cwr_star/order3/joint_texture_cwr_star__order-3__seed-056.json
texture-all,cwr_star,texture,3,56,resnet18_cifar,0.05,"[0.1,0.05,0.01]",last_epoch_train_mean,0.0,0.1,0.0,3306152090822262,44699952,10,0,0.23582547894943237,0.17083333333333334,0.27420367053925393,0.27420367053925393,-0.27420367053925393,5,0.27420367053925393,0.0,0.38270689048548057,0.0,0.0,0.4426229508196721,1.0,0.4444444444444444,"[0.4426229508196721,0.3375,0.17525773195876287,0.15254237288135594,0.2426470588235294,0.21428571428571427,0.23163841807909605,0.20707070707070707,0.18385650224215247,0.17083333333333334]","[0.4426229508196721,0.0,0.8823529411764706,0.14285714285714285,1.0,0.0,0.0,0.0,0.0]","[0.1967213114754099,1.0,0.0,0.380952380952381,-0.8333333333333334,0.0,-0.13043478260869568,1.0,1.0,0.9411764705882353]",0.3555082047073997,512,38.77827999097644,38795.82019042969,19.09639945300296,19.681880537973484,2.186875615330387,2.2814113769854885,459722264177.7994,1102050696940754,1102050696928466,12288,38301453324,44699952,0,0,44763204,89463156,85.3187141418457,0.8232022625937437,10091.390625,0.1,
texture-all,cwr_star,texture,3,56,resnet18_cifar,0.01,"[0.1,0.05,0.01]",last_epoch_train_mean,0.0,0.1,0.0,3306152090822262,44699952,10,0,0.4528996588405029,0.23333333333333334,0.14389799635701273,0.14389799635701273,-0.14389799635701273,5,0.14389799635701273,0.0,0.31635311971387226,0.0,0.0,0.0,1.0,0.2222222222222222,"[0.9180327868852459,0.7,0.5773195876288659,0.4745762711864407,0.4117647058823529,0.36363636363636365,0.3163841807909605,0.2828282828282828,0.25112107623318386,0.23333333333333334]","[0.29508196721311475,0.0,0.0,0.0,1.0,0.0,0.0,0.0,0.0]","[-0.2786885245901639,1.0,0.8823529411764706,0.5238095238095238,-0.8333333333333334,0.0,0.8695652173913043,1.0,1.0,0.9411764705882353]",0.5104882295042037,512,38.801558560924605,38820.4736328125,18.05642262697802,20.745135933946585,2.3050151037718427,2.3033488290093374,459722264177.7994,1102050696940754,1102050696928466,12288,38301453324,44699952,0,0,44763204,89463156,85.3187141418457,0.993182878907343,10091.390625,0.1,
