exp_name,method,dataset,order,seed,backbone,lr,lr_candidates,loss_selection,selection_loss,best_lr,best_loss,total_search_flops,storage_bytes,tasks,selection_loss_eval_flops,average_incremental_accuracy,final_average_accuracy,average_forgetting,mean_final_accuracy_loss,backward_transfer,worst_forgotten_task,forgetting_mean,forgetting_median,forgetting_std,forgetting_min,forgetting_q25,forgetting_q75,forgetting_max,forgetting_positive_fraction,task_end_seen_accuracy_curve,forgetting_per_task,intransigence,intransigence_mean,final_hidden_neurons,training_runtime_s,training_gpu_ms,initial_task_s,incremental_tasks_total_s,mean_incremental_task_s,median_incremental_task_s,terminal_flops_per_sample,overall_learning_flops,core_training_flops,learning_auxiliary_flops,single_sample_forward_flops,model_parameter_bytes,replay_sample_bytes,replay_label_bytes,auxiliary_bytes,persistent_storage_bytes,persistent_storage_mib,inference_latency_ms_per_sample,peak_allocated_gpu_memory_mib,intransigence_reference_lr,intransigence_reference_file
spike-all,ewc,spike,1,63,resnet18_cifar,0.05,"[0.1,0.05,0.01]",last_epoch_train_mean,0.07053662123887436,0.05,0.07053662123887436,16954551694783530,44716368,18,0,0.16206237471642793,0.05505761843790013,0.9914529914529915,0.9914529914529915,-0.9914529914529915,2,0.9914529914529915,1.0,0.025557094071671855,0.8974358974358975,1.0,1.0,1.0,1.0,"[0.9572649572649573,0.25,0.20408163265306123,0.16595744680851063,0.26277372262773724,0.12738853503184713,0.11048158640226628,0.09948979591836735,0.09048723897911833,0.08297872340425531,0.07662082514734773,0.12773722627737227,0.06643952299829642,0.06230031948881789,0.058646616541353384,0.06685633001422475,0.05256064690026954,0.05505761843790013]","[0.9572649572649573,1.0,1.0,0.8974358974358975,1.0,1.0,1.0,1.0,1.0,1.0,1.0,1.0,1.0,1.0,1.0,1.0,1.0]","[-0.008547008547008628,-0.15384615384615385,-0.07499999999999996,-0.15384615384615385,0.0,-0.050000000000000044,0.0,-0.02564102564102566,-0.07692307692307687,0.0,-0.05128205128205132,-0.5641025641025641,-0.07692307692307687,-0.3076923076923077,-0.4358974358974359,-0.052631578947368474,-0.02564102564102566,-0.07692307692307687]",-0.11860536312290698,512,908.2009045853047,908246.923828125,25.40877553995233,882.7921290453523,51.92894876737367,51.554437372949906,3008510760323.824,5651517231594510,5382632010818374,268885220776136,27838714900,44716368,0,0,1654544196,1699260564,1620.5411567687988,0.5717084814034755,9589.93115234375,0.05,/nobackup/proj/disk/naiss2026-4-902/shared/yizhil/Avalanche/avalanche-master/joint_result_spike-all/ewc/order1/joint_spike_ewc__order-1__seed-063.json
spike-all,ewc,spike,1,65,resnet18_cifar,0.05,"[0.1,0.05,0.01]",last_epoch_train_mean,0.010778194553687335,0.05,0.010778194553687335,16954551694783530,44716368,18,0,0.15599504406098658,0.0499359795134443,0.9964806435394671,0.9964806435394671,-0.9964806435394671,2,0.9964806435394671,1.0,0.014077425842131728,0.9401709401709402,1.0,1.0,1.0,1.0,"[0.9401709401709402,0.25,0.20408163265306123,0.16595744680851063,0.14233576642335766,0.12738853503184713,0.14447592067988668,0.09948979591836735,0.09048723897911833,0.08297872340425531,0.07662082514734773,0.12043795620437957,0.06643952299829642,0.06230031948881789,0.07819548872180451,0.05405405405405406,0.05256064690026954,0.0499359795134443]","[0.9401709401709402,1.0,1.0,1.0,1.0,1.0,1.0,1.0,1.0,1.0,1.0,1.0,1.0,1.0,1.0,1.0,1.0]","[-0.09401709401709402,-0.4871794871794872,0.0,0.0,-0.28205128205128205,-0.050000000000000044,-0.05128205128205132,-0.02564102564102566,-0.05128205128205132,-0.02564102564102566,-0.3076923076923077,-0.1282051282051282,-0.05128205128205132,-0.02564102564102566,-0.20512820512820518,-0.02631578947368418,-0.02564102564102566,-0.02564102564102566]",-0.10348003198880394,512,891.9877988800017,892026.505859375,27.462975378999545,864.5248235010022,50.85440138241189,51.213064483999915,3008510760323.824,5651517231594510,5382632010818374,268885220776136,27838714900,44716368,0,0,1654544196,1699260564,1620.5411567687988,0.597796874520888,9589.93115234375,0.05,/nobackup/proj/disk/naiss2026-4-902/shared/yizhil/Avalanche/avalanche-master/joint_result_spike-all/ewc/order1/joint_spike_ewc__order-1__seed-065.json
spike-all,ewc,spike,1,67,resnet18_cifar,0.05,"[0.1,0.05,0.01]",last_epoch_train_mean,0.03145957599330393,0.05,0.03145957599330393,16954551694783530,44716368,18,0,0.15815226015421074,0.0499359795134443,0.9974861739567622,0.9974861739567622,-0.9974861739567622,2,0.9974861739567622,1.0,0.010055304172951222,0.9572649572649573,1.0,1.0,1.0,1.0,"[0.9572649572649573,0.25,0.20408163265306123,0.16595744680851063,0.14233576642335766,0.12738853503184713,0.11048158640226628,0.10204081632653061,0.09976798143851508,0.12978723404255318,0.07662082514734773,0.13138686131386862,0.06643952299829642,0.06230031948881789,0.058646616541353384,0.059743954480796585,0.05256064690026954,0.0499359795134443]","[0.9572649572649573,1.0,1.0,1.0,1.0,1.0,1.0,1.0,1.0,1.0,1.0,1.0,1.0,1.0,1.0,1.0,1.0]","[-0.03418803418803418,0.0,-0.050000000000000044,0.0,-0.10256410256410253,0.0,-0.02564102564102566,0.0,-0.1282051282051282,-0.05128205128205132,-0.07692307692307687,0.0,0.0,-0.41025641025641024,-0.3589743589743589,-0.1842105263157895,0.0,-0.05128205128205132]",-0.08186259809066826,512,903.0459485290012,903104.0478515625,27.788984201000858,875.2569643280003,51.485703784000016,52.39971555599914,3008510760323.824,5651517231594510,5382632010818374,268885220776136,27838714900,44716368,0,0,1654544196,1699260564,1620.5411567687988,0.44342133290353564,9589.93115234375,0.05,/nobackup/proj/disk/naiss2026-4-902/shared/yizhil/Avalanche/avalanche-master/joint_result_spike-all/ewc/order1/joint_spike_ewc__order-1__seed-067.json
spike-all,ewc,spike,1,69,resnet18_cifar,0.1,"[0.1,0.05,0.01]",last_epoch_train_mean,0.02072693261763324,0.1,0.02072693261763324,16954551694783530,44716368,18,0,0.15227238350787603,0.05377720870678617,0.9890522875816994,0.9890522875816994,-0.9890522875816994,2,0.9890522875816994,1.0,0.030614479551974823,0.8888888888888888,1.0,1.0,1.0,1.0,"[0.8888888888888888,0.25,0.20408163265306123,0.16595744680851063,0.14233576642335766,0.12738853503184713,0.11331444759206799,0.10204081632653061,0.09280742459396751,0.0851063829787234,0.07662082514734773,0.1386861313868613,0.06814310051107325,0.06230031948881789,0.058646616541353384,0.05689900426742532,0.05390835579514825,0.05377720870678617]","[0.8888888888888888,1.0,1.0,1.0,1.0,0.925,1.0,1.0,1.0,1.0,1.0,1.0,1.0,1.0,1.0,1.0,1.0]","[-0.008547008547008517,0.0,-0.09999999999999998,-0.07692307692307687,-0.02564102564102566,0.0,-0.02564102564102566,0.0,-0.23076923076923073,0.0,-0.07692307692307687,-0.15384615384615385,-0.07692307692307687,-0.05128205128205132,-0.33333333333333337,-0.07894736842105265,-0.07692307692307687,-0.15384615384615385]",-0.08164142550107462,512,933.3186885710056,933356.837890625,27.712222690999624,905.606465880006,53.270968581176824,55.582009158999426,3008510760323.824,5651517231594510,5382632010818374,268885220776136,27838714900,44716368,0,0,1654544196,1699260564,1620.5411567687988,0.5644056068964898,9589.93115234375,0.1,/nobackup/proj/disk/naiss2026-4-902/shared/yizhil/Avalanche/avalanche-master/joint_result_spike-all/ewc/order1/joint_spike_ewc__order-1__seed-069.json
spike-all,ewc,spike,1,71,resnet18_cifar,0.01,"[0.1,0.05,0.01]",last_epoch_train_mean,0.022640064948741694,0.01,0.022640064948741694,16954551694783530,44716368,18,0,0.15170769662711178,0.0499359795134443,0.9979889391654098,0.9979889391654098,-0.9979889391654098,2,0.9979889391654098,1.0,0.008044243338360983,0.9658119658119658,1.0,1.0,1.0,1.0,"[0.9658119658119658,0.25,0.20408163265306123,0.16595744680851063,0.14233576642335766,0.12738853503184713,0.11048158640226628,0.09948979591836735,0.09048723897911833,0.08297872340425531,0.07662082514734773,0.07116788321167883,0.06643952299829642,0.06230031948881789,0.058646616541353384,0.05405405405405406,0.05256064690026954,0.0499359795134443]","[0.9658119658119658,1.0,1.0,1.0,1.0,1.0,1.0,1.0,1.0,1.0,1.0,1.0,1.0,1.0,1.0,1.0,1.0]","[0.02564102564102566,-0.15384615384615385,-0.07499999999999996,-0.05128205128205132,-0.02564102564102566,0.0,-0.02564102564102566,0.0,-0.05128205128205132,0.0,-0.1282051282051282,-0.15384615384615385,-0.15384615384615385,-0.07692307692307687,-0.17948717948717952,-0.26315789473684215,0.0,-0.15384615384615385]",-0.08146461238566502,512,935.0460944180049,935092.8671875,28.018699369000387,907.0273950490046,53.354552649941446,53.654129068003385,3008510760323.824,5651517231594510,5382632010818374,268885220776136,27838714900,44716368,0,0,1654544196,1699260564,1620.5411567687988,0.555094709340319,9589.93115234375,0.01,/nobackup/proj/disk/naiss2026-4-902/shared/yizhil/Avalanche/avalanche-master/joint_result_spike-all/ewc/order1/joint_spike_ewc__order-1__seed-071.json
spike-all,ewc,spike,2,63,resnet18_cifar,0.1,"[0.1,0.05,0.01]",last_epoch_train_mean,0.0006718928119462701,0.1,0.0006718928119462701,16954551691676874,44716368,18,0,0.16463601553597057,0.05505761843790013,0.9915821501014198,0.9915821501014198,-0.9915821501014198,2,0.9915821501014198,1.0,0.025033253067863064,0.9,1.0,1.0,1.0,1.0,"[0.9568965517241379,0.25161290322580643,0.20512820512820512,0.21794871794871795,0.20146520146520147,0.21153846153846154,0.11363636363636363,0.09974424552429667,0.1,0.08315565031982942,0.07677165354330709,0.0712979890310786,0.06655290102389079,0.0688,0.058734939759036146,0.07254623044096728,0.05256064690026954,0.05505761843790013]","[0.9568965517241379,1.0,0.9,1.0,1.0,1.0,1.0,1.0,1.0,1.0,1.0,1.0,1.0,1.0,1.0,1.0,1.0]","[0.008620689655172487,0.0,-0.025000000000000022,0.0,-0.07692307692307687,-0.23076923076923073,0.0,-0.05128205128205132,-0.02564102564102566,-0.10256410256410253,-0.1282051282051282,-0.23076923076923073,-0.23076923076923073,-0.17948717948717952,-0.20512820512820518,-0.1282051282051282,-0.02564102564102566,-0.07692307692307687]",-0.09492705570291776,512,946.3151145609918,946357.8681640625,28.029373034001765,918.28574152699,54.01680832511706,55.43245787499836,3008510953219.206,5651517230558958,5382632009832134,268885220726824,27838714900,44716368,0,0,1654544196,1699260564,1620.5411567687988,0.5636824750375461,9582.00537109375,0.1,/nobackup/proj/disk/naiss2026-4-902/shared/yizhil/Avalanche/avalanche-master/joint_result_spike-all/ewc/order2/joint_spike_ewc__order-2__seed-063.json
spike-all,ewc,spike,2,65,resnet18_cifar,0.05,"[0.1,0.05,0.01]",last_epoch_train_mean,0.007922043260302603,0.05,0.007922043260302603,16954551691676874,44716368,18,0,0.15531706706933085,0.0499359795134443,0.997971602434077,0.997971602434077,-0.997971602434077,2,0.997971602434077,1.0,0.008113590263691673,0.9655172413793104,1.0,1.0,1.0,1.0,"[0.9655172413793104,0.25161290322580643,0.20512820512820512,0.16666666666666666,0.15018315018315018,0.17307692307692307,0.11363636363636363,0.10230179028132992,0.09069767441860466,0.08315565031982942,0.07677165354330709,0.0712979890310786,0.06655290102389079,0.0624,0.058734939759036146,0.05547652916073969,0.05256064690026954,0.0499359795134443]","[0.9655172413793104,1.0,1.0,1.0,1.0,1.0,1.0,1.0,1.0,1.0,1.0,1.0,1.0,1.0,1.0,1.0,1.0]","[-0.051724137931034475,-0.28205128205128205,0.0,0.0,-0.02564102564102566,-0.2564102564102564,-0.050000000000000044,0.0,-0.20512820512820518,-0.20512820512820518,-0.05128205128205132,-0.2564102564102564,-0.07692307692307687,-0.20512820512820518,0.0,-0.2564102564102564,-0.5641025641025641,-0.5641025641025641]",-0.1694690048138324,512,976.5904728349997,976637.654296875,28.16956787899835,948.4209049560013,55.78946499741184,55.03464769999846,3008510953219.206,5651517230558958,5382632009832134,268885220726824,27838714900,44716368,0,0,1654544196,1699260564,1620.5411567687988,0.5719284737550042,9582.00537109375,0.05,/nobackup/proj/disk/naiss2026-4-902/shared/yizhil/Avalanche/avalanche-master/joint_result_spike-all/ewc/order2/joint_spike_ewc__order-2__seed-065.json
spike-all,ewc,spike,2,67,resnet18_cifar,0.1,"[0.1,0.05,0.01]",last_epoch_train_mean,0.020530384334718217,0.1,0.020530384334718217,16954551691676874,44716368,18,0,0.15028289594623342,0.0499359795134443,0.995943204868154,0.995943204868154,-0.995943204868154,2,0.995943204868154,1.0,0.016227180527383374,0.9310344827586207,1.0,1.0,1.0,1.0,"[0.9310344827586207,0.25161290322580643,0.20512820512820512,0.16666666666666666,0.14285714285714285,0.125,0.11363636363636363,0.09974424552429667,0.09069767441860466,0.08315565031982942,0.07677165354330709,0.07312614259597806,0.06655290102389079,0.0624,0.058734939759036146,0.05547652916073969,0.05256064690026954,0.0499359795134443]","[0.9310344827586207,1.0,1.0,1.0,1.0,1.0,1.0,1.0,1.0,1.0,1.0,1.0,1.0,1.0,1.0,1.0,1.0]","[-0.008620689655172376,-0.15384615384615385,0.0,0.0,0.0,-0.02564102564102566,-0.050000000000000044,-0.02564102564102566,-0.1282051282051282,-0.05128205128205132,-0.02564102564102566,-0.3846153846153846,-0.05128205128205132,-0.10256410256410253,-0.07692307692307687,-0.20512820512820518,-0.02564102564102566,-0.41025641025641024]",-0.09584929757343551,512,955.3688744579995,955416.5966796875,27.774358339000173,927.5945161189993,54.56438330111761,53.84099252600208,3008510953219.206,5651517230558958,5382632009832134,268885220726824,27838714900,44716368,0,0,1654544196,1699260564,1620.5411567687988,0.5658615915406294,9582.00537109375,0.1,/nobackup/proj/disk/naiss2026-4-902/shared/yizhil/Avalanche/avalanche-master/joint_result_spike-all/ewc/order2/joint_spike_ewc__order-2__seed-067.json
spike-all,ewc,spike,2,69,resnet18_cifar,0.05,"[0.1,0.05,0.01]",last_epoch_train_mean,0.006856408056959232,0.05,0.006856408056959232,16954551691676874,44716368,18,0,0.1650822404141268,0.05121638924455826,0.996501014198783,0.996501014198783,-0.996501014198783,2,0.996501014198783,1.0,0.009719390304836456,0.9655172413793104,1.0,1.0,1.0,1.0,"[0.9655172413793104,0.25161290322580643,0.20512820512820512,0.17094017094017094,0.17582417582417584,0.18269230769230768,0.11363636363636363,0.17391304347826086,0.09069767441860466,0.08315565031982942,0.07677165354330709,0.1316270566727605,0.06655290102389079,0.064,0.058734939759036146,0.05689900426742532,0.05256064690026954,0.05121638924455826]","[0.9655172413793104,1.0,0.975,1.0,1.0,1.0,1.0,1.0,1.0,1.0,1.0,1.0,1.0,1.0,1.0,1.0,1.0]","[-0.034482758620689724,0.0,0.0,0.0,0.0,-0.15384615384615385,0.0,0.0,-0.20512820512820518,-0.1282051282051282,-0.02564102564102566,-0.17948717948717952,-0.02564102564102566,-0.05128205128205132,-0.10256410256410253,-0.10256410256410253,-0.02564102564102566,-0.23076923076923073]",-0.07029177718832892,512,851.9095006610078,851935.0029296875,18.210710739000206,833.6987899220076,49.04110528952986,49.19937356700029,3008510953219.206,5651517230558958,5382632009832134,268885220726824,27838714900,44716368,0,0,1654544196,1699260564,1620.5411567687988,0.2934873008995619,9582.00537109375,0.05,/nobackup/proj/disk/naiss2026-4-902/shared/yizhil/Avalanche/avalanche-master/joint_result_spike-all/ewc/order2/joint_spike_ewc__order-2__seed-069.json
spike-all,ewc,spike,2,71,resnet18_cifar,0.05,"[0.1,0.05,0.01]",last_epoch_train_mean,0.033701233403838196,0.05,0.033701233403838196,16954551691676874,44716368,18,0,0.1620049512210566,0.0499359795134443,0.9974645030425964,0.9974645030425964,-0.9974645030425964,2,0.9974645030425964,1.0,0.010141987829614611,0.9568965517241379,1.0,1.0,1.0,1.0,"[0.9568965517241379,0.25161290322580643,0.20512820512820512,0.16666666666666666,0.14285714285714285,0.22756410256410256,0.11363636363636363,0.18414322250639387,0.09069767441860466,0.08315565031982942,0.07677165354330709,0.0712979890310786,0.06655290102389079,0.0624,0.058734939759036146,0.05547652916073969,0.05256064690026954,0.0499359795134443]","[0.9568965517241379,1.0,1.0,1.0,1.0,1.0,1.0,1.0,1.0,1.0,1.0,1.0,1.0,1.0,1.0,1.0,1.0]","[-0.025862068965517238,0.0,0.0,-0.05128205128205132,-0.10256410256410253,-0.1282051282051282,-0.07499999999999996,-0.02564102564102566,-0.23076923076923073,-0.10256410256410253,-0.05128205128205132,-0.3076923076923077,0.0,-0.05128205128205132,-0.02564102564102566,-0.1282051282051282,-0.02564102564102566,-0.17948717948717952]",-0.08395102662344042,512,857.145887505998,857175.5419921875,18.460563239001203,838.6853242669968,49.334430839235104,50.0938018109955,3008510953219.206,5651517230558958,5382632009832134,268885220726824,27838714900,44716368,0,0,1654544196,1699260564,1620.5411567687988,0.29472245455188284,9582.00537109375,0.05,/nobackup/proj/disk/naiss2026-4-902/shared/yizhil/Avalanche/avalanche-master/joint_result_spike-all/ewc/order2/joint_spike_ewc__order-2__seed-071.json
spike-all,ewc,spike,3,63,resnet18_cifar,0.05,"[0.1,0.05,0.01]",last_epoch_train_mean,0.006931904425717289,0.05,0.006931904425717289,16954551690900210,44716368,18,0,0.15787030220863307,0.0499359795134443,0.9994972347913524,0.9994972347913524,-0.9994972347913524,2,0.9994972347913524,1.0,0.002011060834590239,0.9914529914529915,1.0,1.0,1.0,1.0,"[0.9914529914529915,0.25,0.2,0.16666666666666666,0.14285714285714285,0.125,0.1111111111111111,0.18461538461538463,0.09090909090909091,0.08137044967880086,0.07889546351084813,0.07312614259597806,0.06655290102389079,0.0624,0.058734939759036146,0.05547652916073969,0.05256064690026954,0.0499359795134443]","[0.9914529914529915,1.0,1.0,1.0,1.0,1.0,1.0,1.0,1.0,1.0,1.0,1.0,1.0,1.0,1.0,1.0,1.0]","[0.0,-0.5897435897435898,-0.05128205128205132,-0.02564102564102566,-0.15384615384615385,-0.02564102564102566,-0.28205128205128205,-0.02564102564102566,-0.28205128205128205,-0.23684210526315785,-0.19999999999999996,-0.025000000000000022,-0.1282051282051282,-0.20512820512820518,-0.10256410256410253,0.0,-0.02564102564102566,-0.02564102564102566]",-0.13249550157444895,512,855.9676424829959,855993.1015625,18.327091273997212,837.6405512089987,49.27297360052933,49.41468844199699,3008510993807.6895,5651517230300070,5382632009585574,268885220714496,27838714900,44716368,0,0,1654544196,1699260564,1620.5411567687988,0.2939977042209154,9587.85693359375,0.05,/nobackup/proj/disk/naiss2026-4-902/shared/yizhil/Avalanche/avalanche-master/joint_result_spike-all/ewc/order3/joint_spike_ewc__order-3__seed-063.json
spike-all,ewc,spike,3,65,resnet18_cifar,0.05,"[0.1,0.05,0.01]",last_epoch_train_mean,0.005801517614712997,0.05,0.005801517614712997,16954551690900210,44716368,18,0,0.15690028457194877,0.0499359795134443,1.0,1.0,-1.0,1,1.0,1.0,0.0,1.0,1.0,1.0,1.0,1.0,"[1.0,0.25,0.2,0.16666666666666666,0.20146520146520147,0.125,0.1111111111111111,0.1,0.09090909090909091,0.08137044967880086,0.07889546351084813,0.07312614259597806,0.06655290102389079,0.0624,0.058734939759036146,0.05547652916073969,0.05256064690026954,0.0499359795134443]","[1.0,1.0,1.0,1.0,1.0,1.0,1.0,1.0,1.0,1.0,1.0,1.0,1.0,1.0,1.0,1.0,1.0]","[-0.008547008547008517,-0.6666666666666667,-0.7948717948717949,-0.1282051282051282,-0.05128205128205132,0.0,-0.3076923076923077,-0.15384615384615385,-0.3589743589743589,-0.052631578947368474,0.0,-0.525,-0.15384615384615385,-0.2564102564102564,-0.20512820512820518,0.0,-0.02564102564102566,-0.05128205128205132]",-0.20777915229669616,512,851.0805902570064,851106.103515625,18.316508639996755,832.7640816170097,48.98612244805939,48.51720820499759,3008510993807.6895,5651517230300070,5382632009585574,268885220714496,27838714900,44716368,0,0,1654544196,1699260564,1620.5411567687988,0.2936519167668314,9587.85693359375,0.05,/nobackup/proj/disk/naiss2026-4-902/shared/yizhil/Avalanche/avalanche-master/joint_result_spike-all/ewc/order3/joint_spike_ewc__order-3__seed-065.json
spike-all,ewc,spike,3,67,resnet18_cifar,0.01,"[0.1,0.05,0.01]",last_epoch_train_mean,0.009376016185150384,0.01,0.009376016185150384,16954551690900210,44716368,18,0,0.1526946136996112,0.0499359795134443,0.9989944695827049,0.9989944695827049,-0.9989944695827049,2,0.9989944695827049,1.0,0.0040221216691805044,0.9829059829059829,1.0,1.0,1.0,1.0,"[0.9829059829059829,0.25,0.2,0.16666666666666666,0.14285714285714285,0.125,0.1111111111111111,0.1,0.09090909090909091,0.08137044967880086,0.07889546351084813,0.07312614259597806,0.06655290102389079,0.0624,0.058734939759036146,0.05547652916073969,0.05256064690026954,0.0499359795134443]","[0.9829059829059829,1.0,1.0,1.0,1.0,1.0,1.0,1.0,1.0,1.0,1.0,1.0,1.0,1.0,1.0,1.0,1.0]","[-0.05128205128205121,-0.23076923076923073,-0.05128205128205132,0.0,-0.02564102564102566,-0.02564102564102566,-0.05128205128205132,-0.2564102564102564,-0.3589743589743589,-0.13157894736842102,0.0,-0.050000000000000044,-0.07692307692307687,-0.05128205128205132,-0.15384615384615385,-0.05128205128205132,0.0,-0.5128205128205128]",-0.11550082471135102,512,866.896536710985,866922.294921875,18.570206926997344,848.3263297839876,49.9015488108228,50.05640425999445,3008510993807.6895,5651517230300070,5382632009585574,268885220714496,27838714900,44716368,0,0,1654544196,1699260564,1620.5411567687988,0.2949647797519346,9587.85693359375,0.01,/nobackup/proj/disk/naiss2026-4-902/shared/yizhil/Avalanche/avalanche-master/joint_result_spike-all/ewc/order3/joint_spike_ewc__order-3__seed-067.json
spike-all,ewc,spike,3,69,resnet18_cifar,0.05,"[0.1,0.05,0.01]",last_epoch_train_mean,0.14134125966833244,0.05,0.14134125966833244,16954551690900210,44716368,18,0,0.14984561085060835,0.0499359795134443,0.9959778783308195,0.9959778783308195,-0.9959778783308195,2,0.9959778783308195,1.0,0.016088486676721966,0.9316239316239316,1.0,1.0,1.0,1.0,"[0.9316239316239316,0.25,0.2,0.16666666666666666,0.14285714285714285,0.125,0.1111111111111111,0.1,0.09090909090909091,0.08137044967880086,0.07889546351084813,0.07312614259597806,0.06655290102389079,0.0624,0.058734939759036146,0.05547652916073969,0.05256064690026954,0.0499359795134443]","[0.9316239316239316,1.0,1.0,1.0,1.0,1.0,1.0,1.0,1.0,1.0,1.0,1.0,1.0,1.0,1.0,1.0,1.0]","[0.05982905982905984,-0.3846153846153846,-0.33333333333333337,-0.05128205128205132,-0.02564102564102566,0.0,-0.02564102564102566,-0.3076923076923077,-0.28205128205128205,-0.07894736842105265,0.0,-0.19999999999999996,-0.15384615384615385,-0.15384615384615385,-0.07692307692307687,-0.02564102564102566,0.0,-0.1282051282051282]",-0.12043534762833008,512,860.6650567839824,860690.8076171875,19.285773750998487,841.379283032984,49.49289900194023,49.29283794100047,3008510993807.6895,5651517230300070,5382632009585574,268885220714496,27838714900,44716368,0,0,1654544196,1699260564,1620.5411567687988,0.293871588976225,9587.85693359375,0.05,/nobackup/proj/disk/naiss2026-4-902/shared/yizhil/Avalanche/avalanche-master/joint_result_spike-all/ewc/order3/joint_spike_ewc__order-3__seed-069.json
spike-all,ewc,spike,3,71,resnet18_cifar,0.01,"[0.1,0.05,0.01]",last_epoch_train_mean,0.027313974980982193,0.01,0.027313974980982193,16954551690900210,44716368,18,0,0.15316944750777836,0.0499359795134443,0.9994972347913524,0.9994972347913524,-0.9994972347913524,2,0.9994972347913524,1.0,0.002011060834590239,0.9914529914529915,1.0,1.0,1.0,1.0,"[0.9914529914529915,0.25,0.2,0.16666666666666666,0.14285714285714285,0.125,0.1111111111111111,0.1,0.09090909090909091,0.08137044967880086,0.07889546351084813,0.07312614259597806,0.06655290102389079,0.0624,0.058734939759036146,0.05547652916073969,0.05256064690026954,0.0499359795134443]","[0.9914529914529915,1.0,1.0,1.0,1.0,1.0,1.0,1.0,1.0,1.0,1.0,1.0,1.0,1.0,1.0,1.0,1.0]","[0.0,0.0,-0.07692307692307687,0.0,-0.02564102564102566,0.0,-0.07692307692307687,-0.28205128205128205,-0.17948717948717952,-0.2894736842105263,0.0,-0.09999999999999998,-0.3846153846153846,-0.02564102564102566,-0.1282051282051282,-0.20512820512820518,-0.02564102564102566,-0.05128205128205132]",-0.10283400809716599,512,842.9509699880145,842976.4931640625,17.876760231003573,825.074209757011,48.533777044530055,47.553466587,3008510993807.6895,5651517230300070,5382632009585574,268885220714496,27838714900,44716368,0,0,1654544196,1699260564,1620.5411567687988,0.29370683481917975,9587.85693359375,0.01,/nobackup/proj/disk/naiss2026-4-902/shared/yizhil/Avalanche/avalanche-master/joint_result_spike-all/ewc/order3/joint_spike_ewc__order-3__seed-071.json
spike-all,er_ace,spike,1,63,resnet18_cifar,0.05,"[0.1,0.05,0.01]",last_epoch_train_mean,0.07778785535082314,0.05,0.07778785535082314,41724201940589922,44716368,18,0,0.8113782501970929,0.7976952624839949,0.1090623428858723,-0.20298616072609885,0.20298616072609885,7,0.1090623428858723,0.07692307692307687,0.11587291837487364,0.0,0.0,0.18803418803418803,0.33333333333333337,0.5882352941176471,"[0.9572649572649573,0.9358974358974359,0.8469387755102041,0.8893617021276595,0.8686131386861314,0.7356687898089171,0.8073654390934845,0.9183673469387755,0.8909512761020881,0.8553191489361702,0.6994106090373281,0.7481751824817519,0.8194207836456558,0.8450479233226837,0.7112781954887218,0.5974395448079659,0.6805929919137467,0.7976952624839949]","[0.18803418803418803,0.2564102564102564,0.0,0.07692307692307687,0.23076923076923073,0.025000000000000022,0.33333333333333337,0.0,0.3076923076923077,0.0,0.1282051282051282,0.0,0.15384615384615385,0.15384615384615385,0.0,0.0,0.0]","[-0.008547008547008628,-0.02564102564102566,0.375,-0.02564102564102566,0.23076923076923073,0.875,0.07692307692307687,0.10256410256410253,0.46153846153846156,0.28205128205128205,0.3589743589743589,0.051282051282051266,0.3076923076923077,-0.23076923076923084,0.1282051282051282,0.47368421052631576,0.9743589743589743,0.46153846153846156]",0.2704990753236367,512,377.2494787120959,377268.287109375,22.4384768740274,354.8110018380685,20.87123540223932,20.13509450503625,1504659260320.4465,13908067313529974,11062252350109574,2845814963420400,27838714900,44716368,6400000,40000,44795108,95951476,91.5064582824707,0.45262736378049195,18803.29833984375,0.05,/nobackup/proj/disk/naiss2026-4-902/shared/yizhil/Avalanche/avalanche-master/joint_result_spike-all/er_ace/order1/joint_spike_er_ace__order-1__seed-063.json
spike-all,er_ace,spike,1,65,resnet18_cifar,0.05,"[0.1,0.05,0.01]",last_epoch_train_mean,0.06893750997433751,0.05,0.06893750997433751,41724201940589922,44716368,18,0,0.8281928336514657,0.7682458386683739,0.16116138763197588,-0.08881942790611519,0.08881942790611519,2,0.16116138763197588,0.07692307692307698,0.20338996009736435,0.0,0.0,0.2564102564102564,0.717948717948718,0.6470588235294118,"[0.9145299145299145,0.9551282051282052,0.9336734693877551,0.9063829787234042,0.8248175182481752,0.7993630573248408,0.8895184135977338,0.9056122448979592,0.8839907192575406,0.874468085106383,0.7583497053045186,0.6605839416058394,0.7649063032367973,0.7412140575079872,0.7864661654135339,0.8165007112375533,0.7237196765498652,0.7682458386683739]","[0.15384615384615385,0.717948717948718,0.1499999999999999,0.46153846153846156,0.2564102564102564,0.0,0.4358974358974359,0.05128205128205132,0.0,0.3076923076923077,0.0,0.10256410256410264,0.02564102564102566,0.07692307692307698,0.0,0.0,0.0]","[-0.06837606837606836,-0.41025641025641035,0.19999999999999996,0.23076923076923073,0.02564102564102566,0.475,0.05128205128205121,0.10256410256410253,0.33333333333333326,0.1282051282051282,0.41025641025641024,0.5128205128205128,0.2564102564102564,0.3589743589743589,0.4615384615384615,0.3421052631578948,0.2564102564102564,0.20512820512820507]",0.2151003398810416,512,378.1877120840363,378214.146484375,22.570902367006056,355.61680971703026,20.918635865707664,20.099625063943677,1504659260320.4465,13908067313529974,11062252350109574,2845814963420400,27838714900,44716368,6400000,40000,44795108,95951476,91.5064582824707,0.44178492052745305,18803.29833984375,0.05,/nobackup/proj/disk/naiss2026-4-902/shared/yizhil/Avalanche/avalanche-master/joint_result_spike-all/er_ace/order1/joint_spike_er_ace__order-1__seed-065.json
spike-all,er_ace,spike,1,67,resnet18_cifar,0.05,"[0.1,0.05,0.01]",last_epoch_train_mean,0.06662375028736843,0.05,0.06662375028736843,41724201940589922,44716368,18,0,0.8455285437479098,0.8169014084507042,0.09800150829562593,-0.09528591463575982,0.09528591463575982,9,0.09800150829562593,0.07692307692307687,0.09923175389372293,0.0,0.025000000000000022,0.15384615384615385,0.3589743589743589,0.7647058823529411,"[0.905982905982906,0.9423076923076923,0.9336734693877551,0.8978723404255319,0.8284671532846716,0.7802547770700637,0.9036827195467422,0.8826530612244898,0.9118329466357309,0.851063829787234,0.756385068762279,0.8521897810218978,0.8568994889267462,0.8003194888178914,0.7428571428571429,0.786628733997155,0.7695417789757413,0.8169014084507042]","[0.20512820512820507,0.15384615384615385,0.025000000000000022,0.07692307692307687,0.20512820512820518,0.0,0.1282051282051282,0.02564102564102566,0.3589743589743589,0.05128205128205121,0.0,0.07692307692307687,0.23076923076923073,0.05128205128205121,0.07692307692307698,0.0,0.0]","[0.017094017094017144,0.1282051282051282,0.1499999999999999,0.20512820512820518,0.28205128205128205,0.475,0.0,0.17948717948717952,0.15384615384615385,0.33333333333333326,0.20512820512820518,0.3589743589743589,0.10256410256410253,-0.05128205128205132,0.20512820512820518,0.1578947368421052,0.17948717948717952,0.23076923076923073]",0.1840449592642575,512,385.1612685739983,385190.68359375,27.28324242099916,357.87802615299915,21.051648597235243,20.113819937001608,1504659260320.4465,13908067313529974,11062252350109574,2845814963420400,27838714900,44716368,6400000,40000,44795108,95951476,91.5064582824707,0.43895537260228623,18803.54833984375,0.05,/nobackup/proj/disk/naiss2026-4-902/shared/yizhil/Avalanche/avalanche-master/joint_result_spike-all/er_ace/order1/joint_spike_er_ace__order-1__seed-067.json
spike-all,er_ace,spike,1,69,resnet18_cifar,0.1,"[0.1,0.05,0.01]",last_epoch_train_mean,0.09106031999639842,0.1,0.09106031999639842,41724201940589922,44716368,18,0,0.810045014787343,0.7784891165172856,0.16712907835198856,-0.1549687756344103,0.1549687756344103,2,0.16712907835198856,0.13157894736842102,0.1376249336355158,0.0,0.05128205128205132,0.20512820512820518,0.4358974358974359,0.8823529411764706,"[0.6068376068376068,0.967948717948718,0.8367346938775511,0.9276595744680851,0.9233576642335767,0.7802547770700637,0.8980169971671388,0.9056122448979592,0.9025522041763341,0.7936170212765957,0.6208251473477406,0.8521897810218978,0.8756388415672913,0.7492012779552716,0.7443609022556391,0.6870554765291608,0.7304582210242587,0.7784891165172856]","[0.07692307692307687,0.4358974358974359,0.32499999999999996,0.05128205128205132,0.20512820512820518,0.0,0.02564102564102566,0.05128205128205132,0.20512820512820507,0.41025641025641024,0.17948717948717952,0.10256410256410253,0.07692307692307687,0.20512820512820507,0.35897435897435903,0.13157894736842102,0.0]","[0.27350427350427353,0.07692307692307687,0.4,0.17948717948717952,0.20512820512820507,0.825,0.05128205128205121,0.20512820512820518,0.1282051282051282,0.4358974358974359,0.3076923076923077,0.17948717948717952,0.1282051282051283,0.20512820512820507,0.3846153846153846,0.36842105263157887,0.6410256410256411,0.3076923076923077]",0.29460126455740493,512,377.0910011249962,377118.9765625,24.292187040999124,352.79881408399706,20.75287141670571,20.188006295999003,1504659260320.4465,13908067313529974,11062252350109574,2845814963420400,27838714900,44716368,6400000,40000,44795108,95951476,91.5064582824707,0.4501253815586041,18803.29833984375,0.1,/nobackup/proj/disk/naiss2026-4-902/shared/yizhil/Avalanche/avalanche-master/joint_result_spike-all/er_ace/order1/joint_spike_er_ace__order-1__seed-069.json
spike-all,er_ace,spike,1,71,resnet18_cifar,0.05,"[0.1,0.05,0.01]",last_epoch_train_mean,0.08675790231050172,0.05,0.08675790231050172,41724201940589922,44716368,18,0,0.8432954085925096,0.676056338028169,0.24885356301764971,-0.020217115186155418,0.020217115186155418,2,0.24885356301764971,0.20512820512820507,0.19150234230873356,0.0,0.125,0.33333333333333337,0.7948717948717949,0.9411764705882353,"[0.9230769230769231,0.967948717948718,0.9489795918367347,0.8553191489361702,0.791970802919708,0.7770700636942676,0.9065155807365439,0.8775510204081632,0.8654292343387471,0.8829787234042553,0.7740667976424361,0.8576642335766423,0.8705281090289608,0.7907348242811502,0.8135338345864662,0.8236130867709816,0.7762803234501348,0.676056338028169]","[0.23931623931623924,0.7948717948717949,0.125,0.41025641025641024,0.3076923076923077,0.35,0.5384615384615384,0.17948717948717952,0.07692307692307687,0.33333333333333337,0.20512820512820507,0.10256410256410264,0.17948717948717952,0.0,0.05128205128205121,0.13157894736842102,0.20512820512820518]","[0.017094017094017033,-0.43589743589743596,0.0,0.2564102564102564,0.7692307692307692,0.475,0.05128205128205132,0.02564102564102566,0.4358974358974359,0.15384615384615385,0.35897435897435903,0.07692307692307687,-0.6153846153846154,0.17948717948717952,0.38461538461538464,0.2894736842105263,0.2564102564102564,0.41025641025641024]",0.1716255560553806,512,418.5849233529989,418612.736328125,25.993051108000145,392.59187224499874,23.093639543823457,23.05717966100019,1504659260320.4465,13908067313529974,11062252350109574,2845814963420400,27838714900,44716368,6400000,40000,44795108,95951476,91.5064582824707,0.5723474417403693,18803.29833984375,0.05,/nobackup/proj/disk/naiss2026-4-902/shared/yizhil/Avalanche/avalanche-master/joint_result_spike-all/er_ace/order1/joint_spike_er_ace__order-1__seed-071.json
spike-all,er_ace,spike,2,63,resnet18_cifar,0.05,"[0.1,0.05,0.01]",last_epoch_train_mean,0.10272932325646003,0.05,0.10272932325646003,41724201937639302,44716368,18,0,0.8428955582376977,0.7451984635083226,0.14340770791075053,-0.0689395121443803,0.0689395121443803,17,0.14340770791075053,0.05128205128205121,0.17732245006903402,0.0,0.0,0.20512820512820518,0.5897435897435896,0.7058823529411765,"[0.9396551724137931,0.9225806451612903,0.8923076923076924,0.9658119658119658,0.9267399267399268,0.8685897435897436,0.8125,0.8132992327365729,0.8302325581395349,0.7547974413646056,0.8464566929133859,0.8062157221206582,0.7866894197952219,0.8416,0.8539156626506024,0.7852062588904695,0.7803234501347709,0.7451984635083226]","[0.3879310344827587,0.0,0.025000000000000022,0.0,0.15384615384615385,0.0,0.025000000000000022,0.20512820512820518,0.05128205128205121,0.05128205128205132,0.2564102564102564,0.0,0.05128205128205121,0.0,0.1794871794871794,0.4615384615384615,0.5897435897435896]","[0.008620689655172376,0.07692307692307687,0.09999999999999998,0.02564102564102566,0.15384615384615385,0.17948717948717952,0.44999999999999996,0.33333333333333326,0.5641025641025641,0.20512820512820518,0.2564102564102564,0.3333333333333333,0.1282051282051282,0.46153846153846156,0.1282051282051283,0.17948717948717952,0.3076923076923077,0.23076923076923084]",0.2290401807643187,512,418.30862385700675,418343.13671875,25.68405255000107,392.6245713070057,23.095563018059156,23.13390374100163,1504659259129.25,13908067312546434,11062252349126034,2845814963420400,27838714900,44716368,6400000,40000,44795108,95951476,91.5064582824707,0.5421099615860431,18803.39404296875,0.05,/nobackup/proj/disk/naiss2026-4-902/shared/yizhil/Avalanche/avalanche-master/joint_result_spike-all/er_ace/order2/joint_spike_er_ace__order-2__seed-063.json
spike-all,er_ace,spike,2,65,resnet18_cifar,0.05,"[0.1,0.05,0.01]",last_epoch_train_mean,0.10542764047288006,0.05,0.10542764047288006,41724201937639302,44716368,18,0,0.8170386396736344,0.8053777208706786,0.09909632287928434,-0.20357700109221405,0.20357700109221405,1,0.09909632287928434,0.07499999999999996,0.10946971733063976,0.0,0.0,0.15384615384615385,0.3275862068965517,0.6470588235294118,"[0.9396551724137931,0.864516129032258,0.8102564102564103,0.9615384615384616,0.9194139194139194,0.8557692307692307,0.8153409090909091,0.8056265984654731,0.7930232558139535,0.7164179104477612,0.8307086614173228,0.7787934186471663,0.8583617747440273,0.6656,0.7575301204819277,0.8036984352773826,0.7250673854447439,0.8053777208706786]","[0.3275862068965517,0.2564102564102564,0.0,0.02564102564102566,0.2564102564102564,0.0,0.07499999999999996,0.15384615384615385,0.02564102564102566,0.07692307692307687,0.15384615384615385,0.0,0.0,0.07692307692307698,0.2564102564102564,0.0,0.0]","[-0.025862068965517238,-0.20512820512820518,0.525,0.10256410256410253,0.10256410256410253,0.10256410256410253,0.42499999999999993,0.2564102564102564,0.30769230769230765,0.5641025641025641,0.23076923076923073,0.4102564102564103,0.23076923076923084,0.43589743589743585,0.3846153846153846,0.1282051282051282,-0.20512820512820518,-0.23076923076923073]",0.19664014146772765,512,415.9784851430013,416008.662109375,25.769338877998962,390.20914626500235,22.95347919205896,22.91143917899899,1504659259129.25,13908067312546434,11062252349126034,2845814963420400,27838714900,44716368,6400000,40000,44795108,95951476,91.5064582824707,0.5608875800297007,18803.39404296875,0.05,/nobackup/proj/disk/naiss2026-4-902/shared/yizhil/Avalanche/avalanche-master/joint_result_spike-all/er_ace/order2/joint_spike_er_ace__order-2__seed-065.json
spike-all,er_ace,spike,2,67,resnet18_cifar,0.05,"[0.1,0.05,0.01]",last_epoch_train_mean,0.08042771702412493,0.05,0.08042771702412493,41724201937639302,44716368,18,0,0.8523175290740872,0.793854033290653,0.14464945129245332,-0.050432984865033545,0.050432984865033545,2,0.14464945129245332,0.15384615384615385,0.10877947153653661,0.0,0.07692307692307687,0.17948717948717952,0.41025641025641024,0.8235294117647058,"[0.9310344827586207,0.896774193548387,0.9487179487179487,0.9914529914529915,0.9304029304029304,0.8365384615384616,0.8494318181818182,0.782608695652174,0.8674418604651163,0.8102345415778252,0.8700787401574803,0.7989031078610603,0.8532423208191127,0.8384,0.8102409638554217,0.8207681365576103,0.7115902964959568,0.793854033290653]","[0.23275862068965514,0.41025641025641024,0.17500000000000004,0.10256410256410253,0.17948717948717952,0.23076923076923084,0.0,0.10256410256410253,0.1282051282051283,0.02564102564102566,0.15384615384615385,0.15384615384615385,0.17948717948717952,0.3076923076923077,0.07692307692307687,0.0,0.0]","[0.025862068965517238,-0.717948717948718,0.07499999999999996,0.02564102564102566,0.1282051282051282,0.33333333333333326,0.20000000000000007,0.28205128205128205,0.20512820512820518,0.17948717948717952,0.20512820512820518,0.3076923076923077,0.0,0.05128205128205121,0.0,0.17948717948717952,0.41025641025641024,-0.20512820512820512]",0.0936376363100501,512,419.69080252400454,419721.916015625,25.936789887997293,393.75401263600725,23.162000743294545,23.16804059200149,1504659259129.25,13908067312546434,11062252349126034,2845814963420400,27838714900,44716368,6400000,40000,44795108,95951476,91.5064582824707,0.5526712727251868,18803.39404296875,0.05,/nobackup/proj/disk/naiss2026-4-902/shared/yizhil/Avalanche/avalanche-master/joint_result_spike-all/er_ace/order2/joint_spike_er_ace__order-2__seed-067.json
spike-all,er_ace,spike,2,69,resnet18_cifar,0.05,"[0.1,0.05,0.01]",last_epoch_train_mean,0.09040002534108132,0.05,0.09040002534108132,41724201937639302,44716368,18,0,0.8535853031285907,0.7836107554417413,0.13691943620949706,-0.12991496333281322,0.12991496333281322,2,0.13691943620949706,0.07692307692307698,0.14712744313350132,0.0,0.02564102564102566,0.20512820512820518,0.5897435897435898,0.7647058823529411,"[0.9482758620689655,0.9225806451612903,0.9333333333333333,0.9700854700854701,0.9010989010989011,0.8878205128205128,0.8096590909090909,0.8337595907928389,0.8255813953488372,0.7484008528784648,0.8700787401574803,0.8208409506398537,0.8310580204778157,0.8128,0.8644578313253012,0.7951635846372689,0.8059299191374663,0.7836107554417413]","[0.23275862068965514,0.5897435897435898,0.09999999999999998,0.05128205128205132,0.28205128205128205,0.07692307692307698,0.19999999999999996,0.20512820512820518,0.07692307692307698,0.02564102564102566,0.23076923076923073,0.0,0.0,0.0,0.20512820512820507,0.05128205128205132,0.0]","[-0.017241379310344862,0.1282051282051282,0.17500000000000004,0.05128205128205132,0.28205128205128205,0.07692307692307687,0.25,0.3589743589743589,0.2564102564102564,0.15384615384615385,0.2564102564102564,0.4615384615384615,0.2564102564102564,0.3846153846153846,0.02564102564102566,0.5897435897435898,0.6923076923076923,0.3076923076923077]",0.2605449945967187,512,418.8814609000001,418912.201171875,25.87769115300034,393.00376974699975,23.117868808647046,23.115497041999333,1504659259129.25,13908067312546434,11062252349126034,2845814963420400,27838714900,44716368,6400000,40000,44795108,95951476,91.5064582824707,0.5600406555822235,18803.39404296875,0.05,/nobackup/proj/disk/naiss2026-4-902/shared/yizhil/Avalanche/avalanche-master/joint_result_spike-all/er_ace/order2/joint_spike_er_ace__order-2__seed-069.json
spike-all,er_ace,spike,2,71,resnet18_cifar,0.05,"[0.1,0.05,0.01]",last_epoch_train_mean,0.08290316386622672,0.05,0.08290316386622672,41724201937639302,44716368,18,0,0.8493395507509035,0.8169014084507042,0.10273313569459613,-0.12804129609403442,0.12804129609403442,17,0.10273313569459613,0.02564102564102555,0.15634336552019573,0.0,0.0,0.15384615384615385,0.5641025641025641,0.5882352941176471,"[0.9310344827586207,0.9032258064516129,0.9179487179487179,0.9829059829059829,0.9047619047619048,0.8141025641025641,0.8721590909090909,0.8593350383631714,0.8604651162790697,0.7739872068230277,0.8248031496062992,0.8226691042047533,0.8447098976109215,0.8736,0.8147590361445783,0.7510668563300142,0.7196765498652291,0.8169014084507042]","[0.3362068965517242,0.0,0.0,0.02564102564102566,0.10256410256410253,0.15384615384615385,0.0,0.02564102564102566,0.0,0.02564102564102555,0.0,0.17948717948717952,0.0,0.3076923076923077,0.02564102564102555,0.0,0.5641025641025641]","[0.0,0.17948717948717952,0.15000000000000002,0.02564102564102555,0.0,0.23076923076923073,0.15000000000000002,0.33333333333333326,0.3076923076923077,0.2564102564102564,0.3076923076923076,0.1282051282051282,0.5128205128205128,0.20512820512820507,0.20512820512820507,0.5384615384615385,0.07692307692307687,0.0]",0.2004273504273504,512,416.84279271899504,416882.623046875,25.573444777000987,391.26934794199406,23.015843996587886,23.116289786998095,1504659259129.25,13908067312546434,11062252349126034,2845814963420400,27838714900,44716368,6400000,40000,44795108,95951476,91.5064582824707,0.5584430192227842,18803.39404296875,0.05,/nobackup/proj/disk/naiss2026-4-902/shared/yizhil/Avalanche/avalanche-master/joint_result_spike-all/er_ace/order2/joint_spike_er_ace__order-2__seed-071.json
spike-all,er_ace,spike,3,63,resnet18_cifar,0.05,"[0.1,0.05,0.01]",last_epoch_train_mean,0.0551717668216421,0.05,0.0551717668216421,41724201936901122,44716368,18,0,0.7775077572659947,0.8002560819462228,0.1117011986981027,-0.16782567277923313,0.16782567277923313,2,0.1117011986981027,0.10256410256410253,0.0923470250117923,0.0,0.02564102564102566,0.1578947368421052,0.28205128205128205,0.8235294117647058,"[1.0,0.8461538461538461,0.8358974358974359,0.7478632478632479,0.8058608058608059,0.842948717948718,0.8034188034188035,0.6846153846153846,0.7505827505827506,0.6145610278372591,0.5601577909270217,0.773308957952468,0.8344709897610921,0.7584,0.697289156626506,0.7795163584637269,0.8598382749326146,0.8002560819462228]","[0.23076923076923073,0.28205128205128205,0.28205128205128205,0.05128205128205132,0.1282051282051282,0.05128205128205121,0.15384615384615385,0.10256410256410253,0.0,0.1578947368421052,0.09999999999999998,0.0,0.10256410256410253,0.02564102564102555,0.0,0.20512820512820507,0.02564102564102566]","[-0.008547008547008517,-0.33333333333333337,0.20512820512820507,0.20512820512820507,0.2564102564102564,0.05128205128205121,0.17948717948717952,0.41025641025641024,0.20512820512820518,0.368421052631579,0.7000000000000001,0.35,0.07692307692307698,0.15384615384615374,0.5128205128205128,0.17948717948717952,0.05128205128205121,0.4358974358974359]",0.22220097965712,512,416.0211638290166,416052.22265625,25.945476410000992,390.0756874190156,22.9456286717068,22.942411779000395,1504659260321.6868,13908067312300374,11062252348879974,2845814963420400,27838714900,44716368,6400000,40000,44795108,95951476,91.5064582824707,0.5618649820823455,18803.29833984375,0.05,/nobackup/proj/disk/naiss2026-4-902/shared/yizhil/Avalanche/avalanche-master/joint_result_spike-all/er_ace/order3/joint_spike_er_ace__order-3__seed-063.json
spike-all,er_ace,spike,3,65,resnet18_cifar,0.05,"[0.1,0.05,0.01]",last_epoch_train_mean,0.11309454890882006,0.05,0.11309454890882006,41724201936901122,44716368,18,0,0.7379089953363999,0.6427656850192062,0.2630606493609589,-0.07636937366039534,0.07636937366039534,16,0.2630606493609589,0.17948717948717952,0.24291065215662588,0.0,0.05128205128205132,0.3846153846153847,0.8717948717948718,0.8823529411764706,"[0.9487179487179487,0.8717948717948718,0.7435897435897436,0.6495726495726496,0.663003663003663,0.8173076923076923,0.6894586894586895,0.6974358974358974,0.7995337995337995,0.7987152034261242,0.6055226824457594,0.7550274223034735,0.7986348122866894,0.6736,0.5798192771084337,0.7567567567567568,0.7911051212938005,0.6427656850192062]","[0.23076923076923073,0.05128205128205121,0.46153846153846156,0.0,0.05128205128205132,0.5128205128205128,0.02564102564102566,0.28205128205128205,0.0,0.6842105263157894,0.125,0.15000000000000002,0.15384615384615385,0.3076923076923077,0.3846153846153847,0.8717948717948718,0.17948717948717952]","[0.042735042735042805,-0.5897435897435899,-0.38461538461538464,0.33333333333333337,0.5128205128205128,0.20512820512820518,0.358974358974359,0.3846153846153846,0.17948717948717952,0.3421052631578947,0.975,-0.09999999999999998,0.33333333333333337,0.4871794871794872,0.4615384615384615,0.1282051282051282,0.05128205128205121,0.4358974358974359]",0.23095978907382417,512,415.0462290530013,415075.28125,25.788685857998644,389.25754319500265,22.89750254088251,22.839331232000404,1504659260321.6868,13908067312300374,11062252348879974,2845814963420400,27838714900,44716368,6400000,40000,44795108,95951476,91.5064582824707,0.5623470140739867,18803.29833984375,0.05,/nobackup/proj/disk/naiss2026-4-902/shared/yizhil/Avalanche/avalanche-master/joint_result_spike-all/er_ace/order3/joint_spike_er_ace__order-3__seed-065.json
spike-all,er_ace,spike,3,67,resnet18_cifar,0.05,"[0.1,0.05,0.01]",last_epoch_train_mean,0.04391281292860552,0.05,0.04391281292860552,41724201936901122,44716368,18,0,0.7783944332829248,0.8245838668373879,0.0975820962663068,-0.21951522849355665,0.21951522849355665,3,0.0975820962663068,0.05128205128205132,0.10714389121157789,0.0,0.0,0.17948717948717952,0.33333333333333326,0.7058823529411765,"[1.0,0.8653846153846154,0.8,0.7649572649572649,0.6996336996336996,0.8141025641025641,0.8205128205128205,0.7974358974358975,0.6643356643356644,0.7237687366167024,0.6863905325443787,0.7312614259597806,0.7440273037542662,0.8224,0.7048192771084337,0.7752489331436699,0.7722371967654986,0.8245838668373879]","[0.24786324786324787,0.20512820512820518,0.33333333333333326,0.0,0.02564102564102566,0.10256410256410253,0.0,0.17948717948717952,0.0,0.10526315789473684,0.025000000000000022,0.04999999999999993,0.0,0.05128205128205132,0.05128205128205132,0.28205128205128205,0.0]","[-0.05128205128205132,-0.5128205128205128,-0.28205128205128205,0.41025641025641024,0.20512820512820507,0.2564102564102564,0.1794871794871794,0.3589743589743589,0.20512820512820518,0.7105263157894737,0.95,0.3,0.46153846153846156,0.05128205128205132,0.3333333333333333,0.07692307692307698,0.1282051282051282,0.0]",0.21005772979457188,512,413.14165122700433,413167.107421875,25.708971899999597,387.43267932700473,22.790157607470867,22.847357563001424,1504659260321.6868,13908067312300374,11062252348879974,2845814963420400,27838714900,44716368,6400000,40000,44795108,95951476,91.5064582824707,0.5508716709305301,18803.29833984375,0.05,/nobackup/proj/disk/naiss2026-4-902/shared/yizhil/Avalanche/avalanche-master/joint_result_spike-all/er_ace/order3/joint_spike_er_ace__order-3__seed-067.json
spike-all,er_ace,spike,3,69,resnet18_cifar,0.05,"[0.1,0.05,0.01]",last_epoch_train_mean,0.04481214773118126,0.05,0.04481214773118126,41724201936901122,44716368,18,0,0.7595026716230183,0.7925736235595391,0.12457264957264957,-0.28598541980894915,0.28598541980894915,8,0.12457264957264957,0.07692307692307687,0.13675932453458184,0.0,0.0,0.2564102564102565,0.358974358974359,0.6470588235294118,"[0.9743589743589743,0.8461538461538461,0.6923076923076923,0.7350427350427351,0.7509157509157509,0.7532051282051282,0.8148148148148148,0.6666666666666666,0.7622377622377622,0.7837259100642399,0.6252465483234714,0.7020109689213894,0.7713310580204779,0.7168,0.7530120481927711,0.7112375533428165,0.8194070080862533,0.7925736235595391]","[0.2991452991452991,0.33333333333333326,0.07692307692307687,0.17948717948717952,0.0,0.3589743589743589,0.10256410256410264,0.358974358974359,0.07692307692307687,0.0,0.050000000000000044,0.025000000000000022,0.0,0.2564102564102565,0.0,0.0,0.0]","[0.017094017094017144,-0.05128205128205121,0.2564102564102564,0.33333333333333326,0.2564102564102564,0.3589743589743589,0.48717948717948717,0.3846153846153846,0.17948717948717952,0.47368421052631576,0.75,0.45000000000000007,0.28205128205128205,0.41025641025641024,0.5384615384615385,0.6923076923076923,0.17948717948717952,0.1282051282051282]",0.3403708701954316,512,417.1181922209944,417145.4140625,25.94662351200168,391.1715687089927,23.010092276999572,22.926257825001812,1504659260321.6868,13908067312300374,11062252348879974,2845814963420400,27838714900,44716368,6400000,40000,44795108,95951476,91.5064582824707,0.5686878092199366,18803.29833984375,0.05,/nobackup/proj/disk/naiss2026-4-902/shared/yizhil/Avalanche/avalanche-master/joint_result_spike-all/er_ace/order3/joint_spike_er_ace__order-3__seed-069.json
spike-all,er_ace,spike,3,71,resnet18_cifar,0.05,"[0.1,0.05,0.01]",last_epoch_train_mean,0.07594236842593792,0.05,0.07594236842593792,41724201936901122,44716368,18,0,0.7405815516892491,0.7259923175416133,0.1567443306607393,-0.18133418009579003,0.18133418009579003,11,0.1567443306607393,0.1282051282051282,0.15600038616123565,0.0,0.02564102564102555,0.26315789473684215,0.575,0.7647058823529411,"[0.8376068376068376,0.8141025641025641,0.7897435897435897,0.688034188034188,0.7582417582417582,0.8461538461538461,0.8148148148148148,0.717948717948718,0.696969696969697,0.6359743040685225,0.6390532544378699,0.7422303473491774,0.7849829351535836,0.752,0.677710843373494,0.6258890469416786,0.7830188679245284,0.7259923175416133]","[0.3162393162393162,0.23076923076923073,0.20512820512820507,0.05128205128205132,0.1282051282051282,0.1282051282051282,0.02564102564102555,0.3076923076923077,0.02564102564102566,0.26315789473684215,0.575,0.09999999999999998,0.0,0.0,0.0,0.3076923076923077,0.0]","[0.15384615384615385,-0.15384615384615385,0.17948717948717952,0.3076923076923077,0.3076923076923077,0.17948717948717952,0.02564102564102566,0.33333333333333337,0.07692307692307698,0.21052631578947373,1.0,0.30000000000000004,0.23076923076923078,0.41025641025641024,-0.17948717948717952,0.7948717948717949,0.2564102564102564,0.5384615384615384]",0.27622582096266307,512,418.44481643300605,418472.294921875,25.69104956299998,392.7537668700061,23.10316275705918,23.1577230719995,1504659260321.6868,13908067312300374,11062252348879974,2845814963420400,27838714900,44716368,6400000,40000,44795108,95951476,91.5064582824707,0.35246802560652535,18803.29833984375,0.05,/nobackup/proj/disk/naiss2026-4-902/shared/yizhil/Avalanche/avalanche-master/joint_result_spike-all/er_ace/order3/joint_spike_er_ace__order-3__seed-071.json
spike-all,icarl,spike,1,63,resnet18_cifar,0.05,"[0.1,0.05,0.01]",last_epoch_train_mean,0.18609600628983472,0.05,0.18609600628983472,200035607460069960,44716368,18,0,0.897290212969495,0.8297055057618438,0.08640020110608344,0.061140880103728375,-0.061140880103728375,5,0.08640020110608344,0.05128205128205121,0.0766687580312888,0.0,0.025000000000000022,0.16239316239316248,0.23076923076923073,0.8235294117647058,"[0.9401709401709402,0.9551282051282052,0.9540816326530612,0.948936170212766,0.927007299270073,0.9267515923566879,0.9206798866855525,0.9183673469387755,0.9071925754060325,0.8978723404255319,0.8899803536345776,0.8795620437956204,0.8858603066439523,0.8801916932907349,0.8345864661654135,0.8236130867709816,0.8315363881401617,0.8297055057618438]","[0.16239316239316248,0.05128205128205121,0.02499999999999991,0.10256410256410253,0.23076923076923073,0.025000000000000022,0.20512820512820518,0.07692307692307687,0.1282051282051282,0.17948717948717952,0.02564102564102566,0.0,0.17948717948717952,0.05128205128205121,0.0,0.0,0.02564102564102566]","[0.008547008547008517,-0.1282051282051282,0.0,-0.1282051282051282,0.02564102564102566,-0.050000000000000044,0.0,0.02564102564102566,0.10256410256410264,0.10256410256410253,0.05128205128205121,-0.5384615384615384,-0.02564102564102555,-0.2564102564102564,0.23076923076923078,0.3421052631578947,0.0,0.02564102564102566]",-0.011787124506422747,512,1131.11864987819,1131156.1640625,17.624142063083127,1113.4945078151068,65.4996769303004,75.57537024701014,3029522820131.4106,66678535820023320,48957134791816794,17721401028206526,27838726676,44716368,6400000,40000,89600616,140756984,134.23632049560547,0.29570493199021847,7550.05517578125,0.05,/nobackup/proj/disk/naiss2026-4-902/shared/yizhil/Avalanche/avalanche-master/joint_result_spike-all/icarl/order1/joint_spike_icarl__order-1__seed-063.json
spike-all,icarl,spike,1,65,resnet18_cifar,0.05,"[0.1,0.05,0.01]",last_epoch_train_mean,0.1874990588203176,0.05,0.1874990588203176,200035607460069960,44716368,18,0,0.9047872086828538,0.8284250960307298,0.08957556031859439,0.0746434336217618,-0.0746434336217618,5,0.08957556031859439,0.07692307692307687,0.08565971349779795,0.0,0.02564102564102566,0.1282051282051282,0.33333333333333337,0.8823529411764706,"[0.9914529914529915,0.9615384615384616,0.9642857142857143,0.9574468085106383,0.916058394160584,0.9171974522292994,0.9235127478753541,0.9362244897959183,0.9280742459396751,0.9234042553191489,0.9017681728880157,0.8813868613138686,0.8909710391822828,0.8674121405750799,0.837593984962406,0.8278805120910384,0.8315363881401617,0.8284250960307298]","[0.2136752136752137,0.05128205128205121,0.025000000000000022,0.1282051282051282,0.33333333333333337,0.025000000000000022,0.07692307692307687,0.07692307692307687,0.10256410256410264,0.02564102564102566,0.0,0.0,0.1282051282051282,0.02564102564102566,0.17948717948717952,0.10526315789473684,0.02564102564102566]","[-0.14529914529914534,-0.46153846153846156,0.07499999999999996,0.02564102564102566,-0.2564102564102564,0.0,-0.02564102564102566,0.0,0.05128205128205121,0.10256410256410253,-0.17948717948717952,-0.1282051282051282,-0.02564102564102566,0.10256410256410253,0.4102564102564102,0.21052631578947367,0.0,0.05128205128205121]",-0.010728120157944741,512,1125.8698211290011,1125901.751953125,17.423672314000214,1108.446148815001,65.20271463617652,75.71784455399938,3029522820131.4106,66678535820023320,48957134791816794,17721401028206526,27838726676,44716368,6400000,40000,89600616,140756984,134.23632049560547,0.29652754930325753,7550.05517578125,0.05,/nobackup/proj/disk/naiss2026-4-902/shared/yizhil/Avalanche/avalanche-master/joint_result_spike-all/icarl/order1/joint_spike_icarl__order-1__seed-065.json
spike-all,icarl,spike,1,67,resnet18_cifar,0.05,"[0.1,0.05,0.01]",last_epoch_train_mean,0.18759212014383875,0.05,0.18759212014383875,200035607460069960,44716368,18,0,0.8897107931723822,0.8194622279129321,0.09251078299065917,0.08199042099970892,-0.08199042099970892,5,0.09251078299065917,0.07692307692307687,0.07679506359241997,0.0,0.02564102564102566,0.1538461538461539,0.2564102564102564,0.8823529411764706,"[0.9743589743589743,0.9487179487179487,0.9489795918367347,0.9106382978723404,0.8795620437956204,0.8949044585987261,0.9178470254957507,0.9132653061224489,0.8955916473317865,0.8893617021276595,0.8939096267190569,0.8777372262773723,0.879045996592845,0.8706070287539937,0.849624060150376,0.8250355618776671,0.8261455525606469,0.8194622279129321]","[0.18803418803418803,0.10256410256410253,0.025000000000000022,0.05128205128205132,0.2564102564102564,0.0,0.17948717948717952,0.07692307692307687,0.20512820512820518,0.07692307692307698,0.02564102564102566,0.02564102564102566,0.1282051282051282,0.05128205128205132,0.1538461538461539,0.02631578947368418,0.0]","[-0.05128205128205121,0.05128205128205132,0.0,0.15384615384615385,-0.07692307692307687,0.0,-0.02564102564102566,0.02564102564102566,0.05128205128205132,0.07692307692307687,0.02564102564102566,0.05128205128205132,0.02564102564102566,-0.28205128205128205,0.0,0.10526315789473684,0.05128205128205132,0.10256410256410253]",0.015819463187884256,512,1126.1853982679968,1126217.255859375,17.190509967000253,1108.9948883009965,65.23499342947038,76.06849355099985,3029522820131.4106,66678535820023320,48957134791816794,17721401028206526,27838726676,44716368,6400000,40000,89600616,140756984,134.23632049560547,0.2966701600475314,7550.05517578125,0.05,/nobackup/proj/disk/naiss2026-4-902/shared/yizhil/Avalanche/avalanche-master/joint_result_spike-all/icarl/order1/joint_spike_icarl__order-1__seed-067.json
spike-all,icarl,spike,1,69,resnet18_cifar,0.05,"[0.1,0.05,0.01]",last_epoch_train_mean,0.18327171053118532,0.05,0.18327171053118532,200035607460069960,44716368,18,0,0.9149958180753589,0.8476312419974392,0.09100248736471646,0.08342131724484665,-0.08342131724484665,5,0.09100248736471646,0.07692307692307687,0.09539719806044732,0.0,0.025000000000000022,0.13675213675213682,0.3589743589743589,0.7647058823529411,"[0.9658119658119658,0.9743589743589743,0.9744897959183674,0.9702127659574468,0.927007299270073,0.9235668789808917,0.9405099150141643,0.9489795918367347,0.9396751740139211,0.9212765957446809,0.9155206286836935,0.8923357664233577,0.9045996592844975,0.8865814696485623,0.8556390977443609,0.8421052631578947,0.839622641509434,0.8476312419974392]","[0.13675213675213682,0.0,0.0,0.15384615384615385,0.3589743589743589,0.025000000000000022,0.15384615384615385,0.07692307692307687,0.1282051282051282,0.1282051282051282,0.02564102564102566,0.0,0.07692307692307687,0.02564102564102555,0.23076923076923078,0.026315789473684292,0.0]","[-0.06837606837606836,0.0,0.0,0.0,0.02564102564102566,-0.17500000000000004,0.02564102564102566,0.0,0.05128205128205121,0.1282051282051282,-0.35897435897435903,-0.07692307692307687,0.02564102564102566,-0.05128205128205121,0.10256410256410253,0.23684210526315796,0.02564102564102566,-0.1282051282051282]",-0.013183510771230065,512,1112.5776951629996,1112609.6015625,17.0526454940009,1095.5250496689987,64.44264998052934,74.03001683600087,3029522820131.4106,66678535820023320,48957134791816794,17721401028206526,27838726676,44716368,6400000,40000,89600616,140756984,134.23632049560547,0.2952152125441029,7550.05517578125,0.05,/nobackup/proj/disk/naiss2026-4-902/shared/yizhil/Avalanche/avalanche-master/joint_result_spike-all/icarl/order1/joint_spike_icarl__order-1__seed-069.json
spike-all,icarl,spike,1,71,resnet18_cifar,0.05,"[0.1,0.05,0.01]",last_epoch_train_mean,0.186690378008425,0.05,0.186690378008425,200035607460069960,44716368,18,0,0.9000183295156189,0.8297055057618438,0.07843534174803522,0.06339009287925694,-0.06339009287925694,5,0.07843534174803522,0.05128205128205132,0.0700667015703242,0.0,0.02564102564102566,0.10256410256410253,0.23076923076923073,0.8235294117647058,"[0.9914529914529915,0.9551282051282052,0.9591836734693877,0.9404255319148936,0.9051094890510949,0.910828025477707,0.9150141643059491,0.9260204081632653,0.9118329466357309,0.902127659574468,0.8958742632612967,0.8886861313868614,0.8909710391822828,0.8674121405750799,0.8541353383458646,0.8221906116642959,0.8342318059299192,0.8297055057618438]","[0.15384615384615385,0.05128205128205121,0.04999999999999993,0.05128205128205132,0.23076923076923073,0.0,0.1794871794871794,0.10256410256410253,0.20512820512820507,0.02564102564102566,0.0,0.0,0.07692307692307687,0.02564102564102566,0.07692307692307693,0.05263157894736836,0.05128205128205121]","[-0.05128205128205132,-0.43589743589743596,-0.1499999999999999,0.1282051282051282,0.02564102564102566,-0.525,0.05128205128205132,0.02564102564102566,0.15384615384615385,0.07692307692307687,0.0,-0.3076923076923077,-0.6923076923076923,0.10256410256410253,0.4102564102564103,0.07894736842105265,0.0,-0.10256410256410264]",-0.0673020692757535,512,1113.7467170290038,1113786.080078125,16.8157477700006,1096.9309692590032,64.52535113288253,74.43623602200023,3029522820131.4106,66678535820023320,48957134791816794,17721401028206526,27838726676,44716368,6400000,40000,89600616,140756984,134.23632049560547,0.2959629577518904,7550.05517578125,0.05,/nobackup/proj/disk/naiss2026-4-902/shared/yizhil/Avalanche/avalanche-master/joint_result_spike-all/icarl/order1/joint_spike_icarl__order-1__seed-071.json
spike-all,icarl,spike,2,63,resnet18_cifar,0.05,"[0.1,0.05,0.01]",last_epoch_train_mean,0.17280730944383701,0.05,0.17280730944383701,200109355371942969,44716368,18,0,0.8808363041578894,0.8156209987195903,0.06744551932178706,0.058395745566130974,-0.058395745566130974,6,0.06744551932178706,0.05128205128205121,0.07218743132947797,0.0,0.0,0.10256410256410264,0.23076923076923073,0.7058823529411765,"[0.9310344827586207,0.9419354838709677,0.9487179487179487,0.9529914529914529,0.9340659340659341,0.907051282051282,0.90625,0.9002557544757033,0.8906976744186047,0.8805970149253731,0.8740157480314961,0.8244972577696527,0.8361774744027304,0.832,0.8328313253012049,0.8349928876244666,0.8113207547169812,0.8156209987195903]","[0.22413793103448276,0.1282051282051282,0.025000000000000022,0.0,0.0,0.23076923076923073,0.0,0.02564102564102566,0.10256410256410264,0.0,0.0,0.05128205128205121,0.07692307692307698,0.02564102564102566,0.05128205128205132,0.1282051282051282,0.07692307692307687]","[0.017241379310344862,0.0,0.025000000000000022,0.02564102564102566,0.02564102564102566,0.0,0.09999999999999998,-0.05128205128205132,0.20512820512820507,-0.02564102564102566,0.10256410256410253,0.05128205128205132,0.0,0.15384615384615385,0.02564102564102566,0.1282051282051282,0.02564102564102566,0.02564102564102566]",0.046363837312113174,512,1114.1671029549943,1114206.404296875,17.025976896999055,1097.1411260579953,64.53771329752914,74.5328891829995,3029472736909.8535,66703118457314323,48975524949342754,17727593507971569,27838726676,44716368,6400000,40000,89600616,140756984,134.23632049560547,0.2971491869289348,7549.49169921875,0.05,/nobackup/proj/disk/naiss2026-4-902/shared/yizhil/Avalanche/avalanche-master/joint_result_spike-all/icarl/order2/joint_spike_icarl__order-2__seed-063.json
spike-all,icarl,spike,2,65,resnet18_cifar,0.05,"[0.1,0.05,0.01]",last_epoch_train_mean,0.17458722882803696,0.05,0.17458722882803696,200109355371942969,44716368,18,0,0.868279585361725,0.8092189500640204,0.07231367348000207,0.055253029593800386,-0.055253029593800386,1,0.07231367348000207,0.07500000000000007,0.06380115051699926,0.0,0.02564102564102566,0.10256410256410253,0.2068965517241379,0.8235294117647058,"[0.9137931034482759,0.9354838709677419,0.9333333333333333,0.9273504273504274,0.9120879120879121,0.8974358974358975,0.8977272727272727,0.8721227621483376,0.8651162790697674,0.8614072494669509,0.8543307086614174,0.8281535648994516,0.8242320819112628,0.8192,0.8358433734939759,0.833570412517781,0.8086253369272237,0.8092189500640204]","[0.2068965517241379,0.02564102564102566,0.04999999999999993,0.02564102564102555,0.0,0.20512820512820507,0.07500000000000007,0.02564102564102566,0.10256410256410264,0.07692307692307698,0.10256410256410253,0.07692307692307687,0.02564102564102566,0.07692307692307698,0.0,0.15384615384615374,0.0]","[0.0,-0.2564102564102564,0.025000000000000022,0.07692307692307687,0.10256410256410253,-0.10256410256410253,0.07499999999999996,0.0,0.02564102564102555,-0.07692307692307698,0.10256410256410253,0.07692307692307698,0.15384615384615385,0.0,0.05128205128205132,-0.05128205128205121,-0.5384615384615384,-0.4358974358974359]",-0.04287749287749288,512,1113.7667942549997,1113798.314453125,17.05714931699913,1096.7096449380006,64.5123320551765,73.9017269979995,3029472736909.8535,66703118457314323,48975524949342754,17727593507971569,27838726676,44716368,6400000,40000,89600616,140756984,134.23632049560547,0.29686042508611243,7549.49169921875,0.05,/nobackup/proj/disk/naiss2026-4-902/shared/yizhil/Avalanche/avalanche-master/joint_result_spike-all/icarl/order2/joint_spike_icarl__order-2__seed-065.json
spike-all,icarl,spike,2,67,resnet18_cifar,0.05,"[0.1,0.05,0.01]",last_epoch_train_mean,0.1755810882594507,0.05,0.1755810882594507,200109355371942969,44716368,18,0,0.8678000079461307,0.8207426376440461,0.07835855827742237,0.052717532636396724,-0.052717532636396724,16,0.07835855827742237,0.02564102564102566,0.08955290863263221,0.0,0.02564102564102555,0.07692307692307698,0.3076923076923077,0.8235294117647058,"[0.9310344827586207,0.8838709677419355,0.9230769230769231,0.9316239316239316,0.9047619047619048,0.8685897435897436,0.8721590909090909,0.8695652173913043,0.8674418604651163,0.8699360341151386,0.8641732283464567,0.8482632541133455,0.8447098976109215,0.8336,0.8448795180722891,0.829302987197724,0.8126684636118598,0.8207426376440461]","[0.15517241379310343,0.05128205128205132,0.07499999999999996,0.02564102564102566,0.02564102564102555,0.1794871794871794,0.025000000000000022,0.02564102564102566,0.2564102564102564,0.0,0.07692307692307698,0.07692307692307687,0.0,0.0,0.02564102564102566,0.3076923076923077,0.02564102564102566]","[0.025862068965517238,-0.8205128205128205,-0.025000000000000022,0.05128205128205132,0.17948717948717952,0.15384615384615385,0.025000000000000022,0.0,-0.05128205128205121,-0.02564102564102566,0.15384615384615385,0.07692307692307698,-0.20512820512820518,0.1794871794871794,-0.07692307692307687,0.1282051282051282,0.0,-0.358974358974359]",-0.03275125257883878,512,1113.8223619599958,1113854.69140625,17.0302191679948,1096.792142792001,64.5171848701177,74.56567457600613,3029472736909.8535,66703118457314323,48975524949342754,17727593507971569,27838726676,44716368,6400000,40000,89600616,140756984,134.23632049560547,0.295173757999185,7549.49169921875,0.05,/nobackup/proj/disk/naiss2026-4-902/shared/yizhil/Avalanche/avalanche-master/joint_result_spike-all/icarl/order2/joint_spike_icarl__order-2__seed-067.json
spike-all,icarl,spike,2,69,resnet18_cifar,0.05,"[0.1,0.05,0.01]",last_epoch_train_mean,0.17639560305178578,0.05,0.17639560305178578,200109355371942969,44716368,18,0,0.8716555610024747,0.8015364916773368,0.0799942788786602,0.06641961824517605,-0.06641961824517605,1,0.0799942788786602,0.05128205128205132,0.07592946454339393,0.0,0.02564102564102566,0.1282051282051282,0.2586206896551724,0.7647058823529411,"[0.9310344827586207,0.9419354838709677,0.9384615384615385,0.9358974358974359,0.9010989010989011,0.9038461538461539,0.9034090909090909,0.8900255754475703,0.8674418604651163,0.8720682302771855,0.8464566929133859,0.8281535648994516,0.8293515358361775,0.8272,0.8328313253012049,0.8250355618776671,0.8140161725067385,0.8015364916773368]","[0.2586206896551724,0.10256410256410253,0.0,0.10256410256410253,0.05128205128205132,0.20512820512820507,0.050000000000000044,0.02564102564102566,0.15384615384615385,0.02564102564102566,0.1282051282051282,0.0,0.07692307692307687,0.15384615384615385,0.0,0.02564102564102566,0.0]","[0.0,0.0,0.050000000000000044,0.05128205128205132,0.20512820512820518,0.0,0.07499999999999996,0.0,0.02564102564102555,0.02564102564102566,0.1282051282051282,0.1794871794871794,0.17948717948717952,0.0,-0.07692307692307687,0.1282051282051282,0.02564102564102566,-0.10256410256410253]",0.04967948717948718,512,1112.2738899609758,1112306.11328125,17.02670759299508,1095.2471823679807,64.42630484517534,73.93955587399978,3029472736909.8535,66703118457314323,48975524949342754,17727593507971569,27838726676,44716368,6400000,40000,89600616,140756984,134.23632049560547,0.29489922789219114,7549.49169921875,0.05,/nobackup/proj/disk/naiss2026-4-902/shared/yizhil/Avalanche/avalanche-master/joint_result_spike-all/icarl/order2/joint_spike_icarl__order-2__seed-069.json
spike-all,icarl,spike,2,71,resnet18_cifar,0.05,"[0.1,0.05,0.01]",last_epoch_train_mean,0.1747177889340457,0.05,0.1747177889340457,200109355371942969,44716368,18,0,0.8810378816881452,0.8207426376440461,0.0693972018515629,0.052805949966193366,-0.052805949966193366,6,0.0693972018515629,0.05128205128205121,0.06100293022698885,0.0,0.02564102564102555,0.10256410256410264,0.20512820512820507,0.8823529411764706,"[0.9224137931034483,0.9096774193548387,0.9435897435897436,0.9358974358974359,0.9340659340659341,0.9006410256410257,0.90625,0.8925831202046036,0.8860465116279069,0.8784648187633263,0.8700787401574803,0.8555758683729433,0.8481228668941979,0.8368,0.8509036144578314,0.8406827880512091,0.8261455525606469,0.8207426376440461]","[0.18103448275862066,0.1282051282051282,0.025000000000000022,0.02564102564102566,0.02564102564102555,0.20512820512820507,0.025000000000000022,0.0,0.15384615384615374,0.02564102564102566,0.05128205128205132,0.05128205128205132,0.10256410256410264,0.0,0.05128205128205121,0.07692307692307687,0.05128205128205121]","[0.008620689655172376,0.1282051282051282,0.025000000000000022,0.02564102564102555,-0.05128205128205121,0.02564102564102566,0.0,-0.02564102564102566,-0.02564102564102555,0.0,0.10256410256410253,0.05128205128205121,0.07692307692307687,0.20512820512820507,0.0,0.07692307692307698,0.0,0.0]",0.03463134885548678,512,1115.369655777009,1115401.98828125,16.789618907001568,1098.5800368700075,64.62235511000044,74.57554223600164,3029472736909.8535,66703118457314323,48975524949342754,17727593507971569,27838726676,44716368,6400000,40000,89600616,140756984,134.23632049560547,0.2962733457111199,7549.49169921875,0.05,/nobackup/proj/disk/naiss2026-4-902/shared/yizhil/Avalanche/avalanche-master/joint_result_spike-all/icarl/order2/joint_spike_icarl__order-2__seed-071.json
spike-all,icarl,spike,3,63,resnet18_cifar,0.05,"[0.1,0.05,0.01]",last_epoch_train_mean,0.19560899567901952,0.05,0.19560899567901952,200131599001693746,44716368,18,0,0.8127751479716566,0.7695262483994878,0.08365946918578496,0.0626187452038845,-0.0626187452038845,1,0.08365946918578496,0.07692307692307687,0.07582864928494062,0.0,0.02564102564102566,0.10256410256410253,0.264957264957265,0.8235294117647058,"[0.9914529914529915,0.8717948717948718,0.8358974358974359,0.8589743589743589,0.8388278388278388,0.8397435897435898,0.8205128205128205,0.8205128205128205,0.8041958041958042,0.7837259100642399,0.7948717948717948,0.7787934186471663,0.7713310580204779,0.7648,0.7515060240963856,0.7652916073968705,0.7681940700808625,0.7695262483994878]","[0.264957264957265,0.15384615384615385,0.02564102564102566,0.0,0.02564102564102566,0.07692307692307687,0.23076923076923084,0.07692307692307687,0.05128205128205121,0.1578947368421052,0.025000000000000022,0.0,0.10256410256410253,0.07692307692307687,0.0,0.07692307692307687,0.07692307692307687]","[0.0,-0.10256410256410253,0.15384615384615385,0.0,-0.1282051282051282,0.10256410256410253,0.02564102564102566,0.3076923076923077,0.05128205128205132,-0.05263157894736836,-0.17499999999999993,0.125,0.17948717948717952,-0.02564102564102566,0.05128205128205132,0.0,0.0,0.10256410256410253]",0.03418428550007499,512,1119.1828302860013,1119215.58203125,17.21147246000328,1101.971357825998,64.82184457799988,74.58590584599733,3029516212032.417,66710533000564582,48980540448378474,17729992552186108,27838726676,44716368,6400000,40000,89600616,140756984,134.23632049560547,0.29624023818483675,7548.93115234375,0.05,/nobackup/proj/disk/naiss2026-4-902/shared/yizhil/Avalanche/avalanche-master/joint_result_spike-all/icarl/order3/joint_spike_icarl__order-3__seed-063.json
spike-all,icarl,spike,3,65,resnet18_cifar,0.05,"[0.1,0.05,0.01]",last_epoch_train_mean,0.19146097513852656,0.05,0.19146097513852656,200131599001693746,44716368,18,0,0.8305325780325978,0.7746478873239436,0.09599243206054352,0.07182001005530417,-0.07182001005530417,2,0.09599243206054352,0.07692307692307687,0.07370645454754365,0.0,0.02631578947368418,0.15384615384615385,0.23076923076923073,0.8823529411764706,"[0.9829059829059829,0.8782051282051282,0.8717948717948718,0.8675213675213675,0.8571428571428571,0.8397435897435898,0.8603988603988604,0.8333333333333334,0.8088578088578089,0.7880085653104925,0.8126232741617357,0.8098720292504571,0.8088737201365188,0.7776,0.8042168674698795,0.7894736842105263,0.784366576819407,0.7746478873239436]","[0.19658119658119655,0.23076923076923073,0.05128205128205132,0.1282051282051282,0.0,0.10256410256410264,0.23076923076923073,0.07692307692307687,0.10256410256410253,0.02631578947368418,0.025000000000000022,0.025000000000000022,0.15384615384615385,0.15384615384615385,0.05128205128205132,0.0,0.07692307692307687]","[0.008547008547008628,-0.25641025641025644,-0.641025641025641,-0.1282051282051282,-0.02564102564102566,0.2564102564102564,-0.10256410256410253,0.17948717948717952,-0.05128205128205121,0.23684210526315785,0.025000000000000022,-0.42500000000000004,0.10256410256410253,-0.10256410256410253,-0.10256410256410264,0.05128205128205132,0.0,0.10256410256410253]",-0.048475533563252855,512,1155.6153942989768,1155654.390625,18.71727698599716,1136.8981173129796,66.87635984193997,76.03744014300173,3029516212032.417,66710533000564582,48980540448378474,17729992552186108,27838726676,44716368,6400000,40000,89600616,140756984,134.23632049560547,0.2963548143383559,7548.93115234375,0.05,/nobackup/proj/disk/naiss2026-4-902/shared/yizhil/Avalanche/avalanche-master/joint_result_spike-all/icarl/order3/joint_spike_icarl__order-3__seed-065.json
spike-all,icarl,spike,3,67,resnet18_cifar,0.05,"[0.1,0.05,0.01]",last_epoch_train_mean,0.1877544939324901,0.05,0.1877544939324901,200131599001693746,44716368,18,0,0.8264290485820219,0.7720870678617158,0.10303709878013283,0.09646145907755814,-0.09646145907755814,7,0.10303709878013283,0.07692307692307698,0.07795715160426933,0.0,0.05128205128205132,0.15384615384615385,0.28205128205128205,0.8235294117647058,"[0.9743589743589743,0.9038461538461539,0.8666666666666667,0.8333333333333334,0.8461538461538461,0.8717948717948718,0.8547008547008547,0.8256410256410256,0.8088578088578089,0.7944325481798715,0.8126232741617357,0.8208409506398537,0.7935153583617748,0.7824,0.7740963855421686,0.7681365576102418,0.7722371967654986,0.7720870678617158]","[0.21367521367521358,0.20512820512820507,0.07692307692307698,0.0,0.0,0.15384615384615385,0.28205128205128205,0.07692307692307687,0.10256410256410253,0.10526315789473684,0.050000000000000044,0.07500000000000007,0.17948717948717952,0.07692307692307687,0.05128205128205132,0.10256410256410253,0.0]","[-0.02564102564102566,-0.3846153846153846,-0.33333333333333326,0.0,-0.05128205128205132,0.05128205128205132,0.02564102564102566,0.3076923076923077,0.02564102564102566,0.10526315789473684,0.0,-0.15000000000000002,0.1282051282051282,0.10256410256410264,-0.10256410256410264,-0.10256410256410253,0.0,-0.10256410256410264]",-0.028126405757984703,512,1126.7564391979904,1126792.904296875,17.265025517997856,1109.4914136799925,65.26420080470544,74.95093410599657,3029516212032.417,66710533000564582,48980540448378474,17729992552186108,27838726676,44716368,6400000,40000,89600616,140756984,134.23632049560547,0.29683556339048234,7548.93115234375,0.05,/nobackup/proj/disk/naiss2026-4-902/shared/yizhil/Avalanche/avalanche-master/joint_result_spike-all/icarl/order3/joint_spike_icarl__order-3__seed-067.json
spike-all,icarl,spike,3,69,resnet18_cifar,0.05,"[0.1,0.05,0.01]",last_epoch_train_mean,0.19487875475203864,0.05,0.19487875475203864,200131599001693746,44716368,18,0,0.8057005414406181,0.7772087067861716,0.09019740149771106,0.06397422666772512,-0.06397422666772512,7,0.09019740149771106,0.05128205128205121,0.10019841665481903,0.0,0.025000000000000022,0.1282051282051282,0.33333333333333326,0.8235294117647058,"[0.9145299145299145,0.8461538461538461,0.841025641025641,0.8333333333333334,0.8058608058608059,0.8461538461538461,0.8176638176638177,0.8128205128205128,0.7925407925407926,0.7730192719486081,0.8007889546351085,0.7879341864716636,0.7798634812286689,0.7696,0.7695783132530121,0.7596017069701281,0.7749326145552561,0.7772087067861716]","[0.1709401709401709,0.30769230769230765,0.0,0.07692307692307687,0.0,0.1282051282051282,0.33333333333333326,0.07692307692307698,0.05128205128205121,0.1842105263157895,0.025000000000000022,0.025000000000000022,0.07692307692307687,0.0,0.02564102564102566,0.02564102564102555,0.02564102564102566]","[0.07692307692307698,0.05128205128205132,-0.10256410256410264,-0.02564102564102566,0.0,0.05128205128205132,0.17948717948717952,0.05128205128205121,0.02564102564102566,0.1578947368421052,0.025000000000000022,-0.09999999999999998,0.15384615384615385,0.02564102564102566,0.02564102564102566,0.15384615384615385,0.02564102564102566,-0.07692307692307687]",0.03879329734592893,512,1124.7920019489902,1124824.49609375,17.513544387002185,1107.278457561988,65.13402691541106,74.76950514200144,3029516212032.417,66710533000564582,48980540448378474,17729992552186108,27838726676,44716368,6400000,40000,89600616,140756984,134.23632049560547,0.296632852770505,7548.93115234375,0.05,/nobackup/proj/disk/naiss2026-4-902/shared/yizhil/Avalanche/avalanche-master/joint_result_spike-all/icarl/order3/joint_spike_icarl__order-3__seed-069.json
spike-all,icarl,spike,3,71,resnet18_cifar,0.05,"[0.1,0.05,0.01]",last_epoch_train_mean,0.19063214398489567,0.05,0.19063214398489567,200131599001693746,44716368,18,0,0.7981040954664284,0.7746478873239436,0.09000687994496044,0.07345333545023947,-0.07345333545023947,7,0.09000687994496044,0.05128205128205132,0.08622407517272855,0.0,0.02564102564102566,0.1538461538461538,0.3076923076923077,0.8235294117647058,"[0.9829059829059829,0.8205128205128205,0.8051282051282052,0.8290598290598291,0.8205128205128205,0.8076923076923077,0.7948717948717948,0.7846153846153846,0.7668997668997669,0.7494646680942184,0.7850098619329389,0.7769652650822669,0.7866894197952219,0.7632,0.7756024096385542,0.7752489331436699,0.7668463611859838,0.7746478873239436]","[0.19658119658119655,0.1538461538461538,0.02564102564102566,0.02564102564102566,0.0,0.07692307692307698,0.3076923076923077,0.1282051282051282,0.02564102564102566,0.1578947368421052,0.050000000000000044,0.09999999999999998,0.20512820512820507,0.0,0.02564102564102566,0.05128205128205132,0.0]","[0.008547008547008628,0.17948717948717946,0.05128205128205132,0.0,0.0,0.20512820512820518,-0.07692307692307687,0.23076923076923084,-0.02564102564102566,-0.1578947368421052,0.0,0.050000000000000044,-0.20512820512820507,0.17948717948717952,-0.35897435897435903,-0.10256410256410253,0.0,0.07692307692307687]",0.003027690308392083,512,1118.197321548003,1118229.4609375,17.398319054998865,1100.799002493004,64.75288249958848,74.57648466199316,3029516212032.417,66710533000564582,48980540448378474,17729992552186108,27838726676,44716368,6400000,40000,89600616,140756984,134.23632049560547,0.29504264658451124,7548.93115234375,0.05,/nobackup/proj/disk/naiss2026-4-902/shared/yizhil/Avalanche/avalanche-master/joint_result_spike-all/icarl/order3/joint_spike_icarl__order-3__seed-071.json
spike-all,fecam,spike,1,63,resnet18_cifar,0.1,"[0.1,0.05,0.01]",last_epoch_train_mean,2.855735447095788,0.1,2.855735447095788,2691360696795162,44716368,18,4530611337580,0.5866296854561773,0.4327784891165173,0.1383861236802413,0.1383861236802413,-0.1383861236802413,1,0.1383861236802413,0.07692307692307693,0.1670875707285216,0.0,0.0,0.23076923076923073,0.5128205128205128,0.6470588235294118,"[0.905982905982906,0.8141025641025641,0.7397959183673469,0.7191489361702128,0.6715328467153284,0.6305732484076433,0.6288951841359773,0.5790816326530612,0.54292343387471,0.502127659574468,0.518664047151277,0.5145985401459854,0.5093696763202725,0.48881789137380194,0.46766917293233085,0.4566145092460882,0.4366576819407008,0.4327784891165173]","[0.5128205128205128,0.1282051282051282,0.25,0.358974358974359,0.4871794871794871,0.0,0.23076923076923073,0.07692307692307693,0.15384615384615385,0.051282051282051266,0.02564102564102566,0.0,0.07692307692307693,0.0,0.0,0.0,0.0]","[0.017094017094017144,0.17948717948717952,0.275,0.15384615384615385,0.05128205128205132,0.375,0.3076923076923077,0.7435897435897436,0.48717948717948717,0.7692307692307693,0.1282051282051282,-0.10256410256410253,0.48717948717948717,0.4358974358974359,0.358974358974359,0.42105263157894735,0.8461538461538461,0.5641025641025641]",0.36102239216274307,512,30.94169245986268,30951.689422607422,28.356036297045648,2.585656162817031,0.1520974213421783,0.14968649693764746,584699273118.8279,897120232265054,807505677475638,89614554789416,51113678520,44716368,0,0,65726388,110442756,105.32641983032227,11.544211789376547,7504.203125,0.1,/nobackup/proj/disk/naiss2026-4-902/shared/yizhil/Avalanche/avalanche-master/joint_result_spike-all/fecam/order1/joint_spike_fecam__order-1__seed-063.json
spike-all,fecam,spike,1,65,resnet18_cifar,0.05,"[0.1,0.05,0.01]",last_epoch_train_mean,2.9021200807938663,0.05,2.9021200807938663,2691360696795162,44716368,18,4530611337580,0.6795791873691075,0.5556978233034571,0.1263574660633484,0.1263574660633484,-0.1263574660633484,1,0.1263574660633484,0.051282051282051266,0.14161331727415863,0.0,0.0,0.20512820512820507,0.4871794871794872,0.7058823529411765,"[0.9316239316239316,0.8525641025641025,0.7806122448979592,0.7702127659574468,0.7445255474452555,0.7388535031847133,0.7025495750708215,0.701530612244898,0.665893271461717,0.6319148936170212,0.6404715127701375,0.6313868613138686,0.616695059625213,0.5958466453674122,0.5609022556390978,0.55049786628734,0.5606469002695418,0.5556978233034571]","[0.4871794871794872,0.2564102564102564,0.17500000000000004,0.20512820512820507,0.3846153846153846,0.050000000000000044,0.12820512820512825,0.20512820512820518,0.051282051282051266,0.02564102564102566,0.0,0.02564102564102566,0.15384615384615385,0.0,0.0,0.0,0.0]","[-0.0854700854700855,-0.33333333333333337,0.25,0.02564102564102566,-0.28205128205128205,0.19999999999999996,0.33333333333333326,0.20512820512820507,0.5897435897435896,0.6153846153846154,-0.1282051282051282,-0.1282051282051282,0.28205128205128205,0.5384615384615384,0.6666666666666666,0.5,0.05128205128205121,0.41025641025641024]",0.20614909781576446,512,21.538446017890237,21545.485717773438,19.234394898056053,2.3040511198341846,0.13553241881377556,0.1317260719370097,584699273118.8279,897120232265054,807505677475638,89614554789416,51113678520,44716368,0,0,65726388,110442756,105.32641983032227,9.788665860872262,7501.953125,0.05,/nobackup/proj/disk/naiss2026-4-902/shared/yizhil/Avalanche/avalanche-master/joint_result_spike-all/fecam/order1/joint_spike_fecam__order-1__seed-065.json
spike-all,fecam,spike,1,67,resnet18_cifar,0.1,"[0.1,0.05,0.01]",last_epoch_train_mean,2.888112417659404,0.1,2.888112417659404,2691360696795162,44716368,18,4530611337580,0.551193949073513,0.4033290653008963,0.1967948717948718,0.1967948717948718,-0.1967948717948718,1,0.1967948717948718,0.05128205128205132,0.24587422057481467,0.0,0.0,0.44999999999999996,0.641025641025641,0.5882352941176471,"[0.8205128205128205,0.7756410256410257,0.7091836734693877,0.7063829787234043,0.6788321167883211,0.6528662420382165,0.5892351274787535,0.5714285714285714,0.5011600928074246,0.46595744680851064,0.4675834970530452,0.4562043795620438,0.444633730834753,0.44089456869009586,0.4180451127819549,0.4139402560455192,0.4056603773584906,0.4033290653008963]","[0.641025641025641,0.641025641025641,0.44999999999999996,0.5128205128205128,0.5641025641025641,0.07499999999999996,0.051282051282051266,0.23076923076923084,0.0,0.0,0.0,0.05128205128205132,0.1282051282051282,0.0,0.0,0.0,0.0]","[-0.08547008547008539,0.02564102564102566,-0.07499999999999996,0.17948717948717952,0.1282051282051282,0.125,0.641025641025641,0.3589743589743589,0.5641025641025641,0.8974358974358974,0.15384615384615385,0.15384615384615385,0.2564102564102565,-0.02564102564102566,0.4102564102564103,0.47368421052631576,0.5897435897435896,0.025641025641025605]",0.26651047133503275,512,21.187850043177605,21192.7579498291,18.9883794010384,2.199470642139204,0.12938062600818845,0.12920914602000266,584699273118.8279,897120232265054,807505677475638,89614554789416,51113678520,44716368,0,0,65726388,110442756,105.32641983032227,10.0671235776343,7501.953125,0.1,/nobackup/proj/disk/naiss2026-4-902/shared/yizhil/Avalanche/avalanche-master/joint_result_spike-all/fecam/order1/joint_spike_fecam__order-1__seed-067.json
spike-all,fecam,spike,1,69,resnet18_cifar,0.1,"[0.1,0.05,0.01]",last_epoch_train_mean,2.832128110139266,0.1,2.832128110139266,2691360696795162,44716368,18,4530611337580,0.550056522470965,0.3854033290653009,0.14410507792860736,0.14410507792860736,-0.14410507792860736,5,0.14410507792860736,0.051282051282051266,0.18063108185056836,0.0,0.0,0.20512820512820512,0.5384615384615385,0.6470588235294118,"[0.8717948717948718,0.8653846153846154,0.7193877551020408,0.676595744680851,0.635036496350365,0.6114649681528662,0.603399433427762,0.5612244897959183,0.5197215777262181,0.4787234042553192,0.45972495088408644,0.4470802919708029,0.43611584327086883,0.4281150159744409,0.4150375939849624,0.40540540540540543,0.38140161725067384,0.3854033290653009]","[0.47863247863247865,0.15384615384615385,0.09999999999999999,0.4358974358974359,0.5384615384615385,0.025000000000000022,0.33333333333333337,0.051282051282051266,0.051282051282051266,0.0,0.07692307692307693,0.0,0.20512820512820512,0.0,0.0,0.0,0.0]","[0.008547008547008517,0.15384615384615385,0.75,0.23076923076923084,0.23076923076923073,0.275,0.20512820512820507,0.717948717948718,0.5641025641025641,0.9487179487179487,0.6410256410256411,-0.1282051282051282,0.5641025641025641,0.07692307692307687,0.20512820512820507,0.5,0.7692307692307693,0.33333333333333337]",0.3914648622981956,512,21.217680152039975,21222.327995300293,18.932743728975765,2.2849364230642095,0.13440802488612996,0.13094764098059386,584699273118.8279,897120232265054,807505677475638,89614554789416,51113678520,44716368,0,0,65726388,110442756,105.32641983032227,10.015673429953237,7501.953125,0.1,/nobackup/proj/disk/naiss2026-4-902/shared/yizhil/Avalanche/avalanche-master/joint_result_spike-all/fecam/order1/joint_spike_fecam__order-1__seed-069.json
spike-all,fecam,spike,1,71,resnet18_cifar,0.1,"[0.1,0.05,0.01]",last_epoch_train_mean,2.864170903744905,0.1,2.864170903744905,2691360696795162,44716368,18,4530611337580,0.5485103978289199,0.3879641485275288,0.16715686274509806,0.16715686274509806,-0.16715686274509806,4,0.16715686274509806,0.050000000000000044,0.21677769980368647,0.0,0.0,0.358974358974359,0.6153846153846154,0.5882352941176471,"[0.8888888888888888,0.7948717948717948,0.673469387755102,0.6382978723404256,0.6204379562043796,0.6146496815286624,0.6062322946175638,0.5688775510204082,0.5243619489559165,0.4851063829787234,0.47544204322200395,0.46897810218978103,0.46337308347529815,0.4329073482428115,0.41654135338345866,0.41251778093883357,0.4002695417789757,0.3879641485275288]","[0.4615384615384615,0.358974358974359,0.125,0.6153846153846154,0.6153846153846154,0.050000000000000044,0.35897435897435903,0.0,0.025641025641025633,0.0,0.10256410256410259,0.0,0.1282051282051282,0.0,0.0,0.0,0.0]","[-0.017094017094017033,0.3846153846153846,0.7000000000000001,0.05128205128205132,0.0,0.025000000000000022,0.15384615384615385,0.6153846153846154,0.717948717948718,0.8717948717948718,0.48717948717948717,-0.41025641025641024,0.5384615384615384,0.02564102564102566,0.10256410256410264,0.4736842105263158,0.6666666666666666,0.7435897435897436]",0.34057267456390267,512,25.281880084890872,25295.37216949463,22.826381403952837,2.4554986809380352,0.14444109887870796,0.14070207299664617,584699273118.8279,897120232265054,807505677475638,89614554789416,51113678520,44716368,0,0,65726388,110442756,105.32641983032227,11.460681158957453,7501.953125,0.1,/nobackup/proj/disk/naiss2026-4-902/shared/yizhil/Avalanche/avalanche-master/joint_result_spike-all/fecam/order1/joint_spike_fecam__order-1__seed-071.json
spike-all,fecam,spike,2,63,resnet18_cifar,0.1,"[0.1,0.05,0.01]",last_epoch_train_mean,2.882330189580503,0.1,2.882330189580503,2696376193542102,44716368,18,4530611337580,0.5826922180892358,0.4033290653008963,0.13641493732771626,0.13641493732771626,-0.13641493732771626,2,0.13641493732771626,0.05128205128205129,0.1680226298595505,0.0,0.0,0.23076923076923078,0.5897435897435898,0.7058823529411765,"[0.9137931034482759,0.8580645161290322,0.8,0.717948717948718,0.6996336996336996,0.6506410256410257,0.5994318181818182,0.6138107416879796,0.5604651162790698,0.5287846481876333,0.49606299212598426,0.48080438756855576,0.4522184300341297,0.4416,0.44126506024096385,0.4182076813655761,0.4123989218328841,0.4033290653008963]","[0.3793103448275863,0.5897435897435898,0.35000000000000003,0.23076923076923078,0.10256410256410264,0.28205128205128205,0.0,0.0,0.05128205128205129,0.15384615384615383,0.025641025641025605,0.02564102564102566,0.10256410256410253,0.02564102564102566,0.0,0.0,0.0]","[0.051724137931034475,0.2564102564102564,0.17499999999999993,0.641025641025641,0.3076923076923077,-0.10256410256410253,0.725,-0.02564102564102566,0.8974358974358974,0.6410256410256411,0.6153846153846154,0.38461538461538464,0.35897435897435903,0.5128205128205128,0.05128205128205121,0.8205128205128205,0.20512820512820507,0.41025641025641035]",0.3847823951272227,512,25.108172971988097,25123.07679748535,22.291244167019613,2.8169288049684837,0.1657016944099108,0.16337596694938838,584699270959.0068,898792064514034,809177509724618,89614554789416,51113678520,44716368,0,0,65726388,110442756,105.32641983032227,10.578012765562889,7501.953125,0.1,/nobackup/proj/disk/naiss2026-4-902/shared/yizhil/Avalanche/avalanche-master/joint_result_spike-all/fecam/order2/joint_spike_fecam__order-2__seed-063.json
spike-all,fecam,spike,2,65,resnet18_cifar,0.1,"[0.1,0.05,0.01]",last_epoch_train_mean,2.890562116729547,0.1,2.890562116729547,2696376193542102,44716368,18,4530611337580,0.5572445697316575,0.3905249679897567,0.1296185052270245,0.1296185052270245,-0.1296185052270245,2,0.1296185052270245,0.051282051282051266,0.1767825348475197,0.0,0.0,0.1794871794871795,0.6666666666666666,0.5882352941176471,"[0.8879310344827587,0.8258064516129032,0.7692307692307693,0.7136752136752137,0.652014652014652,0.6217948717948718,0.5653409090909091,0.578005115089514,0.5279069767441861,0.4925373134328358,0.468503937007874,0.453382084095064,0.4283276450511945,0.4176,0.4307228915662651,0.406827880512091,0.4002695417789757,0.3905249679897567]","[0.3362068965517242,0.6666666666666666,0.17500000000000004,0.33333333333333337,0.051282051282051266,0.2564102564102565,0.0,0.0,0.025641025641025633,0.1794871794871795,0.0769230769230769,0.0,0.10256410256410259,0.0,0.0,0.0,0.0]","[0.03448275862068961,0.2564102564102564,0.22499999999999998,0.5384615384615384,0.4871794871794872,0.0,0.7749999999999999,0.02564102564102566,0.6410256410256411,0.6923076923076923,0.6153846153846154,0.5384615384615385,0.30769230769230765,0.717948717948718,0.10256410256410253,0.8205128205128205,-0.33333333333333337,0.30769230769230765]",0.37513508203163376,512,23.261318949167617,23268.402267456055,20.59782985399943,2.663489095168188,0.1566758291275405,0.14954148407559842,584699270959.0068,898792064514034,809177509724618,89614554789416,51113678520,44716368,0,0,65726388,110442756,105.32641983032227,10.719055577005985,7501.953125,0.1,/nobackup/proj/disk/naiss2026-4-902/shared/yizhil/Avalanche/avalanche-master/joint_result_spike-all/fecam/order2/joint_spike_fecam__order-2__seed-065.json
spike-all,fecam,spike,2,67,resnet18_cifar,0.1,"[0.1,0.05,0.01]",last_epoch_train_mean,2.8869231798634027,0.1,2.8869231798634027,2696376193542102,44716368,18,4530611337580,0.5787911252429188,0.4212548015364917,0.10490196078431373,0.10490196078431373,-0.10490196078431373,2,0.10490196078431373,0.051282051282051266,0.13511577277598558,0.0,0.0,0.15384615384615385,0.5384615384615384,0.7058823529411765,"[0.8879310344827587,0.832258064516129,0.7846153846153846,0.6965811965811965,0.663003663003663,0.625,0.5823863636363636,0.6035805626598465,0.5604651162790698,0.5309168443496801,0.5,0.4844606946983547,0.4709897610921502,0.4528,0.4608433734939759,0.4352773826458037,0.42587601078167114,0.4212548015364917]","[0.25,0.5384615384615384,0.17499999999999993,0.23076923076923078,0.10256410256410264,0.02564102564102566,0.025000000000000022,0.0,0.1282051282051282,0.07692307692307693,0.051282051282051266,0.0,0.15384615384615385,0.02564102564102566,0.0,0.0,0.0]","[0.03448275862068961,0.15384615384615385,0.275,0.717948717948718,0.3846153846153846,0.3846153846153846,0.625,0.05128205128205121,0.6666666666666667,0.6153846153846154,0.7692307692307692,0.2820512820512821,0.3589743589743589,0.6666666666666667,0.1282051282051283,0.7948717948717948,0.17948717948717952,0.17948717948717952]",0.4037675606641124,512,22.83993932174053,22847.671096801758,20.28860912192613,2.5513301998144016,0.15007824704790598,0.1491832120809704,584699270959.0068,898792064514034,809177509724618,89614554789416,51113678520,44716368,0,0,65726388,110442756,105.32641983032227,10.656123913952152,7501.953125,0.1,/nobackup/proj/disk/naiss2026-4-902/shared/yizhil/Avalanche/avalanche-master/joint_result_spike-all/fecam/order2/joint_spike_fecam__order-2__seed-067.json
spike-all,fecam,spike,2,69,resnet18_cifar,0.1,"[0.1,0.05,0.01]",last_epoch_train_mean,2.891270086632012,0.1,2.891270086632012,2696376193542102,44716368,18,4530611337580,0.5609938346731156,0.37900128040973113,0.1486217298590524,0.1486217298590524,-0.1486217298590524,2,0.1486217298590524,0.10256410256410256,0.1658596443182322,0.0,0.0,0.275,0.5128205128205128,0.7058823529411765,"[0.9137931034482759,0.8580645161290322,0.8051282051282052,0.7136752136752137,0.6776556776556777,0.6217948717948718,0.5795454545454546,0.578005115089514,0.5279069767441861,0.4904051172707889,0.46062992125984253,0.4424131627056673,0.42662116040955633,0.4224,0.42018072289156627,0.3911806543385491,0.3894878706199461,0.37900128040973113]","[0.5086206896551725,0.5128205128205128,0.275,0.10256410256410256,0.17948717948717952,0.28205128205128205,0.025000000000000022,0.0,0.1282051282051282,0.15384615384615385,0.0,0.051282051282051266,0.2820512820512821,0.02564102564102566,0.0,0.0,0.0]","[0.025862068965517238,0.2564102564102564,0.22499999999999998,0.717948717948718,0.3846153846153846,-0.10256410256410253,0.7,0.10256410256410253,0.717948717948718,0.5897435897435898,0.7179487179487178,0.5641025641025641,0.3846153846153846,0.5641025641025641,0.07692307692307687,0.7435897435897436,0.28205128205128205,0.23076923076923078]",0.39897951665193043,512,23.874065760988742,23881.47300720215,21.267696358961985,2.6063694020267576,0.15331584717804456,0.15035887400154024,584699270959.0068,898792064514034,809177509724618,89614554789416,51113678520,44716368,0,0,65726388,110442756,105.32641983032227,11.067595380708985,7501.953125,0.1,/nobackup/proj/disk/naiss2026-4-902/shared/yizhil/Avalanche/avalanche-master/joint_result_spike-all/fecam/order2/joint_spike_fecam__order-2__seed-069.json
spike-all,fecam,spike,2,71,resnet18_cifar,0.1,"[0.1,0.05,0.01]",last_epoch_train_mean,2.8188114521666345,0.1,2.8188114521666345,2696376193542102,44716368,18,4530611337580,0.5408754455184773,0.3405889884763124,0.08730821240963228,0.08730821240963228,-0.08730821240963228,2,0.08730821240963228,0.0,0.17471885502126183,0.0,0.0,0.10256410256410256,0.717948717948718,0.35294117647058826,"[0.8620689655172413,0.8258064516129032,0.7743589743589744,0.7136752136752137,0.663003663003663,0.6282051282051282,0.5823863636363636,0.5626598465473146,0.5116279069767442,0.4840085287846482,0.4566929133858268,0.43875685557586835,0.4061433447098976,0.3856,0.3855421686746988,0.3655761024182077,0.3490566037735849,0.3405889884763124]","[0.18103448275862066,0.717948717948718,0.17499999999999993,0.23076923076923078,0.0,0.07692307692307687,0.0,0.0,0.0,0.10256410256410256,0.0,0.0,0.0,0.0,0.0,0.0,0.0]","[0.07758620689655182,0.10256410256410253,0.15000000000000002,0.17948717948717952,0.17948717948717952,0.33333333333333337,0.55,0.5128205128205128,0.9487179487179487,0.6666666666666667,0.6666666666666666,0.17948717948717952,0.8974358974358974,0.8461538461538461,0.46153846153846156,0.9487179487179487,0.15384615384615385,0.7435897435897436]",0.47767216818940955,512,23.074356830562465,23080.09115600586,20.529113876982592,2.545242953579873,0.14972017373999252,0.14852275408338755,584699270959.0068,898792064514034,809177509724618,89614554789416,51113678520,44716368,0,0,65726388,110442756,105.32641983032227,10.810965697028259,7501.953125,0.1,/nobackup/proj/disk/naiss2026-4-902/shared/yizhil/Avalanche/avalanche-master/joint_result_spike-all/fecam/order2/joint_spike_fecam__order-2__seed-071.json
spike-all,fecam,spike,3,63,resnet18_cifar,0.1,"[0.1,0.05,0.01]",last_epoch_train_mean,2.8953067945397417,0.1,2.8953067945397417,2691360696795162,44716368,18,4530611337580,0.5671877239321873,0.34571062740076824,0.07739011934058374,0.07739011934058374,-0.07739011934058374,1,0.07739011934058374,0.02631578947368418,0.10345952775290106,0.0,0.0,0.10256410256410256,0.3418803418803419,0.6470588235294118,"[0.9743589743589743,0.7884615384615384,0.7076923076923077,0.7264957264957265,0.7142857142857143,0.6378205128205128,0.584045584045584,0.5641025641025641,0.5314685314685315,0.5331905781584583,0.5384615384615384,0.4990859232175503,0.4658703071672355,0.4352,0.40963855421686746,0.3869132290184922,0.3665768194070081,0.34571062740076824]","[0.3418803418803419,0.17948717948717946,0.07692307692307698,0.1282051282051282,0.0,0.10256410256410256,0.02564102564102566,0.3076923076923077,0.0,0.02631578947368418,0.04999999999999993,0.0,0.025641025641025633,0.0,0.05128205128205128,0.0,0.0]","[-0.2649572649572649,-0.07692307692307693,0.3076923076923077,0.10256410256410253,0.0,0.6923076923076923,0.3333333333333333,0.48717948717948717,0.10256410256410253,0.36842105263157887,0.30000000000000004,1.0,0.7692307692307693,0.5384615384615384,0.8205128205128205,0.9230769230769231,0.9487179487179487,0.7435897435897436]",0.4497650822212226,512,23.547151800827123,23553.27035522461,20.985426621045917,2.561725179781206,0.150689716457718,0.1505521829240024,584699273118.8279,897120232265054,807505677475638,89614554789416,51113678520,44716368,0,0,65726388,110442756,105.32641983032227,10.58854311007038,7501.953125,0.1,/nobackup/proj/disk/naiss2026-4-902/shared/yizhil/Avalanche/avalanche-master/joint_result_spike-all/fecam/order3/joint_spike_fecam__order-3__seed-063.json
spike-all,fecam,spike,3,65,resnet18_cifar,0.1,"[0.1,0.05,0.01]",last_epoch_train_mean,2.888310592367042,0.1,2.888310592367042,2691360696795162,44716368,18,4530611337580,0.5741758692858366,0.36235595390524966,0.08044243338360985,0.08044243338360985,-0.08044243338360985,1,0.08044243338360985,0.05128205128205121,0.10202046401858855,0.0,0.0,0.1282051282051282,0.29059829059829057,0.5882352941176471,"[0.9401709401709402,0.782051282051282,0.7128205128205128,0.7478632478632479,0.7032967032967034,0.6666666666666666,0.6153846153846154,0.5974358974358974,0.5524475524475524,0.5438972162740899,0.534516765285996,0.4954296160877514,0.46075085324232085,0.432,0.4126506024096386,0.3940256045519203,0.38140161725067384,0.36235595390524966]","[0.29059829059829057,0.28205128205128205,0.05128205128205132,0.05128205128205121,0.20512820512820507,0.23076923076923078,0.051282051282051266,0.1282051282051282,0.0,0.0,0.0,0.0,0.025641025641025633,0.0,0.0,0.0,0.051282051282051266]","[0.042735042735042694,0.07692307692307693,0.1282051282051282,-0.02564102564102566,0.4358974358974359,0.4358974358974359,0.43589743589743585,0.17948717948717952,0.07692307692307698,0.26315789473684215,0.5,0.25,0.6410256410256411,0.8974358974358975,0.717948717948718,0.8717948717948718,0.7948717948717949,0.5384615384615385]",0.4033900634777828,512,30.504616488004103,30521.916534423828,27.93705485099963,2.5675616370044736,0.1510330374708514,0.1544463509999332,584699273118.8279,897120232265054,807505677475638,89614554789416,51113678520,44716368,0,0,65726388,110442756,105.32641983032227,10.8349608322645,7504.203125,0.1,/nobackup/proj/disk/naiss2026-4-902/shared/yizhil/Avalanche/avalanche-master/joint_result_spike-all/fecam/order3/joint_spike_fecam__order-3__seed-065.json
spike-all,fecam,spike,3,67,resnet18_cifar,0.1,"[0.1,0.05,0.01]",last_epoch_train_mean,2.866184021375194,0.1,2.866184021375194,2691360696795162,44716368,18,4530611337580,0.522703596355346,0.3111395646606914,0.08597285067873303,0.08597285067873303,-0.08597285067873303,1,0.08597285067873303,0.0,0.10769273018325091,0.0,0.0,0.1794871794871795,0.3076923076923077,0.47058823529411764,"[0.9401709401709402,0.782051282051282,0.717948717948718,0.7136752136752137,0.6593406593406593,0.6057692307692307,0.5384615384615384,0.5153846153846153,0.47785547785547783,0.4625267665952891,0.46153846153846156,0.42778793418647165,0.3993174061433447,0.3744,0.35240963855421686,0.3413940256045519,0.3274932614555256,0.3111395646606914]","[0.3076923076923077,0.1794871794871795,0.15384615384615385,0.23076923076923073,0.10256410256410253,0.20512820512820512,0.0,0.2564102564102564,0.0,0.0,0.0,0.0,0.0,0.02564102564102564,0.0,0.0,0.0]","[0.017094017094017144,-0.15384615384615385,0.15384615384615385,0.1282051282051282,0.48717948717948717,0.5641025641025641,0.7692307692307693,0.33333333333333337,0.20512820512820518,0.5526315789473685,0.32499999999999996,0.875,0.8205128205128205,0.8974358974358975,0.8461538461538463,0.717948717948718,0.9230769230769231,0.48717948717948717]",0.4971784875293647,512,22.68119819000276,22689.013397216797,20.287401427000077,2.3937967630026833,0.1408115742942755,0.1413463379994937,584699273118.8279,897120232265054,807505677475638,89614554789416,51113678520,44716368,0,0,65726388,110442756,105.32641983032227,11.263408645330326,7501.953125,0.1,/nobackup/proj/disk/naiss2026-4-902/shared/yizhil/Avalanche/avalanche-master/joint_result_spike-all/fecam/order3/joint_spike_fecam__order-3__seed-067.json
spike-all,fecam,spike,3,69,resnet18_cifar,0.1,"[0.1,0.05,0.01]",last_epoch_train_mean,2.920193737338048,0.1,2.920193737338048,2691360696795162,44716368,18,4530611337580,0.5520999958446593,0.33418693982074266,0.06938159879336352,0.06938159879336352,-0.06938159879336352,1,0.06938159879336352,0.02564102564102564,0.09902049811263863,0.0,0.0,0.10256410256410259,0.3076923076923077,0.5294117647058824,"[0.9401709401709402,0.7756410256410257,0.7025641025641025,0.6923076923076923,0.6923076923076923,0.6346153846153846,0.584045584045584,0.5487179487179488,0.5407925407925408,0.5246252676659529,0.5207100591715976,0.48080438756855576,0.44368600682593856,0.4128,0.38403614457831325,0.37268847795163584,0.353099730458221,0.33418693982074266]","[0.3076923076923077,0.17948717948717952,0.10256410256410259,0.23076923076923084,0.05128205128205121,0.23076923076923078,0.0,0.02564102564102566,0.0,0.0,0.0,0.0,0.0,0.02564102564102564,0.02564102564102564,0.0,0.0]","[0.008547008547008517,-0.07692307692307693,0.23076923076923073,0.20512820512820507,0.17948717948717952,0.6153846153846154,0.6923076923076923,0.3589743589743589,0.10256410256410253,0.39473684210526316,0.4,0.575,0.8717948717948718,0.8974358974358975,0.923076923076923,0.7692307692307692,1.0,0.7435897435897436]",0.49395024241515467,512,22.36295690600491,22373.24772644043,19.951337954000337,2.4116189520045737,0.1418599383532102,0.1406765119991178,584699273118.8279,897120232265054,807505677475638,89614554789416,51113678520,44716368,0,0,65726388,110442756,105.32641983032227,11.283765293222675,7501.953125,0.1,/nobackup/proj/disk/naiss2026-4-902/shared/yizhil/Avalanche/avalanche-master/joint_result_spike-all/fecam/order3/joint_spike_fecam__order-3__seed-069.json
spike-all,fecam,spike,3,71,resnet18_cifar,0.1,"[0.1,0.05,0.01]",last_epoch_train_mean,2.839615342039499,0.1,2.839615342039499,2691360696795162,44716368,18,4530611337580,0.4953114866860664,0.3060179257362356,0.10507792860734039,0.10507792860734039,-0.10507792860734039,1,0.10507792860734039,0.10256410256410256,0.11018934303433955,0.0,0.0,0.17948717948717952,0.4017094017094017,0.6470588235294118,"[0.9230769230769231,0.75,0.676923076923077,0.6837606837606838,0.6336996336996337,0.5833333333333334,0.5156695156695157,0.5,0.4358974358974359,0.4197002141327623,0.42209072978303747,0.3875685557586837,0.36860068259385664,0.3456,0.32981927710843373,0.3157894736842105,0.31805929919137466,0.3060179257362356]","[0.4017094017094017,0.20512820512820512,0.17948717948717952,0.1282051282051283,0.20512820512820512,0.12820512820512825,0.10256410256410256,0.23076923076923078,0.0,0.0,0.0,0.0,0.0,0.02564102564102564,0.12820512820512822,0.0,0.05128205128205121]","[0.042735042735042694,0.43589743589743596,-0.17948717948717952,0.05128205128205121,-0.4358974358974359,0.5384615384615384,0.6923076923076923,0.4615384615384615,0.5384615384615384,0.39473684210526316,0.375,0.9,0.7692307692307693,0.8717948717948718,0.5897435897435898,0.6666666666666667,0.35897435897435903,0.641025641025641]",0.4284706602689059,512,22.360549937999167,22365.953018188477,19.95557215200097,2.4049777859981987,0.1414692815293058,0.14002751800035185,584699273118.8279,897120232265054,807505677475638,89614554789416,51113678520,44716368,0,0,65726388,110442756,105.32641983032227,11.65148040588802,7501.953125,0.1,/nobackup/proj/disk/naiss2026-4-902/shared/yizhil/Avalanche/avalanche-master/joint_result_spike-all/fecam/order3/joint_spike_fecam__order-3__seed-071.json
spike-all,cwr_star,spike,1,63,resnet18_cifar,0.1,"[0.1,0.05,0.01]",last_epoch_train_mean,0.0,0.1,0.0,6992521274241942,44716368,18,0,0.28038767368902817,0.10627400768245839,0.5214217670874017,0.5214217670874017,-0.5214217670874017,2,0.5214217670874017,0.7435897435897436,0.39568619821010254,0.0,0.05263157894736842,0.85,1.0,0.8823529411764706,"[0.9316239316239316,0.4423076923076923,0.4489795918367347,0.2851063829787234,0.3248175182481752,0.3375796178343949,0.3314447592067989,0.33418367346938777,0.30162412993039445,0.23404255319148937,0.14931237721021612,0.15693430656934307,0.1465076660988075,0.15335463258785942,0.12180451127819548,0.1251778093883357,0.11590296495956873,0.10627400768245839]","[0.9230769230769231,1.0,0.85,0.8974358974358975,1.0,0.5,0.8205128205128205,0.7435897435897436,0.07692307692307693,0.7948717948717948,0.05128205128205132,0.8461538461538461,0.0,0.051282051282051266,0.25641025641025644,0.05263157894736842,0.0]","[-0.008547008547008517,0.0,0.025000000000000022,0.10256410256410253,0.0,0.475,0.15384615384615385,0.23076923076923073,0.7948717948717949,0.10256410256410264,-0.10256410256410253,-0.1282051282051282,0.9743589743589743,0.5384615384615385,0.1282051282051282,0.5526315789473684,0.9743589743589743,0.923076923076923]",0.31868845903933624,512,85.66104184777942,85687.60717773438,29.56913967197761,56.091902175801806,3.299523657400106,3.2992402769159526,556850959040.8313,2330840424747314,2330840424726834,20480,27838714900,44716368,0,0,44796076,89512444,85.36571884155273,0.5718896392954659,7504.203125,0.1,/nobackup/proj/disk/naiss2026-4-902/shared/yizhil/Avalanche/avalanche-master/joint_result_spike-all/cwr_star/order1/joint_spike_cwr_star__order-1__seed-063.json
spike-all,cwr_star,spike,1,65,resnet18_cifar,0.1,"[0.1,0.05,0.01]",last_epoch_train_mean,0.0,0.1,0.0,6992521274241942,44716368,18,0,0.25181760280093357,0.1267605633802817,0.3162393162393163,0.3162393162393163,-0.3162393162393163,3,0.3162393162393163,0.05128205128205128,0.38751490714527265,0.0,0.0,0.5128205128205128,1.0,0.6470588235294118,"[0.8205128205128205,0.5448717948717948,0.34183673469387754,0.225531914893617,0.291970802919708,0.25477707006369427,0.2577903682719547,0.22959183673469388,0.2111368909512761,0.20638297872340425,0.18860510805500982,0.1478102189781022,0.13798977853492334,0.13099041533546327,0.14887218045112782,0.13655761024182078,0.1307277628032345,0.1267605633802817]","[0.811965811965812,0.46153846153846156,1.0,1.0,1.0,0.0,0.28205128205128205,0.05128205128205128,0.05128205128205128,0.5128205128205128,0.0,0.02564102564102566,0.0,0.0,0.17948717948717952,0.0,0.0]","[0.0854700854700855,0.5384615384615384,-0.22499999999999998,0.0,-0.02564102564102566,0.0,0.717948717948718,0.8974358974358974,0.8205128205128205,0.4871794871794872,0.8717948717948718,-1.0,0.9743589743589743,0.8461538461538461,0.23076923076923073,0.8421052631578947,0.9487179487179487,0.6666666666666666]",0.42649635127705304,512,82.40058118943125,82435.10913085938,27.32213808200322,55.07844310742803,3.239908418084002,3.2514796629548073,556850959040.8313,2330840424747314,2330840424726834,20480,27838714900,44716368,0,0,44796076,89512444,85.36571884155273,0.561192898984841,7501.953125,0.1,/nobackup/proj/disk/naiss2026-4-902/shared/yizhil/Avalanche/avalanche-master/joint_result_spike-all/cwr_star/order1/joint_spike_cwr_star__order-1__seed-065.json
spike-all,cwr_star,spike,1,67,resnet18_cifar,0.1,"[0.1,0.05,0.01]",last_epoch_train_mean,0.0,0.1,0.0,6992521274241942,44716368,18,0,0.2918565052482448,0.13188220230473752,0.5372588711597999,0.5372588711597999,-0.5372588711597999,2,0.5372588711597999,0.4358974358974359,0.4254286582595857,0.0,0.05263157894736842,1.0,1.0,0.9411764705882353,"[0.9487179487179487,0.5192307692307693,0.5306122448979592,0.4851063829787234,0.2956204379562044,0.2802547770700637,0.24079320113314448,0.25,0.24129930394431554,0.1829787234042553,0.1905697445972495,0.16605839416058393,0.18568994889267462,0.17412140575079874,0.1368421052631579,0.1507823613086771,0.14285714285714285,0.13188220230473752]","[0.9487179487179487,1.0,0.825,0.28205128205128205,1.0,0.025000000000000022,1.0,0.3076923076923077,0.1794871794871795,1.0,0.02564102564102566,1.0,0.4358974358974359,0.0,1.0,0.05263157894736842,0.05128205128205128]","[-0.21367521367521358,-0.1282051282051282,0.07500000000000007,0.717948717948718,-0.02564102564102566,0.0,0.0,0.6923076923076923,0.5128205128205128,-0.02564102564102566,0.6666666666666667,0.0,0.4871794871794872,0.7435897435897436,-0.23076923076923073,0.39473684210526316,0.8974358974358974,-0.4871794871794872]",0.22647635827460388,512,82.2646528435871,82286.82495117188,27.29413779103197,54.97051505255513,3.2335597089738313,3.2507066020043567,556850959040.8313,2330840424747314,2330840424726834,20480,27838714900,44716368,0,0,44796076,89512444,85.36571884155273,0.5779430216831773,7501.953125,0.1,/nobackup/proj/disk/naiss2026-4-902/shared/yizhil/Avalanche/avalanche-master/joint_result_spike-all/cwr_star/order1/joint_spike_cwr_star__order-1__seed-067.json
spike-all,cwr_star,spike,1,69,resnet18_cifar,0.05,"[0.1,0.05,0.01]",last_epoch_train_mean,0.0,0.05,0.0,6992521274241942,44716368,18,0,0.3138759265821575,0.13060179257362356,0.23538210155857212,0.23538210155857212,-0.23538210155857212,5,0.23538210155857212,0.0,0.38316484655191263,0.0,0.0,0.275,1.0,0.47058823529411764,"[0.9572649572649573,0.9102564102564102,0.5969387755102041,0.41702127659574467,0.32116788321167883,0.30254777070063693,0.26912181303116145,0.24489795918367346,0.21809744779582366,0.19787234042553192,0.18271119842829076,0.1678832116788321,0.1567291311754685,0.14696485623003194,0.1443609022556391,0.1465149359886202,0.13881401617250674,0.13060179257362356]","[0.9572649572649573,0.9230769230769231,0.275,0.7692307692307693,1.0,0.0,0.0,0.02564102564102564,0.0,0.0,0.0,0.0,0.0,0.025641025641025647,0.025641025641025647,0.0,0.0]","[-0.05982905982905984,0.02564102564102555,0.6749999999999999,0.23076923076923073,0.0,-0.17500000000000004,1.0,0.9743589743589743,0.9487179487179487,1.0,0.5641025641025641,-0.07692307692307687,0.9743589743589743,0.8205128205128205,0.641025641025641,0.4736842105263158,0.9743589743589743,0.8205128205128205]",0.5450717248962863,512,82.83123932499439,82855.94140625,27.6829220589716,55.14831726602279,3.244018662707223,3.25451639899984,556850959040.8313,2330840424747314,2330840424726834,20480,27838714900,44716368,0,0,44796076,89512444,85.36571884155273,0.5861242316966154,7501.953125,0.05,/nobackup/proj/disk/naiss2026-4-902/shared/yizhil/Avalanche/avalanche-master/joint_result_spike-all/cwr_star/order1/joint_spike_cwr_star__order-1__seed-069.json
spike-all,cwr_star,spike,1,71,resnet18_cifar,0.1,"[0.1,0.05,0.01]",last_epoch_train_mean,0.0,0.1,0.0,6992521274241942,44716368,18,0,0.23904873025104104,0.0973111395646607,0.8175941361699877,0.8175941361699877,-0.8175941361699877,2,0.8175941361699877,0.9743589743589743,0.25121146640566355,0.13157894736842107,0.7692307692307692,1.0,1.0,1.0,"[0.8717948717948718,0.30128205128205127,0.40816326530612246,0.25957446808510637,0.26277372262773724,0.29936305732484075,0.23229461756373937,0.17346938775510204,0.24129930394431554,0.13829787234042554,0.1650294695481336,0.15328467153284672,0.13798977853492334,0.1501597444089457,0.11879699248120301,0.14509246088193456,0.14690026954177898,0.0973111395646607]","[0.8290598290598291,1.0,1.0,0.8205128205128205,1.0,0.4,1.0,1.0,0.46153846153846156,1.0,0.7692307692307692,1.0,0.7435897435897436,0.9743589743589743,1.0,0.13157894736842107,0.7692307692307692]","[0.0,-0.05128205128205132,-0.07499999999999996,0.17948717948717952,-0.07692307692307687,0.25,-0.07692307692307687,0.0,0.3589743589743589,-0.07692307692307687,0.05128205128205132,-0.41025641025641024,0.23076923076923073,-0.05128205128205121,-0.3589743589743589,0.3157894736842105,-0.05128205128205132,-0.05128205128205132]",0.005898560503823671,512,81.93319894722663,81955.87939453125,27.57695895305369,54.35623999417294,3.197425882010173,3.2217999870190397,556850959040.8313,2330840424747314,2330840424726834,20480,27838714900,44716368,0,0,44796076,89512444,85.36571884155273,0.5869501769404367,7501.953125,0.1,/nobackup/proj/disk/naiss2026-4-902/shared/yizhil/Avalanche/avalanche-master/joint_result_spike-all/cwr_star/order1/joint_spike_cwr_star__order-1__seed-071.json
spike-all,cwr_star,spike,2,63,resnet18_cifar,0.1,"[0.1,0.05,0.01]",last_epoch_train_mean,0.0,0.1,0.0,6995866446978582,44716368,18,0,0.3300049514702241,0.1613316261203585,0.4106997971602434,0.4106997971602434,-0.4106997971602434,3,0.4106997971602434,0.17948717948717952,0.42753236193655575,0.0,0.025,0.9487179487179487,1.0,0.7647058823529411,"[0.9568965517241379,0.7225806451612903,0.5743589743589743,0.452991452991453,0.4139194139194139,0.34615384615384615,0.3096590909090909,0.27365728900255754,0.2651162790697674,0.2345415778251599,0.21653543307086615,0.19926873857404023,0.17235494880546076,0.1648,0.16566265060240964,0.1593172119487909,0.1509433962264151,0.1613316261203585]","[0.9568965517241379,0.9487179487179487,1.0,0.5384615384615384,0.8461538461538461,1.0,0.025,1.0,0.07692307692307693,0.0,0.02564102564102564,0.17948717948717952,0.3333333333333333,0.0,0.0,0.05128205128205128,0.0]","[0.008620689655172487,0.05128205128205132,-0.025000000000000022,0.46153846153846156,0.07692307692307698,-0.23076923076923073,0.975,-0.05128205128205132,0.7948717948717948,-0.10256410256410253,0.8461538461538461,-0.23076923076923073,0.43589743589743596,0.8205128205128205,0.07692307692307687,0.8205128205128205,0.9743589743589743,0.33333333333333337]",0.33530798703212494,512,82.56709442159627,82587.580078125,27.53288867592346,55.03420574567281,3.2373062203336946,3.261709932005033,556850956753.9929,2331955482326194,2331955482305714,20480,27838714900,44716368,0,0,44796076,89512444,85.36571884155273,0.49040676079685686,7501.953125,0.1,/nobackup/proj/disk/naiss2026-4-902/shared/yizhil/Avalanche/avalanche-master/joint_result_spike-all/cwr_star/order2/joint_spike_cwr_star__order-2__seed-063.json
spike-all,cwr_star,spike,2,65,resnet18_cifar,0.1,"[0.1,0.05,0.01]",last_epoch_train_mean,0.0,0.1,0.0,6995866446978582,44716368,18,0,0.2964034336762235,0.10755441741357234,0.3402649919384199,0.3402649919384199,-0.3402649919384199,6,0.3402649919384199,0.02564102564102564,0.40516119023636477,0.0,0.0,0.717948717948718,1.0,0.6470588235294118,"[0.9396551724137931,0.7419354838709677,0.6,0.34615384615384615,0.2783882783882784,0.32371794871794873,0.2897727272727273,0.25831202046035806,0.2372093023255814,0.2025586353944563,0.18110236220472442,0.16453382084095064,0.1552901023890785,0.1456,0.1280120481927711,0.12091038406827881,0.11455525606469003,0.10755441741357234]","[0.8620689655172414,0.717948717948718,0.025000000000000022,0.5641025641025641,0.38461538461538464,1.0,0.0,1.0,0.0,0.0,0.0,1.0,0.1794871794871795,0.0,0.02564102564102564,0.02564102564102564,0.0]","[-0.017241379310344862,0.23076923076923073,0.07499999999999996,0.4358974358974359,0.5128205128205128,-0.07692307692307687,0.95,0.0,0.7435897435897436,0.8974358974358975,0.8717948717948718,-0.1282051282051282,0.4871794871794871,0.9743589743589743,0.923076923076923,0.7948717948717948,0.5128205128205128,-0.28205128205128205]",0.43917747322919737,512,82.6643009763211,82690.013671875,27.686683872016147,54.977617104304954,3.2339774767238207,3.2477542409906164,556850956753.9929,2331955482326194,2331955482305714,20480,27838714900,44716368,0,0,44796076,89512444,85.36571884155273,0.5894027833401126,7501.953125,0.1,/nobackup/proj/disk/naiss2026-4-902/shared/yizhil/Avalanche/avalanche-master/joint_result_spike-all/cwr_star/order2/joint_spike_cwr_star__order-2__seed-065.json
spike-all,cwr_star,spike,2,67,resnet18_cifar,0.1,"[0.1,0.05,0.01]",last_epoch_train_mean,0.0,0.1,0.0,6995866446978582,44716368,18,0,0.31395175654469737,0.1446862996158771,0.46526629219326987,0.46526629219326987,-0.46526629219326987,3,0.46526629219326987,0.5128205128205128,0.42092166365964473,0.0,0.02564102564102566,0.9487179487179487,1.0,0.7647058823529411,"[0.9396551724137931,0.6451612903225806,0.48205128205128206,0.4658119658119658,0.3553113553113553,0.3269230769230769,0.30113636363636365,0.26342710997442453,0.2651162790697674,0.2260127931769723,0.20275590551181102,0.18647166361974407,0.18088737201365188,0.1696,0.17620481927710843,0.16358463726884778,0.15633423180592992,0.1446862996158771]","[0.9396551724137931,0.9487179487179487,1.0,0.5897435897435898,0.5897435897435898,0.9487179487179487,0.175,1.0,0.12820512820512822,0.0,0.0,1.0,0.5128205128205128,0.0,0.02564102564102566,0.05128205128205128,0.0]","[-0.017241379310344862,-0.10256410256410253,0.0,0.41025641025641024,0.41025641025641024,0.02564102564102566,0.7749999999999999,-0.02564102564102566,0.5641025641025641,-0.05128205128205132,0.9743589743589743,-0.3846153846153846,0.4358974358974359,0.8974358974358975,0.17948717948717952,0.7435897435897435,0.9743589743589743,-0.41025641025641024]",0.29993245898418314,512,81.25965218001511,81283.29052734375,27.579045910970308,53.6806062690448,3.1576827217085177,3.1749383059795946,556850956753.9929,2331955482326194,2331955482305714,20480,27838714900,44716368,0,0,44796076,89512444,85.36571884155273,0.5743163751101982,7501.953125,0.1,/nobackup/proj/disk/naiss2026-4-902/shared/yizhil/Avalanche/avalanche-master/joint_result_spike-all/cwr_star/order2/joint_spike_cwr_star__order-2__seed-067.json
spike-all,cwr_star,spike,2,69,resnet18_cifar,0.1,"[0.1,0.05,0.01]",last_epoch_train_mean,0.0,0.1,0.0,6995866446978582,44716368,18,0,0.2898703270094893,0.14340588988476313,0.35434805221823473,0.35434805221823473,-0.35434805221823473,2,0.35434805221823473,0.15384615384615385,0.4186017847820019,0.0,0.0,0.9482758620689655,1.0,0.5882352941176471,"[0.9482758620689655,0.5870967741935483,0.441025641025641,0.41025641025641024,0.37362637362637363,0.28846153846153844,0.26136363636363635,0.23273657289002558,0.2302325581395349,0.19616204690831557,0.18110236220472442,0.16270566727605118,0.1552901023890785,0.1456,0.16114457831325302,0.15362731152204837,0.14555256064690028,0.14340588988476313]","[0.9482758620689655,1.0,1.0,0.28205128205128205,0.358974358974359,0.9487179487179487,0.05,1.0,0.15384615384615385,0.0,0.0,0.0,0.28205128205128205,0.0,0.0,0.0,0.0]","[-0.008620689655172376,-0.02564102564102566,0.0,0.717948717948718,0.641025641025641,-0.1794871794871794,0.9249999999999999,0.0,0.717948717948718,-0.1282051282051282,0.9487179487179487,-0.15384615384615385,0.717948717948718,0.9230769230769231,0.1282051282051282,0.7692307692307693,1.0,0.5897435897435898]",0.42128033205619414,512,79.66506525198929,79678.73510742188,26.898846289957874,52.76621896203142,3.1038952330606717,3.1289208970265463,556850956753.9929,2331955482326194,2331955482305714,20480,27838714900,44716368,0,0,44796076,89512444,85.36571884155273,0.5756613727487271,7501.953125,0.1,/nobackup/proj/disk/naiss2026-4-902/shared/yizhil/Avalanche/avalanche-master/joint_result_spike-all/cwr_star/order2/joint_spike_cwr_star__order-2__seed-069.json
spike-all,cwr_star,spike,2,71,resnet18_cifar,0.1,"[0.1,0.05,0.01]",last_epoch_train_mean,0.0,0.1,0.0,6995866446978582,44716368,18,0,0.26674941213853254,0.14340588988476313,0.22645498517709473,0.22645498517709473,-0.22645498517709473,2,0.22645498517709473,0.0,0.35368799394798744,0.0,0.0,0.358974358974359,1.0,0.47058823529411764,"[0.8620689655172413,0.5483870967741935,0.441025641025641,0.3717948717948718,0.2967032967032967,0.2403846153846154,0.21306818181818182,0.21739130434782608,0.19767441860465115,0.1812366737739872,0.16535433070866143,0.1736745886654479,0.16382252559726962,0.1536,0.15210843373493976,0.14366998577524892,0.13611859838274934,0.14340588988476313]","[0.8189655172413792,1.0,0.8,0.05128205128205128,0.05128205128205128,0.7435897435897436,0.0,0.02564102564102566,0.0,0.0,0.0,0.358974358974359,0.0,0.0,0.0,0.0,0.0]","[0.07758620689655182,-0.15384615384615385,0.0,0.5641025641025641,0.5384615384615384,0.10256410256410253,0.8,-0.05128205128205132,0.9743589743589743,0.8717948717948718,0.8461538461538461,0.07692307692307693,0.9743589743589743,0.9487179487179487,0.0,0.9743589743589743,0.9743589743589743,0.3846153846153846]",0.4946237351409765,512,80.48004224407487,80506.56225585938,26.768499652971514,53.71154259110335,3.1595025053590207,3.1646433400455862,556850956753.9929,2331955482326194,2331955482305714,20480,27838714900,44716368,0,0,44796076,89512444,85.36571884155273,0.5673532992501227,7501.953125,0.1,/nobackup/proj/disk/naiss2026-4-902/shared/yizhil/Avalanche/avalanche-master/joint_result_spike-all/cwr_star/order2/joint_spike_cwr_star__order-2__seed-071.json
spike-all,cwr_star,spike,3,63,resnet18_cifar,0.1,"[0.1,0.05,0.01]",last_epoch_train_mean,0.0,0.1,0.0,6992521271772342,44716368,18,0,0.3072523021841589,0.1357234314980794,0.38620504882114787,0.38620504882114787,-0.38620504882114787,1,0.38620504882114787,0.07894736842105265,0.4161411829398418,0.0,0.025000000000000022,0.7948717948717948,1.0,0.7647058823529411,"[1.0,0.6346153846153846,0.5282051282051282,0.46153846153846156,0.3443223443223443,0.3333333333333333,0.2792022792022792,0.23076923076923078,0.2097902097902098,0.21841541755888652,0.1952662721893491,0.1809872029250457,0.17235494880546076,0.1616,0.15512048192771086,0.14509246088193456,0.14420485175202155,0.1357234314980794]","[1.0,1.0,0.717948717948718,0.7948717948717948,1.0,0.38461538461538464,0.41025641025641024,1.0,0.0,0.07894736842105265,0.025000000000000022,0.0,0.07692307692307693,0.02564102564102564,0.0,0.0,0.051282051282051294]","[-0.29059829059829057,-0.7435897435897436,0.17948717948717952,0.17948717948717952,-0.2564102564102564,0.5897435897435896,0.15384615384615385,-0.02564102564102566,-0.28205128205128205,0.3421052631578947,0.15000000000000002,1.0,0.8205128205128205,0.5384615384615384,0.6153846153846154,1.0,0.8461538461538461,0.9743589743589743]",0.32173614235017745,512,78.93255711719394,78952.1357421875,26.950448817107826,51.98210830008611,3.0577710764756536,3.113168605021201,556850959047.9717,2330840423924114,2330840423903634,20480,27838714900,44716368,0,0,44796076,89512444,85.36571884155273,0.5727172395448163,7501.953125,0.1,/nobackup/proj/disk/naiss2026-4-902/shared/yizhil/Avalanche/avalanche-master/joint_result_spike-all/cwr_star/order3/joint_spike_cwr_star__order-3__seed-063.json
spike-all,cwr_star,spike,3,65,resnet18_cifar,0.1,"[0.1,0.05,0.01]",last_epoch_train_mean,0.0,0.1,0.0,6992521271772342,44716368,18,0,0.3093350536226893,0.14084507042253522,0.33789791220131776,0.33789791220131776,-0.33789791220131776,1,0.33789791220131776,0.026315789473684237,0.4146554487362564,0.0,0.0,0.7435897435897436,1.0,0.5294117647058824,"[1.0,0.6474358974358975,0.5282051282051282,0.43162393162393164,0.3553113553113553,0.3076923076923077,0.2706552706552707,0.23333333333333334,0.20046620046620048,0.21841541755888652,0.21104536489151873,0.1956124314442413,0.18430034129692832,0.1712,0.16716867469879518,0.15647226173541964,0.14824797843665768,0.14084507042253522]","[1.0,1.0,0.7435897435897436,0.9743589743589743,1.0,0.0,0.3076923076923077,0.46153846153846156,0.23076923076923073,0.026315789473684237,0.0,0.0,0.0,0.0,0.0,0.0,0.0]","[-0.017094017094017144,-0.5641025641025641,0.02564102564102566,-0.02564102564102566,-0.05128205128205132,0.8717948717948718,0.4102564102564102,-0.23076923076923073,-0.3589743589743589,0.5,0.025000000000000022,0.25,0.7692307692307693,0.8974358974358975,0.641025641025641,1.0,1.0,0.8974358974358975]",0.33555318138651474,512,79.51821626999845,79545.41015625,26.84867427000063,52.66954199999782,3.098208352941048,3.102733663001345,556850959047.9717,2330840423924114,2330840423903634,20480,27838714900,44716368,0,0,44796076,89512444,85.36571884155273,0.5998732279163336,7501.953125,0.1,/nobackup/proj/disk/naiss2026-4-902/shared/yizhil/Avalanche/avalanche-master/joint_result_spike-all/cwr_star/order3/joint_spike_cwr_star__order-3__seed-065.json
spike-all,cwr_star,spike,3,67,resnet18_cifar,0.1,"[0.1,0.05,0.01]",last_epoch_train_mean,0.0,0.1,0.0,6992521271772342,44716368,18,0,0.2914908774132883,0.12419974391805377,0.3848138445661666,0.3848138445661666,-0.3848138445661666,1,0.3848138445661666,0.07692307692307693,0.4390087134529884,0.0,0.0,0.8974358974358975,1.0,0.6470588235294118,"[1.0,0.6346153846153846,0.5230769230769231,0.41452991452991456,0.31135531135531136,0.28205128205128205,0.2621082621082621,0.21025641025641026,0.17715617715617715,0.19700214132762311,0.1913214990138067,0.1773308957952468,0.16382252559726962,0.1584,0.15060240963855423,0.14366998577524892,0.12533692722371967,0.12419974391805377]","[1.0,1.0,0.7435897435897436,0.8974358974358975,1.0,0.07692307692307693,0.641025641025641,1.0,0.0,0.13157894736842107,0.0,0.0,0.02564102564102564,0.0,0.0,0.0,0.02564102564102564]","[-0.042735042735042694,-0.7948717948717949,0.10256410256410253,0.07692307692307687,-0.17948717948717952,0.8205128205128205,0.20512820512820518,-0.23076923076923073,-0.2564102564102564,0.5263157894736843,0.0,0.9,0.923076923076923,0.9230769230769231,0.8205128205128206,0.8974358974358975,0.9487179487179487,0.717948717948718]",0.353218873394312,512,79.99314330500238,80021.53002929688,27.02356748300008,52.9695758220023,3.115857401294253,3.1269938469995395,556850959047.9717,2330840423924114,2330840423903634,20480,27838714900,44716368,0,0,44796076,89512444,85.36571884155273,0.5773020089649349,7501.953125,0.1,/nobackup/proj/disk/naiss2026-4-902/shared/yizhil/Avalanche/avalanche-master/joint_result_spike-all/cwr_star/order3/joint_spike_cwr_star__order-3__seed-067.json
spike-all,cwr_star,spike,3,69,resnet18_cifar,0.05,"[0.1,0.05,0.01]",last_epoch_train_mean,0.0,0.05,0.0,6992521271772342,44716368,18,0,0.29545370538961835,0.13444302176696543,0.2514619883040936,0.2514619883040936,-0.2514619883040936,2,0.2514619883040936,0.0,0.4094845046879771,0.0,0.0,0.1794871794871795,1.0,0.47058823529411764,"[0.9743589743589743,0.6217948717948718,0.5025641025641026,0.43162393162393164,0.3516483516483517,0.3076923076923077,0.2849002849002849,0.23846153846153847,0.21678321678321677,0.20342612419700215,0.16962524654832348,0.15722120658135283,0.14846416382252559,0.1408,0.15060240963855423,0.1422475106685633,0.14150943396226415,0.13444302176696543]","[0.9401709401709402,1.0,0.02564102564102564,0.07692307692307693,1.0,0.0,0.1794871794871795,1.0,0.0,0.05263157894736842,0.0,0.0,0.0,0.0,0.0,0.0,0.0]","[0.017094017094017144,-0.3846153846153846,0.641025641025641,0.8717948717948718,-0.02564102564102566,1.0,0.7948717948717948,-0.3076923076923077,-0.28205128205128205,0.5526315789473684,0.17500000000000004,0.8,0.8461538461538461,0.8461538461538461,0.6153846153846154,0.9743589743589743,0.8717948717948718,0.8717948717948718]",0.4932254960763733,512,78.71013982900695,78736.32421875,26.204031729001144,52.506108100005804,3.0885945941179886,3.0804015720004827,556850959047.9717,2330840423924114,2330840423903634,20480,27838714900,44716368,0,0,44796076,89512444,85.36571884155273,0.6119840192053029,7501.953125,0.05,/nobackup/proj/disk/naiss2026-4-902/shared/yizhil/Avalanche/avalanche-master/joint_result_spike-all/cwr_star/order3/joint_spike_cwr_star__order-3__seed-069.json
spike-all,cwr_star,spike,3,71,resnet18_cifar,0.05,"[0.1,0.05,0.01]",last_epoch_train_mean,0.0,0.05,0.0,6992521271772342,44716368,18,0,0.2989662930698353,0.12163892445582586,0.26646952978222327,0.26646952978222327,-0.26646952978222327,2,0.26646952978222327,0.02564102564102564,0.40269831365678366,0.0,0.0,0.28205128205128205,1.0,0.5294117647058824,"[0.9914529914529915,0.6410256410256411,0.517948717948718,0.4358974358974359,0.3553113553113553,0.3141025641025641,0.2905982905982906,0.24102564102564103,0.21212121212121213,0.2012847965738758,0.1814595660749507,0.170018281535649,0.15699658703071673,0.1472,0.14156626506024098,0.1337126600284495,0.1280323450134771,0.12163892445582586]","[0.9145299145299146,1.0,0.20512820512820512,0.02564102564102564,1.0,0.0,0.28205128205128205,1.0,0.0,0.05263157894736842,0.050000000000000044,0.0,0.0,0.0,0.0,0.0,0.0]","[0.0,-0.33333333333333337,0.6666666666666667,0.9487179487179487,-0.02564102564102566,1.0,0.35897435897435903,-0.10256410256410253,-0.3846153846153846,0.42105263157894746,0.07499999999999996,0.925,0.6153846153846154,0.9743589743589743,0.46153846153846156,0.8974358974358975,0.9487179487179487,0.9743589743589743]",0.46783625730994155,512,79.54167753599904,79562.58715820312,26.967445522999697,52.574232012999346,3.0926018831176085,3.10304875699876,556850959047.9717,2330840423924114,2330840423903634,20480,27838714900,44716368,0,0,44796076,89512444,85.36571884155273,0.5189599282956655,7501.953125,0.05,/nobackup/proj/disk/naiss2026-4-902/shared/yizhil/Avalanche/avalanche-master/joint_result_spike-all/cwr_star/order3/joint_spike_cwr_star__order-3__seed-071.json
