exp_name,method,dataset,order,seed,backbone,lr,lr_candidates,loss_selection,selection_loss,best_lr,best_loss,total_search_flops,storage_bytes,tasks,selection_loss_eval_flops,average_incremental_accuracy,final_average_accuracy,average_forgetting,mean_final_accuracy_loss,backward_transfer,worst_forgotten_task,forgetting_mean,forgetting_median,forgetting_std,forgetting_min,forgetting_q25,forgetting_q75,forgetting_max,forgetting_positive_fraction,task_end_seen_accuracy_curve,forgetting_per_task,intransigence,intransigence_mean,final_hidden_neurons,training_runtime_s,training_gpu_ms,initial_task_s,incremental_tasks_total_s,mean_incremental_task_s,median_incremental_task_s,terminal_flops_per_sample,overall_learning_flops,core_training_flops,learning_auxiliary_flops,single_sample_forward_flops,model_parameter_bytes,replay_sample_bytes,replay_label_bytes,auxiliary_bytes,persistent_storage_bytes,persistent_storage_mib,inference_latency_ms_per_sample,peak_allocated_gpu_memory_mib,intransigence_reference_lr,intransigence_reference_file
spike-all,ewc,spike,1,63,resnet18_cifar,0.1,"[0.1,0.05,0.01]",last_epoch_train_mean,1.9417296129724253,0.05,0.07053662123887436,16954551694783530,44716368,18,0,0.1508363799663214,0.0499359795134443,0.9964806435394671,0.9964806435394671,-0.9964806435394671,2,0.9964806435394671,1.0,0.014077425842131728,0.9401709401709402,1.0,1.0,1.0,1.0,"[0.9401709401709402,0.25,0.20408163265306123,0.16595744680851063,0.14233576642335766,0.12738853503184713,0.11048158640226628,0.09948979591836735,0.09048723897911833,0.08297872340425531,0.07662082514734773,0.07116788321167883,0.06643952299829642,0.06230031948881789,0.058646616541353384,0.06401137980085349,0.05256064690026954,0.0499359795134443]","[0.9401709401709402,1.0,1.0,1.0,1.0,1.0,1.0,1.0,1.0,1.0,1.0,1.0,1.0,1.0,1.0,1.0,1.0]","[0.008547008547008517,-0.15384615384615385,-0.07499999999999996,-0.15384615384615385,0.0,-0.050000000000000044,0.0,-0.02564102564102566,-0.07692307692307687,0.0,-0.05128205128205132,-0.5641025641025641,-0.07692307692307687,-0.3076923076923077,-0.4358974358974359,-0.052631578947368474,-0.02564102564102566,-0.07692307692307687]",-0.1176556955065727,512,948.5660057307687,948614.30859375,30.024993182974868,918.5410125477938,54.03182426751728,54.48258052393794,3008510760323.824,5651517231594510,5382632010818374,268885220776136,27838714900,44716368,0,0,1654544196,1699260564,1620.5411567687988,0.5528657707873441,9580.99365234375,0.05,
spike-all,ewc,spike,1,63,resnet18_cifar,0.05,"[0.1,0.05,0.01]",last_epoch_train_mean,0.07053662123887436,0.05,0.07053662123887436,16954551694783530,44716368,18,0,0.16206237471642793,0.05505761843790013,0.9914529914529915,0.9914529914529915,-0.9914529914529915,2,0.9914529914529915,1.0,0.025557094071671855,0.8974358974358975,1.0,1.0,1.0,1.0,"[0.9572649572649573,0.25,0.20408163265306123,0.16595744680851063,0.26277372262773724,0.12738853503184713,0.11048158640226628,0.09948979591836735,0.09048723897911833,0.08297872340425531,0.07662082514734773,0.12773722627737227,0.06643952299829642,0.06230031948881789,0.058646616541353384,0.06685633001422475,0.05256064690026954,0.05505761843790013]","[0.9572649572649573,1.0,1.0,0.8974358974358975,1.0,1.0,1.0,1.0,1.0,1.0,1.0,1.0,1.0,1.0,1.0,1.0,1.0]","[-0.008547008547008628,-0.15384615384615385,-0.07499999999999996,-0.15384615384615385,0.0,-0.050000000000000044,0.0,-0.02564102564102566,-0.07692307692307687,0.0,-0.05128205128205132,-0.5641025641025641,-0.07692307692307687,-0.3076923076923077,-0.4358974358974359,-0.052631578947368474,-0.02564102564102566,-0.07692307692307687]",-0.11860536312290698,512,908.2009045853047,908246.923828125,25.40877553995233,882.7921290453523,51.92894876737367,51.554437372949906,3008510760323.824,5651517231594510,5382632010818374,268885220776136,27838714900,44716368,0,0,1654544196,1699260564,1620.5411567687988,0.5717084814034755,9589.93115234375,0.05,/nobackup/proj/disk/naiss2026-4-902/shared/yizhil/Avalanche/avalanche-master/joint_result_spike-all/ewc/order1/joint_spike_ewc__order-1__seed-063.json
spike-all,ewc,spike,1,63,resnet18_cifar,0.01,"[0.1,0.05,0.01]",last_epoch_train_mean,0.3659645063536508,0.05,0.07053662123887436,16954551694783530,44716368,18,0,0.15170341241230123,0.0499359795134443,0.9964806435394671,0.9964806435394671,-0.9964806435394671,2,0.9964806435394671,1.0,0.014077425842131728,0.9401709401709402,1.0,1.0,1.0,1.0,"[0.9401709401709402,0.25,0.20408163265306123,0.16595744680851063,0.14233576642335766,0.12738853503184713,0.11048158640226628,0.09948979591836735,0.09048723897911833,0.08297872340425531,0.07662082514734773,0.07116788321167883,0.06643952299829642,0.06230031948881789,0.08421052631578947,0.05405405405405406,0.05256064690026954,0.0499359795134443]","[0.9401709401709402,1.0,1.0,1.0,1.0,1.0,1.0,1.0,1.0,1.0,1.0,1.0,1.0,1.0,1.0,1.0,1.0]","[0.008547008547008517,-0.15384615384615385,-0.07499999999999996,-0.15384615384615385,0.0,-0.050000000000000044,0.0,-0.02564102564102566,-0.07692307692307687,0.0,-0.05128205128205132,-0.5641025641025641,-0.07692307692307687,-0.3076923076923077,-0.4358974358974359,-0.052631578947368474,-0.02564102564102566,-0.07692307692307687]",-0.1176556955065727,512,903.945942741002,903990.013671875,28.443042696000703,875.5029000450013,51.500170590882426,52.018225785999675,3008510760323.824,5651517231594510,5382632010818374,268885220776136,27838714900,44716368,0,0,1654544196,1699260564,1620.5411567687988,0.5800095864328627,9580.99365234375,0.05,
spike-all,ewc,spike,1,65,resnet18_cifar,0.1,"[0.1,0.05,0.01]",last_epoch_train_mean,0.06184620109404096,0.05,0.010778194553687335,16954551694783530,44716368,18,0,0.15010626668173277,0.0499359795134443,0.9950100553041729,0.9950100553041729,-0.9950100553041729,2,0.9950100553041729,1.0,0.014913917863926754,0.9401709401709402,1.0,1.0,1.0,1.0,"[0.9401709401709402,0.25,0.20408163265306123,0.16595744680851063,0.14233576642335766,0.12420382165605096,0.11048158640226628,0.09948979591836735,0.09048723897911833,0.08297872340425531,0.07662082514734773,0.07116788321167883,0.06643952299829642,0.06230031948881789,0.058646616541353384,0.05405405405405406,0.05256064690026954,0.0499359795134443]","[0.9401709401709402,1.0,1.0,1.0,1.0,0.975,1.0,1.0,1.0,1.0,1.0,1.0,1.0,1.0,1.0,1.0,1.0]","[-0.09401709401709402,-0.4871794871794872,0.0,0.0,-0.28205128205128205,-0.025000000000000022,-0.05128205128205132,-0.02564102564102566,-0.05128205128205132,-0.02564102564102566,-0.3076923076923077,-0.1282051282051282,-0.05128205128205132,-0.02564102564102566,-0.20512820512820518,-0.02631578947368418,-0.02564102564102566,-0.02564102564102566]",-0.10209114309991504,512,871.0533728030059,871090.609375,25.0544846720004,845.9988881310055,49.76464047829444,50.491327568001,3008510760323.824,5651517231594510,5382632010818374,268885220776136,27838714900,44716368,0,0,1654544196,1699260564,1620.5411567687988,0.5529816261189595,9589.93115234375,0.05,
spike-all,ewc,spike,1,65,resnet18_cifar,0.05,"[0.1,0.05,0.01]",last_epoch_train_mean,0.010778194553687335,0.05,0.010778194553687335,16954551694783530,44716368,18,0,0.15599504406098658,0.0499359795134443,0.9964806435394671,0.9964806435394671,-0.9964806435394671,2,0.9964806435394671,1.0,0.014077425842131728,0.9401709401709402,1.0,1.0,1.0,1.0,"[0.9401709401709402,0.25,0.20408163265306123,0.16595744680851063,0.14233576642335766,0.12738853503184713,0.14447592067988668,0.09948979591836735,0.09048723897911833,0.08297872340425531,0.07662082514734773,0.12043795620437957,0.06643952299829642,0.06230031948881789,0.07819548872180451,0.05405405405405406,0.05256064690026954,0.0499359795134443]","[0.9401709401709402,1.0,1.0,1.0,1.0,1.0,1.0,1.0,1.0,1.0,1.0,1.0,1.0,1.0,1.0,1.0,1.0]","[-0.09401709401709402,-0.4871794871794872,0.0,0.0,-0.28205128205128205,-0.050000000000000044,-0.05128205128205132,-0.02564102564102566,-0.05128205128205132,-0.02564102564102566,-0.3076923076923077,-0.1282051282051282,-0.05128205128205132,-0.02564102564102566,-0.20512820512820518,-0.02631578947368418,-0.02564102564102566,-0.02564102564102566]",-0.10348003198880394,512,891.9877988800017,892026.505859375,27.462975378999545,864.5248235010022,50.85440138241189,51.213064483999915,3008510760323.824,5651517231594510,5382632010818374,268885220776136,27838714900,44716368,0,0,1654544196,1699260564,1620.5411567687988,0.597796874520888,9589.93115234375,0.05,/nobackup/proj/disk/naiss2026-4-902/shared/yizhil/Avalanche/avalanche-master/joint_result_spike-all/ewc/order1/joint_spike_ewc__order-1__seed-065.json
spike-all,ewc,spike,1,65,resnet18_cifar,0.01,"[0.1,0.05,0.01]",last_epoch_train_mean,0.09069310068528845,0.05,0.010778194553687335,16954551694783530,44716368,18,0,0.1531321980516132,0.0499359795134443,0.9994972347913524,0.9994972347913524,-0.9994972347913524,2,0.9994972347913524,1.0,0.002011060834590239,0.9914529914529915,1.0,1.0,1.0,1.0,"[0.9914529914529915,0.25,0.20408163265306123,0.16595744680851063,0.14233576642335766,0.12738853503184713,0.11048158640226628,0.09948979591836735,0.09048723897911833,0.08297872340425531,0.07662082514734773,0.07116788321167883,0.06643952299829642,0.06230031948881789,0.058646616541353384,0.05405405405405406,0.05256064690026954,0.0499359795134443]","[0.9914529914529915,1.0,1.0,1.0,1.0,1.0,1.0,1.0,1.0,1.0,1.0,1.0,1.0,1.0,1.0,1.0,1.0]","[-0.14529914529914534,-0.4871794871794872,0.0,0.0,-0.28205128205128205,-0.050000000000000044,-0.05128205128205132,-0.02564102564102566,-0.05128205128205132,-0.02564102564102566,-0.3076923076923077,-0.1282051282051282,-0.05128205128205132,-0.02564102564102566,-0.20512820512820518,-0.02631578947368418,-0.02564102564102566,-0.02564102564102566]",-0.10632903483780679,512,899.4857942389972,899526.9482421875,27.289357951000056,872.1964362879971,51.30567272282336,52.73576146099913,3008510760323.824,5651517231594510,5382632010818374,268885220776136,27838714900,44716368,0,0,1654544196,1699260564,1620.5411567687988,0.5541010729865846,9589.93115234375,0.05,
spike-all,ewc,spike,1,67,resnet18_cifar,0.1,"[0.1,0.05,0.01]",last_epoch_train_mean,0.08330256973179231,0.05,0.03145957599330393,16954551694783530,44716368,18,0,0.1460096909291061,0.0499359795134443,0.991955756661639,0.991955756661639,-0.991955756661639,2,0.991955756661639,1.0,0.03217697335344393,0.8632478632478633,1.0,1.0,1.0,1.0,"[0.8632478632478633,0.25,0.20408163265306123,0.16595744680851063,0.14233576642335766,0.12738853503184713,0.11048158640226628,0.09948979591836735,0.09048723897911833,0.08297872340425531,0.07662082514734773,0.07116788321167883,0.06643952299829642,0.06230031948881789,0.058646616541353384,0.05405405405405406,0.05256064690026954,0.0499359795134443]","[0.8632478632478633,1.0,1.0,1.0,1.0,1.0,1.0,1.0,1.0,1.0,1.0,1.0,1.0,1.0,1.0,1.0,1.0]","[0.05982905982905984,0.0,-0.050000000000000044,0.0,-0.10256410256410253,0.0,-0.02564102564102566,0.0,-0.1282051282051282,-0.05128205128205132,-0.07692307692307687,0.0,0.0,-0.41025641025641024,-0.3589743589743589,-0.1842105263157895,0.0,-0.05128205128205132]",-0.07663942620082971,512,895.9443924409934,895983.8154296875,27.683340335999674,868.2610521049937,51.07417953558787,52.65544237899849,3008510760323.824,5651517231594510,5382632010818374,268885220776136,27838714900,44716368,0,0,1654544196,1699260564,1620.5411567687988,0.5533352355954689,9589.93115234375,0.05,
spike-all,ewc,spike,1,67,resnet18_cifar,0.05,"[0.1,0.05,0.01]",last_epoch_train_mean,0.03145957599330393,0.05,0.03145957599330393,16954551694783530,44716368,18,0,0.15815226015421074,0.0499359795134443,0.9974861739567622,0.9974861739567622,-0.9974861739567622,2,0.9974861739567622,1.0,0.010055304172951222,0.9572649572649573,1.0,1.0,1.0,1.0,"[0.9572649572649573,0.25,0.20408163265306123,0.16595744680851063,0.14233576642335766,0.12738853503184713,0.11048158640226628,0.10204081632653061,0.09976798143851508,0.12978723404255318,0.07662082514734773,0.13138686131386862,0.06643952299829642,0.06230031948881789,0.058646616541353384,0.059743954480796585,0.05256064690026954,0.0499359795134443]","[0.9572649572649573,1.0,1.0,1.0,1.0,1.0,1.0,1.0,1.0,1.0,1.0,1.0,1.0,1.0,1.0,1.0,1.0]","[-0.03418803418803418,0.0,-0.050000000000000044,0.0,-0.10256410256410253,0.0,-0.02564102564102566,0.0,-0.1282051282051282,-0.05128205128205132,-0.07692307692307687,0.0,0.0,-0.41025641025641024,-0.3589743589743589,-0.1842105263157895,0.0,-0.05128205128205132]",-0.08186259809066826,512,903.0459485290012,903104.0478515625,27.788984201000858,875.2569643280003,51.485703784000016,52.39971555599914,3008510760323.824,5651517231594510,5382632010818374,268885220776136,27838714900,44716368,0,0,1654544196,1699260564,1620.5411567687988,0.44342133290353564,9589.93115234375,0.05,/nobackup/proj/disk/naiss2026-4-902/shared/yizhil/Avalanche/avalanche-master/joint_result_spike-all/ewc/order1/joint_spike_ewc__order-1__seed-067.json
spike-all,ewc,spike,1,67,resnet18_cifar,0.01,"[0.1,0.05,0.01]",last_epoch_train_mean,0.15245170659900453,0.05,0.03145957599330393,16954551694783530,44716368,18,0,0.15218253043527893,0.0499359795134443,0.9984917043740573,0.9984917043740573,-0.9984917043740573,2,0.9984917043740573,1.0,0.006033182503770744,0.9743589743589743,1.0,1.0,1.0,1.0,"[0.9743589743589743,0.25,0.20408163265306123,0.16595744680851063,0.14233576642335766,0.12738853503184713,0.11048158640226628,0.09948979591836735,0.09048723897911833,0.08297872340425531,0.07662082514734773,0.07116788321167883,0.06643952299829642,0.06230031948881789,0.058646616541353384,0.05405405405405406,0.05256064690026954,0.0499359795134443]","[0.9743589743589743,1.0,1.0,1.0,1.0,1.0,1.0,1.0,1.0,1.0,1.0,1.0,1.0,1.0,1.0,1.0,1.0]","[-0.05128205128205121,0.0,-0.050000000000000044,0.0,-0.10256410256410253,0.0,-0.02564102564102566,0.0,-0.1282051282051282,-0.05128205128205132,-0.07692307692307687,0.0,0.0,-0.41025641025641024,-0.3589743589743589,-0.1842105263157895,0.0,-0.05128205128205132]",-0.08281226570700255,512,901.687493364001,901730.6591796875,28.34132796099948,873.3461654030016,51.373303847235384,52.143803757999194,3008510760323.824,5651517231594510,5382632010818374,268885220776136,27838714900,44716368,0,0,1654544196,1699260564,1620.5411567687988,0.5562688898902283,9589.93115234375,0.05,
spike-all,ewc,spike,1,69,resnet18_cifar,0.1,"[0.1,0.05,0.01]",last_epoch_train_mean,0.02072693261763324,0.1,0.02072693261763324,16954551694783530,44716368,18,0,0.15227238350787603,0.05377720870678617,0.9890522875816994,0.9890522875816994,-0.9890522875816994,2,0.9890522875816994,1.0,0.030614479551974823,0.8888888888888888,1.0,1.0,1.0,1.0,"[0.8888888888888888,0.25,0.20408163265306123,0.16595744680851063,0.14233576642335766,0.12738853503184713,0.11331444759206799,0.10204081632653061,0.09280742459396751,0.0851063829787234,0.07662082514734773,0.1386861313868613,0.06814310051107325,0.06230031948881789,0.058646616541353384,0.05689900426742532,0.05390835579514825,0.05377720870678617]","[0.8888888888888888,1.0,1.0,1.0,1.0,0.925,1.0,1.0,1.0,1.0,1.0,1.0,1.0,1.0,1.0,1.0,1.0]","[-0.008547008547008517,0.0,-0.09999999999999998,-0.07692307692307687,-0.02564102564102566,0.0,-0.02564102564102566,0.0,-0.23076923076923073,0.0,-0.07692307692307687,-0.15384615384615385,-0.07692307692307687,-0.05128205128205132,-0.33333333333333337,-0.07894736842105265,-0.07692307692307687,-0.15384615384615385]",-0.08164142550107462,512,933.3186885710056,933356.837890625,27.712222690999624,905.606465880006,53.270968581176824,55.582009158999426,3008510760323.824,5651517231594510,5382632010818374,268885220776136,27838714900,44716368,0,0,1654544196,1699260564,1620.5411567687988,0.5644056068964898,9589.93115234375,0.1,/nobackup/proj/disk/naiss2026-4-902/shared/yizhil/Avalanche/avalanche-master/joint_result_spike-all/ewc/order1/joint_spike_ewc__order-1__seed-069.json
spike-all,ewc,spike,1,69,resnet18_cifar,0.05,"[0.1,0.05,0.01]",last_epoch_train_mean,0.07323958576651093,0.1,0.02072693261763324,16954551694783530,44716368,18,0,0.15203869391674651,0.0499359795134443,0.9959778783308195,0.9959778783308195,-0.9959778783308195,2,0.9959778783308195,1.0,0.016088486676721966,0.9316239316239316,1.0,1.0,1.0,1.0,"[0.9316239316239316,0.25,0.20408163265306123,0.16595744680851063,0.14233576642335766,0.12738853503184713,0.11048158640226628,0.09948979591836735,0.09048723897911833,0.08297872340425531,0.07662082514734773,0.11131386861313869,0.06643952299829642,0.06230031948881789,0.058646616541353384,0.05405405405405406,0.05256064690026954,0.0499359795134443]","[0.9316239316239316,1.0,1.0,1.0,1.0,1.0,1.0,1.0,1.0,1.0,1.0,1.0,1.0,1.0,1.0,1.0,1.0]","[-0.05128205128205132,0.0,-0.09999999999999998,-0.07692307692307687,-0.02564102564102566,0.0,-0.02564102564102566,0.0,-0.23076923076923073,0.0,-0.07692307692307687,-0.15384615384615385,-0.07692307692307687,-0.05128205128205132,-0.33333333333333337,-0.07894736842105265,-0.07692307692307687,-0.15384615384615385]",-0.08401559454191032,512,936.0382766999865,936083.8544921875,28.404660792999493,907.633615906987,53.390212700411,54.27861319599833,3008510760323.824,5651517231594510,5382632010818374,268885220776136,27838714900,44716368,0,0,1654544196,1699260564,1620.5411567687988,0.36791343150892036,9589.93115234375,0.1,
spike-all,ewc,spike,1,69,resnet18_cifar,0.01,"[0.1,0.05,0.01]",last_epoch_train_mean,0.18654168420326636,0.1,0.02072693261763324,16954551694783530,44716368,18,0,0.14411035569643751,0.0499359795134443,0.9899446958270488,0.9899446958270488,-0.9899446958270488,2,0.9899446958270488,1.0,0.04022121669180491,0.8290598290598291,1.0,1.0,1.0,1.0,"[0.8290598290598291,0.25,0.20408163265306123,0.16595744680851063,0.14233576642335766,0.12738853503184713,0.11048158640226628,0.09948979591836735,0.09048723897911833,0.08297872340425531,0.07662082514734773,0.07116788321167883,0.06643952299829642,0.06230031948881789,0.058646616541353384,0.05405405405405406,0.05256064690026954,0.0499359795134443]","[0.8290598290598291,1.0,1.0,1.0,1.0,1.0,1.0,1.0,1.0,1.0,1.0,1.0,1.0,1.0,1.0,1.0,1.0]","[0.05128205128205121,0.0,-0.09999999999999998,-0.07692307692307687,-0.02564102564102566,0.0,-0.02564102564102566,0.0,-0.23076923076923073,0.0,-0.07692307692307687,-0.15384615384615385,-0.07692307692307687,-0.05128205128205132,-0.33333333333333337,-0.07894736842105265,-0.07692307692307687,-0.15384615384615385]",-0.07831758884390463,512,943.1647180800028,943207.814453125,27.7620986969996,915.4026193830032,53.84721290488254,55.04734479399849,3008510760323.824,5651517231594510,5382632010818374,268885220776136,27838714900,44716368,0,0,1654544196,1699260564,1620.5411567687988,0.2962538399587525,9589.93115234375,0.1,
spike-all,ewc,spike,1,71,resnet18_cifar,0.1,"[0.1,0.05,0.01]",last_epoch_train_mean,1.2410673369532046,0.01,0.022640064948741694,16954551694783530,44716368,18,0,0.14828429628876677,0.05121638924455826,0.9924585218702866,0.9924585218702866,-0.9924585218702866,2,0.9924585218702866,1.0,0.024506903181405606,0.8974358974358975,1.0,1.0,1.0,1.0,"[0.8974358974358975,0.25,0.20408163265306123,0.16595744680851063,0.14233576642335766,0.12738853503184713,0.11048158640226628,0.09948979591836735,0.09048723897911833,0.08297872340425531,0.07662082514734773,0.07664233576642336,0.06643952299829642,0.06230031948881789,0.058646616541353384,0.05405405405405406,0.05256064690026954,0.05121638924455826]","[0.8974358974358975,1.0,1.0,1.0,1.0,1.0,1.0,1.0,1.0,1.0,1.0,1.0,1.0,0.9743589743589743,1.0,1.0,1.0]","[0.09401709401709402,-0.15384615384615385,-0.07499999999999996,-0.05128205128205132,-0.02564102564102566,0.0,-0.02564102564102566,0.0,-0.05128205128205132,0.0,-0.1282051282051282,-0.15384615384615385,-0.15384615384615385,-0.07692307692307687,-0.17948717948717952,-0.26315789473684215,0.0,-0.15384615384615385]",-0.07766594192032789,512,940.0435830269998,940086.4169921875,28.835483680002653,911.2080993469972,53.60047643217631,55.50022678999812,3008510760323.824,5651517231594510,5382632010818374,268885220776136,27838714900,44716368,0,0,1654544196,1699260564,1620.5411567687988,0.559097897563897,9589.93115234375,0.01,
spike-all,ewc,spike,1,71,resnet18_cifar,0.05,"[0.1,0.05,0.01]",last_epoch_train_mean,0.1451902763443704,0.01,0.022640064948741694,16954551694783530,44716368,18,0,0.15207933662610482,0.0499359795134443,0.9949723479135244,0.9949723479135244,-0.9949723479135244,2,0.9949723479135244,1.0,0.020110608345902472,0.9145299145299145,1.0,1.0,1.0,1.0,"[0.9145299145299145,0.25,0.20408163265306123,0.16595744680851063,0.14233576642335766,0.12738853503184713,0.11048158640226628,0.09948979591836735,0.09048723897911833,0.08297872340425531,0.07662082514734773,0.11861313868613138,0.06643952299829642,0.06230031948881789,0.06917293233082707,0.05405405405405406,0.05256064690026954,0.0499359795134443]","[0.9145299145299145,1.0,1.0,1.0,1.0,1.0,1.0,1.0,1.0,1.0,1.0,1.0,1.0,1.0,1.0,1.0,1.0]","[0.07692307692307698,-0.15384615384615385,-0.07499999999999996,-0.05128205128205132,-0.02564102564102566,0.0,-0.02564102564102566,0.0,-0.05128205128205132,0.0,-0.1282051282051282,-0.15384615384615385,-0.15384615384615385,-0.07692307692307687,-0.17948717948717952,-0.26315789473684215,0.0,-0.15384615384615385]",-0.07861560953666218,512,940.009523499004,940055.169921875,28.345065541998338,911.6644579570057,53.62732105629445,54.93037895599991,3008510760323.824,5651517231594510,5382632010818374,268885220776136,27838714900,44716368,0,0,1654544196,1699260564,1620.5411567687988,0.558204121641587,9589.93115234375,0.01,
spike-all,ewc,spike,1,71,resnet18_cifar,0.01,"[0.1,0.05,0.01]",last_epoch_train_mean,0.022640064948741694,0.01,0.022640064948741694,16954551694783530,44716368,18,0,0.15170769662711178,0.0499359795134443,0.9979889391654098,0.9979889391654098,-0.9979889391654098,2,0.9979889391654098,1.0,0.008044243338360983,0.9658119658119658,1.0,1.0,1.0,1.0,"[0.9658119658119658,0.25,0.20408163265306123,0.16595744680851063,0.14233576642335766,0.12738853503184713,0.11048158640226628,0.09948979591836735,0.09048723897911833,0.08297872340425531,0.07662082514734773,0.07116788321167883,0.06643952299829642,0.06230031948881789,0.058646616541353384,0.05405405405405406,0.05256064690026954,0.0499359795134443]","[0.9658119658119658,1.0,1.0,1.0,1.0,1.0,1.0,1.0,1.0,1.0,1.0,1.0,1.0,1.0,1.0,1.0,1.0]","[0.02564102564102566,-0.15384615384615385,-0.07499999999999996,-0.05128205128205132,-0.02564102564102566,0.0,-0.02564102564102566,0.0,-0.05128205128205132,0.0,-0.1282051282051282,-0.15384615384615385,-0.15384615384615385,-0.07692307692307687,-0.17948717948717952,-0.26315789473684215,0.0,-0.15384615384615385]",-0.08146461238566502,512,935.0460944180049,935092.8671875,28.018699369000387,907.0273950490046,53.354552649941446,53.654129068003385,3008510760323.824,5651517231594510,5382632010818374,268885220776136,27838714900,44716368,0,0,1654544196,1699260564,1620.5411567687988,0.555094709340319,9589.93115234375,0.01,/nobackup/proj/disk/naiss2026-4-902/shared/yizhil/Avalanche/avalanche-master/joint_result_spike-all/ewc/order1/joint_spike_ewc__order-1__seed-071.json
spike-all,ewc,spike,2,63,resnet18_cifar,0.1,"[0.1,0.05,0.01]",last_epoch_train_mean,0.0006718928119462701,0.1,0.0006718928119462701,16954551691676874,44716368,18,0,0.16463601553597057,0.05505761843790013,0.9915821501014198,0.9915821501014198,-0.9915821501014198,2,0.9915821501014198,1.0,0.025033253067863064,0.9,1.0,1.0,1.0,1.0,"[0.9568965517241379,0.25161290322580643,0.20512820512820512,0.21794871794871795,0.20146520146520147,0.21153846153846154,0.11363636363636363,0.09974424552429667,0.1,0.08315565031982942,0.07677165354330709,0.0712979890310786,0.06655290102389079,0.0688,0.058734939759036146,0.07254623044096728,0.05256064690026954,0.05505761843790013]","[0.9568965517241379,1.0,0.9,1.0,1.0,1.0,1.0,1.0,1.0,1.0,1.0,1.0,1.0,1.0,1.0,1.0,1.0]","[0.008620689655172487,0.0,-0.025000000000000022,0.0,-0.07692307692307687,-0.23076923076923073,0.0,-0.05128205128205132,-0.02564102564102566,-0.10256410256410253,-0.1282051282051282,-0.23076923076923073,-0.23076923076923073,-0.17948717948717952,-0.20512820512820518,-0.1282051282051282,-0.02564102564102566,-0.07692307692307687]",-0.09492705570291776,512,946.3151145609918,946357.8681640625,28.029373034001765,918.28574152699,54.01680832511706,55.43245787499836,3008510953219.206,5651517230558958,5382632009832134,268885220726824,27838714900,44716368,0,0,1654544196,1699260564,1620.5411567687988,0.5636824750375461,9582.00537109375,0.1,/nobackup/proj/disk/naiss2026-4-902/shared/yizhil/Avalanche/avalanche-master/joint_result_spike-all/ewc/order2/joint_spike_ewc__order-2__seed-063.json
spike-all,ewc,spike,2,63,resnet18_cifar,0.05,"[0.1,0.05,0.01]",last_epoch_train_mean,0.015316881626983237,0.1,0.0006718928119462701,16954551691676874,44716368,18,0,0.15128127208526002,0.0499359795134443,0.9969574036511155,0.9969574036511155,-0.9969574036511155,2,0.9969574036511155,1.0,0.012170385395537522,0.9482758620689655,1.0,1.0,1.0,1.0,"[0.9482758620689655,0.25161290322580643,0.20512820512820512,0.16666666666666666,0.14285714285714285,0.125,0.11363636363636363,0.10230179028132992,0.09069767441860466,0.08315565031982942,0.07677165354330709,0.0712979890310786,0.06655290102389079,0.0624,0.058734939759036146,0.05547652916073969,0.05256064690026954,0.0499359795134443]","[0.9482758620689655,1.0,1.0,1.0,1.0,1.0,1.0,1.0,1.0,1.0,1.0,1.0,1.0,1.0,1.0,1.0,1.0]","[0.017241379310344862,0.0,-0.025000000000000022,0.0,-0.07692307692307687,-0.23076923076923073,0.0,-0.05128205128205132,-0.02564102564102566,-0.10256410256410253,-0.1282051282051282,-0.23076923076923073,-0.23076923076923073,-0.17948717948717952,-0.20512820512820518,-0.1282051282051282,-0.02564102564102566,-0.07692307692307687]",-0.09444812849985262,512,946.7227685920006,946767.0400390625,27.76395842400234,918.9588101679983,54.05640059811755,52.920855207001296,3008510953219.206,5651517230558958,5382632009832134,268885220726824,27838714900,44716368,0,0,1654544196,1699260564,1620.5411567687988,0.5620228425071145,9582.00537109375,0.1,
spike-all,ewc,spike,2,63,resnet18_cifar,0.01,"[0.1,0.05,0.01]",last_epoch_train_mean,0.09300543284564285,0.1,0.0006718928119462701,16954551691676874,44716368,18,0,0.1506602590623597,0.0499359795134443,0.9964503042596349,0.9964503042596349,-0.9964503042596349,2,0.9964503042596349,1.0,0.014198782961460436,0.9396551724137931,1.0,1.0,1.0,1.0,"[0.9396551724137931,0.25161290322580643,0.20512820512820512,0.16666666666666666,0.14285714285714285,0.125,0.11363636363636363,0.09974424552429667,0.09069767441860466,0.08315565031982942,0.07677165354330709,0.0712979890310786,0.06655290102389079,0.0624,0.058734939759036146,0.05547652916073969,0.05256064690026954,0.0499359795134443]","[0.9396551724137931,1.0,1.0,1.0,1.0,1.0,1.0,1.0,1.0,1.0,1.0,1.0,1.0,1.0,1.0,1.0,1.0]","[0.025862068965517238,0.0,-0.025000000000000022,0.0,-0.07692307692307687,-0.23076923076923073,0.0,-0.05128205128205132,-0.02564102564102566,-0.10256410256410253,-0.1282051282051282,-0.23076923076923073,-0.23076923076923073,-0.17948717948717952,-0.20512820512820518,-0.1282051282051282,-0.02564102564102566,-0.07692307692307687]",-0.0939692012967875,512,943.6388397610026,943684.2705078125,28.161236240001017,915.4776035210016,53.851623736529504,53.68681293999907,3008510953219.206,5651517230558958,5382632009832134,268885220726824,27838714900,44716368,0,0,1654544196,1699260564,1620.5411567687988,0.5628063034623753,9582.00537109375,0.1,
spike-all,ewc,spike,2,65,resnet18_cifar,0.1,"[0.1,0.05,0.01]",last_epoch_train_mean,0.01903596131697945,0.05,0.007922043260302603,16954551691676874,44716368,18,0,0.17370294779069584,0.05505761843790013,0.9904171217558642,0.9904171217558642,-0.9904171217558642,2,0.9904171217558642,1.0,0.027224293766755166,0.8974358974358975,1.0,1.0,1.0,1.0,"[0.9396551724137931,0.25161290322580643,0.20512820512820512,0.24358974358974358,0.19413919413919414,0.21794871794871795,0.11363636363636363,0.19948849104859334,0.10697674418604651,0.08315565031982942,0.07677165354330709,0.13345521023765997,0.06655290102389079,0.0656,0.058734939759036146,0.06258890469416785,0.05256064690026954,0.05505761843790013]","[0.9396551724137931,1.0,1.0,1.0,1.0,1.0,1.0,1.0,1.0,1.0,0.8974358974358975,1.0,1.0,1.0,1.0,1.0,1.0]","[-0.025862068965517238,-0.28205128205128205,0.0,0.0,-0.02564102564102566,-0.2564102564102564,-0.050000000000000044,0.0,-0.20512820512820518,-0.20512820512820518,-0.05128205128205132,-0.2564102564102564,-0.07692307692307687,-0.20512820512820518,0.0,-0.2564102564102564,-0.5641025641025641,-0.5641025641025641]",-0.168032223204637,512,1140.5770801750004,1140627.35546875,28.06924202099981,1112.5078381540006,65.44163753847063,61.46778978900329,3008510953219.206,5651517230558958,5382632009832134,268885220726824,27838714900,44716368,0,0,1654544196,1699260564,1620.5411567687988,0.5573423713218423,9582.00537109375,0.05,
spike-all,ewc,spike,2,65,resnet18_cifar,0.05,"[0.1,0.05,0.01]",last_epoch_train_mean,0.007922043260302603,0.05,0.007922043260302603,16954551691676874,44716368,18,0,0.15531706706933085,0.0499359795134443,0.997971602434077,0.997971602434077,-0.997971602434077,2,0.997971602434077,1.0,0.008113590263691673,0.9655172413793104,1.0,1.0,1.0,1.0,"[0.9655172413793104,0.25161290322580643,0.20512820512820512,0.16666666666666666,0.15018315018315018,0.17307692307692307,0.11363636363636363,0.10230179028132992,0.09069767441860466,0.08315565031982942,0.07677165354330709,0.0712979890310786,0.06655290102389079,0.0624,0.058734939759036146,0.05547652916073969,0.05256064690026954,0.0499359795134443]","[0.9655172413793104,1.0,1.0,1.0,1.0,1.0,1.0,1.0,1.0,1.0,1.0,1.0,1.0,1.0,1.0,1.0,1.0]","[-0.051724137931034475,-0.28205128205128205,0.0,0.0,-0.02564102564102566,-0.2564102564102564,-0.050000000000000044,0.0,-0.20512820512820518,-0.20512820512820518,-0.05128205128205132,-0.2564102564102564,-0.07692307692307687,-0.20512820512820518,0.0,-0.2564102564102564,-0.5641025641025641,-0.5641025641025641]",-0.1694690048138324,512,976.5904728349997,976637.654296875,28.16956787899835,948.4209049560013,55.78946499741184,55.03464769999846,3008510953219.206,5651517230558958,5382632009832134,268885220726824,27838714900,44716368,0,0,1654544196,1699260564,1620.5411567687988,0.5719284737550042,9582.00537109375,0.05,/nobackup/proj/disk/naiss2026-4-902/shared/yizhil/Avalanche/avalanche-master/joint_result_spike-all/ewc/order2/joint_spike_ewc__order-2__seed-065.json
spike-all,ewc,spike,2,65,resnet18_cifar,0.01,"[0.1,0.05,0.01]",last_epoch_train_mean,0.10922448110321294,0.05,0.007922043260302603,16954551691676874,44716368,18,0,0.15161811346848997,0.0499359795134443,0.9974645030425964,0.9974645030425964,-0.9974645030425964,2,0.9974645030425964,1.0,0.010141987829614611,0.9568965517241379,1.0,1.0,1.0,1.0,"[0.9568965517241379,0.25161290322580643,0.20512820512820512,0.16666666666666666,0.14285714285714285,0.125,0.11363636363636363,0.09974424552429667,0.09069767441860466,0.08315565031982942,0.07677165354330709,0.0712979890310786,0.06655290102389079,0.0624,0.058734939759036146,0.05547652916073969,0.05256064690026954,0.0499359795134443]","[0.9568965517241379,1.0,1.0,1.0,1.0,1.0,1.0,1.0,1.0,1.0,1.0,1.0,1.0,1.0,1.0,1.0,1.0]","[-0.04310344827586199,-0.28205128205128205,0.0,0.0,-0.02564102564102566,-0.2564102564102564,-0.050000000000000044,0.0,-0.20512820512820518,-0.20512820512820518,-0.05128205128205132,-0.2564102564102564,-0.07692307692307687,-0.20512820512820518,0.0,-0.2564102564102564,-0.5641025641025641,-0.5641025641025641]",-0.16899007761076726,512,965.9367266820045,965983.15625,27.768483576001017,938.1682431060035,55.18636724152962,54.68627333599943,3008510953219.206,5651517230558958,5382632009832134,268885220726824,27838714900,44716368,0,0,1654544196,1699260564,1620.5411567687988,0.531877501917162,9582.00537109375,0.05,
spike-all,ewc,spike,2,67,resnet18_cifar,0.1,"[0.1,0.05,0.01]",last_epoch_train_mean,0.020530384334718217,0.1,0.020530384334718217,16954551691676874,44716368,18,0,0.15028289594623342,0.0499359795134443,0.995943204868154,0.995943204868154,-0.995943204868154,2,0.995943204868154,1.0,0.016227180527383374,0.9310344827586207,1.0,1.0,1.0,1.0,"[0.9310344827586207,0.25161290322580643,0.20512820512820512,0.16666666666666666,0.14285714285714285,0.125,0.11363636363636363,0.09974424552429667,0.09069767441860466,0.08315565031982942,0.07677165354330709,0.07312614259597806,0.06655290102389079,0.0624,0.058734939759036146,0.05547652916073969,0.05256064690026954,0.0499359795134443]","[0.9310344827586207,1.0,1.0,1.0,1.0,1.0,1.0,1.0,1.0,1.0,1.0,1.0,1.0,1.0,1.0,1.0,1.0]","[-0.008620689655172376,-0.15384615384615385,0.0,0.0,0.0,-0.02564102564102566,-0.050000000000000044,-0.02564102564102566,-0.1282051282051282,-0.05128205128205132,-0.02564102564102566,-0.3846153846153846,-0.05128205128205132,-0.10256410256410253,-0.07692307692307687,-0.20512820512820518,-0.02564102564102566,-0.41025641025641024]",-0.09584929757343551,512,955.3688744579995,955416.5966796875,27.774358339000173,927.5945161189993,54.56438330111761,53.84099252600208,3008510953219.206,5651517230558958,5382632009832134,268885220726824,27838714900,44716368,0,0,1654544196,1699260564,1620.5411567687988,0.5658615915406294,9582.00537109375,0.1,/nobackup/proj/disk/naiss2026-4-902/shared/yizhil/Avalanche/avalanche-master/joint_result_spike-all/ewc/order2/joint_spike_ewc__order-2__seed-067.json
spike-all,ewc,spike,2,67,resnet18_cifar,0.05,"[0.1,0.05,0.01]",last_epoch_train_mean,0.05221454091138721,0.1,0.020530384334718217,16954551691676874,44716368,18,0,0.15161811346848997,0.0499359795134443,0.9974645030425964,0.9974645030425964,-0.9974645030425964,2,0.9974645030425964,1.0,0.010141987829614611,0.9568965517241379,1.0,1.0,1.0,1.0,"[0.9568965517241379,0.25161290322580643,0.20512820512820512,0.16666666666666666,0.14285714285714285,0.125,0.11363636363636363,0.09974424552429667,0.09069767441860466,0.08315565031982942,0.07677165354330709,0.0712979890310786,0.06655290102389079,0.0624,0.058734939759036146,0.05547652916073969,0.05256064690026954,0.0499359795134443]","[0.9568965517241379,1.0,1.0,1.0,1.0,1.0,1.0,1.0,1.0,1.0,1.0,1.0,1.0,1.0,1.0,1.0,1.0]","[-0.03448275862068961,-0.15384615384615385,0.0,0.0,0.0,-0.02564102564102566,-0.050000000000000044,-0.02564102564102566,-0.1282051282051282,-0.05128205128205132,-0.02564102564102566,-0.3846153846153846,-0.05128205128205132,-0.10256410256410253,-0.07692307692307687,-0.20512820512820518,-0.02564102564102566,-0.41025641025641024]",-0.09728607918263091,512,953.8335415379952,953880.8056640625,28.089797554999677,925.7437439829955,54.45551435194091,53.429862661996594,3008510953219.206,5651517230558958,5382632009832134,268885220726824,27838714900,44716368,0,0,1654544196,1699260564,1620.5411567687988,0.5762488950068809,9582.00537109375,0.1,
spike-all,ewc,spike,2,67,resnet18_cifar,0.01,"[0.1,0.05,0.01]",last_epoch_train_mean,0.10823283617540916,0.1,0.020530384334718217,16954551691676874,44716368,18,0,0.15208215627950372,0.0499359795134443,0.9964503042596349,0.9964503042596349,-0.9964503042596349,2,0.9964503042596349,1.0,0.014198782961460436,0.9396551724137931,1.0,1.0,1.0,1.0,"[0.9396551724137931,0.25161290322580643,0.20512820512820512,0.16666666666666666,0.14285714285714285,0.125,0.11363636363636363,0.09974424552429667,0.09069767441860466,0.08315565031982942,0.07677165354330709,0.09689213893967093,0.06655290102389079,0.0624,0.058734939759036146,0.05547652916073969,0.05256064690026954,0.0499359795134443]","[0.9396551724137931,1.0,1.0,1.0,1.0,1.0,1.0,1.0,1.0,1.0,1.0,1.0,1.0,1.0,1.0,1.0,1.0]","[-0.017241379310344862,-0.15384615384615385,0.0,0.0,0.0,-0.02564102564102566,-0.050000000000000044,-0.02564102564102566,-0.1282051282051282,-0.05128205128205132,-0.02564102564102566,-0.3846153846153846,-0.05128205128205132,-0.10256410256410253,-0.07692307692307687,-0.20512820512820518,-0.02564102564102566,-0.41025641025641024]",-0.09632822477650065,512,955.3172801120054,955361.267578125,27.826428701002442,927.490851411003,54.55828537711782,54.787471766001545,3008510953219.206,5651517230558958,5382632009832134,268885220726824,27838714900,44716368,0,0,1654544196,1699260564,1620.5411567687988,0.5738871920692944,9582.00537109375,0.1,
spike-all,ewc,spike,2,69,resnet18_cifar,0.1,"[0.1,0.05,0.01]",last_epoch_train_mean,0.02143820931683786,0.05,0.006856408056959232,16954551691676874,44716368,18,0,0.1535526496784755,0.05121638924455826,0.9949797160243409,0.9949797160243409,-0.9949797160243409,2,0.9949797160243409,1.0,0.015025552639484432,0.9396551724137931,1.0,1.0,1.0,1.0,"[0.9396551724137931,0.25161290322580643,0.20512820512820512,0.16666666666666666,0.14285714285714285,0.125,0.11363636363636363,0.09974424552429667,0.09069767441860466,0.08315565031982942,0.07677165354330709,0.1206581352833638,0.06655290102389079,0.0624,0.058734939759036146,0.05689900426742532,0.05256064690026954,0.05121638924455826]","[0.9396551724137931,1.0,0.975,1.0,1.0,1.0,1.0,1.0,1.0,1.0,1.0,1.0,1.0,1.0,1.0,1.0,1.0]","[-0.008620689655172487,0.0,0.0,0.0,0.0,-0.15384615384615385,0.0,0.0,-0.20512820512820518,-0.1282051282051282,-0.02564102564102566,-0.17948717948717952,-0.02564102564102566,-0.05128205128205132,-0.10256410256410253,-0.10256410256410253,-0.02564102564102566,-0.23076923076923073]",-0.06885499557913352,512,931.8362611349985,931876.6650390625,28.875637594999716,902.9606235399988,53.115330796470516,55.028916072002175,3008510953219.206,5651517230558958,5382632009832134,268885220726824,27838714900,44716368,0,0,1654544196,1699260564,1620.5411567687988,0.2934042906590094,9582.00537109375,0.05,
spike-all,ewc,spike,2,69,resnet18_cifar,0.05,"[0.1,0.05,0.01]",last_epoch_train_mean,0.006856408056959232,0.05,0.006856408056959232,16954551691676874,44716368,18,0,0.1650822404141268,0.05121638924455826,0.996501014198783,0.996501014198783,-0.996501014198783,2,0.996501014198783,1.0,0.009719390304836456,0.9655172413793104,1.0,1.0,1.0,1.0,"[0.9655172413793104,0.25161290322580643,0.20512820512820512,0.17094017094017094,0.17582417582417584,0.18269230769230768,0.11363636363636363,0.17391304347826086,0.09069767441860466,0.08315565031982942,0.07677165354330709,0.1316270566727605,0.06655290102389079,0.064,0.058734939759036146,0.05689900426742532,0.05256064690026954,0.05121638924455826]","[0.9655172413793104,1.0,0.975,1.0,1.0,1.0,1.0,1.0,1.0,1.0,1.0,1.0,1.0,1.0,1.0,1.0,1.0]","[-0.034482758620689724,0.0,0.0,0.0,0.0,-0.15384615384615385,0.0,0.0,-0.20512820512820518,-0.1282051282051282,-0.02564102564102566,-0.17948717948717952,-0.02564102564102566,-0.05128205128205132,-0.10256410256410253,-0.10256410256410253,-0.02564102564102566,-0.23076923076923073]",-0.07029177718832892,512,851.9095006610078,851935.0029296875,18.210710739000206,833.6987899220076,49.04110528952986,49.19937356700029,3008510953219.206,5651517230558958,5382632009832134,268885220726824,27838714900,44716368,0,0,1654544196,1699260564,1620.5411567687988,0.2934873008995619,9582.00537109375,0.05,/nobackup/proj/disk/naiss2026-4-902/shared/yizhil/Avalanche/avalanche-master/joint_result_spike-all/ewc/order2/joint_spike_ewc__order-2__seed-069.json
spike-all,ewc,spike,2,69,resnet18_cifar,0.01,"[0.1,0.05,0.01]",last_epoch_train_mean,0.12461346142595599,0.05,0.006856408056959232,16954551691676874,44716368,18,0,0.1506602590623597,0.0499359795134443,0.9964503042596349,0.9964503042596349,-0.9964503042596349,2,0.9964503042596349,1.0,0.014198782961460436,0.9396551724137931,1.0,1.0,1.0,1.0,"[0.9396551724137931,0.25161290322580643,0.20512820512820512,0.16666666666666666,0.14285714285714285,0.125,0.11363636363636363,0.09974424552429667,0.09069767441860466,0.08315565031982942,0.07677165354330709,0.0712979890310786,0.06655290102389079,0.0624,0.058734939759036146,0.05547652916073969,0.05256064690026954,0.0499359795134443]","[0.9396551724137931,1.0,1.0,1.0,1.0,1.0,1.0,1.0,1.0,1.0,1.0,1.0,1.0,1.0,1.0,1.0,1.0]","[-0.008620689655172487,0.0,0.0,0.0,0.0,-0.15384615384615385,0.0,0.0,-0.20512820512820518,-0.1282051282051282,-0.02564102564102566,-0.17948717948717952,-0.02564102564102566,-0.05128205128205132,-0.10256410256410253,-0.10256410256410253,-0.02564102564102566,-0.23076923076923073]",-0.06885499557913352,512,853.8493023750125,853875.080078125,18.46002385099564,835.3892785240168,49.1405457955304,49.43868206800107,3008510953219.206,5651517230558958,5382632009832134,268885220726824,27838714900,44716368,0,0,1654544196,1699260564,1620.5411567687988,0.29448664402627955,9582.00537109375,0.05,
spike-all,ewc,spike,2,71,resnet18_cifar,0.1,"[0.1,0.05,0.01]",last_epoch_train_mean,1.4608091530592546,0.05,0.033701233403838196,16954551691676874,44716368,18,0,0.14578691281456843,0.07298335467349552,0.9540880012482447,0.9540880012482447,-0.9540880012482447,2,0.9540880012482447,1.0,0.12809055963948743,0.5384615384615384,1.0,1.0,1.0,1.0,"[0.6810344827586207,0.25161290322580643,0.20512820512820512,0.19230769230769232,0.20512820512820512,0.125,0.11363636363636363,0.13043478260869565,0.09069767441860466,0.08315565031982942,0.07677165354330709,0.10054844606946983,0.06655290102389079,0.0624,0.058734939759036146,0.05547652916073969,0.05256064690026954,0.07298335467349552]","[0.6810344827586207,1.0,1.0,1.0,1.0,1.0,1.0,1.0,1.0,1.0,1.0,1.0,1.0,1.0,1.0,1.0,0.5384615384615384]","[0.25,0.0,0.0,-0.05128205128205132,-0.10256410256410253,-0.1282051282051282,-0.07499999999999996,-0.02564102564102566,-0.23076923076923073,-0.10256410256410253,-0.05128205128205132,-0.3076923076923077,0.0,-0.05128205128205132,-0.02564102564102566,-0.1282051282051282,-0.02564102564102566,-0.17948717948717952]",-0.06862535612535613,512,853.2679338269954,853293.4755859375,18.300325160002103,834.9676086669933,49.115741686293724,49.77204995200009,3008510953219.206,5651517230558958,5382632009832134,268885220726824,27838714900,44716368,0,0,1654544196,1699260564,1620.5411567687988,0.29455788222856455,9582.00537109375,0.05,
spike-all,ewc,spike,2,71,resnet18_cifar,0.05,"[0.1,0.05,0.01]",last_epoch_train_mean,0.033701233403838196,0.05,0.033701233403838196,16954551691676874,44716368,18,0,0.1620049512210566,0.0499359795134443,0.9974645030425964,0.9974645030425964,-0.9974645030425964,2,0.9974645030425964,1.0,0.010141987829614611,0.9568965517241379,1.0,1.0,1.0,1.0,"[0.9568965517241379,0.25161290322580643,0.20512820512820512,0.16666666666666666,0.14285714285714285,0.22756410256410256,0.11363636363636363,0.18414322250639387,0.09069767441860466,0.08315565031982942,0.07677165354330709,0.0712979890310786,0.06655290102389079,0.0624,0.058734939759036146,0.05547652916073969,0.05256064690026954,0.0499359795134443]","[0.9568965517241379,1.0,1.0,1.0,1.0,1.0,1.0,1.0,1.0,1.0,1.0,1.0,1.0,1.0,1.0,1.0,1.0]","[-0.025862068965517238,0.0,0.0,-0.05128205128205132,-0.10256410256410253,-0.1282051282051282,-0.07499999999999996,-0.02564102564102566,-0.23076923076923073,-0.10256410256410253,-0.05128205128205132,-0.3076923076923077,0.0,-0.05128205128205132,-0.02564102564102566,-0.1282051282051282,-0.02564102564102566,-0.17948717948717952]",-0.08395102662344042,512,857.145887505998,857175.5419921875,18.460563239001203,838.6853242669968,49.334430839235104,50.0938018109955,3008510953219.206,5651517230558958,5382632009832134,268885220726824,27838714900,44716368,0,0,1654544196,1699260564,1620.5411567687988,0.29472245455188284,9582.00537109375,0.05,/nobackup/proj/disk/naiss2026-4-902/shared/yizhil/Avalanche/avalanche-master/joint_result_spike-all/ewc/order2/joint_spike_ewc__order-2__seed-071.json
spike-all,ewc,spike,2,71,resnet18_cifar,0.01,"[0.1,0.05,0.01]",last_epoch_train_mean,0.17898714866327203,0.05,0.033701233403838196,16954551691676874,44716368,18,0,0.1506081351029992,0.05761843790012804,0.9868934311124979,0.9868934311124979,-0.9868934311124979,2,0.9868934311124979,1.0,0.038733315273712106,0.8461538461538461,1.0,1.0,1.0,1.0,"[0.9310344827586207,0.25161290322580643,0.20512820512820512,0.16666666666666666,0.14285714285714285,0.125,0.11363636363636363,0.09974424552429667,0.09069767441860466,0.08315565031982942,0.07677165354330709,0.0712979890310786,0.06655290102389079,0.0624,0.058734939759036146,0.05547652916073969,0.05256064690026954,0.05761843790012804]","[0.9310344827586207,1.0,1.0,1.0,1.0,1.0,1.0,1.0,1.0,1.0,1.0,1.0,1.0,1.0,1.0,1.0,0.8461538461538461]","[0.0,0.0,0.0,-0.05128205128205132,-0.10256410256410253,-0.1282051282051282,-0.07499999999999996,-0.02564102564102566,-0.23076923076923073,-0.10256410256410253,-0.05128205128205132,-0.3076923076923077,0.0,-0.05128205128205132,-0.02564102564102566,-0.1282051282051282,-0.02564102564102566,-0.17948717948717952]",-0.08251424501424502,512,861.6430819900052,861668.7470703125,18.30373238100583,843.3393496089993,49.60819703582349,50.50761571500334,3008510953219.206,5651517230558958,5382632009832134,268885220726824,27838714900,44716368,0,0,1654544196,1699260564,1620.5411567687988,0.2940756568464417,9582.00537109375,0.05,
spike-all,ewc,spike,3,63,resnet18_cifar,0.1,"[0.1,0.05,0.01]",last_epoch_train_mean,0.0078113265190944536,0.05,0.006931904425717289,16954551690900210,44716368,18,0,0.1526946136996112,0.0499359795134443,0.9989944695827049,0.9989944695827049,-0.9989944695827049,2,0.9989944695827049,1.0,0.0040221216691805044,0.9829059829059829,1.0,1.0,1.0,1.0,"[0.9829059829059829,0.25,0.2,0.16666666666666666,0.14285714285714285,0.125,0.1111111111111111,0.1,0.09090909090909091,0.08137044967880086,0.07889546351084813,0.07312614259597806,0.06655290102389079,0.0624,0.058734939759036146,0.05547652916073969,0.05256064690026954,0.0499359795134443]","[0.9829059829059829,1.0,1.0,1.0,1.0,1.0,1.0,1.0,1.0,1.0,1.0,1.0,1.0,1.0,1.0,1.0,1.0]","[0.008547008547008628,-0.5897435897435898,-0.05128205128205132,-0.02564102564102566,-0.15384615384615385,-0.02564102564102566,-0.28205128205128205,-0.02564102564102566,-0.28205128205128205,-0.23684210526315785,-0.19999999999999996,-0.025000000000000022,-0.1282051282051282,-0.20512820512820518,-0.10256410256410253,0.0,-0.02564102564102566,-0.02564102564102566]",-0.1320206677662818,512,860.2688409129696,860294.39453125,18.558476357000472,841.7103645559691,49.512374385645245,50.19829342700541,3008510993807.6895,5651517230300070,5382632009585574,268885220714496,27838714900,44716368,0,0,1654544196,1699260564,1620.5411567687988,0.29501419715237803,9587.85693359375,0.05,
spike-all,ewc,spike,3,63,resnet18_cifar,0.05,"[0.1,0.05,0.01]",last_epoch_train_mean,0.006931904425717289,0.05,0.006931904425717289,16954551690900210,44716368,18,0,0.15787030220863307,0.0499359795134443,0.9994972347913524,0.9994972347913524,-0.9994972347913524,2,0.9994972347913524,1.0,0.002011060834590239,0.9914529914529915,1.0,1.0,1.0,1.0,"[0.9914529914529915,0.25,0.2,0.16666666666666666,0.14285714285714285,0.125,0.1111111111111111,0.18461538461538463,0.09090909090909091,0.08137044967880086,0.07889546351084813,0.07312614259597806,0.06655290102389079,0.0624,0.058734939759036146,0.05547652916073969,0.05256064690026954,0.0499359795134443]","[0.9914529914529915,1.0,1.0,1.0,1.0,1.0,1.0,1.0,1.0,1.0,1.0,1.0,1.0,1.0,1.0,1.0,1.0]","[0.0,-0.5897435897435898,-0.05128205128205132,-0.02564102564102566,-0.15384615384615385,-0.02564102564102566,-0.28205128205128205,-0.02564102564102566,-0.28205128205128205,-0.23684210526315785,-0.19999999999999996,-0.025000000000000022,-0.1282051282051282,-0.20512820512820518,-0.10256410256410253,0.0,-0.02564102564102566,-0.02564102564102566]",-0.13249550157444895,512,855.9676424829959,855993.1015625,18.327091273997212,837.6405512089987,49.27297360052933,49.41468844199699,3008510993807.6895,5651517230300070,5382632009585574,268885220714496,27838714900,44716368,0,0,1654544196,1699260564,1620.5411567687988,0.2939977042209154,9587.85693359375,0.05,/nobackup/proj/disk/naiss2026-4-902/shared/yizhil/Avalanche/avalanche-master/joint_result_spike-all/ewc/order3/joint_spike_ewc__order-3__seed-063.json
spike-all,ewc,spike,3,63,resnet18_cifar,0.01,"[0.1,0.05,0.01]",last_epoch_train_mean,0.2226285819681535,0.05,0.006931904425717289,16954551690900210,44716368,18,0,0.15316944750777836,0.0499359795134443,0.9994972347913524,0.9994972347913524,-0.9994972347913524,2,0.9994972347913524,1.0,0.002011060834590239,0.9914529914529915,1.0,1.0,1.0,1.0,"[0.9914529914529915,0.25,0.2,0.16666666666666666,0.14285714285714285,0.125,0.1111111111111111,0.1,0.09090909090909091,0.08137044967880086,0.07889546351084813,0.07312614259597806,0.06655290102389079,0.0624,0.058734939759036146,0.05547652916073969,0.05256064690026954,0.0499359795134443]","[0.9914529914529915,1.0,1.0,1.0,1.0,1.0,1.0,1.0,1.0,1.0,1.0,1.0,1.0,1.0,1.0,1.0,1.0]","[0.0,-0.5897435897435898,-0.05128205128205132,-0.02564102564102566,-0.15384615384615385,-0.02564102564102566,-0.28205128205128205,-0.02564102564102566,-0.28205128205128205,-0.23684210526315785,-0.19999999999999996,-0.025000000000000022,-0.1282051282051282,-0.20512820512820518,-0.10256410256410253,0.0,-0.02564102564102566,-0.02564102564102566]",-0.13249550157444895,512,853.9536469270097,853979.6357421875,18.198145435999322,835.7555014910104,49.16208832300061,49.78537988500466,3008510993807.6895,5651517230300070,5382632009585574,268885220714496,27838714900,44716368,0,0,1654544196,1699260564,1620.5411567687988,0.2942823341955364,9587.85693359375,0.05,
spike-all,ewc,spike,3,65,resnet18_cifar,0.1,"[0.1,0.05,0.01]",last_epoch_train_mean,0.5110128110980395,0.05,0.005801517614712997,16954551690900210,44716368,18,0,0.15316944750777836,0.0499359795134443,0.9994972347913524,0.9994972347913524,-0.9994972347913524,2,0.9994972347913524,1.0,0.002011060834590239,0.9914529914529915,1.0,1.0,1.0,1.0,"[0.9914529914529915,0.25,0.2,0.16666666666666666,0.14285714285714285,0.125,0.1111111111111111,0.1,0.09090909090909091,0.08137044967880086,0.07889546351084813,0.07312614259597806,0.06655290102389079,0.0624,0.058734939759036146,0.05547652916073969,0.05256064690026954,0.0499359795134443]","[0.9914529914529915,1.0,1.0,1.0,1.0,1.0,1.0,1.0,1.0,1.0,1.0,1.0,1.0,1.0,1.0,1.0,1.0]","[0.0,-0.6666666666666667,-0.7948717948717949,-0.1282051282051282,-0.05128205128205132,0.0,-0.3076923076923077,-0.15384615384615385,-0.3589743589743589,-0.052631578947368474,0.0,-0.525,-0.15384615384615385,-0.2564102564102564,-0.20512820512820518,0.0,-0.02564102564102566,-0.05128205128205132]",-0.20730431848852904,512,840.8383875729924,840863.6435546875,19.30022729099437,821.538160281998,48.325774134235175,48.89931842799706,3008510993807.6895,5651517230300070,5382632009585574,268885220714496,27838714900,44716368,0,0,1654544196,1699260564,1620.5411567687988,0.2937355595172792,9587.85693359375,0.05,
spike-all,ewc,spike,3,65,resnet18_cifar,0.05,"[0.1,0.05,0.01]",last_epoch_train_mean,0.005801517614712997,0.05,0.005801517614712997,16954551690900210,44716368,18,0,0.15690028457194877,0.0499359795134443,1.0,1.0,-1.0,1,1.0,1.0,0.0,1.0,1.0,1.0,1.0,1.0,"[1.0,0.25,0.2,0.16666666666666666,0.20146520146520147,0.125,0.1111111111111111,0.1,0.09090909090909091,0.08137044967880086,0.07889546351084813,0.07312614259597806,0.06655290102389079,0.0624,0.058734939759036146,0.05547652916073969,0.05256064690026954,0.0499359795134443]","[1.0,1.0,1.0,1.0,1.0,1.0,1.0,1.0,1.0,1.0,1.0,1.0,1.0,1.0,1.0,1.0,1.0]","[-0.008547008547008517,-0.6666666666666667,-0.7948717948717949,-0.1282051282051282,-0.05128205128205132,0.0,-0.3076923076923077,-0.15384615384615385,-0.3589743589743589,-0.052631578947368474,0.0,-0.525,-0.15384615384615385,-0.2564102564102564,-0.20512820512820518,0.0,-0.02564102564102566,-0.05128205128205132]",-0.20777915229669616,512,851.0805902570064,851106.103515625,18.316508639996755,832.7640816170097,48.98612244805939,48.51720820499759,3008510993807.6895,5651517230300070,5382632009585574,268885220714496,27838714900,44716368,0,0,1654544196,1699260564,1620.5411567687988,0.2936519167668314,9587.85693359375,0.05,/nobackup/proj/disk/naiss2026-4-902/shared/yizhil/Avalanche/avalanche-master/joint_result_spike-all/ewc/order3/joint_spike_ewc__order-3__seed-065.json
spike-all,ewc,spike,3,65,resnet18_cifar,0.01,"[0.1,0.05,0.01]",last_epoch_train_mean,0.11795598402711915,0.05,0.005801517614712997,16954551690900210,44716368,18,0,0.16310066855011052,0.0499359795134443,1.0,1.0,-1.0,1,1.0,1.0,0.0,1.0,1.0,1.0,1.0,1.0,"[1.0,0.25,0.2,0.16666666666666666,0.14285714285714285,0.125,0.1396011396011396,0.19743589743589743,0.1351981351981352,0.08137044967880086,0.07889546351084813,0.07312614259597806,0.06655290102389079,0.0624,0.058734939759036146,0.05547652916073969,0.05256064690026954,0.0499359795134443]","[1.0,1.0,1.0,1.0,1.0,1.0,1.0,1.0,1.0,1.0,1.0,1.0,1.0,1.0,1.0,1.0,1.0]","[-0.008547008547008517,-0.6666666666666667,-0.7948717948717949,-0.1282051282051282,-0.05128205128205132,0.0,-0.3076923076923077,-0.15384615384615385,-0.3589743589743589,-0.052631578947368474,0.0,-0.525,-0.15384615384615385,-0.2564102564102564,-0.20512820512820518,0.0,-0.02564102564102566,-0.05128205128205132]",-0.20777915229669616,512,855.5448073969965,855570.6123046875,18.401250816998072,837.1435565799984,49.24373862235285,49.38769512800354,3008510993807.6895,5651517230300070,5382632009585574,268885220714496,27838714900,44716368,0,0,1654544196,1699260564,1620.5411567687988,0.2938111101172235,9587.85693359375,0.05,
spike-all,ewc,spike,3,67,resnet18_cifar,0.1,"[0.1,0.05,0.01]",last_epoch_train_mean,0.027204616307656956,0.01,0.009376016185150384,16954551690900210,44716368,18,0,0.15371211471711224,0.0499359795134443,0.9989944695827049,0.9989944695827049,-0.9989944695827049,2,0.9989944695827049,1.0,0.0040221216691805044,0.9829059829059829,1.0,1.0,1.0,1.0,"[0.9829059829059829,0.25,0.2,0.16666666666666666,0.16117216117216118,0.125,0.1111111111111111,0.1,0.09090909090909091,0.08137044967880086,0.07889546351084813,0.07312614259597806,0.06655290102389079,0.0624,0.058734939759036146,0.05547652916073969,0.05256064690026954,0.0499359795134443]","[0.9829059829059829,1.0,1.0,1.0,1.0,1.0,1.0,1.0,1.0,1.0,1.0,1.0,1.0,1.0,1.0,1.0,1.0]","[-0.05128205128205121,-0.23076923076923073,-0.05128205128205132,0.0,-0.02564102564102566,-0.02564102564102566,-0.05128205128205132,-0.2564102564102564,-0.3589743589743589,-0.13157894736842102,0.0,-0.050000000000000044,-0.07692307692307687,-0.05128205128205132,-0.15384615384615385,-0.05128205128205132,0.0,-0.5128205128205128]",-0.11550082471135102,512,867.1504554639978,867176.4951171875,18.20904523999343,848.9414102240044,49.937730013176726,49.56553516900021,3008510993807.6895,5651517230300070,5382632009585574,268885220714496,27838714900,44716368,0,0,1654544196,1699260564,1620.5411567687988,0.2939997810642945,9587.85693359375,0.01,
spike-all,ewc,spike,3,67,resnet18_cifar,0.05,"[0.1,0.05,0.01]",last_epoch_train_mean,0.01983536550809878,0.01,0.009376016185150384,16954551690900210,44716368,18,0,0.15262678029844448,0.0499359795134443,0.9984917043740573,0.9984917043740573,-0.9984917043740573,2,0.9984917043740573,1.0,0.006033182503770744,0.9743589743589743,1.0,1.0,1.0,1.0,"[0.9743589743589743,0.25,0.2,0.16666666666666666,0.15018315018315018,0.125,0.1111111111111111,0.1,0.09090909090909091,0.08137044967880086,0.07889546351084813,0.07312614259597806,0.06655290102389079,0.0624,0.058734939759036146,0.05547652916073969,0.05256064690026954,0.0499359795134443]","[0.9743589743589743,1.0,1.0,1.0,1.0,1.0,1.0,1.0,1.0,1.0,1.0,1.0,1.0,1.0,1.0,1.0,1.0]","[-0.042735042735042694,-0.23076923076923073,-0.05128205128205132,0.0,-0.02564102564102566,-0.02564102564102566,-0.05128205128205132,-0.2564102564102564,-0.3589743589743589,-0.13157894736842102,0.0,-0.050000000000000044,-0.07692307692307687,-0.05128205128205132,-0.15384615384615385,-0.05128205128205132,0.0,-0.5128205128205128]",-0.11502599090318388,512,862.6791235959972,862709.009765625,18.21051928300585,844.4686043129914,49.67462378311714,49.723307354004646,3008510993807.6895,5651517230300070,5382632009585574,268885220714496,27838714900,44716368,0,0,1654544196,1699260564,1620.5411567687988,0.29364415749371775,9587.85693359375,0.01,
spike-all,ewc,spike,3,67,resnet18_cifar,0.01,"[0.1,0.05,0.01]",last_epoch_train_mean,0.009376016185150384,0.01,0.009376016185150384,16954551690900210,44716368,18,0,0.1526946136996112,0.0499359795134443,0.9989944695827049,0.9989944695827049,-0.9989944695827049,2,0.9989944695827049,1.0,0.0040221216691805044,0.9829059829059829,1.0,1.0,1.0,1.0,"[0.9829059829059829,0.25,0.2,0.16666666666666666,0.14285714285714285,0.125,0.1111111111111111,0.1,0.09090909090909091,0.08137044967880086,0.07889546351084813,0.07312614259597806,0.06655290102389079,0.0624,0.058734939759036146,0.05547652916073969,0.05256064690026954,0.0499359795134443]","[0.9829059829059829,1.0,1.0,1.0,1.0,1.0,1.0,1.0,1.0,1.0,1.0,1.0,1.0,1.0,1.0,1.0,1.0]","[-0.05128205128205121,-0.23076923076923073,-0.05128205128205132,0.0,-0.02564102564102566,-0.02564102564102566,-0.05128205128205132,-0.2564102564102564,-0.3589743589743589,-0.13157894736842102,0.0,-0.050000000000000044,-0.07692307692307687,-0.05128205128205132,-0.15384615384615385,-0.05128205128205132,0.0,-0.5128205128205128]",-0.11550082471135102,512,866.896536710985,866922.294921875,18.570206926997344,848.3263297839876,49.9015488108228,50.05640425999445,3008510993807.6895,5651517230300070,5382632009585574,268885220714496,27838714900,44716368,0,0,1654544196,1699260564,1620.5411567687988,0.2949647797519346,9587.85693359375,0.01,/nobackup/proj/disk/naiss2026-4-902/shared/yizhil/Avalanche/avalanche-master/joint_result_spike-all/ewc/order3/joint_spike_ewc__order-3__seed-067.json
spike-all,ewc,spike,3,69,resnet18_cifar,0.1,"[0.1,0.05,0.01]",last_epoch_train_mean,0.8369620323921583,0.05,0.14134125966833244,16954551690900210,44716368,18,0,0.14889594323427408,0.0499359795134443,0.9949723479135244,0.9949723479135244,-0.9949723479135244,2,0.9949723479135244,1.0,0.020110608345902472,0.9145299145299145,1.0,1.0,1.0,1.0,"[0.9145299145299145,0.25,0.2,0.16666666666666666,0.14285714285714285,0.125,0.1111111111111111,0.1,0.09090909090909091,0.08137044967880086,0.07889546351084813,0.07312614259597806,0.06655290102389079,0.0624,0.058734939759036146,0.05547652916073969,0.05256064690026954,0.0499359795134443]","[0.9145299145299145,1.0,1.0,1.0,1.0,1.0,1.0,1.0,1.0,1.0,1.0,1.0,1.0,1.0,1.0,1.0,1.0]","[0.07692307692307698,-0.3846153846153846,-0.33333333333333337,-0.05128205128205132,-0.02564102564102566,0.0,-0.02564102564102566,-0.3076923076923077,-0.28205128205128205,-0.07894736842105265,0.0,-0.19999999999999996,-0.15384615384615385,-0.15384615384615385,-0.07692307692307687,-0.02564102564102566,0.0,-0.1282051282051282]",-0.1194856800119958,512,861.4529172990005,861478.8740234375,18.27008860299975,843.1828286960008,49.59898992329416,50.49479338200035,3008510993807.6895,5651517230300070,5382632009585574,268885220714496,27838714900,44716368,0,0,1654544196,1699260564,1620.5411567687988,0.2934896197034673,9587.85693359375,0.05,
spike-all,ewc,spike,3,69,resnet18_cifar,0.05,"[0.1,0.05,0.01]",last_epoch_train_mean,0.14134125966833244,0.05,0.14134125966833244,16954551690900210,44716368,18,0,0.14984561085060835,0.0499359795134443,0.9959778783308195,0.9959778783308195,-0.9959778783308195,2,0.9959778783308195,1.0,0.016088486676721966,0.9316239316239316,1.0,1.0,1.0,1.0,"[0.9316239316239316,0.25,0.2,0.16666666666666666,0.14285714285714285,0.125,0.1111111111111111,0.1,0.09090909090909091,0.08137044967880086,0.07889546351084813,0.07312614259597806,0.06655290102389079,0.0624,0.058734939759036146,0.05547652916073969,0.05256064690026954,0.0499359795134443]","[0.9316239316239316,1.0,1.0,1.0,1.0,1.0,1.0,1.0,1.0,1.0,1.0,1.0,1.0,1.0,1.0,1.0,1.0]","[0.05982905982905984,-0.3846153846153846,-0.33333333333333337,-0.05128205128205132,-0.02564102564102566,0.0,-0.02564102564102566,-0.3076923076923077,-0.28205128205128205,-0.07894736842105265,0.0,-0.19999999999999996,-0.15384615384615385,-0.15384615384615385,-0.07692307692307687,-0.02564102564102566,0.0,-0.1282051282051282]",-0.12043534762833008,512,860.6650567839824,860690.8076171875,19.285773750998487,841.379283032984,49.49289900194023,49.29283794100047,3008510993807.6895,5651517230300070,5382632009585574,268885220714496,27838714900,44716368,0,0,1654544196,1699260564,1620.5411567687988,0.293871588976225,9587.85693359375,0.05,/nobackup/proj/disk/naiss2026-4-902/shared/yizhil/Avalanche/avalanche-master/joint_result_spike-all/ewc/order3/joint_spike_ewc__order-3__seed-069.json
spike-all,ewc,spike,3,69,resnet18_cifar,0.01,"[0.1,0.05,0.01]",last_epoch_train_mean,0.15592801209932527,0.05,0.14134125966833244,16954551690900210,44716368,18,0,0.15445828212994633,0.0499359795134443,0.995475113122172,0.995475113122172,-0.995475113122172,2,0.995475113122172,1.0,0.018099547511312205,0.9230769230769231,1.0,1.0,1.0,1.0,"[0.9230769230769231,0.25,0.2,0.16666666666666666,0.23443223443223443,0.125,0.1111111111111111,0.1,0.09090909090909091,0.08137044967880086,0.07889546351084813,0.07312614259597806,0.06655290102389079,0.0624,0.058734939759036146,0.05547652916073969,0.05256064690026954,0.0499359795134443]","[0.9230769230769231,1.0,1.0,1.0,1.0,1.0,1.0,1.0,1.0,1.0,1.0,1.0,1.0,1.0,1.0,1.0,1.0]","[0.06837606837606836,-0.3846153846153846,-0.33333333333333337,-0.05128205128205132,-0.02564102564102566,0.0,-0.02564102564102566,-0.3076923076923077,-0.28205128205128205,-0.07894736842105265,0.0,-0.19999999999999996,-0.15384615384615385,-0.15384615384615385,-0.07692307692307687,-0.02564102564102566,0.0,-0.1282051282051282]",-0.11996051382016294,512,847.7924671150031,847817.8544921875,18.517698935000226,829.2747681800029,48.780868716470756,48.89584700100386,3008510993807.6895,5651517230300070,5382632009585574,268885220714496,27838714900,44716368,0,0,1654544196,1699260564,1620.5411567687988,0.29446114980677984,9587.85693359375,0.05,
spike-all,ewc,spike,3,71,resnet18_cifar,0.1,"[0.1,0.05,0.01]",last_epoch_train_mean,0.6132336595784063,0.01,0.027313974980982193,16954551690900210,44716368,18,0,0.15105976058795126,0.0499359795134443,0.9969834087481146,0.9969834087481146,-0.9969834087481146,2,0.9969834087481146,1.0,0.012066365007541487,0.9487179487179487,1.0,1.0,1.0,1.0,"[0.9487179487179487,0.25,0.2,0.16666666666666666,0.14285714285714285,0.125,0.1111111111111111,0.1,0.09090909090909091,0.08137044967880086,0.07889546351084813,0.07312614259597806,0.06996587030716724,0.0624,0.058734939759036146,0.05547652916073969,0.05390835579514825,0.0499359795134443]","[0.9487179487179487,1.0,1.0,1.0,1.0,1.0,1.0,1.0,1.0,1.0,1.0,1.0,1.0,1.0,1.0,1.0,1.0]","[0.042735042735042805,0.0,-0.07692307692307687,0.0,-0.02564102564102566,0.0,-0.07692307692307687,-0.28205128205128205,-0.17948717948717952,-0.2894736842105263,0.0,-0.09999999999999998,-0.3846153846153846,-0.02564102564102566,-0.1282051282051282,-0.20512820512820518,-0.02564102564102566,-0.05128205128205132]",-0.10045983905633028,512,824.4564300479906,824481.3291015625,17.713743954001984,806.7426860939886,47.4554521231758,46.994998397996824,3008510993807.6895,5651517230300070,5382632009585574,268885220714496,27838714900,44716368,0,0,1654544196,1699260564,1620.5411567687988,0.29330975416501887,9587.85693359375,0.01,
spike-all,ewc,spike,3,71,resnet18_cifar,0.05,"[0.1,0.05,0.01]",last_epoch_train_mean,0.07835791870859099,0.01,0.027313974980982193,16954551690900210,44716368,18,0,0.16229982330482082,0.0499359795134443,0.9989944695827049,0.9989944695827049,-0.9989944695827049,2,0.9989944695827049,1.0,0.0040221216691805044,0.9829059829059829,1.0,1.0,1.0,1.0,"[0.9829059829059829,0.25,0.2,0.16666666666666666,0.2490842490842491,0.125,0.1111111111111111,0.16666666666666666,0.09090909090909091,0.08137044967880086,0.07889546351084813,0.07312614259597806,0.06655290102389079,0.0624,0.058734939759036146,0.05547652916073969,0.05256064690026954,0.0499359795134443]","[0.9829059829059829,1.0,1.0,1.0,1.0,1.0,1.0,1.0,1.0,1.0,1.0,1.0,1.0,1.0,1.0,1.0,1.0]","[0.008547008547008628,0.0,-0.07692307692307687,0.0,-0.02564102564102566,0.0,-0.07692307692307687,-0.28205128205128205,-0.17948717948717952,-0.2894736842105263,0.0,-0.09999999999999998,-0.3846153846153846,-0.02564102564102566,-0.1282051282051282,-0.20512820512820518,-0.02564102564102566,-0.05128205128205132]",-0.10235917428899885,512,835.599838219001,835624.9140625,17.70691279699531,817.8929254220056,48.111348554235626,47.940586828997766,3008510993807.6895,5651517230300070,5382632009585574,268885220714496,27838714900,44716368,0,0,1654544196,1699260564,1620.5411567687988,0.2936732931856022,9587.85693359375,0.01,
spike-all,ewc,spike,3,71,resnet18_cifar,0.01,"[0.1,0.05,0.01]",last_epoch_train_mean,0.027313974980982193,0.01,0.027313974980982193,16954551690900210,44716368,18,0,0.15316944750777836,0.0499359795134443,0.9994972347913524,0.9994972347913524,-0.9994972347913524,2,0.9994972347913524,1.0,0.002011060834590239,0.9914529914529915,1.0,1.0,1.0,1.0,"[0.9914529914529915,0.25,0.2,0.16666666666666666,0.14285714285714285,0.125,0.1111111111111111,0.1,0.09090909090909091,0.08137044967880086,0.07889546351084813,0.07312614259597806,0.06655290102389079,0.0624,0.058734939759036146,0.05547652916073969,0.05256064690026954,0.0499359795134443]","[0.9914529914529915,1.0,1.0,1.0,1.0,1.0,1.0,1.0,1.0,1.0,1.0,1.0,1.0,1.0,1.0,1.0,1.0]","[0.0,0.0,-0.07692307692307687,0.0,-0.02564102564102566,0.0,-0.07692307692307687,-0.28205128205128205,-0.17948717948717952,-0.2894736842105263,0.0,-0.09999999999999998,-0.3846153846153846,-0.02564102564102566,-0.1282051282051282,-0.20512820512820518,-0.02564102564102566,-0.05128205128205132]",-0.10283400809716599,512,842.9509699880145,842976.4931640625,17.876760231003573,825.074209757011,48.533777044530055,47.553466587,3008510993807.6895,5651517230300070,5382632009585574,268885220714496,27838714900,44716368,0,0,1654544196,1699260564,1620.5411567687988,0.29370683481917975,9587.85693359375,0.01,/nobackup/proj/disk/naiss2026-4-902/shared/yizhil/Avalanche/avalanche-master/joint_result_spike-all/ewc/order3/joint_spike_ewc__order-3__seed-071.json
spike-all,er_ace,spike,1,63,resnet18_cifar,0.1,"[0.1,0.05,0.01]",last_epoch_train_mean,0.14398267541242682,0.05,0.07778785535082314,41724201940589922,44716368,18,0,0.8296187692358336,0.7861715749039693,0.13420060331825037,-0.14530642216400727,0.14530642216400727,7,0.13420060331825037,0.05128205128205132,0.152745076443197,0.0,0.025000000000000022,0.23076923076923084,0.5128205128205128,0.7647058823529411,"[0.9316239316239316,0.9230769230769231,0.8673469387755102,0.9234042553191489,0.9051094890510949,0.8503184713375797,0.7847025495750708,0.9209183673469388,0.8723897911832946,0.8404255319148937,0.7996070726915521,0.8448905109489051,0.838160136286201,0.7699680511182109,0.8180451127819549,0.786628733997155,0.47035040431266845,0.7861715749039693]","[0.23076923076923084,0.10256410256410253,0.0,0.3589743589743589,0.3076923076923077,0.025000000000000022,0.5128205128205128,0.10256410256410253,0.33333333333333326,0.15384615384615385,0.02564102564102566,0.05128205128205132,0.02564102564102566,0.05128205128205132,0.0,0.0,0.0]","[0.017094017094017033,-0.02564102564102566,0.4,0.05128205128205132,0.1282051282051282,0.42499999999999993,0.20512820512820518,0.10256410256410253,0.3076923076923077,0.28205128205128205,0.3589743589743589,-0.07692307692307687,0.35897435897435903,-0.02564102564102566,-0.07692307692307698,0.36842105263157887,0.9743589743589743,0.2564102564102565]",0.22394599390213424,512,386.6449362861458,386670.736328125,26.374762772000395,360.2701735141454,21.19236314789091,20.448439295985736,1504659260320.4465,13908067313529974,11062252350109574,2845814963420400,27838714900,44716368,6400000,40000,44795108,95951476,91.5064582824707,0.4349573728212283,18803.54833984375,0.05,
spike-all,er_ace,spike,1,63,resnet18_cifar,0.05,"[0.1,0.05,0.01]",last_epoch_train_mean,0.07778785535082314,0.05,0.07778785535082314,41724201940589922,44716368,18,0,0.8113782501970929,0.7976952624839949,0.1090623428858723,-0.20298616072609885,0.20298616072609885,7,0.1090623428858723,0.07692307692307687,0.11587291837487364,0.0,0.0,0.18803418803418803,0.33333333333333337,0.5882352941176471,"[0.9572649572649573,0.9358974358974359,0.8469387755102041,0.8893617021276595,0.8686131386861314,0.7356687898089171,0.8073654390934845,0.9183673469387755,0.8909512761020881,0.8553191489361702,0.6994106090373281,0.7481751824817519,0.8194207836456558,0.8450479233226837,0.7112781954887218,0.5974395448079659,0.6805929919137467,0.7976952624839949]","[0.18803418803418803,0.2564102564102564,0.0,0.07692307692307687,0.23076923076923073,0.025000000000000022,0.33333333333333337,0.0,0.3076923076923077,0.0,0.1282051282051282,0.0,0.15384615384615385,0.15384615384615385,0.0,0.0,0.0]","[-0.008547008547008628,-0.02564102564102566,0.375,-0.02564102564102566,0.23076923076923073,0.875,0.07692307692307687,0.10256410256410253,0.46153846153846156,0.28205128205128205,0.3589743589743589,0.051282051282051266,0.3076923076923077,-0.23076923076923084,0.1282051282051282,0.47368421052631576,0.9743589743589743,0.46153846153846156]",0.2704990753236367,512,377.2494787120959,377268.287109375,22.4384768740274,354.8110018380685,20.87123540223932,20.13509450503625,1504659260320.4465,13908067313529974,11062252350109574,2845814963420400,27838714900,44716368,6400000,40000,44795108,95951476,91.5064582824707,0.45262736378049195,18803.29833984375,0.05,/nobackup/proj/disk/naiss2026-4-902/shared/yizhil/Avalanche/avalanche-master/joint_result_spike-all/er_ace/order1/joint_spike_er_ace__order-1__seed-063.json
spike-all,er_ace,spike,1,63,resnet18_cifar,0.01,"[0.1,0.05,0.01]",last_epoch_train_mean,0.14829421543186497,0.05,0.07778785535082314,41724201940589922,44716368,18,0,0.7874311350001456,0.7413572343149808,0.14178772723664362,-0.13463258447778573,0.13463258447778573,7,0.14178772723664362,0.10526315789473684,0.13881306610752286,0.0,0.0,0.2564102564102564,0.41025641025641024,0.7058823529411765,"[0.905982905982906,0.9358974358974359,0.9081632653061225,0.8382978723404255,0.718978102189781,0.8312101910828026,0.7932011331444759,0.8086734693877551,0.8329466357308585,0.8106382978723404,0.6404715127701375,0.7427007299270073,0.8160136286201022,0.7619808306709265,0.6255639097744361,0.7581792318634424,0.7035040431266847,0.7413572343149808]","[0.28205128205128205,0.3076923076923077,0.09999999999999998,0.3846153846153846,0.17948717948717952,0.0,0.41025641025641024,0.02564102564102566,0.1282051282051282,0.02564102564102566,0.20512820512820507,0.0,0.2564102564102564,0.0,0.0,0.10526315789473684,0.0]","[0.042735042735042694,0.02564102564102566,0.10000000000000009,0.02564102564102566,0.4871794871794872,0.22499999999999998,0.07692307692307687,0.2564102564102564,0.41025641025641035,0.5641025641025641,0.4358974358974359,0.10256410256410259,0.2564102564102565,-0.05128205128205132,0.4358974358974359,0.3157894736842105,0.6153846153846154,0.35897435897435903]",0.2601958064677363,512,377.0705001913011,377094.5546875,22.612632398027927,354.4578677932732,20.85046281136901,20.103871467057616,1504659260320.4465,13908067313529974,11062252350109574,2845814963420400,27838714900,44716368,6400000,40000,44795108,95951476,91.5064582824707,0.4438799963942067,18803.29833984375,0.05,
spike-all,er_ace,spike,1,65,resnet18_cifar,0.1,"[0.1,0.05,0.01]",last_epoch_train_mean,0.14490001810633618,0.05,0.06893750997433751,41724201940589922,44716368,18,0,0.7978250100196821,0.734955185659411,0.17835595776772248,-0.10981582916567437,0.10981582916567437,2,0.17835595776772248,0.07692307692307698,0.24594239061786638,0.0,0.0,0.23076923076923073,0.8461538461538461,0.7058823529411765,"[0.7521367521367521,0.8910256410256411,0.8622448979591837,0.8936170212765957,0.8905109489051095,0.678343949044586,0.8470254957507082,0.8494897959183674,0.877030162412993,0.8,0.6070726915520629,0.7846715328467153,0.817717206132879,0.7428115015974441,0.8150375939849624,0.813655761024182,0.7035040431266847,0.734955185659411]","[0.07692307692307698,0.8461538461538461,0.75,0.05128205128205132,0.23076923076923073,0.0,0.0,0.0,0.10256410256410253,0.33333333333333326,0.05128205128205132,0.1282051282051282,0.05128205128205132,0.23076923076923073,0.17948717948717946,0.0,0.0]","[0.09401709401709402,-0.28205128205128205,0.375,0.23076923076923073,-0.23076923076923073,0.7,-0.02564102564102566,0.07692307692307687,0.3076923076923076,0.46153846153846156,0.30769230769230765,0.05128205128205132,0.41025641025641024,0.5384615384615384,0.28205128205128205,0.5526315789473685,0.7692307692307692,0.33333333333333326]",0.27513432798520515,512,380.36195240879897,380386.845703125,25.47099302301649,354.8909593857825,20.87593878739897,19.978166842018254,1504659260320.4465,13908067313529974,11062252350109574,2845814963420400,27838714900,44716368,6400000,40000,44795108,95951476,91.5064582824707,0.5921703775529005,18803.29833984375,0.05,
spike-all,er_ace,spike,1,65,resnet18_cifar,0.05,"[0.1,0.05,0.01]",last_epoch_train_mean,0.06893750997433751,0.05,0.06893750997433751,41724201940589922,44716368,18,0,0.8281928336514657,0.7682458386683739,0.16116138763197588,-0.08881942790611519,0.08881942790611519,2,0.16116138763197588,0.07692307692307698,0.20338996009736435,0.0,0.0,0.2564102564102564,0.717948717948718,0.6470588235294118,"[0.9145299145299145,0.9551282051282052,0.9336734693877551,0.9063829787234042,0.8248175182481752,0.7993630573248408,0.8895184135977338,0.9056122448979592,0.8839907192575406,0.874468085106383,0.7583497053045186,0.6605839416058394,0.7649063032367973,0.7412140575079872,0.7864661654135339,0.8165007112375533,0.7237196765498652,0.7682458386683739]","[0.15384615384615385,0.717948717948718,0.1499999999999999,0.46153846153846156,0.2564102564102564,0.0,0.4358974358974359,0.05128205128205132,0.0,0.3076923076923077,0.0,0.10256410256410264,0.02564102564102566,0.07692307692307698,0.0,0.0,0.0]","[-0.06837606837606836,-0.41025641025641035,0.19999999999999996,0.23076923076923073,0.02564102564102566,0.475,0.05128205128205121,0.10256410256410253,0.33333333333333326,0.1282051282051282,0.41025641025641024,0.5128205128205128,0.2564102564102564,0.3589743589743589,0.4615384615384615,0.3421052631578948,0.2564102564102564,0.20512820512820507]",0.2151003398810416,512,378.1877120840363,378214.146484375,22.570902367006056,355.61680971703026,20.918635865707664,20.099625063943677,1504659260320.4465,13908067313529974,11062252350109574,2845814963420400,27838714900,44716368,6400000,40000,44795108,95951476,91.5064582824707,0.44178492052745305,18803.29833984375,0.05,/nobackup/proj/disk/naiss2026-4-902/shared/yizhil/Avalanche/avalanche-master/joint_result_spike-all/er_ace/order1/joint_spike_er_ace__order-1__seed-065.json
spike-all,er_ace,spike,1,65,resnet18_cifar,0.01,"[0.1,0.05,0.01]",last_epoch_train_mean,0.15460711837925525,0.05,0.06893750997433751,41724201940589922,44716368,18,0,0.7873449563956224,0.6901408450704225,0.20235042735042735,-0.12714469053478342,0.12714469053478342,7,0.20235042735042735,0.15000000000000002,0.2501151367997847,0.0,0.025000000000000022,0.2564102564102564,0.8461538461538461,0.7647058823529411,"[0.9316239316239316,0.9615384615384616,0.923469387755102,0.8936170212765957,0.7299270072992701,0.7579617834394905,0.8045325779036827,0.8443877551020408,0.8538283062645011,0.776595744680851,0.7013752455795678,0.5109489051094891,0.7751277683134583,0.7380191693290735,0.8150375939849624,0.7780938833570412,0.6859838274932615,0.6901408450704225]","[0.3162393162393162,0.8205128205128205,0.15000000000000002,0.15384615384615385,0.07692307692307687,0.025000000000000022,0.8461538461538461,0.0,0.17948717948717952,0.15384615384615385,0.07692307692307698,0.28205128205128205,0.10256410256410253,0.2564102564102564,0.0,0.0,0.0]","[-0.0854700854700855,-0.3846153846153847,0.17500000000000004,0.20512820512820518,0.3076923076923077,0.475,0.20512820512820507,0.33333333333333326,0.2564102564102564,0.5641025641025641,0.10256410256410253,0.7435897435897436,0.3589743589743589,0.4358974358974359,0.6153846153846153,0.4736842105263158,0.41025641025641024,0.5897435897435896]",0.3212113260358874,512,394.66716376540717,394695.849609375,22.496953660040163,372.170210105367,21.892365300315706,21.319031625054777,1504659260320.4465,13908067313529974,11062252350109574,2845814963420400,27838714900,44716368,6400000,40000,44795108,95951476,91.5064582824707,0.5921364291457796,18803.29833984375,0.05,
spike-all,er_ace,spike,1,67,resnet18_cifar,0.1,"[0.1,0.05,0.01]",last_epoch_train_mean,0.08715601230722776,0.05,0.06662375028736843,41724201940589922,44716368,18,0,0.8501607073696278,0.8245838668373879,0.12851935646053292,-0.13491439760789606,0.13491439760789606,14,0.12851935646053292,0.11111111111111105,0.12827411663287805,0.0,0.05128205128205121,0.15384615384615385,0.48717948717948717,0.7647058823529411,"[0.9316239316239316,0.967948717948718,0.9081632653061225,0.8893617021276595,0.8686131386861314,0.8503184713375797,0.9008498583569405,0.8494897959183674,0.8979118329466357,0.8638297872340426,0.8113948919449901,0.864963503649635,0.7887563884156729,0.7571884984025559,0.7879699248120301,0.7596017069701281,0.7803234501347709,0.8245838668373879]","[0.11111111111111105,0.15384615384615385,0.125,0.0,0.23076923076923073,0.0,0.15384615384615385,0.07692307692307687,0.17948717948717952,0.3589743589743589,0.05128205128205121,0.05128205128205132,0.07692307692307687,0.48717948717948717,0.1282051282051282,0.0,0.0]","[-0.008547008547008517,0.05128205128205132,0.125,0.3076923076923077,0.20512820512820518,0.32499999999999996,0.0,0.5128205128205128,0.33333333333333337,0.3076923076923076,0.2564102564102565,0.3589743589743589,0.46153846153846156,-0.07692307692307687,0.20512820512820518,0.23684210526315785,0.28205128205128205,0.15384615384615385]",0.2242927475383616,512,397.8684582639253,397890.7421875,24.833035088027827,373.03542317589745,21.943260186817497,21.27086175500881,1504659260320.4465,13908067313529974,11062252350109574,2845814963420400,27838714900,44716368,6400000,40000,44795108,95951476,91.5064582824707,0.4428543101831622,18803.29833984375,0.05,
spike-all,er_ace,spike,1,67,resnet18_cifar,0.05,"[0.1,0.05,0.01]",last_epoch_train_mean,0.06662375028736843,0.05,0.06662375028736843,41724201940589922,44716368,18,0,0.8455285437479098,0.8169014084507042,0.09800150829562593,-0.09528591463575982,0.09528591463575982,9,0.09800150829562593,0.07692307692307687,0.09923175389372293,0.0,0.025000000000000022,0.15384615384615385,0.3589743589743589,0.7647058823529411,"[0.905982905982906,0.9423076923076923,0.9336734693877551,0.8978723404255319,0.8284671532846716,0.7802547770700637,0.9036827195467422,0.8826530612244898,0.9118329466357309,0.851063829787234,0.756385068762279,0.8521897810218978,0.8568994889267462,0.8003194888178914,0.7428571428571429,0.786628733997155,0.7695417789757413,0.8169014084507042]","[0.20512820512820507,0.15384615384615385,0.025000000000000022,0.07692307692307687,0.20512820512820518,0.0,0.1282051282051282,0.02564102564102566,0.3589743589743589,0.05128205128205121,0.0,0.07692307692307687,0.23076923076923073,0.05128205128205121,0.07692307692307698,0.0,0.0]","[0.017094017094017144,0.1282051282051282,0.1499999999999999,0.20512820512820518,0.28205128205128205,0.475,0.0,0.17948717948717952,0.15384615384615385,0.33333333333333326,0.20512820512820518,0.3589743589743589,0.10256410256410253,-0.05128205128205132,0.20512820512820518,0.1578947368421052,0.17948717948717952,0.23076923076923073]",0.1840449592642575,512,385.1612685739983,385190.68359375,27.28324242099916,357.87802615299915,21.051648597235243,20.113819937001608,1504659260320.4465,13908067313529974,11062252350109574,2845814963420400,27838714900,44716368,6400000,40000,44795108,95951476,91.5064582824707,0.43895537260228623,18803.54833984375,0.05,/nobackup/proj/disk/naiss2026-4-902/shared/yizhil/Avalanche/avalanche-master/joint_result_spike-all/er_ace/order1/joint_spike_er_ace__order-1__seed-067.json
spike-all,er_ace,spike,1,67,resnet18_cifar,0.01,"[0.1,0.05,0.01]",last_epoch_train_mean,0.12733574808569428,0.05,0.06662375028736843,41724201940589922,44716368,18,0,0.7994224416858287,0.765685019206146,0.1301784816490699,-0.1603754862268794,0.1603754862268794,2,0.1301784816490699,0.05128205128205121,0.1679335820095888,0.0,0.0,0.21367521367521358,0.5897435897435896,0.6470588235294118,"[0.9743589743589743,0.9423076923076923,0.8418367346938775,0.8085106382978723,0.8576642335766423,0.7834394904458599,0.7903682719546742,0.8443877551020408,0.888631090487239,0.874468085106383,0.7072691552062869,0.6952554744525548,0.8211243611584327,0.6437699680511182,0.6646616541353384,0.7823613086770982,0.7035040431266847,0.765685019206146]","[0.21367521367521358,0.5897435897435896,0.02499999999999991,0.15384615384615385,0.33333333333333337,0.0,0.33333333333333337,0.05128205128205132,0.0,0.33333333333333337,0.10256410256410264,0.02564102564102566,0.05128205128205121,0.0,0.0,0.0,0.0]","[-0.05128205128205121,0.17948717948717952,0.25,0.4358974358974359,0.46153846153846156,0.55,0.10256410256410253,0.3076923076923077,0.20512820512820518,0.20512820512820507,0.33333333333333337,0.5897435897435898,0.23076923076923073,0.358974358974359,0.4871794871794872,0.1578947368421052,0.46153846153846156,0.1794871794871794]",0.30250412355675516,512,373.4229451520059,373445.443359375,22.447019447999992,350.97592570400593,20.645642688470936,19.986953356001322,1504659260320.4465,13908067313529974,11062252350109574,2845814963420400,27838714900,44716368,6400000,40000,44795108,95951476,91.5064582824707,0.44940466837796217,18803.29833984375,0.05,
spike-all,er_ace,spike,1,69,resnet18_cifar,0.1,"[0.1,0.05,0.01]",last_epoch_train_mean,0.09106031999639842,0.1,0.09106031999639842,41724201940589922,44716368,18,0,0.810045014787343,0.7784891165172856,0.16712907835198856,-0.1549687756344103,0.1549687756344103,2,0.16712907835198856,0.13157894736842102,0.1376249336355158,0.0,0.05128205128205132,0.20512820512820518,0.4358974358974359,0.8823529411764706,"[0.6068376068376068,0.967948717948718,0.8367346938775511,0.9276595744680851,0.9233576642335767,0.7802547770700637,0.8980169971671388,0.9056122448979592,0.9025522041763341,0.7936170212765957,0.6208251473477406,0.8521897810218978,0.8756388415672913,0.7492012779552716,0.7443609022556391,0.6870554765291608,0.7304582210242587,0.7784891165172856]","[0.07692307692307687,0.4358974358974359,0.32499999999999996,0.05128205128205132,0.20512820512820518,0.0,0.02564102564102566,0.05128205128205132,0.20512820512820507,0.41025641025641024,0.17948717948717952,0.10256410256410253,0.07692307692307687,0.20512820512820507,0.35897435897435903,0.13157894736842102,0.0]","[0.27350427350427353,0.07692307692307687,0.4,0.17948717948717952,0.20512820512820507,0.825,0.05128205128205121,0.20512820512820518,0.1282051282051282,0.4358974358974359,0.3076923076923077,0.17948717948717952,0.1282051282051283,0.20512820512820507,0.3846153846153846,0.36842105263157887,0.6410256410256411,0.3076923076923077]",0.29460126455740493,512,377.0910011249962,377118.9765625,24.292187040999124,352.79881408399706,20.75287141670571,20.188006295999003,1504659260320.4465,13908067313529974,11062252350109574,2845814963420400,27838714900,44716368,6400000,40000,44795108,95951476,91.5064582824707,0.4501253815586041,18803.29833984375,0.1,/nobackup/proj/disk/naiss2026-4-902/shared/yizhil/Avalanche/avalanche-master/joint_result_spike-all/er_ace/order1/joint_spike_er_ace__order-1__seed-069.json
spike-all,er_ace,spike,1,69,resnet18_cifar,0.05,"[0.1,0.05,0.01]",last_epoch_train_mean,0.0926517357829935,0.1,0.09106031999639842,41724201940589922,44716368,18,0,0.8289777591338856,0.7912932138284251,0.13374546849779048,-0.1135468762403747,0.1135468762403747,15,0.13374546849779048,0.10256410256410264,0.13501525884009177,0.0,0.07692307692307687,0.13157894736842102,0.48717948717948717,0.8235294117647058,"[0.811965811965812,0.9230769230769231,0.8724489795918368,0.8638297872340426,0.8832116788321168,0.7802547770700637,0.8753541076487252,0.9005102040816326,0.9164733178654292,0.7553191489361702,0.6758349705304518,0.8686131386861314,0.848381601362862,0.7412140575079872,0.8165413533834587,0.7738264580369844,0.8234501347708895,0.7912932138284251]","[0.11965811965811968,0.10256410256410253,0.125,0.07692307692307687,0.17948717948717952,0.0,0.0,0.07692307692307687,0.15384615384615385,0.10256410256410253,0.1282051282051282,0.02564102564102566,0.46153846153846156,0.10256410256410264,0.48717948717948717,0.13157894736842102,0.0]","[0.06837606837606836,0.07692307692307687,0.22499999999999998,0.23076923076923084,0.10256410256410253,0.65,0.05128205128205121,0.20512820512820518,-0.05128205128205121,0.46153846153846156,0.46153846153846156,0.02564102564102566,0.07692307692307698,0.1794871794871794,0.17948717948717946,0.36842105263157887,0.2564102564102565,0.641025641025641]",0.23384627880241915,512,416.46153989499726,416488.978515625,22.08301668599961,394.37852320899765,23.198736659352804,23.45532293799988,1504659260320.4465,13908067313529974,11062252350109574,2845814963420400,27838714900,44716368,6400000,40000,44795108,95951476,91.5064582824707,0.5761751882193736,18803.29833984375,0.1,
spike-all,er_ace,spike,1,69,resnet18_cifar,0.01,"[0.1,0.05,0.01]",last_epoch_train_mean,0.14772372521598887,0.1,0.09106031999639842,41724201940589922,44716368,18,0,0.7700146927528189,0.7503201024327785,0.14356460532931123,-0.18572742187293273,0.18572742187293273,15,0.14356460532931123,0.10256410256410253,0.13312249032720883,0.0,0.02564102564102566,0.28205128205128205,0.41025641025641024,0.8235294117647058,"[0.6495726495726496,0.9423076923076923,0.9387755102040817,0.8680851063829788,0.8029197080291971,0.8343949044585988,0.6798866855524079,0.8214285714285714,0.8700696055684455,0.8,0.618860510805501,0.6952554744525548,0.7921635434412265,0.7044728434504792,0.6992481203007519,0.7240398293029872,0.6684636118598383,0.7503201024327785]","[0.29059829059829057,0.3076923076923077,0.125,0.02564102564102566,0.28205128205128205,0.025000000000000022,0.15384615384615385,0.07692307692307687,0.10256410256410253,0.0,0.02564102564102566,0.23076923076923073,0.05128205128205132,0.33333333333333337,0.41025641025641024,0.0,0.0]","[0.23076923076923073,0.15384615384615385,0.050000000000000044,0.1282051282051283,0.48717948717948717,0.275,0.15384615384615385,0.4358974358974359,0.15384615384615385,0.33333333333333337,0.8205128205128206,0.41025641025641024,0.15384615384615385,0.4871794871794871,0.43589743589743585,0.3157894736842105,0.6410256410256411,0.28205128205128205]",0.33047121007647323,512,428.0897731169953,428116.619140625,26.221877553998638,401.86789556299664,23.63928797429392,23.627737004000664,1504659260320.4465,13908067313529974,11062252350109574,2845814963420400,27838714900,44716368,6400000,40000,44795108,95951476,91.5064582824707,0.5766469090937374,18803.29833984375,0.1,
spike-all,er_ace,spike,1,71,resnet18_cifar,0.1,"[0.1,0.05,0.01]",last_epoch_train_mean,0.12699192669821083,0.05,0.08675790231050172,41724201940589922,44716368,18,0,0.8347708139832278,0.765685019206146,0.17090246354952238,-0.10265274800878514,0.10265274800878514,10,0.17090246354952238,0.11111111111111116,0.19749231763156963,0.0,0.0,0.23076923076923073,0.6153846153846154,0.7058823529411765,"[0.9145299145299145,0.9230769230769231,0.9132653061224489,0.9234042553191489,0.7299270072992701,0.802547770700637,0.9008498583569405,0.8392857142857143,0.9095127610208816,0.874468085106383,0.7347740667976425,0.8467153284671532,0.8500851788756388,0.7667731629392971,0.7548872180451128,0.7809388335704125,0.7951482479784366,0.765685019206146]","[0.11111111111111116,0.4871794871794872,0.025000000000000022,0.1282051282051282,0.33333333333333337,0.0,0.5384615384615384,0.0,0.1282051282051282,0.6153846153846154,0.10256410256410264,0.0,0.02564102564102566,0.23076923076923073,0.0,0.0,0.17948717948717952]","[0.02564102564102566,-0.358974358974359,0.025000000000000022,0.17948717948717952,0.5897435897435898,0.22499999999999998,0.10256410256410253,0.3846153846153846,0.3589743589743589,0.1794871794871794,0.41025641025641024,-0.02564102564102566,-0.5897435897435898,0.05128205128205121,0.5128205128205128,0.34210526315789475,0.20512820512820507,0.3076923076923077]",0.16252436647173488,512,424.4415738699972,424472.494140625,26.18031976599923,398.261254103998,23.427132594352823,23.532169252999665,1504659260320.4465,13908067313529974,11062252350109574,2845814963420400,27838714900,44716368,6400000,40000,44795108,95951476,91.5064582824707,0.5728326235555488,18803.29833984375,0.05,
spike-all,er_ace,spike,1,71,resnet18_cifar,0.05,"[0.1,0.05,0.01]",last_epoch_train_mean,0.08675790231050172,0.05,0.08675790231050172,41724201940589922,44716368,18,0,0.8432954085925096,0.676056338028169,0.24885356301764971,-0.020217115186155418,0.020217115186155418,2,0.24885356301764971,0.20512820512820507,0.19150234230873356,0.0,0.125,0.33333333333333337,0.7948717948717949,0.9411764705882353,"[0.9230769230769231,0.967948717948718,0.9489795918367347,0.8553191489361702,0.791970802919708,0.7770700636942676,0.9065155807365439,0.8775510204081632,0.8654292343387471,0.8829787234042553,0.7740667976424361,0.8576642335766423,0.8705281090289608,0.7907348242811502,0.8135338345864662,0.8236130867709816,0.7762803234501348,0.676056338028169]","[0.23931623931623924,0.7948717948717949,0.125,0.41025641025641024,0.3076923076923077,0.35,0.5384615384615384,0.17948717948717952,0.07692307692307687,0.33333333333333337,0.20512820512820507,0.10256410256410264,0.17948717948717952,0.0,0.05128205128205121,0.13157894736842102,0.20512820512820518]","[0.017094017094017033,-0.43589743589743596,0.0,0.2564102564102564,0.7692307692307692,0.475,0.05128205128205132,0.02564102564102566,0.4358974358974359,0.15384615384615385,0.35897435897435903,0.07692307692307687,-0.6153846153846154,0.17948717948717952,0.38461538461538464,0.2894736842105263,0.2564102564102564,0.41025641025641024]",0.1716255560553806,512,418.5849233529989,418612.736328125,25.993051108000145,392.59187224499874,23.093639543823457,23.05717966100019,1504659260320.4465,13908067313529974,11062252350109574,2845814963420400,27838714900,44716368,6400000,40000,44795108,95951476,91.5064582824707,0.5723474417403693,18803.29833984375,0.05,/nobackup/proj/disk/naiss2026-4-902/shared/yizhil/Avalanche/avalanche-master/joint_result_spike-all/er_ace/order1/joint_spike_er_ace__order-1__seed-071.json
spike-all,er_ace,spike,1,71,resnet18_cifar,0.01,"[0.1,0.05,0.01]",last_epoch_train_mean,0.12851205505199315,0.05,0.08675790231050172,41724201940589922,44716368,18,0,0.786719802717063,0.6991037131882202,0.1716916726204652,-0.08811423354767008,0.08811423354767008,10,0.1716916726204652,0.1282051282051282,0.2024299027765719,0.0,0.0,0.20512820512820507,0.6666666666666667,0.7058823529411765,"[0.9829059829059829,0.9551282051282052,0.8877551020408163,0.6510638297872341,0.7664233576642335,0.7643312101910829,0.8498583569405099,0.8596938775510204,0.8793503480278422,0.7914893617021277,0.6915520628683693,0.6642335766423357,0.8228279386712095,0.7619808306709265,0.6887218045112782,0.7652916073968705,0.6792452830188679,0.6991037131882202]","[0.33333333333333326,0.3076923076923077,0.15000000000000002,0.05128205128205132,0.20512820512820507,0.15000000000000002,0.641025641025641,0.0,0.05128205128205132,0.6666666666666667,0.0,0.1282051282051282,0.10256410256410264,0.0,0.0,0.13157894736842102,0.0]","[-0.042735042735042694,-0.4102564102564103,-0.02499999999999991,0.5641025641025641,0.7948717948717949,0.07499999999999996,0.15384615384615385,0.15384615384615385,0.28205128205128205,0.2564102564102564,0.33333333333333337,0.282051282051282,-0.5128205128205129,0.41025641025641024,0.38461538461538464,0.3157894736842105,0.33333333333333326,0.2564102564102564]",0.20028365072224721,512,416.0452056010017,416071.2265625,25.732967992998965,390.31223760800276,22.959543388706045,22.963132226001107,1504659260320.4465,13908067313529974,11062252350109574,2845814963420400,27838714900,44716368,6400000,40000,44795108,95951476,91.5064582824707,0.566132631242192,18803.29833984375,0.05,
spike-all,er_ace,spike,2,63,resnet18_cifar,0.1,"[0.1,0.05,0.01]",last_epoch_train_mean,0.15607507938738935,0.05,0.10272932325646003,41724201937639302,44716368,18,0,0.8311885882753294,0.7784891165172856,0.13529411764705881,-0.09415145368492224,0.09415145368492224,14,0.13529411764705881,0.07692307692307687,0.148677061555182,0.0,0.0,0.20512820512820518,0.4871794871794871,0.7058823529411765,"[0.9310344827586207,0.8580645161290322,0.8564102564102564,0.9444444444444444,0.9010989010989011,0.8108974358974359,0.8607954545454546,0.7698209718670077,0.8534883720930233,0.7569296375266524,0.8228346456692913,0.7038391224862889,0.8191126279863481,0.832,0.8689759036144579,0.7724039829302988,0.8207547169811321,0.7784891165172856]","[0.25,0.0,0.050000000000000044,0.15384615384615385,0.07692307692307687,0.0,0.0,0.1282051282051282,0.02564102564102566,0.05128205128205121,0.20512820512820518,0.1282051282051282,0.3846153846153847,0.4871794871794871,0.0,0.0,0.35897435897435903]","[0.017241379310344862,0.2564102564102564,0.30000000000000004,0.10256410256410253,0.15384615384615385,0.2564102564102564,0.25,0.3846153846153846,0.3589743589743589,0.20512820512820518,0.3846153846153846,0.28205128205128205,0.1282051282051282,0.3589743589743589,0.02564102564102566,0.28205128205128205,0.20512820512820507,0.20512820512820518]",0.23094360939188524,512,417.27093049999894,417297.015625,25.645874771000308,391.62505572899863,23.03676798405874,23.01675563599929,1504659259129.25,13908067312546434,11062252349126034,2845814963420400,27838714900,44716368,6400000,40000,44795108,95951476,91.5064582824707,0.557560688868573,18803.39404296875,0.05,
spike-all,er_ace,spike,2,63,resnet18_cifar,0.05,"[0.1,0.05,0.01]",last_epoch_train_mean,0.10272932325646003,0.05,0.10272932325646003,41724201937639302,44716368,18,0,0.8428955582376977,0.7451984635083226,0.14340770791075053,-0.0689395121443803,0.0689395121443803,17,0.14340770791075053,0.05128205128205121,0.17732245006903402,0.0,0.0,0.20512820512820518,0.5897435897435896,0.7058823529411765,"[0.9396551724137931,0.9225806451612903,0.8923076923076924,0.9658119658119658,0.9267399267399268,0.8685897435897436,0.8125,0.8132992327365729,0.8302325581395349,0.7547974413646056,0.8464566929133859,0.8062157221206582,0.7866894197952219,0.8416,0.8539156626506024,0.7852062588904695,0.7803234501347709,0.7451984635083226]","[0.3879310344827587,0.0,0.025000000000000022,0.0,0.15384615384615385,0.0,0.025000000000000022,0.20512820512820518,0.05128205128205121,0.05128205128205132,0.2564102564102564,0.0,0.05128205128205121,0.0,0.1794871794871794,0.4615384615384615,0.5897435897435896]","[0.008620689655172376,0.07692307692307687,0.09999999999999998,0.02564102564102566,0.15384615384615385,0.17948717948717952,0.44999999999999996,0.33333333333333326,0.5641025641025641,0.20512820512820518,0.2564102564102564,0.3333333333333333,0.1282051282051282,0.46153846153846156,0.1282051282051283,0.17948717948717952,0.3076923076923077,0.23076923076923084]",0.2290401807643187,512,418.30862385700675,418343.13671875,25.68405255000107,392.6245713070057,23.095563018059156,23.13390374100163,1504659259129.25,13908067312546434,11062252349126034,2845814963420400,27838714900,44716368,6400000,40000,44795108,95951476,91.5064582824707,0.5421099615860431,18803.39404296875,0.05,/nobackup/proj/disk/naiss2026-4-902/shared/yizhil/Avalanche/avalanche-master/joint_result_spike-all/er_ace/order2/joint_spike_er_ace__order-2__seed-063.json
spike-all,er_ace,spike,2,63,resnet18_cifar,0.01,"[0.1,0.05,0.01]",last_epoch_train_mean,0.170789258357901,0.05,0.10272932325646003,41724201937639302,44716368,18,0,0.7800840823119501,0.7580025608194623,0.10466011338222293,-0.15735684194102043,0.15735684194102043,1,0.10466011338222293,0.07692307692307687,0.0951946491519058,0.0,0.02564102564102566,0.17948717948717952,0.31896551724137934,0.7647058823529411,"[0.9137931034482759,0.9096774193548387,0.9179487179487179,0.9615384615384616,0.9047619047619048,0.842948717948718,0.84375,0.690537084398977,0.7255813953488373,0.6865671641791045,0.7204724409448819,0.4789762340036563,0.7064846416382252,0.7712,0.7605421686746988,0.7425320056899004,0.706199460916442,0.7580025608194623]","[0.31896551724137934,0.07692307692307687,0.050000000000000044,0.02564102564102566,0.1282051282051283,0.07692307692307687,0.0,0.20512820512820518,0.05128205128205132,0.0,0.17948717948717952,0.05128205128205132,0.23076923076923073,0.17948717948717952,0.0,0.0,0.20512820512820518]","[0.03448275862068961,0.15384615384615385,0.09999999999999998,0.05128205128205121,0.1282051282051283,0.23076923076923073,0.22499999999999998,0.5897435897435896,0.6666666666666666,0.28205128205128205,0.46153846153846156,0.6153846153846154,0.15384615384615385,0.5384615384615384,0.28205128205128205,0.38461538461538464,0.2564102564102564,0.3846153846153847]",0.3077205521171038,512,418.6210691540073,418651.537109375,26.12838702299996,392.4926821310073,23.087804831235726,23.10275067099974,1504659259129.25,13908067312546434,11062252349126034,2845814963420400,27838714900,44716368,6400000,40000,44795108,95951476,91.5064582824707,0.5670370704204273,18803.39404296875,0.05,
spike-all,er_ace,spike,2,65,resnet18_cifar,0.1,"[0.1,0.05,0.01]",last_epoch_train_mean,0.14727363934428056,0.05,0.10542764047288006,41724201937639302,44716368,18,0,0.8002972276465989,0.7720870678617158,0.12477245540125864,-0.18755396057627294,0.18755396057627294,2,0.12477245540125864,0.07692307692307698,0.17308870663220835,0.0,0.0,0.15384615384615385,0.6153846153846154,0.6470588235294118,"[0.9224137931034483,0.8,0.7487179487179487,0.9188034188034188,0.8864468864468864,0.7628205128205128,0.7982954545454546,0.8081841432225064,0.7627906976744186,0.6950959488272921,0.781496062992126,0.8098720292504571,0.7474402730375427,0.832,0.7906626506024096,0.8108108108108109,0.7574123989218329,0.7720870678617158]","[0.1724137931034483,0.6153846153846154,0.0,0.0,0.5128205128205128,0.10256410256410264,0.0,0.10256410256410253,0.17948717948717952,0.02564102564102555,0.1282051282051282,0.05128205128205121,0.0,0.07692307692307698,0.15384615384615385,0.0,0.0]","[-0.008620689655172376,-0.07692307692307687,0.19999999999999996,0.23076923076923073,0.20512820512820507,0.10256410256410253,0.375,0.3076923076923077,0.30769230769230765,0.23076923076923073,0.4358974358974359,0.5384615384615385,0.6923076923076923,0.2564102564102564,0.5128205128205128,0.25641025641025644,-0.2564102564102564,-0.10256410256410253]",0.2337447195205816,512,417.25712754900087,417284.875,25.81140039100137,391.4457271579995,23.026219244588205,23.137541173999125,1504659259129.25,13908067312546434,11062252349126034,2845814963420400,27838714900,44716368,6400000,40000,44795108,95951476,91.5064582824707,0.580511755443053,18803.39404296875,0.05,
spike-all,er_ace,spike,2,65,resnet18_cifar,0.05,"[0.1,0.05,0.01]",last_epoch_train_mean,0.10542764047288006,0.05,0.10542764047288006,41724201937639302,44716368,18,0,0.8170386396736344,0.8053777208706786,0.09909632287928434,-0.20357700109221405,0.20357700109221405,1,0.09909632287928434,0.07499999999999996,0.10946971733063976,0.0,0.0,0.15384615384615385,0.3275862068965517,0.6470588235294118,"[0.9396551724137931,0.864516129032258,0.8102564102564103,0.9615384615384616,0.9194139194139194,0.8557692307692307,0.8153409090909091,0.8056265984654731,0.7930232558139535,0.7164179104477612,0.8307086614173228,0.7787934186471663,0.8583617747440273,0.6656,0.7575301204819277,0.8036984352773826,0.7250673854447439,0.8053777208706786]","[0.3275862068965517,0.2564102564102564,0.0,0.02564102564102566,0.2564102564102564,0.0,0.07499999999999996,0.15384615384615385,0.02564102564102566,0.07692307692307687,0.15384615384615385,0.0,0.0,0.07692307692307698,0.2564102564102564,0.0,0.0]","[-0.025862068965517238,-0.20512820512820518,0.525,0.10256410256410253,0.10256410256410253,0.10256410256410253,0.42499999999999993,0.2564102564102564,0.30769230769230765,0.5641025641025641,0.23076923076923073,0.4102564102564103,0.23076923076923084,0.43589743589743585,0.3846153846153846,0.1282051282051282,-0.20512820512820518,-0.23076923076923073]",0.19664014146772765,512,415.9784851430013,416008.662109375,25.769338877998962,390.20914626500235,22.95347919205896,22.91143917899899,1504659259129.25,13908067312546434,11062252349126034,2845814963420400,27838714900,44716368,6400000,40000,44795108,95951476,91.5064582824707,0.5608875800297007,18803.39404296875,0.05,/nobackup/proj/disk/naiss2026-4-902/shared/yizhil/Avalanche/avalanche-master/joint_result_spike-all/er_ace/order2/joint_spike_er_ace__order-2__seed-065.json
spike-all,er_ace,spike,2,65,resnet18_cifar,0.01,"[0.1,0.05,0.01]",last_epoch_train_mean,0.16991696650197047,0.05,0.10542764047288006,41724201937639302,44716368,18,0,0.7920364401757749,0.6888604353393086,0.1731419358194206,-0.10726712435637382,0.10726712435637382,2,0.1731419358194206,0.10256410256410253,0.2045326387945226,0.0,0.0,0.28205128205128205,0.6666666666666667,0.6470588235294118,"[0.9396551724137931,0.8903225806451613,0.8923076923076924,0.9444444444444444,0.9157509157509157,0.8237179487179487,0.8693181818181818,0.7391304347826086,0.8162790697674419,0.6886993603411514,0.7834645669291339,0.5776965265082267,0.7969283276450512,0.7328,0.7680722891566265,0.7382645803698435,0.6509433962264151,0.6888604353393086]","[0.3793103448275862,0.6666666666666667,0.0,0.02564102564102566,0.5128205128205128,0.10256410256410253,0.0,0.23076923076923073,0.05128205128205132,0.1282051282051283,0.4358974358974359,0.1282051282051282,0.0,0.0,0.28205128205128205,0.0,0.0]","[-0.025862068965517238,-0.07692307692307687,0.22499999999999998,0.10256410256410253,0.1282051282051282,0.17948717948717952,0.17499999999999993,0.5384615384615384,0.23076923076923073,0.23076923076923073,0.3589743589743589,0.717948717948718,0.23076923076923084,0.23076923076923073,0.4358974358974359,0.4102564102564103,0.07692307692307693,-0.051282051282051266]",0.2287626485902348,512,417.59288125400235,417620.896484375,25.660647863998747,391.9322333900036,23.054837258235505,23.095776202999332,1504659259129.25,13908067312546434,11062252349126034,2845814963420400,27838714900,44716368,6400000,40000,44795108,95951476,91.5064582824707,0.5155043111369781,18803.39404296875,0.05,
spike-all,er_ace,spike,2,67,resnet18_cifar,0.1,"[0.1,0.05,0.01]",last_epoch_train_mean,0.11312223248970435,0.05,0.08042771702412493,41724201937639302,44716368,18,0,0.8383227101165724,0.8591549295774648,0.07442788786602174,-0.17178967077547194,0.17178967077547194,14,0.07442788786602174,0.02564102564102566,0.07431954805016258,0.0,0.0,0.1282051282051282,0.23076923076923084,0.7058823529411765,"[0.9224137931034483,0.8516129032258064,0.8666666666666667,0.9658119658119658,0.9120879120879121,0.8910256410256411,0.8153409090909091,0.8644501278772379,0.8418604651162791,0.7228144989339019,0.8838582677165354,0.7641681901279708,0.8447098976109215,0.8272,0.7545180722891566,0.7581792318634424,0.7439353099730458,0.8591549295774648]","[0.11206896551724144,0.1282051282051282,0.025000000000000022,0.02564102564102566,0.1282051282051282,0.15384615384615385,0.0,0.20512820512820518,0.10256410256410253,0.02564102564102566,0.0,0.10256410256410253,0.0,0.23076923076923084,0.02564102564102566,0.0,0.0]","[0.03448275862068961,-0.8461538461538461,0.19999999999999996,0.10256410256410253,0.20512820512820518,0.3589743589743589,0.47500000000000003,0.2564102564102564,0.15384615384615385,0.7692307692307693,0.2564102564102564,0.33333333333333337,-0.05128205128205132,0.1282051282051282,0.0,0.3076923076923077,0.23076923076923073,-0.2820512820512821]",0.14625331564986738,512,418.19949827900746,418231.240234375,26.167156962999798,392.03234131600766,23.060725959765158,23.061019345001114,1504659259129.25,13908067312546434,11062252349126034,2845814963420400,27838714900,44716368,6400000,40000,44795108,95951476,91.5064582824707,0.5588655019125772,18803.39404296875,0.05,
spike-all,er_ace,spike,2,67,resnet18_cifar,0.05,"[0.1,0.05,0.01]",last_epoch_train_mean,0.08042771702412493,0.05,0.08042771702412493,41724201937639302,44716368,18,0,0.8523175290740872,0.793854033290653,0.14464945129245332,-0.050432984865033545,0.050432984865033545,2,0.14464945129245332,0.15384615384615385,0.10877947153653661,0.0,0.07692307692307687,0.17948717948717952,0.41025641025641024,0.8235294117647058,"[0.9310344827586207,0.896774193548387,0.9487179487179487,0.9914529914529915,0.9304029304029304,0.8365384615384616,0.8494318181818182,0.782608695652174,0.8674418604651163,0.8102345415778252,0.8700787401574803,0.7989031078610603,0.8532423208191127,0.8384,0.8102409638554217,0.8207681365576103,0.7115902964959568,0.793854033290653]","[0.23275862068965514,0.41025641025641024,0.17500000000000004,0.10256410256410253,0.17948717948717952,0.23076923076923084,0.0,0.10256410256410253,0.1282051282051283,0.02564102564102566,0.15384615384615385,0.15384615384615385,0.17948717948717952,0.3076923076923077,0.07692307692307687,0.0,0.0]","[0.025862068965517238,-0.717948717948718,0.07499999999999996,0.02564102564102566,0.1282051282051282,0.33333333333333326,0.20000000000000007,0.28205128205128205,0.20512820512820518,0.17948717948717952,0.20512820512820518,0.3076923076923077,0.0,0.05128205128205121,0.0,0.17948717948717952,0.41025641025641024,-0.20512820512820512]",0.0936376363100501,512,419.69080252400454,419721.916015625,25.936789887997293,393.75401263600725,23.162000743294545,23.16804059200149,1504659259129.25,13908067312546434,11062252349126034,2845814963420400,27838714900,44716368,6400000,40000,44795108,95951476,91.5064582824707,0.5526712727251868,18803.39404296875,0.05,/nobackup/proj/disk/naiss2026-4-902/shared/yizhil/Avalanche/avalanche-master/joint_result_spike-all/er_ace/order2/joint_spike_er_ace__order-2__seed-067.json
spike-all,er_ace,spike,2,67,resnet18_cifar,0.01,"[0.1,0.05,0.01]",last_epoch_train_mean,0.16605875219987787,0.05,0.08042771702412493,41724201937639302,44716368,18,0,0.7795129933255311,0.7400768245838668,0.07453190825401779,-0.19629557393249075,0.19629557393249075,1,0.07453190825401779,0.025000000000000022,0.09834061841171014,0.0,0.0,0.1282051282051282,0.31896551724137934,0.5294117647058824,"[0.9396551724137931,0.8903225806451613,0.8871794871794871,0.9444444444444444,0.8901098901098901,0.8589743589743589,0.7784090909090909,0.7544757033248082,0.7465116279069768,0.6353944562899787,0.734251968503937,0.623400365630713,0.7679180887372014,0.8064,0.7484939759036144,0.6571834992887624,0.628032345013477,0.7400768245838668]","[0.31896551724137934,0.23076923076923073,0.025000000000000022,0.07692307692307687,0.20512820512820518,0.1282051282051282,0.0,0.17948717948717952,0.0,0.0,0.0,0.02564102564102566,0.07692307692307698,0.0,0.0,0.0,0.0]","[0.01724137931034475,-0.8461538461538461,0.125,0.07692307692307687,0.28205128205128205,0.3589743589743589,0.25,0.5384615384615384,0.25641025641025644,0.48717948717948717,0.3846153846153846,0.717948717948718,-0.05128205128205132,0.3589743589743589,0.6923076923076923,0.641025641025641,0.6923076923076923,0.025641025641025605]",0.27820144414972,512,417.61843562199647,417643.986328125,25.388825361998897,392.22961025999757,23.072330015293975,23.09374658899833,1504659259129.25,13908067312546434,11062252349126034,2845814963420400,27838714900,44716368,6400000,40000,44795108,95951476,91.5064582824707,0.5674647119178863,18803.39404296875,0.05,
spike-all,er_ace,spike,2,69,resnet18_cifar,0.1,"[0.1,0.05,0.01]",last_epoch_train_mean,0.13801687108989089,0.05,0.09040002534108132,41724201937639302,44716368,18,0,0.8196473280735517,0.7669654289372599,0.1357284027669423,-0.23423571019919906,0.23423571019919906,2,0.1357284027669423,0.09999999999999998,0.1708889137939409,0.0,0.0,0.1282051282051282,0.6153846153846154,0.7058823529411765,"[0.9482758620689655,0.9225806451612903,0.7589743589743589,0.9401709401709402,0.8791208791208791,0.875,0.7528409090909091,0.7928388746803069,0.7930232558139535,0.650319829424307,0.8523622047244095,0.8135283363802559,0.8668941979522184,0.7792,0.733433734939759,0.7965860597439545,0.8315363881401617,0.7669654289372599]","[0.4137931034482758,0.6153846153846154,0.09999999999999998,0.10256410256410253,0.07692307692307687,0.1282051282051282,0.050000000000000044,0.1282051282051282,0.0,0.10256410256410253,0.41025641025641035,0.0,0.0,0.1282051282051282,0.05128205128205121,0.0,0.0]","[-0.017241379310344862,0.07692307692307687,0.44999999999999996,0.17948717948717952,0.20512820512820518,0.15384615384615385,0.6,0.28205128205128205,0.33333333333333326,0.6923076923076923,0.5384615384615384,0.41025641025641024,0.07692307692307687,0.5128205128205128,0.6923076923076923,0.6410256410256411,0.41025641025641024,0.20512820512820518]",0.3579452794970036,512,418.3838540069992,418411.296875,25.81268945300326,392.5711645539959,23.092421444352702,23.121733191001113,1504659259129.25,13908067312546434,11062252349126034,2845814963420400,27838714900,44716368,6400000,40000,44795108,95951476,91.5064582824707,0.5651142394395096,18803.39404296875,0.05,
spike-all,er_ace,spike,2,69,resnet18_cifar,0.05,"[0.1,0.05,0.01]",last_epoch_train_mean,0.09040002534108132,0.05,0.09040002534108132,41724201937639302,44716368,18,0,0.8535853031285907,0.7836107554417413,0.13691943620949706,-0.12991496333281322,0.12991496333281322,2,0.13691943620949706,0.07692307692307698,0.14712744313350132,0.0,0.02564102564102566,0.20512820512820518,0.5897435897435898,0.7647058823529411,"[0.9482758620689655,0.9225806451612903,0.9333333333333333,0.9700854700854701,0.9010989010989011,0.8878205128205128,0.8096590909090909,0.8337595907928389,0.8255813953488372,0.7484008528784648,0.8700787401574803,0.8208409506398537,0.8310580204778157,0.8128,0.8644578313253012,0.7951635846372689,0.8059299191374663,0.7836107554417413]","[0.23275862068965514,0.5897435897435898,0.09999999999999998,0.05128205128205132,0.28205128205128205,0.07692307692307698,0.19999999999999996,0.20512820512820518,0.07692307692307698,0.02564102564102566,0.23076923076923073,0.0,0.0,0.0,0.20512820512820507,0.05128205128205132,0.0]","[-0.017241379310344862,0.1282051282051282,0.17500000000000004,0.05128205128205132,0.28205128205128205,0.07692307692307687,0.25,0.3589743589743589,0.2564102564102564,0.15384615384615385,0.2564102564102564,0.4615384615384615,0.2564102564102564,0.3846153846153846,0.02564102564102566,0.5897435897435898,0.6923076923076923,0.3076923076923077]",0.2605449945967187,512,418.8814609000001,418912.201171875,25.87769115300034,393.00376974699975,23.117868808647046,23.115497041999333,1504659259129.25,13908067312546434,11062252349126034,2845814963420400,27838714900,44716368,6400000,40000,44795108,95951476,91.5064582824707,0.5600406555822235,18803.39404296875,0.05,/nobackup/proj/disk/naiss2026-4-902/shared/yizhil/Avalanche/avalanche-master/joint_result_spike-all/er_ace/order2/joint_spike_er_ace__order-2__seed-069.json
spike-all,er_ace,spike,2,69,resnet18_cifar,0.01,"[0.1,0.05,0.01]",last_epoch_train_mean,0.17226355388668013,0.05,0.09040002534108132,41724201937639302,44716368,18,0,0.7683042209780118,0.708066581306018,0.13811176990690177,-0.1618050137827014,0.1618050137827014,1,0.13811176990690177,0.10256410256410253,0.12775189177465787,0.0,0.02564102564102566,0.23076923076923084,0.3793103448275862,0.7647058823529411,"[0.9224137931034483,0.9096774193548387,0.882051282051282,0.9572649572649573,0.8864468864468864,0.8301282051282052,0.7585227272727273,0.7416879795396419,0.7023255813953488,0.42857142857142855,0.8228346456692913,0.6892138939670932,0.7252559726962458,0.7248,0.7424698795180723,0.7211948790896159,0.6765498652291105,0.708066581306018]","[0.3793103448275862,0.33333333333333337,0.050000000000000044,0.0,0.3589743589743589,0.02564102564102566,0.17499999999999993,0.1282051282051282,0.0,0.10256410256410253,0.20512820512820507,0.05128205128205132,0.0,0.07692307692307687,0.23076923076923084,0.23076923076923084,0.0]","[0.008620689655172376,0.17948717948717952,0.19999999999999996,0.10256410256410253,0.15384615384615385,0.23076923076923073,0.35,0.6153846153846154,0.5128205128205128,0.8205128205128205,0.23076923076923073,0.6923076923076923,0.5128205128205128,0.5128205128205128,0.15384615384615385,0.46153846153846156,0.41025641025641024,0.3076923076923077]",0.3586698103939483,512,419.0581846810019,419090.966796875,26.287654433999705,392.77053024700217,23.10414883805895,23.14455764900049,1504659259129.25,13908067312546434,11062252349126034,2845814963420400,27838714900,44716368,6400000,40000,44795108,95951476,91.5064582824707,0.5448351178001735,18803.39404296875,0.05,
spike-all,er_ace,spike,2,71,resnet18_cifar,0.1,"[0.1,0.05,0.01]",last_epoch_train_mean,0.1143533723972599,0.05,0.08290316386622672,41724201937639302,44716368,18,0,0.8184556764376798,0.7580025608194623,0.1279606802933375,-0.16534430748426693,0.16534430748426693,1,0.1279606802933375,0.07692307692307687,0.11897842425725877,0.0,0.05128205128205132,0.23076923076923084,0.4137931034482759,0.8235294117647058,"[0.9310344827586207,0.8774193548387097,0.7589743589743589,0.8376068376068376,0.9120879120879121,0.8493589743589743,0.8267045454545454,0.8465473145780051,0.8116279069767441,0.6801705756929638,0.7913385826771654,0.8318098720292505,0.7986348122866894,0.8352,0.802710843373494,0.8093883357041252,0.7735849056603774,0.7580025608194623]","[0.4137931034482759,0.10256410256410253,0.025000000000000022,0.0,0.07692307692307687,0.10256410256410253,0.275,0.05128205128205132,0.05128205128205132,0.05128205128205132,0.23076923076923084,0.2564102564102564,0.0,0.17948717948717952,0.07692307692307687,0.0,0.2820512820512821]","[0.0,0.10256410256410253,0.525,0.20512820512820507,0.0,0.07692307692307698,0.275,0.3846153846153846,0.38461538461538464,0.4102564102564103,0.5384615384615384,0.15384615384615385,0.6923076923076923,0.3076923076923076,0.17948717948717952,0.3076923076923077,0.3589743589743589,0.2564102564102564]",0.2866096866096866,512,417.9889098880012,418014.8203125,26.299941581000894,391.6889683070003,23.040527547470607,23.083754654002405,1504659259129.25,13908067312546434,11062252349126034,2845814963420400,27838714900,44716368,6400000,40000,44795108,95951476,91.5064582824707,0.5147250806736144,18803.39404296875,0.05,
spike-all,er_ace,spike,2,71,resnet18_cifar,0.05,"[0.1,0.05,0.01]",last_epoch_train_mean,0.08290316386622672,0.05,0.08290316386622672,41724201937639302,44716368,18,0,0.8493395507509035,0.8169014084507042,0.10273313569459613,-0.12804129609403442,0.12804129609403442,17,0.10273313569459613,0.02564102564102555,0.15634336552019573,0.0,0.0,0.15384615384615385,0.5641025641025641,0.5882352941176471,"[0.9310344827586207,0.9032258064516129,0.9179487179487179,0.9829059829059829,0.9047619047619048,0.8141025641025641,0.8721590909090909,0.8593350383631714,0.8604651162790697,0.7739872068230277,0.8248031496062992,0.8226691042047533,0.8447098976109215,0.8736,0.8147590361445783,0.7510668563300142,0.7196765498652291,0.8169014084507042]","[0.3362068965517242,0.0,0.0,0.02564102564102566,0.10256410256410253,0.15384615384615385,0.0,0.02564102564102566,0.0,0.02564102564102555,0.0,0.17948717948717952,0.0,0.3076923076923077,0.02564102564102555,0.0,0.5641025641025641]","[0.0,0.17948717948717952,0.15000000000000002,0.02564102564102555,0.0,0.23076923076923073,0.15000000000000002,0.33333333333333326,0.3076923076923077,0.2564102564102564,0.3076923076923076,0.1282051282051282,0.5128205128205128,0.20512820512820507,0.20512820512820507,0.5384615384615385,0.07692307692307687,0.0]",0.2004273504273504,512,416.84279271899504,416882.623046875,25.573444777000987,391.26934794199406,23.015843996587886,23.116289786998095,1504659259129.25,13908067312546434,11062252349126034,2845814963420400,27838714900,44716368,6400000,40000,44795108,95951476,91.5064582824707,0.5584430192227842,18803.39404296875,0.05,/nobackup/proj/disk/naiss2026-4-902/shared/yizhil/Avalanche/avalanche-master/joint_result_spike-all/er_ace/order2/joint_spike_er_ace__order-2__seed-071.json
spike-all,er_ace,spike,2,71,resnet18_cifar,0.01,"[0.1,0.05,0.01]",last_epoch_train_mean,0.16609148792228343,0.05,0.08290316386622672,41724201937639302,44716368,18,0,0.783145597254621,0.737516005121639,0.1022130337546159,-0.15303739532948457,0.15303739532948457,8,0.1022130337546159,0.05128205128205132,0.12064061318912192,0.0,0.0,0.1282051282051282,0.41025641025641024,0.7058823529411765,"[0.9396551724137931,0.9032258064516129,0.8923076923076924,0.9743589743589743,0.9157509157509157,0.8589743589743589,0.7556818181818182,0.7749360613810742,0.7046511627906977,0.650319829424307,0.7559055118110236,0.7239488117001828,0.8174061433447098,0.7216,0.6987951807228916,0.6799431009957326,0.5916442048517521,0.737516005121639]","[0.3017241379310345,0.02564102564102566,0.0,0.17948717948717952,0.28205128205128205,0.1282051282051282,0.0,0.41025641025641024,0.07692307692307687,0.1282051282051282,0.05128205128205132,0.10256410256410264,0.0,0.02564102564102566,0.02564102564102566,0.0,0.0]","[-0.008620689655172487,0.17948717948717952,0.17500000000000004,0.05128205128205121,0.15384615384615385,0.2564102564102564,0.2250000000000001,0.5384615384615384,0.5641025641025641,0.28205128205128205,0.3076923076923076,0.3846153846153846,0.2564102564102564,0.2564102564102564,0.5641025641025641,0.5641025641025641,0.6153846153846154,0.3076923076923077]",0.31519058846645054,512,417.13224663999426,417163.443359375,25.683700806999695,391.44854583299457,23.026385048999682,23.028198578998854,1504659259129.25,13908067312546434,11062252349126034,2845814963420400,27838714900,44716368,6400000,40000,44795108,95951476,91.5064582824707,0.5633520729824598,18803.39404296875,0.05,
spike-all,er_ace,spike,3,63,resnet18_cifar,0.1,"[0.1,0.05,0.01]",last_epoch_train_mean,0.11496820129592966,0.05,0.0551717668216421,41724201936901122,44716368,18,0,0.7444025270628153,0.8040973111395646,0.13250377073906486,-0.19926371358259903,0.19926371358259903,16,0.13250377073906486,0.07692307692307698,0.15348543129082604,0.0,0.0,0.15384615384615385,0.6153846153846154,0.7058823529411765,"[0.9658119658119658,0.7371794871794872,0.7333333333333333,0.6495726495726496,0.6336996336996337,0.75,0.7435897435897436,0.7487179487179487,0.7692307692307693,0.6895074946466809,0.611439842209073,0.8043875685557587,0.78839590443686,0.6656,0.7123493975903614,0.8079658605974396,0.784366576819407,0.8040973111395646]","[0.1282051282051282,0.33333333333333326,0.2564102564102565,0.0,0.07692307692307687,0.1282051282051282,0.10256410256410253,0.23076923076923073,0.0,0.0,0.07499999999999996,0.07499999999999996,0.0,0.15384615384615385,0.07692307692307698,0.6153846153846154,0.0]","[0.02564102564102566,-0.2564102564102564,0.3846153846153846,0.28205128205128205,0.2564102564102564,0.15384615384615385,0.05128205128205132,0.28205128205128205,0.15384615384615385,0.1578947368421053,0.675,0.375,0.5128205128205128,0.43589743589743585,0.33333333333333337,0.23076923076923073,0.3076923076923077,0.23076923076923073]",0.25513945119208276,512,415.15295661300115,415179.5078125,25.846220740997524,389.3067358720036,22.90039622776492,22.983787302000565,1504659260321.6868,13908067312300374,11062252348879974,2845814963420400,27838714900,44716368,6400000,40000,44795108,95951476,91.5064582824707,0.5787055083397652,18803.29833984375,0.05,
spike-all,er_ace,spike,3,63,resnet18_cifar,0.05,"[0.1,0.05,0.01]",last_epoch_train_mean,0.0551717668216421,0.05,0.0551717668216421,41724201936901122,44716368,18,0,0.7775077572659947,0.8002560819462228,0.1117011986981027,-0.16782567277923313,0.16782567277923313,2,0.1117011986981027,0.10256410256410253,0.0923470250117923,0.0,0.02564102564102566,0.1578947368421052,0.28205128205128205,0.8235294117647058,"[1.0,0.8461538461538461,0.8358974358974359,0.7478632478632479,0.8058608058608059,0.842948717948718,0.8034188034188035,0.6846153846153846,0.7505827505827506,0.6145610278372591,0.5601577909270217,0.773308957952468,0.8344709897610921,0.7584,0.697289156626506,0.7795163584637269,0.8598382749326146,0.8002560819462228]","[0.23076923076923073,0.28205128205128205,0.28205128205128205,0.05128205128205132,0.1282051282051282,0.05128205128205121,0.15384615384615385,0.10256410256410253,0.0,0.1578947368421052,0.09999999999999998,0.0,0.10256410256410253,0.02564102564102555,0.0,0.20512820512820507,0.02564102564102566]","[-0.008547008547008517,-0.33333333333333337,0.20512820512820507,0.20512820512820507,0.2564102564102564,0.05128205128205121,0.17948717948717952,0.41025641025641024,0.20512820512820518,0.368421052631579,0.7000000000000001,0.35,0.07692307692307698,0.15384615384615374,0.5128205128205128,0.17948717948717952,0.05128205128205121,0.4358974358974359]",0.22220097965712,512,416.0211638290166,416052.22265625,25.945476410000992,390.0756874190156,22.9456286717068,22.942411779000395,1504659260321.6868,13908067312300374,11062252348879974,2845814963420400,27838714900,44716368,6400000,40000,44795108,95951476,91.5064582824707,0.5618649820823455,18803.29833984375,0.05,/nobackup/proj/disk/naiss2026-4-902/shared/yizhil/Avalanche/avalanche-master/joint_result_spike-all/er_ace/order3/joint_spike_er_ace__order-3__seed-063.json
spike-all,er_ace,spike,3,63,resnet18_cifar,0.01,"[0.1,0.05,0.01]",last_epoch_train_mean,0.1331326195171901,0.05,0.0551717668216421,41724201936901122,44716368,18,0,0.7149487223045976,0.6850192061459667,0.16697163345770158,-0.16094771241830064,0.16094771241830064,16,0.16697163345770158,0.125,0.18672587012922578,0.0,0.02564102564102566,0.21052631578947367,0.641025641025641,0.8235294117647058,"[0.9829059829059829,0.8333333333333334,0.7025641025641025,0.7863247863247863,0.7692307692307693,0.6378205128205128,0.717948717948718,0.5692307692307692,0.745920745920746,0.7558886509635975,0.52465483234714,0.7148080438756855,0.7372013651877133,0.6816,0.5858433734939759,0.6301564722617354,0.8086253369272237,0.6850192061459667]","[0.4786324786324786,0.05128205128205132,0.3076923076923077,0.02564102564102566,0.02564102564102566,0.0,0.1282051282051282,0.02564102564102555,0.1282051282051282,0.21052631578947367,0.050000000000000044,0.125,0.0,0.0,0.4358974358974359,0.641025641025641,0.20512820512820518]","[0.008547008547008628,-0.3846153846153846,0.20512820512820507,0.15384615384615385,0.23076923076923073,0.5897435897435896,0.358974358974359,0.923076923076923,0.17948717948717952,0.1578947368421053,0.32500000000000007,0.35,0.48717948717948717,0.4102564102564102,0.5384615384615385,0.4358974358974359,0.07692307692307687,0.6153846153846154]",0.3145530314389964,512,413.85491108000497,413887.478515625,26.140415607998875,387.7144954720061,22.806735027765065,22.83340002800105,1504659260321.6868,13908067312300374,11062252348879974,2845814963420400,27838714900,44716368,6400000,40000,44795108,95951476,91.5064582824707,0.5549736875733933,18803.29833984375,0.05,
spike-all,er_ace,spike,3,65,resnet18_cifar,0.1,"[0.1,0.05,0.01]",last_epoch_train_mean,0.17500058668000357,0.05,0.11309454890882006,41724201936901122,44716368,18,0,0.730927802660225,0.6824583866837388,0.21085642084094097,-0.12335212087534068,0.12335212087534068,2,0.21085642084094097,0.23076923076923073,0.178823985742517,0.0,0.02564102564102566,0.32500000000000007,0.5897435897435898,0.8823529411764706,"[0.9743589743589743,0.8205128205128205,0.7487179487179487,0.6794871794871795,0.6043956043956044,0.7756410256410257,0.717948717948718,0.6923076923076923,0.7622377622377622,0.7237687366167024,0.5226824457593688,0.8226691042047533,0.6791808873720137,0.7424,0.6174698795180723,0.7724039829302988,0.8180592991913747,0.6824583866837388]","[0.3931623931623931,0.5897435897435898,0.28205128205128205,0.02564102564102566,0.02564102564102566,0.23076923076923073,0.28205128205128205,0.15384615384615385,0.02564102564102566,0.2894736842105263,0.5,0.32500000000000007,0.0,0.33333333333333337,0.05128205128205121,0.07692307692307698,0.0]","[0.017094017094017144,-0.4102564102564103,-0.28205128205128205,0.23076923076923073,0.4358974358974359,0.3589743589743589,0.20512820512820512,0.3846153846153846,0.02564102564102566,0.631578947368421,0.85,-0.25,0.23076923076923073,0.15384615384615385,0.3589743589743589,0.3589743589743589,0.17948717948717952,0.3846153846153846]",0.21466986554705852,512,414.1166872040121,414144.064453125,25.444577795999066,388.67210940801306,22.863065259294885,22.894467423000606,1504659260321.6868,13908067312300374,11062252348879974,2845814963420400,27838714900,44716368,6400000,40000,44795108,95951476,91.5064582824707,0.5418097977004406,18803.29833984375,0.05,
spike-all,er_ace,spike,3,65,resnet18_cifar,0.05,"[0.1,0.05,0.01]",last_epoch_train_mean,0.11309454890882006,0.05,0.11309454890882006,41724201936901122,44716368,18,0,0.7379089953363999,0.6427656850192062,0.2630606493609589,-0.07636937366039534,0.07636937366039534,16,0.2630606493609589,0.17948717948717952,0.24291065215662588,0.0,0.05128205128205132,0.3846153846153847,0.8717948717948718,0.8823529411764706,"[0.9487179487179487,0.8717948717948718,0.7435897435897436,0.6495726495726496,0.663003663003663,0.8173076923076923,0.6894586894586895,0.6974358974358974,0.7995337995337995,0.7987152034261242,0.6055226824457594,0.7550274223034735,0.7986348122866894,0.6736,0.5798192771084337,0.7567567567567568,0.7911051212938005,0.6427656850192062]","[0.23076923076923073,0.05128205128205121,0.46153846153846156,0.0,0.05128205128205132,0.5128205128205128,0.02564102564102566,0.28205128205128205,0.0,0.6842105263157894,0.125,0.15000000000000002,0.15384615384615385,0.3076923076923077,0.3846153846153847,0.8717948717948718,0.17948717948717952]","[0.042735042735042805,-0.5897435897435899,-0.38461538461538464,0.33333333333333337,0.5128205128205128,0.20512820512820518,0.358974358974359,0.3846153846153846,0.17948717948717952,0.3421052631578947,0.975,-0.09999999999999998,0.33333333333333337,0.4871794871794872,0.4615384615384615,0.1282051282051282,0.05128205128205121,0.4358974358974359]",0.23095978907382417,512,415.0462290530013,415075.28125,25.788685857998644,389.25754319500265,22.89750254088251,22.839331232000404,1504659260321.6868,13908067312300374,11062252348879974,2845814963420400,27838714900,44716368,6400000,40000,44795108,95951476,91.5064582824707,0.5623470140739867,18803.29833984375,0.05,/nobackup/proj/disk/naiss2026-4-902/shared/yizhil/Avalanche/avalanche-master/joint_result_spike-all/er_ace/order3/joint_spike_er_ace__order-3__seed-065.json
spike-all,er_ace,spike,3,65,resnet18_cifar,0.01,"[0.1,0.05,0.01]",last_epoch_train_mean,0.13142207375964762,0.05,0.11309454890882006,41724201936901122,44716368,18,0,0.7103155244753458,0.734955185659411,0.12477309412293931,-0.17176377973591594,0.17176377973591594,16,0.12477309412293931,0.07692307692307687,0.13784570355486891,0.0,0.0,0.23076923076923073,0.48717948717948717,0.7058823529411765,"[0.9829059829059829,0.8205128205128205,0.8102564102564103,0.7649572649572649,0.7362637362637363,0.7788461538461539,0.6923076923076923,0.6435897435897436,0.7715617715617715,0.569593147751606,0.5996055226824457,0.5868372943327239,0.6228668941979523,0.6624,0.5587349397590361,0.6799431009957326,0.7695417789757413,0.734955185659411]","[0.32478632478632474,0.10256410256410253,0.23076923076923073,0.07692307692307687,0.0,0.23076923076923073,0.28205128205128205,0.10256410256410253,0.0,0.1578947368421053,0.07500000000000007,0.025000000000000022,0.0,0.0,0.0,0.48717948717948717,0.02564102564102555]","[0.008547008547008628,-0.2820512820512821,-0.5641025641025641,0.10256410256410253,0.23076923076923073,0.28205128205128205,0.30769230769230765,0.5897435897435898,0.05128205128205132,0.6578947368421052,0.525,0.07499999999999996,0.641025641025641,0.20512820512820518,0.20512820512820507,0.3076923076923077,0.17948717948717952,0.28205128205128205]",0.21138351576948067,512,414.815026026994,414844.517578125,25.41648216500107,389.39854386199295,22.90579669776429,22.885092785996676,1504659260321.6868,13908067312300374,11062252348879974,2845814963420400,27838714900,44716368,6400000,40000,44795108,95951476,91.5064582824707,0.5533959078053582,18803.29833984375,0.05,
spike-all,er_ace,spike,3,67,resnet18_cifar,0.1,"[0.1,0.05,0.01]",last_epoch_train_mean,0.08321512856098436,0.05,0.04391281292860552,41724201936901122,44716368,18,0,0.7616851300245464,0.8156209987195903,0.11494668042655656,-0.2806931544547644,0.2806931544547644,16,0.11494668042655656,0.05128205128205121,0.14996810763928017,0.0,0.02564102564102566,0.15384615384615385,0.5641025641025641,0.7647058823529411,"[0.9914529914529915,0.8782051282051282,0.8051282051282052,0.6538461538461539,0.6776556776556777,0.7596153846153846,0.8262108262108262,0.7692307692307693,0.7715617715617715,0.6766595289079229,0.6153846153846154,0.773308957952468,0.7457337883959044,0.7952,0.6295180722891566,0.7510668563300142,0.7749326145552561,0.8156209987195903]","[0.16239316239316237,0.02564102564102566,0.15384615384615385,0.0,0.10256410256410253,0.05128205128205121,0.28205128205128205,0.35897435897435903,0.0,0.02631578947368418,0.050000000000000044,0.09999999999999998,0.0,0.02564102564102566,0.05128205128205132,0.5641025641025641,0.0]","[-0.042735042735042805,-0.4358974358974359,-0.20512820512820507,0.48717948717948717,0.1794871794871794,0.3076923076923077,0.15384615384615385,0.5641025641025641,0.1282051282051282,0.736842105263158,0.95,0.19999999999999996,0.5384615384615385,0.23076923076923084,0.6666666666666666,0.17948717948717952,0.4358974358974359,0.07692307692307687]",0.28621107612335683,512,415.2657767079945,415293.11328125,25.72941875199831,389.5363579559962,22.913903409176246,22.922313709001173,1504659260321.6868,13908067312300374,11062252348879974,2845814963420400,27838714900,44716368,6400000,40000,44795108,95951476,91.5064582824707,0.5430112445521512,18803.29833984375,0.05,
spike-all,er_ace,spike,3,67,resnet18_cifar,0.05,"[0.1,0.05,0.01]",last_epoch_train_mean,0.04391281292860552,0.05,0.04391281292860552,41724201936901122,44716368,18,0,0.7783944332829248,0.8245838668373879,0.0975820962663068,-0.21951522849355665,0.21951522849355665,3,0.0975820962663068,0.05128205128205132,0.10714389121157789,0.0,0.0,0.17948717948717952,0.33333333333333326,0.7058823529411765,"[1.0,0.8653846153846154,0.8,0.7649572649572649,0.6996336996336996,0.8141025641025641,0.8205128205128205,0.7974358974358975,0.6643356643356644,0.7237687366167024,0.6863905325443787,0.7312614259597806,0.7440273037542662,0.8224,0.7048192771084337,0.7752489331436699,0.7722371967654986,0.8245838668373879]","[0.24786324786324787,0.20512820512820518,0.33333333333333326,0.0,0.02564102564102566,0.10256410256410253,0.0,0.17948717948717952,0.0,0.10526315789473684,0.025000000000000022,0.04999999999999993,0.0,0.05128205128205132,0.05128205128205132,0.28205128205128205,0.0]","[-0.05128205128205132,-0.5128205128205128,-0.28205128205128205,0.41025641025641024,0.20512820512820507,0.2564102564102564,0.1794871794871794,0.3589743589743589,0.20512820512820518,0.7105263157894737,0.95,0.3,0.46153846153846156,0.05128205128205132,0.3333333333333333,0.07692307692307698,0.1282051282051282,0.0]",0.21005772979457188,512,413.14165122700433,413167.107421875,25.708971899999597,387.43267932700473,22.790157607470867,22.847357563001424,1504659260321.6868,13908067312300374,11062252348879974,2845814963420400,27838714900,44716368,6400000,40000,44795108,95951476,91.5064582824707,0.5508716709305301,18803.29833984375,0.05,/nobackup/proj/disk/naiss2026-4-902/shared/yizhil/Avalanche/avalanche-master/joint_result_spike-all/er_ace/order3/joint_spike_er_ace__order-3__seed-067.json
spike-all,er_ace,spike,3,67,resnet18_cifar,0.01,"[0.1,0.05,0.01]",last_epoch_train_mean,0.14298564167866795,0.05,0.04391281292860552,41724201936901122,44716368,18,0,0.7211367964865616,0.7183098591549296,0.1316292238892858,-0.2002732131989098,0.2002732131989098,1,0.1316292238892858,0.07692307692307687,0.13798174653578238,0.0,0.0,0.23684210526315785,0.4700854700854701,0.7058823529411765,"[0.9829059829059829,0.8141025641025641,0.8,0.7478632478632479,0.7216117216117216,0.7564102564102564,0.7891737891737892,0.6358974358974359,0.6386946386946387,0.6402569593147751,0.5838264299802761,0.6416819012797075,0.7081911262798635,0.7008,0.6340361445783133,0.7510668563300142,0.715633423180593,0.7183098591549296]","[0.4700854700854701,0.02564102564102555,0.20512820512820518,0.02564102564102566,0.0,0.0,0.3076923076923077,0.28205128205128205,0.07692307692307687,0.23684210526315785,0.050000000000000044,0.25,0.0,0.10256410256410253,0.0,0.20512820512820518,0.0]","[-0.03418803418803418,-0.41025641025641024,-0.1282051282051282,0.2564102564102564,0.28205128205128205,0.20512820512820518,0.3333333333333333,0.717948717948718,0.07692307692307687,0.5789473684210527,0.775,0.5,0.641025641025641,0.15384615384615385,0.2564102564102564,0.23076923076923073,0.41025641025641024,0.2564102564102564]",0.2834339231269056,512,415.0639069489953,415091.560546875,25.610229903999425,389.45367704499586,22.909039826176226,22.842118067001138,1504659260321.6868,13908067312300374,11062252348879974,2845814963420400,27838714900,44716368,6400000,40000,44795108,95951476,91.5064582824707,0.5437678002598684,18803.29833984375,0.05,
spike-all,er_ace,spike,3,69,resnet18_cifar,0.1,"[0.1,0.05,0.01]",last_epoch_train_mean,0.08893270758183106,0.05,0.04481214773118126,41724201936901122,44716368,18,0,0.7450325943675067,0.8335467349551856,0.08226694186446508,-0.2859338202217459,0.2859338202217459,8,0.08226694186446508,0.05128205128205121,0.10266096072023755,0.0,0.02564102564102566,0.09999999999999998,0.3589743589743589,0.7647058823529411,"[0.9145299145299145,0.8269230769230769,0.7589743589743589,0.6794871794871795,0.7142857142857143,0.7275641025641025,0.7037037037037037,0.5230769230769231,0.7599067599067599,0.7537473233404711,0.6331360946745562,0.7769652650822669,0.7559726962457338,0.72,0.7469879518072289,0.7610241820768137,0.8207547169811321,0.8335467349551856]","[0.1709401709401709,0.3076923076923077,0.1282051282051282,0.05128205128205132,0.02564102564102566,0.05128205128205121,0.05128205128205121,0.3589743589743589,0.02564102564102566,0.02631578947368418,0.050000000000000044,0.09999999999999998,0.0,0.0,0.0,0.05128205128205121,0.0]","[0.07692307692307698,-0.07692307692307687,0.20512820512820507,0.1794871794871794,0.17948717948717952,0.4871794871794872,0.3589743589743589,0.20512820512820512,0.10256410256410253,0.3421052631578947,0.75,0.275,0.33333333333333337,0.641025641025641,0.6410256410256411,0.46153846153846156,0.20512820512820518,0.1282051282051282]",0.30529502174239015,512,415.6217587969986,415653.400390625,25.52957217400035,390.09218662299827,22.946599213117544,22.956842871000845,1504659260321.6868,13908067312300374,11062252348879974,2845814963420400,27838714900,44716368,6400000,40000,44795108,95951476,91.5064582824707,0.5719220179310349,18803.29833984375,0.05,
spike-all,er_ace,spike,3,69,resnet18_cifar,0.05,"[0.1,0.05,0.01]",last_epoch_train_mean,0.04481214773118126,0.05,0.04481214773118126,41724201936901122,44716368,18,0,0.7595026716230183,0.7925736235595391,0.12457264957264957,-0.28598541980894915,0.28598541980894915,8,0.12457264957264957,0.07692307692307687,0.13675932453458184,0.0,0.0,0.2564102564102565,0.358974358974359,0.6470588235294118,"[0.9743589743589743,0.8461538461538461,0.6923076923076923,0.7350427350427351,0.7509157509157509,0.7532051282051282,0.8148148148148148,0.6666666666666666,0.7622377622377622,0.7837259100642399,0.6252465483234714,0.7020109689213894,0.7713310580204779,0.7168,0.7530120481927711,0.7112375533428165,0.8194070080862533,0.7925736235595391]","[0.2991452991452991,0.33333333333333326,0.07692307692307687,0.17948717948717952,0.0,0.3589743589743589,0.10256410256410264,0.358974358974359,0.07692307692307687,0.0,0.050000000000000044,0.025000000000000022,0.0,0.2564102564102565,0.0,0.0,0.0]","[0.017094017094017144,-0.05128205128205121,0.2564102564102564,0.33333333333333326,0.2564102564102564,0.3589743589743589,0.48717948717948717,0.3846153846153846,0.17948717948717952,0.47368421052631576,0.75,0.45000000000000007,0.28205128205128205,0.41025641025641024,0.5384615384615385,0.6923076923076923,0.17948717948717952,0.1282051282051282]",0.3403708701954316,512,417.1181922209944,417145.4140625,25.94662351200168,391.1715687089927,23.010092276999572,22.926257825001812,1504659260321.6868,13908067312300374,11062252348879974,2845814963420400,27838714900,44716368,6400000,40000,44795108,95951476,91.5064582824707,0.5686878092199366,18803.29833984375,0.05,/nobackup/proj/disk/naiss2026-4-902/shared/yizhil/Avalanche/avalanche-master/joint_result_spike-all/er_ace/order3/joint_spike_er_ace__order-3__seed-069.json
spike-all,er_ace,spike,3,69,resnet18_cifar,0.01,"[0.1,0.05,0.01]",last_epoch_train_mean,0.08651539558394356,0.05,0.04481214773118126,41724201936901122,44716368,18,0,0.6849564320080399,0.7784891165172856,0.07688735413193618,-0.30330237358101136,0.30330237358101136,1,0.07688735413193618,0.04999999999999993,0.09054755087349592,0.0,0.0,0.1282051282051283,0.3076923076923077,0.6470588235294118,"[0.9914529914529915,0.8333333333333334,0.8051282051282052,0.7905982905982906,0.575091575091575,0.5384615384615384,0.6495726495726496,0.6153846153846154,0.6596736596736597,0.6017130620985011,0.5128205128205128,0.7550274223034735,0.6416382252559727,0.7024,0.5783132530120482,0.6330014224751067,0.6671159029649596,0.7784891165172856]","[0.3076923076923077,0.15384615384615385,0.1282051282051283,0.05128205128205132,0.02564102564102566,0.1794871794871794,0.0,0.23076923076923073,0.05128205128205132,0.02631578947368418,0.04999999999999993,0.0,0.0,0.0,0.10256410256410253,0.0,0.0]","[0.0,-0.1282051282051282,0.07692307692307687,0.1282051282051282,0.46153846153846156,0.7435897435897436,0.6923076923076923,0.3846153846153846,0.15384615384615385,0.3421052631578947,0.9,0.25,0.6153846153846154,0.5128205128205128,0.6666666666666667,0.5128205128205128,0.3076923076923077,0.10256410256410253]",0.37349302744039586,512,414.2137474490046,414235.759765625,25.442923188998975,388.7708242600056,22.868872015294446,22.864523739001015,1504659260321.6868,13908067312300374,11062252348879974,2845814963420400,27838714900,44716368,6400000,40000,44795108,95951476,91.5064582824707,0.5619516863153992,18803.29833984375,0.05,
spike-all,er_ace,spike,3,71,resnet18_cifar,0.1,"[0.1,0.05,0.01]",last_epoch_train_mean,0.14225459950310843,0.05,0.07594236842593792,41724201936901122,44716368,18,0,0.7465660181864401,0.7682458386683739,0.12430208250641686,-0.2218815326400466,0.2218815326400466,4,0.12430208250641686,0.02564102564102555,0.2025740610331275,0.0,0.0,0.15384615384615385,0.7692307692307692,0.5294117647058824,"[0.8290598290598291,0.8461538461538461,0.7384615384615385,0.7008547008547008,0.6593406593406593,0.8141025641025641,0.8005698005698005,0.7256410256410256,0.6083916083916084,0.7580299785867237,0.6193293885601578,0.7769652650822669,0.7525597269624573,0.7952,0.6807228915662651,0.7411095305832148,0.8234501347708895,0.7682458386683739]","[0.23931623931623935,0.28205128205128205,0.02564102564102566,0.7692307692307692,0.15384615384615385,0.0,0.10256410256410253,0.4358974358974359,0.0,0.07894736842105265,0.0,0.0,0.0,0.0,0.0,0.02564102564102555,0.0]","[0.16239316239316237,-0.23076923076923084,0.5128205128205128,0.33333333333333326,0.46153846153846156,0.41025641025641024,-0.07692307692307687,0.23076923076923084,0.10256410256410264,0.1578947368421053,0.8,0.275,0.4871794871794872,0.3846153846153846,0.1282051282051282,0.23076923076923084,0.15384615384615385,0.4358974358974359]",0.27552169240765734,512,594.2571511349997,594290.955078125,25.5806741660017,568.676476968998,33.45155746876459,23.036407808998774,1504659260321.6868,13908067312300374,11062252348879974,2845814963420400,27838714900,44716368,6400000,40000,44795108,95951476,91.5064582824707,0.5663339026898644,18803.29833984375,0.05,
spike-all,er_ace,spike,3,71,resnet18_cifar,0.05,"[0.1,0.05,0.01]",last_epoch_train_mean,0.07594236842593792,0.05,0.07594236842593792,41724201936901122,44716368,18,0,0.7405815516892491,0.7259923175416133,0.1567443306607393,-0.18133418009579003,0.18133418009579003,11,0.1567443306607393,0.1282051282051282,0.15600038616123565,0.0,0.02564102564102555,0.26315789473684215,0.575,0.7647058823529411,"[0.8376068376068376,0.8141025641025641,0.7897435897435897,0.688034188034188,0.7582417582417582,0.8461538461538461,0.8148148148148148,0.717948717948718,0.696969696969697,0.6359743040685225,0.6390532544378699,0.7422303473491774,0.7849829351535836,0.752,0.677710843373494,0.6258890469416786,0.7830188679245284,0.7259923175416133]","[0.3162393162393162,0.23076923076923073,0.20512820512820507,0.05128205128205132,0.1282051282051282,0.1282051282051282,0.02564102564102555,0.3076923076923077,0.02564102564102566,0.26315789473684215,0.575,0.09999999999999998,0.0,0.0,0.0,0.3076923076923077,0.0]","[0.15384615384615385,-0.15384615384615385,0.17948717948717952,0.3076923076923077,0.3076923076923077,0.17948717948717952,0.02564102564102566,0.33333333333333337,0.07692307692307698,0.21052631578947373,1.0,0.30000000000000004,0.23076923076923078,0.41025641025641024,-0.17948717948717952,0.7948717948717949,0.2564102564102564,0.5384615384615384]",0.27622582096266307,512,418.44481643300605,418472.294921875,25.69104956299998,392.7537668700061,23.10316275705918,23.1577230719995,1504659260321.6868,13908067312300374,11062252348879974,2845814963420400,27838714900,44716368,6400000,40000,44795108,95951476,91.5064582824707,0.35246802560652535,18803.29833984375,0.05,/nobackup/proj/disk/naiss2026-4-902/shared/yizhil/Avalanche/avalanche-master/joint_result_spike-all/er_ace/order3/joint_spike_er_ace__order-3__seed-071.json
spike-all,er_ace,spike,3,71,resnet18_cifar,0.01,"[0.1,0.05,0.01]",last_epoch_train_mean,0.1284645121567738,0.05,0.07594236842593792,41724201936901122,44716368,18,0,0.6860533455841774,0.6402048655569782,0.23082876875446534,-0.13562951496388032,0.13562951496388032,6,0.23082876875446534,0.1282051282051282,0.2160375882847752,0.0,0.05128205128205121,0.33333333333333326,0.6666666666666666,0.8235294117647058,"[0.9914529914529915,0.8397435897435898,0.7435897435897436,0.6239316239316239,0.6007326007326007,0.8269230769230769,0.6951566951566952,0.43333333333333335,0.6876456876456877,0.7558886509635975,0.4556213017751479,0.7312614259597806,0.6774744027303754,0.64,0.6551204819277109,0.6500711237553343,0.7008086253369272,0.6402048655569782]","[0.4871794871794872,0.05128205128205121,0.5128205128205128,0.0,0.1282051282051282,0.6666666666666666,0.10256410256410253,0.33333333333333326,0.0,0.2894736842105262,0.25,0.0,0.02564102564102566,0.07692307692307698,0.1282051282051282,0.6153846153846154,0.25641025641025644]","[0.0,-0.10256410256410264,0.17948717948717952,0.28205128205128205,0.48717948717948717,0.28205128205128205,0.4102564102564103,0.7692307692307693,0.10256410256410264,0.052631578947368474,0.975,0.3500000000000001,0.3076923076923077,0.6153846153846154,0.20512820512820512,0.15384615384615385,0.23076923076923073,0.4358974358974359]",0.31870032988454045,512,419.14277135000157,419176.025390625,26.07009282099898,393.0726785290026,23.121922266411918,23.071590535000723,1504659260321.6868,13908067312300374,11062252348879974,2845814963420400,27838714900,44716368,6400000,40000,44795108,95951476,91.5064582824707,0.5582016389236786,18803.29833984375,0.05,
spike-all,icarl,spike,1,63,resnet18_cifar,0.1,"[0.1,0.05,0.01]",last_epoch_train_mean,0.20744064335798787,0.05,0.18609600628983472,200035607460069960,44716368,18,0,0.9081611229391301,0.8361075544174136,0.08849064592098647,0.06037350162737159,-0.06037350162737159,5,0.08849064592098647,0.07692307692307687,0.07882299938573974,0.0,0.02564102564102566,0.10256410256410264,0.3076923076923077,0.8235294117647058,"[0.9487179487179487,0.967948717948718,0.9642857142857143,0.9319148936170213,0.9197080291970803,0.9140127388535032,0.9206798866855525,0.9336734693877551,0.925754060324826,0.9212765957446809,0.9115913555992141,0.9014598540145985,0.8977853492333902,0.902555910543131,0.8571428571428571,0.8378378378378378,0.8544474393530997,0.8361075544174136]","[0.14529914529914534,0.10256410256410253,0.04999999999999993,0.10256410256410264,0.3076923076923077,0.0,0.15384615384615385,0.05128205128205132,0.07692307692307687,0.10256410256410264,0.02564102564102566,0.0,0.20512820512820507,0.10256410256410253,0.0,0.052631578947368474,0.02564102564102566]","[0.0,-0.1282051282051282,-0.02499999999999991,-0.07692307692307698,0.02564102564102566,-0.050000000000000044,0.05128205128205132,-0.02564102564102566,0.17948717948717952,0.10256410256410253,0.05128205128205121,-0.5128205128205128,-0.02564102564102555,-0.2564102564102564,0.28205128205128205,0.1578947368421052,-0.02564102564102566,0.0]",-0.015337756785125204,512,1140.6023498793365,1140641.10546875,19.03563252009917,1121.5667173592374,65.97451278583749,75.91277485096361,3029522820131.4106,66678535820023320,48957134791816794,17721401028206526,27838726676,44716368,6400000,40000,89600616,140756984,134.23632049560547,0.29834890490691157,7548.931640625,0.05,
spike-all,icarl,spike,1,63,resnet18_cifar,0.05,"[0.1,0.05,0.01]",last_epoch_train_mean,0.18609600628983472,0.05,0.18609600628983472,200035607460069960,44716368,18,0,0.897290212969495,0.8297055057618438,0.08640020110608344,0.061140880103728375,-0.061140880103728375,5,0.08640020110608344,0.05128205128205121,0.0766687580312888,0.0,0.025000000000000022,0.16239316239316248,0.23076923076923073,0.8235294117647058,"[0.9401709401709402,0.9551282051282052,0.9540816326530612,0.948936170212766,0.927007299270073,0.9267515923566879,0.9206798866855525,0.9183673469387755,0.9071925754060325,0.8978723404255319,0.8899803536345776,0.8795620437956204,0.8858603066439523,0.8801916932907349,0.8345864661654135,0.8236130867709816,0.8315363881401617,0.8297055057618438]","[0.16239316239316248,0.05128205128205121,0.02499999999999991,0.10256410256410253,0.23076923076923073,0.025000000000000022,0.20512820512820518,0.07692307692307687,0.1282051282051282,0.17948717948717952,0.02564102564102566,0.0,0.17948717948717952,0.05128205128205121,0.0,0.0,0.02564102564102566]","[0.008547008547008517,-0.1282051282051282,0.0,-0.1282051282051282,0.02564102564102566,-0.050000000000000044,0.0,0.02564102564102566,0.10256410256410264,0.10256410256410253,0.05128205128205121,-0.5384615384615384,-0.02564102564102555,-0.2564102564102564,0.23076923076923078,0.3421052631578947,0.0,0.02564102564102566]",-0.011787124506422747,512,1131.11864987819,1131156.1640625,17.624142063083127,1113.4945078151068,65.4996769303004,75.57537024701014,3029522820131.4106,66678535820023320,48957134791816794,17721401028206526,27838726676,44716368,6400000,40000,89600616,140756984,134.23632049560547,0.29570493199021847,7550.05517578125,0.05,/nobackup/proj/disk/naiss2026-4-902/shared/yizhil/Avalanche/avalanche-master/joint_result_spike-all/icarl/order1/joint_spike_icarl__order-1__seed-063.json
spike-all,icarl,spike,1,63,resnet18_cifar,0.01,"[0.1,0.05,0.01]",last_epoch_train_mean,0.19764268834080093,0.05,0.18609600628983472,200035607460069960,44716368,18,0,0.785449661197312,0.6197183098591549,0.16038408615807997,0.15295573020031228,-0.15295573020031228,5,0.16038408615807997,0.05128205128205132,0.1685981622702066,0.0,0.025641025641025633,0.28205128205128205,0.4871794871794872,0.8823529411764706,"[0.9401709401709402,0.9423076923076923,0.8877551020408163,0.8936170212765957,0.8686131386861314,0.856687898089172,0.8271954674220963,0.8316326530612245,0.8004640371229699,0.7680851063829788,0.768172888015717,0.75,0.7444633730834753,0.7172523961661342,0.6661654135338346,0.635846372688478,0.6199460916442049,0.6197183098591549]","[0.3931623931623931,0.3589743589743589,0.0,0.46153846153846156,0.4871794871794872,0.025000000000000022,0.28205128205128205,0.05128205128205132,0.1282051282051283,0.20512820512820518,0.0,0.02564102564102566,0.20512820512820518,0.02564102564102555,0.025641025641025633,0.02631578947368418,0.02564102564102566]","[0.008547008547008517,-0.1282051282051282,0.125,-0.10256410256410253,0.0,0.04999999999999993,0.17948717948717952,0.07692307692307687,0.28205128205128205,0.5384615384615384,0.07692307692307687,-0.5641025641025641,0.05128205128205132,-0.07692307692307698,0.46153846153846156,0.47368421052631576,0.28205128205128205,0.20512820512820518]",0.10773791672914479,512,1128.843485379999,1128876.8125,19.05632852800045,1109.7871568519986,65.28159746188227,75.03561653699944,3029522820131.4106,66678535820023320,48957134791816794,17721401028206526,27838726676,44716368,6400000,40000,89600616,140756984,134.23632049560547,0.29654014981084603,7548.931640625,0.05,
spike-all,icarl,spike,1,65,resnet18_cifar,0.1,"[0.1,0.05,0.01]",last_epoch_train_mean,0.21054794053576822,0.05,0.1874990588203176,200035607460069960,44716368,18,0,0.9090231320809864,0.8412291933418694,0.09325170014024503,0.07518986001958139,-0.07518986001958139,15,0.09325170014024503,0.02564102564102566,0.09829447450112035,0.0,0.02564102564102566,0.15384615384615385,0.33333333333333337,0.9411764705882353,"[0.9658119658119658,0.9294871794871795,0.9540816326530612,0.9361702127659575,0.9124087591240876,0.9203821656050956,0.9291784702549575,0.9132653061224489,0.9211136890951276,0.9361702127659575,0.9292730844793713,0.9051094890510949,0.899488926746167,0.9009584664536742,0.8556390977443609,0.8662873399715505,0.8463611859838275,0.8412291933418694]","[0.14529914529914534,0.02564102564102566,0.025000000000000022,0.02564102564102566,0.28205128205128205,0.0,0.05128205128205121,0.02564102564102566,0.1794871794871794,0.15384615384615385,0.02564102564102566,0.02564102564102566,0.02564102564102566,0.05128205128205132,0.33333333333333337,0.1842105263157895,0.02564102564102555]","[-0.11965811965811968,-0.46153846153846156,0.050000000000000044,0.10256410256410253,-0.28205128205128205,-0.050000000000000044,0.0,-0.02564102564102566,0.10256410256410253,0.0,-0.23076923076923084,-0.07692307692307687,-0.02564102564102566,0.07692307692307687,0.3589743589743589,0.10526315789473684,0.02564102564102566,0.07692307692307687]",-0.020742740040985672,512,1125.6385560100025,1125670.84375,17.118739718000143,1108.5198162920024,65.2070480171766,75.18529152600058,3029522820131.4106,66678535820023320,48957134791816794,17721401028206526,27838726676,44716368,6400000,40000,89600616,140756984,134.23632049560547,0.29559067221741575,7550.05517578125,0.05,
spike-all,icarl,spike,1,65,resnet18_cifar,0.05,"[0.1,0.05,0.01]",last_epoch_train_mean,0.1874990588203176,0.05,0.1874990588203176,200035607460069960,44716368,18,0,0.9047872086828538,0.8284250960307298,0.08957556031859439,0.0746434336217618,-0.0746434336217618,5,0.08957556031859439,0.07692307692307687,0.08565971349779795,0.0,0.02564102564102566,0.1282051282051282,0.33333333333333337,0.8823529411764706,"[0.9914529914529915,0.9615384615384616,0.9642857142857143,0.9574468085106383,0.916058394160584,0.9171974522292994,0.9235127478753541,0.9362244897959183,0.9280742459396751,0.9234042553191489,0.9017681728880157,0.8813868613138686,0.8909710391822828,0.8674121405750799,0.837593984962406,0.8278805120910384,0.8315363881401617,0.8284250960307298]","[0.2136752136752137,0.05128205128205121,0.025000000000000022,0.1282051282051282,0.33333333333333337,0.025000000000000022,0.07692307692307687,0.07692307692307687,0.10256410256410264,0.02564102564102566,0.0,0.0,0.1282051282051282,0.02564102564102566,0.17948717948717952,0.10526315789473684,0.02564102564102566]","[-0.14529914529914534,-0.46153846153846156,0.07499999999999996,0.02564102564102566,-0.2564102564102564,0.0,-0.02564102564102566,0.0,0.05128205128205121,0.10256410256410253,-0.17948717948717952,-0.1282051282051282,-0.02564102564102566,0.10256410256410253,0.4102564102564102,0.21052631578947367,0.0,0.05128205128205121]",-0.010728120157944741,512,1125.8698211290011,1125901.751953125,17.423672314000214,1108.446148815001,65.20271463617652,75.71784455399938,3029522820131.4106,66678535820023320,48957134791816794,17721401028206526,27838726676,44716368,6400000,40000,89600616,140756984,134.23632049560547,0.29652754930325753,7550.05517578125,0.05,/nobackup/proj/disk/naiss2026-4-902/shared/yizhil/Avalanche/avalanche-master/joint_result_spike-all/icarl/order1/joint_spike_icarl__order-1__seed-065.json
spike-all,icarl,spike,1,65,resnet18_cifar,0.01,"[0.1,0.05,0.01]",last_epoch_train_mean,0.19871050306267896,0.05,0.1874990588203176,200035607460069960,44716368,18,0,0.7852436989047904,0.615877080665813,0.15528101929030722,0.14174406604747164,-0.14174406604747164,5,0.15528101929030722,0.10256410256410264,0.14734076860611275,0.0,0.02564102564102566,0.23076923076923084,0.4358974358974359,0.8823529411764706,"[0.9487179487179487,0.9423076923076923,0.9132653061224489,0.8851063829787233,0.8722627737226277,0.856687898089172,0.8271954674220963,0.8316326530612245,0.8051044083526682,0.7595744680851064,0.756385068762279,0.7463503649635036,0.7308347529812607,0.7172523961661342,0.6616541353383458,0.6415362731152204,0.6226415094339622,0.615877080665813]","[0.3589743589743589,0.3589743589743589,0.050000000000000044,0.3846153846153846,0.4358974358974359,0.025000000000000022,0.23076923076923084,0.1282051282051282,0.10256410256410264,0.23076923076923078,0.05128205128205132,0.02564102564102566,0.20512820512820518,0.0,0.025641025641025633,0.02631578947368418,0.0]","[-0.10256410256410253,-0.46153846153846156,0.125,0.10256410256410253,-0.2564102564102564,-0.025000000000000022,0.20512820512820507,0.07692307692307687,0.3076923076923076,0.48717948717948717,-0.17948717948717952,-0.1282051282051282,0.10256410256410253,0.20512820512820507,0.6923076923076923,0.5,0.4358974358974359,0.46153846153846156]",0.14159544159544157,512,1131.2342287779975,1131266.451171875,17.350129516999004,1113.8840992609985,65.52259407417638,75.06146171599903,3029522820131.4106,66678535820023320,48957134791816794,17721401028206526,27838726676,44716368,6400000,40000,89600616,140756984,134.23632049560547,0.29680668117395614,7550.05517578125,0.05,
spike-all,icarl,spike,1,67,resnet18_cifar,0.1,"[0.1,0.05,0.01]",last_epoch_train_mean,0.20348830236322843,0.05,0.18759212014383875,200035607460069960,44716368,18,0,0.9101603430341861,0.8450704225352113,0.08643989309623985,0.05023682887459977,-0.05023682887459977,9,0.08643989309623985,0.07692307692307687,0.07281661205785402,0.0,0.02631578947368418,0.1282051282051283,0.23076923076923084,0.7647058823529411,"[0.9743589743589743,0.967948717948718,0.9591836734693877,0.9191489361702128,0.9306569343065694,0.9363057324840764,0.9235127478753541,0.9336734693877551,0.9280742459396751,0.9063829787234042,0.8958742632612967,0.8941605839416058,0.9045996592844975,0.8801916932907349,0.8631578947368421,0.8634423897581792,0.8571428571428571,0.8450704225352113]","[0.1367521367521367,0.05128205128205121,0.04999999999999993,0.10256410256410253,0.23076923076923073,0.0,0.15384615384615385,0.05128205128205132,0.23076923076923084,0.10256410256410264,0.0,0.0,0.1282051282051282,0.07692307692307687,0.1282051282051283,0.02631578947368418,0.0]","[-0.05128205128205121,0.05128205128205132,0.02499999999999991,0.23076923076923073,-0.07692307692307687,0.0,0.0,0.0,0.0,0.10256410256410253,0.02564102564102566,0.05128205128205132,0.02564102564102566,-0.2564102564102564,0.07692307692307698,0.05263157894736836,0.0,0.15384615384615385]",0.02283138401559455,512,1130.5093752589983,1130541.677734375,17.4705177729993,1113.038857485999,65.47287396976465,75.05832406099944,3029522820131.4106,66678535820023320,48957134791816794,17721401028206526,27838726676,44716368,6400000,40000,89600616,140756984,134.23632049560547,0.29630703457337376,7550.05517578125,0.05,
spike-all,icarl,spike,1,67,resnet18_cifar,0.05,"[0.1,0.05,0.01]",last_epoch_train_mean,0.18759212014383875,0.05,0.18759212014383875,200035607460069960,44716368,18,0,0.8897107931723822,0.8194622279129321,0.09251078299065917,0.08199042099970892,-0.08199042099970892,5,0.09251078299065917,0.07692307692307687,0.07679506359241997,0.0,0.02564102564102566,0.1538461538461539,0.2564102564102564,0.8823529411764706,"[0.9743589743589743,0.9487179487179487,0.9489795918367347,0.9106382978723404,0.8795620437956204,0.8949044585987261,0.9178470254957507,0.9132653061224489,0.8955916473317865,0.8893617021276595,0.8939096267190569,0.8777372262773723,0.879045996592845,0.8706070287539937,0.849624060150376,0.8250355618776671,0.8261455525606469,0.8194622279129321]","[0.18803418803418803,0.10256410256410253,0.025000000000000022,0.05128205128205132,0.2564102564102564,0.0,0.17948717948717952,0.07692307692307687,0.20512820512820518,0.07692307692307698,0.02564102564102566,0.02564102564102566,0.1282051282051282,0.05128205128205132,0.1538461538461539,0.02631578947368418,0.0]","[-0.05128205128205121,0.05128205128205132,0.0,0.15384615384615385,-0.07692307692307687,0.0,-0.02564102564102566,0.02564102564102566,0.05128205128205132,0.07692307692307687,0.02564102564102566,0.05128205128205132,0.02564102564102566,-0.28205128205128205,0.0,0.10526315789473684,0.05128205128205132,0.10256410256410253]",0.015819463187884256,512,1126.1853982679968,1126217.255859375,17.190509967000253,1108.9948883009965,65.23499342947038,76.06849355099985,3029522820131.4106,66678535820023320,48957134791816794,17721401028206526,27838726676,44716368,6400000,40000,89600616,140756984,134.23632049560547,0.2966701600475314,7550.05517578125,0.05,/nobackup/proj/disk/naiss2026-4-902/shared/yizhil/Avalanche/avalanche-master/joint_result_spike-all/icarl/order1/joint_spike_icarl__order-1__seed-067.json
spike-all,icarl,spike,1,67,resnet18_cifar,0.01,"[0.1,0.05,0.01]",last_epoch_train_mean,0.1956031956864639,0.05,0.18759212014383875,200035607460069960,44716368,18,0,0.7829012216186013,0.614596670934699,0.15764203117144296,0.1546254399195576,-0.1546254399195576,5,0.15764203117144296,0.125,0.15027548955336004,0.0,0.02564102564102566,0.20512820512820518,0.46153846153846156,0.8823529411764706,"[0.9230769230769231,0.9358974358974359,0.9132653061224489,0.8893617021276595,0.8686131386861314,0.8598726114649682,0.8271954674220963,0.8341836734693877,0.7981438515081206,0.7617021276595745,0.7524557956777996,0.7390510948905109,0.7393526405451448,0.7124600638977636,0.6631578947368421,0.635846372688478,0.623989218328841,0.614596670934699]","[0.3504273504273505,0.3846153846153846,0.025000000000000022,0.41025641025641024,0.46153846153846156,0.125,0.20512820512820518,0.10256410256410264,0.1282051282051283,0.17948717948717952,0.02564102564102566,0.02564102564102566,0.17948717948717952,0.0,0.051282051282051294,0.0,0.02564102564102566]","[0.0,0.02564102564102566,0.09999999999999998,0.07692307692307687,-0.10256410256410253,0.025000000000000022,0.23076923076923073,0.10256410256410253,0.23076923076923073,0.5128205128205128,0.07692307692307698,0.0,0.1282051282051282,-0.10256410256410253,0.4871794871794872,0.34210526315789475,0.2564102564102564,0.33333333333333326]",0.15130641775378617,512,1116.7277451049958,1116759.693359375,16.529488766002032,1100.1982563389938,64.71754449052905,74.46273142700011,3029522820131.4106,66678535820023320,48957134791816794,17721401028206526,27838726676,44716368,6400000,40000,89600616,140756984,134.23632049560547,0.29608168372594174,7550.05517578125,0.05,
spike-all,icarl,spike,1,69,resnet18_cifar,0.1,"[0.1,0.05,0.01]",last_epoch_train_mean,0.2006128372099597,0.05,0.18327171053118532,200035607460069960,44716368,18,0,0.8905912948855781,0.8335467349551856,0.08991955756661639,0.07181802545579635,-0.07181802545579635,7,0.08991955756661639,0.10256410256410253,0.07383046532666004,0.0,0.02499999999999991,0.14529914529914523,0.20512820512820518,0.7647058823529411,"[0.9487179487179487,0.9294871794871795,0.9489795918367347,0.9106382978723404,0.8905109489051095,0.8949044585987261,0.9065155807365439,0.9030612244897959,0.8955916473317865,0.902127659574468,0.8899803536345776,0.8740875912408759,0.879045996592845,0.8769968051118211,0.8616541353383459,0.8492176386913229,0.8355795148247979,0.8335467349551856]","[0.14529914529914523,0.05128205128205121,0.02499999999999991,0.1282051282051282,0.20512820512820507,0.025000000000000022,0.20512820512820518,0.05128205128205132,0.1794871794871794,0.1282051282051283,0.10256410256410253,0.0,0.0,0.10256410256410253,0.17948717948717952,0.0,0.0]","[-0.05128205128205121,0.0,0.02499999999999991,0.17948717948717952,0.02564102564102566,-0.17500000000000004,0.0,0.02564102564102566,0.15384615384615385,0.07692307692307687,-0.3076923076923077,-0.02564102564102555,0.05128205128205121,-0.07692307692307687,0.10256410256410253,0.1842105263157895,0.02564102564102566,-0.07692307692307698]",0.0075985904933273335,512,1115.6467607100094,1115678.337890625,17.157328769000742,1098.4894319410087,64.61702540829462,74.03527582400056,3029522820131.4106,66678535820023320,48957134791816794,17721401028206526,27838726676,44716368,6400000,40000,89600616,140756984,134.23632049560547,0.2960018335567551,7550.05517578125,0.05,
spike-all,icarl,spike,1,69,resnet18_cifar,0.05,"[0.1,0.05,0.01]",last_epoch_train_mean,0.18327171053118532,0.05,0.18327171053118532,200035607460069960,44716368,18,0,0.9149958180753589,0.8476312419974392,0.09100248736471646,0.08342131724484665,-0.08342131724484665,5,0.09100248736471646,0.07692307692307687,0.09539719806044732,0.0,0.025000000000000022,0.13675213675213682,0.3589743589743589,0.7647058823529411,"[0.9658119658119658,0.9743589743589743,0.9744897959183674,0.9702127659574468,0.927007299270073,0.9235668789808917,0.9405099150141643,0.9489795918367347,0.9396751740139211,0.9212765957446809,0.9155206286836935,0.8923357664233577,0.9045996592844975,0.8865814696485623,0.8556390977443609,0.8421052631578947,0.839622641509434,0.8476312419974392]","[0.13675213675213682,0.0,0.0,0.15384615384615385,0.3589743589743589,0.025000000000000022,0.15384615384615385,0.07692307692307687,0.1282051282051282,0.1282051282051282,0.02564102564102566,0.0,0.07692307692307687,0.02564102564102555,0.23076923076923078,0.026315789473684292,0.0]","[-0.06837606837606836,0.0,0.0,0.0,0.02564102564102566,-0.17500000000000004,0.02564102564102566,0.0,0.05128205128205121,0.1282051282051282,-0.35897435897435903,-0.07692307692307687,0.02564102564102566,-0.05128205128205121,0.10256410256410253,0.23684210526315796,0.02564102564102566,-0.1282051282051282]",-0.013183510771230065,512,1112.5776951629996,1112609.6015625,17.0526454940009,1095.5250496689987,64.44264998052934,74.03001683600087,3029522820131.4106,66678535820023320,48957134791816794,17721401028206526,27838726676,44716368,6400000,40000,89600616,140756984,134.23632049560547,0.2952152125441029,7550.05517578125,0.05,/nobackup/proj/disk/naiss2026-4-902/shared/yizhil/Avalanche/avalanche-master/joint_result_spike-all/icarl/order1/joint_spike_icarl__order-1__seed-069.json
spike-all,icarl,spike,1,69,resnet18_cifar,0.01,"[0.1,0.05,0.01]",last_epoch_train_mean,0.19928887736074685,0.05,0.18327171053118532,200035607460069960,44716368,18,0,0.7798502207532971,0.617157490396927,0.1530040221216692,0.1434891905480141,-0.1434891905480141,4,0.1530040221216692,0.09999999999999998,0.14839970439704525,0.0,0.02564102564102566,0.3076923076923077,0.4102564102564103,0.8823529411764706,"[0.9316239316239316,0.9487179487179487,0.923469387755102,0.8936170212765957,0.8613138686131386,0.8471337579617835,0.8413597733711048,0.8443877551020408,0.7888631090487239,0.7446808510638298,0.7485265225933202,0.7244525547445255,0.7359454855195912,0.6932907348242812,0.649624060150376,0.6258890469416786,0.6172506738544474,0.617157490396927]","[0.3504273504273504,0.3076923076923077,0.09999999999999998,0.4102564102564103,0.41025641025641024,0.125,0.35897435897435903,0.05128205128205132,0.05128205128205132,0.17948717948717952,0.02564102564102566,0.02564102564102566,0.15384615384615385,0.02564102564102566,0.02564102564102566,0.0,0.0]","[-0.03418803418803418,-0.02564102564102566,0.04999999999999993,0.15384615384615385,0.02564102564102566,-0.125,0.10256410256410253,0.10256410256410253,0.3846153846153846,0.5641025641025641,-0.23076923076923073,-0.07692307692307687,0.10256410256410253,0.20512820512820518,0.5897435897435898,0.5263157894736843,0.3076923076923077,0.20512820512820507]",0.15707689808567002,512,1113.3641480299957,1113395.9609375,17.051654649996635,1096.312493379999,64.48897019882348,74.28314379199946,3029522820131.4106,66678535820023320,48957134791816794,17721401028206526,27838726676,44716368,6400000,40000,89600616,140756984,134.23632049560547,0.29597938540619684,7550.05517578125,0.05,
spike-all,icarl,spike,1,71,resnet18_cifar,0.1,"[0.1,0.05,0.01]",last_epoch_train_mean,0.20584960866586746,0.05,0.186690378008425,200035607460069960,44716368,18,0,0.905053281108834,0.8463508322663252,0.07750919531105287,0.06548053769415997,-0.06548053769415997,5,0.07750919531105287,0.07692307692307687,0.050722850434583376,0.02499999999999991,0.02564102564102566,0.10256410256410253,0.20512820512820507,1.0,"[0.9829059829059829,0.9551282051282052,0.9489795918367347,0.9404255319148936,0.9124087591240876,0.9012738853503185,0.9065155807365439,0.9158163265306123,0.9118329466357309,0.9127659574468086,0.9115913555992141,0.8996350364963503,0.8841567291311755,0.889776357827476,0.8646616541353384,0.8563300142247511,0.8504043126684636,0.8463508322663252]","[0.16239316239316237,0.02564102564102566,0.02499999999999991,0.07692307692307687,0.20512820512820507,0.025000000000000022,0.10256410256410253,0.07692307692307687,0.1282051282051282,0.07692307692307698,0.10256410256410253,0.02564102564102555,0.05128205128205121,0.05128205128205121,0.051282051282051266,0.10526315789473684,0.02564102564102566]","[-0.042735042735042694,-0.48717948717948717,-0.1499999999999999,0.02564102564102566,0.02564102564102566,-0.5,0.07692307692307687,0.0,0.10256410256410253,0.02564102564102555,-0.07692307692307687,-0.20512820512820518,-0.6923076923076923,0.10256410256410253,0.33333333333333337,-0.052631578947368474,-0.02564102564102566,-0.07692307692307698]",-0.0898423051931824,512,1112.9379784989906,1112969.658203125,16.75435722799739,1096.1836212709932,64.48138948652901,74.59501968900076,3029522820131.4106,66678535820023320,48957134791816794,17721401028206526,27838726676,44716368,6400000,40000,89600616,140756984,134.23632049560547,0.2959533367372996,7550.05517578125,0.05,
spike-all,icarl,spike,1,71,resnet18_cifar,0.05,"[0.1,0.05,0.01]",last_epoch_train_mean,0.186690378008425,0.05,0.186690378008425,200035607460069960,44716368,18,0,0.9000183295156189,0.8297055057618438,0.07843534174803522,0.06339009287925694,-0.06339009287925694,5,0.07843534174803522,0.05128205128205132,0.0700667015703242,0.0,0.02564102564102566,0.10256410256410253,0.23076923076923073,0.8235294117647058,"[0.9914529914529915,0.9551282051282052,0.9591836734693877,0.9404255319148936,0.9051094890510949,0.910828025477707,0.9150141643059491,0.9260204081632653,0.9118329466357309,0.902127659574468,0.8958742632612967,0.8886861313868614,0.8909710391822828,0.8674121405750799,0.8541353383458646,0.8221906116642959,0.8342318059299192,0.8297055057618438]","[0.15384615384615385,0.05128205128205121,0.04999999999999993,0.05128205128205132,0.23076923076923073,0.0,0.1794871794871794,0.10256410256410253,0.20512820512820507,0.02564102564102566,0.0,0.0,0.07692307692307687,0.02564102564102566,0.07692307692307693,0.05263157894736836,0.05128205128205121]","[-0.05128205128205132,-0.43589743589743596,-0.1499999999999999,0.1282051282051282,0.02564102564102566,-0.525,0.05128205128205132,0.02564102564102566,0.15384615384615385,0.07692307692307687,0.0,-0.3076923076923077,-0.6923076923076923,0.10256410256410253,0.4102564102564103,0.07894736842105265,0.0,-0.10256410256410264]",-0.0673020692757535,512,1113.7467170290038,1113786.080078125,16.8157477700006,1096.9309692590032,64.52535113288253,74.43623602200023,3029522820131.4106,66678535820023320,48957134791816794,17721401028206526,27838726676,44716368,6400000,40000,89600616,140756984,134.23632049560547,0.2959629577518904,7550.05517578125,0.05,/nobackup/proj/disk/naiss2026-4-902/shared/yizhil/Avalanche/avalanche-master/joint_result_spike-all/icarl/order1/joint_spike_icarl__order-1__seed-071.json
spike-all,icarl,spike,1,71,resnet18_cifar,0.01,"[0.1,0.05,0.01]",last_epoch_train_mean,0.20095849113020836,0.05,0.186690378008425,200035607460069960,44716368,18,0,0.7643387388015329,0.6017925736235595,0.15578378449895477,0.13938106956682805,-0.13938106956682805,5,0.15578378449895477,0.10256410256410264,0.14732367594696008,0.0,0.02564102564102566,0.2564102564102564,0.48717948717948717,0.8823529411764706,"[0.9401709401709402,0.9230769230769231,0.8826530612244898,0.851063829787234,0.8394160583941606,0.8152866242038217,0.8101983002832861,0.8086734693877551,0.7795823665893271,0.7297872340425532,0.7387033398821218,0.7208029197080292,0.7189097103918228,0.707667731629393,0.6541353383458647,0.6216216216216216,0.6145552560646901,0.6017925736235595]","[0.3931623931623931,0.3589743589743589,0.0,0.2564102564102564,0.48717948717948717,0.07499999999999996,0.2820512820512821,0.1282051282051282,0.10256410256410264,0.17948717948717946,0.07692307692307687,0.02564102564102566,0.20512820512820518,0.0,0.02564102564102566,0.02631578947368418,0.025641025641025605]","[0.0,-0.4615384615384615,-0.02499999999999991,0.15384615384615385,0.02564102564102566,-0.375,0.23076923076923073,0.10256410256410253,0.3846153846153846,0.5384615384615384,0.02564102564102566,-0.33333333333333337,-0.5897435897435898,0.17948717948717952,0.6153846153846154,0.34210526315789475,0.46153846153846156,0.20512820512820507]",0.08225371120107962,512,1112.6006780600037,1112632.333984375,16.56400827899779,1096.036669781006,64.47274528123565,74.067763482999,3029522820131.4106,66678535820023320,48957134791816794,17721401028206526,27838726676,44716368,6400000,40000,89600616,140756984,134.23632049560547,0.29589008066577244,7550.05517578125,0.05,
spike-all,icarl,spike,2,63,resnet18_cifar,0.1,"[0.1,0.05,0.01]",last_epoch_train_mean,0.19537005283555628,0.05,0.17280730944383701,200109355371942969,44716368,18,0,0.8916916487560749,0.8412291933418694,0.07143730171113538,0.04440110261611276,-0.04440110261611276,6,0.07143730171113538,0.05128205128205121,0.06396684520364353,0.0,0.02564102564102566,0.07692307692307687,0.2564102564102564,0.9411764705882353,"[0.9224137931034483,0.9225806451612903,0.9282051282051282,0.9316239316239316,0.9304029304029304,0.9198717948717948,0.9147727272727273,0.9053708439897699,0.8976744186046511,0.908315565031983,0.8956692913385826,0.8555758683729433,0.8617747440273038,0.8544,0.8659638554216867,0.8563300142247511,0.8382749326145552,0.8412291933418694]","[0.1637931034482759,0.02564102564102566,0.0,0.05128205128205121,0.02564102564102555,0.2564102564102564,0.025000000000000022,0.02564102564102566,0.15384615384615385,0.05128205128205121,0.02564102564102566,0.07692307692307687,0.05128205128205132,0.10256410256410264,0.02564102564102566,0.07692307692307687,0.07692307692307687]","[0.025862068965517238,0.07692307692307687,0.09999999999999998,0.05128205128205121,0.0,-0.05128205128205132,0.09999999999999998,-0.05128205128205132,0.1282051282051282,-0.02564102564102566,0.07692307692307687,0.0,-0.02564102564102566,0.17948717948717952,-0.05128205128205121,0.20512820512820518,-0.02564102564102566,-0.05128205128205121]",0.03676441693683072,512,1290.341437551011,1290378.142578125,17.000194800999452,1273.3412427500116,74.90242604411833,78.77890671700152,3029472736909.8535,66703118457314323,48975524949342754,17727593507971569,27838726676,44716368,6400000,40000,89600616,140756984,134.23632049560547,0.2949700614636604,7549.49169921875,0.05,
spike-all,icarl,spike,2,63,resnet18_cifar,0.05,"[0.1,0.05,0.01]",last_epoch_train_mean,0.17280730944383701,0.05,0.17280730944383701,200109355371942969,44716368,18,0,0.8808363041578894,0.8156209987195903,0.06744551932178706,0.058395745566130974,-0.058395745566130974,6,0.06744551932178706,0.05128205128205121,0.07218743132947797,0.0,0.0,0.10256410256410264,0.23076923076923073,0.7058823529411765,"[0.9310344827586207,0.9419354838709677,0.9487179487179487,0.9529914529914529,0.9340659340659341,0.907051282051282,0.90625,0.9002557544757033,0.8906976744186047,0.8805970149253731,0.8740157480314961,0.8244972577696527,0.8361774744027304,0.832,0.8328313253012049,0.8349928876244666,0.8113207547169812,0.8156209987195903]","[0.22413793103448276,0.1282051282051282,0.025000000000000022,0.0,0.0,0.23076923076923073,0.0,0.02564102564102566,0.10256410256410264,0.0,0.0,0.05128205128205121,0.07692307692307698,0.02564102564102566,0.05128205128205132,0.1282051282051282,0.07692307692307687]","[0.017241379310344862,0.0,0.025000000000000022,0.02564102564102566,0.02564102564102566,0.0,0.09999999999999998,-0.05128205128205132,0.20512820512820507,-0.02564102564102566,0.10256410256410253,0.05128205128205132,0.0,0.15384615384615385,0.02564102564102566,0.1282051282051282,0.02564102564102566,0.02564102564102566]",0.046363837312113174,512,1114.1671029549943,1114206.404296875,17.025976896999055,1097.1411260579953,64.53771329752914,74.5328891829995,3029472736909.8535,66703118457314323,48975524949342754,17727593507971569,27838726676,44716368,6400000,40000,89600616,140756984,134.23632049560547,0.2971491869289348,7549.49169921875,0.05,/nobackup/proj/disk/naiss2026-4-902/shared/yizhil/Avalanche/avalanche-master/joint_result_spike-all/icarl/order2/joint_spike_icarl__order-2__seed-063.json
spike-all,icarl,spike,2,63,resnet18_cifar,0.01,"[0.1,0.05,0.01]",last_epoch_train_mean,0.18684224972621205,0.05,0.17280730944383701,200109355371942969,44716368,18,0,0.7620563240006626,0.5979513444302177,0.11007697508711707,0.09503172621833879,-0.09503172621833879,1,0.11007697508711707,0.051282051282051266,0.13980044959580262,0.0,0.0,0.15384615384615385,0.5431034482758621,0.7058823529411765,"[0.9224137931034483,0.9032258064516129,0.8974358974358975,0.9017094017094017,0.8608058608058609,0.8173076923076923,0.7869318181818182,0.7979539641943734,0.7581395348837209,0.7526652452025586,0.7322834645669292,0.7129798903107861,0.689419795221843,0.68,0.6626506024096386,0.6258890469416786,0.6172506738544474,0.5979513444302177]","[0.5431034482758621,0.28205128205128205,0.1499999999999999,0.10256410256410253,0.1794871794871794,0.2564102564102564,0.050000000000000044,0.0,0.0,0.02564102564102566,0.0,0.02564102564102566,0.15384615384615385,0.051282051282051266,0.05128205128205132,0.0,0.0]","[0.025862068965517238,0.02564102564102566,0.050000000000000044,0.07692307692307687,0.17948717948717952,-0.02564102564102566,0.22499999999999998,-0.02564102564102566,0.5128205128205128,0.05128205128205132,0.3589743589743589,0.17948717948717952,0.15384615384615385,0.48717948717948717,0.35897435897435903,0.6153846153846154,0.23076923076923073,0.43589743589743596]",0.21756926024167403,512,1112.754070537987,1112785.75390625,16.928531318997557,1095.8255392189894,64.46032583641114,74.24529021200215,3029472736909.8535,66703118457314323,48975524949342754,17727593507971569,27838726676,44716368,6400000,40000,89600616,140756984,134.23632049560547,0.2964257656853132,7549.49169921875,0.05,
spike-all,icarl,spike,2,65,resnet18_cifar,0.1,"[0.1,0.05,0.01]",last_epoch_train_mean,0.1915747158191426,0.05,0.17458722882803696,200109355371942969,44716368,18,0,0.8920579571527448,0.8425096030729834,0.06668617048941594,0.05024574816664069,-0.05024574816664069,6,0.06668617048941594,0.05128205128205132,0.06230869680152199,0.0,0.02564102564102566,0.07692307692307698,0.23076923076923073,0.7647058823529411,"[0.9224137931034483,0.9354838709677419,0.9333333333333333,0.9401709401709402,0.9340659340659341,0.9134615384615384,0.9090909090909091,0.9104859335038363,0.8906976744186047,0.8912579957356077,0.889763779527559,0.8610603290676416,0.8703071672354948,0.8704,0.8554216867469879,0.8421052631578947,0.8450134770889488,0.8425096030729834]","[0.1637931034482759,0.02564102564102566,0.050000000000000044,0.0,0.0,0.23076923076923073,0.125,0.02564102564102566,0.07692307692307687,0.07692307692307698,0.05128205128205132,0.0,0.05128205128205132,0.07692307692307698,0.0,0.1282051282051282,0.05128205128205132]","[-0.008620689655172376,-0.28205128205128205,0.050000000000000044,0.10256410256410253,0.07692307692307687,-0.1282051282051282,0.04999999999999993,0.0,0.0,-0.1282051282051283,0.05128205128205121,0.05128205128205132,0.02564102564102566,-0.10256410256410264,0.07692307692307687,-0.05128205128205121,-0.5641025641025641,-0.4871794871794872]",-0.07042194714608509,512,1112.1130875389936,1112144.775390625,16.915312150998943,1095.1977753879946,64.42339855223497,73.89972924999893,3029472736909.8535,66703118457314323,48975524949342754,17727593507971569,27838726676,44716368,6400000,40000,89600616,140756984,134.23632049560547,0.2968107951224335,7549.49169921875,0.05,
spike-all,icarl,spike,2,65,resnet18_cifar,0.05,"[0.1,0.05,0.01]",last_epoch_train_mean,0.17458722882803696,0.05,0.17458722882803696,200109355371942969,44716368,18,0,0.868279585361725,0.8092189500640204,0.07231367348000207,0.055253029593800386,-0.055253029593800386,1,0.07231367348000207,0.07500000000000007,0.06380115051699926,0.0,0.02564102564102566,0.10256410256410253,0.2068965517241379,0.8235294117647058,"[0.9137931034482759,0.9354838709677419,0.9333333333333333,0.9273504273504274,0.9120879120879121,0.8974358974358975,0.8977272727272727,0.8721227621483376,0.8651162790697674,0.8614072494669509,0.8543307086614174,0.8281535648994516,0.8242320819112628,0.8192,0.8358433734939759,0.833570412517781,0.8086253369272237,0.8092189500640204]","[0.2068965517241379,0.02564102564102566,0.04999999999999993,0.02564102564102555,0.0,0.20512820512820507,0.07500000000000007,0.02564102564102566,0.10256410256410264,0.07692307692307698,0.10256410256410253,0.07692307692307687,0.02564102564102566,0.07692307692307698,0.0,0.15384615384615374,0.0]","[0.0,-0.2564102564102564,0.025000000000000022,0.07692307692307687,0.10256410256410253,-0.10256410256410253,0.07499999999999996,0.0,0.02564102564102555,-0.07692307692307698,0.10256410256410253,0.07692307692307698,0.15384615384615385,0.0,0.05128205128205132,-0.05128205128205121,-0.5384615384615384,-0.4358974358974359]",-0.04287749287749288,512,1113.7667942549997,1113798.314453125,17.05714931699913,1096.7096449380006,64.5123320551765,73.9017269979995,3029472736909.8535,66703118457314323,48975524949342754,17727593507971569,27838726676,44716368,6400000,40000,89600616,140756984,134.23632049560547,0.29686042508611243,7549.49169921875,0.05,/nobackup/proj/disk/naiss2026-4-902/shared/yizhil/Avalanche/avalanche-master/joint_result_spike-all/icarl/order2/joint_spike_icarl__order-2__seed-065.json
spike-all,icarl,spike,2,65,resnet18_cifar,0.01,"[0.1,0.05,0.01]",last_epoch_train_mean,0.1867639950542525,0.05,0.17458722882803696,200109355371942969,44716368,18,0,0.7628887698373331,0.6069142125480154,0.1096452904769335,0.09460004160815522,-0.09460004160815522,1,0.1096452904769335,0.07692307692307687,0.13690880712541953,0.0,0.0,0.1282051282051282,0.5344827586206897,0.7058823529411765,"[0.9224137931034483,0.9032258064516129,0.8974358974358975,0.905982905982906,0.8534798534798534,0.8205128205128205,0.7954545454545454,0.7928388746803069,0.7627906976744186,0.7590618336886994,0.7204724409448819,0.7093235831809872,0.6945392491467577,0.6736,0.6626506024096386,0.6273115220483642,0.623989218328841,0.6069142125480154]","[0.5344827586206897,0.28205128205128205,0.09999999999999998,0.15384615384615385,0.07692307692307698,0.28205128205128205,0.04999999999999993,0.0,0.10256410256410259,0.0,0.0,0.0,0.1282051282051282,0.02564102564102566,0.07692307692307687,0.05128205128205132,0.0]","[-0.008620689655172376,-0.2564102564102564,0.050000000000000044,0.10256410256410253,0.23076923076923073,-0.1282051282051282,0.1499999999999999,0.02564102564102566,0.3589743589743589,0.0,0.33333333333333326,0.23076923076923084,0.20512820512820518,0.33333333333333326,0.3589743589743589,0.4358974358974359,-0.3846153846153846,-0.07692307692307687]",0.10892278219864426,512,1115.1169722010018,1115154.314453125,17.019308868002554,1098.0976633329992,64.59398019605878,74.3321400829991,3029472736909.8535,66703118457314323,48975524949342754,17727593507971569,27838726676,44716368,6400000,40000,89600616,140756984,134.23632049560547,0.296661886021378,7549.49169921875,0.05,
spike-all,icarl,spike,2,67,resnet18_cifar,0.1,"[0.1,0.05,0.01]",last_epoch_train_mean,0.20305061370672203,0.05,0.1755810882594507,200109355371942969,44716368,18,0,0.8853139198467436,0.8450704225352113,0.0719183960056171,0.05540255890154471,-0.05540255890154471,6,0.0719183960056171,0.07692307692307687,0.058789297456369856,0.0,0.025000000000000022,0.12068965517241381,0.20512820512820518,0.7647058823529411,"[0.9137931034482759,0.9225806451612903,0.9384615384615385,0.9401709401709402,0.9120879120879121,0.9038461538461539,0.9034090909090909,0.8951406649616368,0.8860465116279069,0.8891257995735607,0.8740157480314961,0.8628884826325411,0.8668941979522184,0.8624,0.8448795180722891,0.8392603129445235,0.8355795148247979,0.8450704225352113]","[0.12068965517241381,0.10256410256410253,0.0,0.02564102564102566,0.0,0.20512820512820518,0.025000000000000022,0.02564102564102566,0.1282051282051282,0.07692307692307687,0.07692307692307687,0.07692307692307687,0.1282051282051283,0.1282051282051283,0.0,0.10256410256410253,0.0]","[0.04310344827586199,-0.9743589743589743,0.025000000000000022,0.02564102564102566,0.10256410256410253,0.10256410256410253,0.050000000000000044,0.02564102564102566,-0.07692307692307687,-0.07692307692307687,0.15384615384615385,0.02564102564102566,-0.2564102564102565,0.02564102564102555,-0.10256410256410253,0.17948717948717952,0.02564102564102566,-0.38461538461538464]",-0.06039026426957461,512,1114.672631669,1114704.638671875,17.027431459999207,1097.645200209001,64.56736471817652,74.74992255799953,3029472736909.8535,66703118457314323,48975524949342754,17727593507971569,27838726676,44716368,6400000,40000,89600616,140756984,134.23632049560547,0.29483712160363307,7549.49169921875,0.05,
spike-all,icarl,spike,2,67,resnet18_cifar,0.05,"[0.1,0.05,0.01]",last_epoch_train_mean,0.1755810882594507,0.05,0.1755810882594507,200109355371942969,44716368,18,0,0.8678000079461307,0.8207426376440461,0.07835855827742237,0.052717532636396724,-0.052717532636396724,16,0.07835855827742237,0.02564102564102566,0.08955290863263221,0.0,0.02564102564102555,0.07692307692307698,0.3076923076923077,0.8235294117647058,"[0.9310344827586207,0.8838709677419355,0.9230769230769231,0.9316239316239316,0.9047619047619048,0.8685897435897436,0.8721590909090909,0.8695652173913043,0.8674418604651163,0.8699360341151386,0.8641732283464567,0.8482632541133455,0.8447098976109215,0.8336,0.8448795180722891,0.829302987197724,0.8126684636118598,0.8207426376440461]","[0.15517241379310343,0.05128205128205132,0.07499999999999996,0.02564102564102566,0.02564102564102555,0.1794871794871794,0.025000000000000022,0.02564102564102566,0.2564102564102564,0.0,0.07692307692307698,0.07692307692307687,0.0,0.0,0.02564102564102566,0.3076923076923077,0.02564102564102566]","[0.025862068965517238,-0.8205128205128205,-0.025000000000000022,0.05128205128205132,0.17948717948717952,0.15384615384615385,0.025000000000000022,0.0,-0.05128205128205121,-0.02564102564102566,0.15384615384615385,0.07692307692307698,-0.20512820512820518,0.1794871794871794,-0.07692307692307687,0.1282051282051282,0.0,-0.358974358974359]",-0.03275125257883878,512,1113.8223619599958,1113854.69140625,17.0302191679948,1096.792142792001,64.5171848701177,74.56567457600613,3029472736909.8535,66703118457314323,48975524949342754,17727593507971569,27838726676,44716368,6400000,40000,89600616,140756984,134.23632049560547,0.295173757999185,7549.49169921875,0.05,/nobackup/proj/disk/naiss2026-4-902/shared/yizhil/Avalanche/avalanche-master/joint_result_spike-all/icarl/order2/joint_spike_icarl__order-2__seed-067.json
spike-all,icarl,spike,2,67,resnet18_cifar,0.01,"[0.1,0.05,0.01]",last_epoch_train_mean,0.18509822699109033,0.05,0.1755810882594507,200109355371942969,44716368,18,0,0.7604791118757923,0.6120358514724712,0.11304285639985437,0.09946819576637023,-0.09946819576637023,1,0.11304285639985437,0.05128205128205132,0.12544400527675476,0.0,0.04999999999999993,0.15384615384615385,0.5172413793103449,0.8235294117647058,"[0.9224137931034483,0.8903225806451613,0.9025641025641026,0.8931623931623932,0.8644688644688645,0.8044871794871795,0.7954545454545454,0.7928388746803069,0.7581395348837209,0.7505330490405118,0.7244094488188977,0.70018281535649,0.6825938566552902,0.6752,0.6671686746987951,0.6273115220483642,0.6253369272237197,0.6120358514724712]","[0.5172413793103449,0.15384615384615385,0.17499999999999993,0.10256410256410253,0.10256410256410264,0.28205128205128205,0.04999999999999993,0.0,0.05128205128205132,0.05128205128205121,0.0,0.02564102564102566,0.17948717948717952,0.1282051282051282,0.05128205128205132,0.05128205128205132,0.0]","[0.03448275862068961,-0.9230769230769231,0.0,0.10256410256410253,0.23076923076923073,0.1282051282051282,0.10000000000000009,0.02564102564102566,0.28205128205128205,0.07692307692307698,0.3846153846153846,0.20512820512820518,-0.05128205128205132,0.28205128205128205,0.35897435897435903,0.6666666666666666,0.15384615384615385,0.0]",0.11430887120542294,512,1115.019459151983,1115051.751953125,16.91280031700444,1098.1066588349786,64.59450934323404,73.84754162000172,3029472736909.8535,66703118457314323,48975524949342754,17727593507971569,27838726676,44716368,6400000,40000,89600616,140756984,134.23632049560547,0.295142891197677,7549.49169921875,0.05,
spike-all,icarl,spike,2,69,resnet18_cifar,0.1,"[0.1,0.05,0.01]",last_epoch_train_mean,0.19988444727474428,0.05,0.17639560305178578,200109355371942969,44716368,18,0,0.8887809271627318,0.8361075544174136,0.08988011650283456,0.0778137514952931,-0.0778137514952931,16,0.08988011650283456,0.07692307692307687,0.066090929568733,0.0,0.02564102564102566,0.14655172413793105,0.20512820512820518,0.8823529411764706,"[0.9224137931034483,0.9225806451612903,0.9435897435897436,0.9401709401709402,0.9267399267399268,0.9038461538461539,0.9090909090909091,0.8925831202046036,0.8883720930232558,0.8997867803837953,0.8976377952755905,0.8464351005484461,0.8617747440273038,0.8576,0.8509036144578314,0.8520625889046942,0.8463611859838275,0.8361075544174136]","[0.14655172413793105,0.17948717948717952,0.025000000000000022,0.07692307692307687,0.02564102564102555,0.17948717948717952,0.09999999999999998,0.02564102564102566,0.17948717948717952,0.10256410256410264,0.10256410256410264,0.07692307692307687,0.07692307692307687,0.0,0.02564102564102566,0.20512820512820518,0.0]","[0.008620689655172376,0.02564102564102566,0.025000000000000022,0.05128205128205132,0.1282051282051282,0.0,0.050000000000000044,0.0,-0.05128205128205132,-0.05128205128205132,0.07692307692307687,0.1282051282051282,0.05128205128205121,0.02564102564102555,-0.05128205128205121,-0.02564102564102566,0.0,-0.1794871794871794]",0.011768100992238918,512,1111.579308615008,1111611.384765625,16.90588987699448,1094.6734187380134,64.39255404341256,74.03271329799463,3029472736909.8535,66703118457314323,48975524949342754,17727593507971569,27838726676,44716368,6400000,40000,89600616,140756984,134.23632049560547,0.29540151216715177,7549.49169921875,0.05,
spike-all,icarl,spike,2,69,resnet18_cifar,0.05,"[0.1,0.05,0.01]",last_epoch_train_mean,0.17639560305178578,0.05,0.17639560305178578,200109355371942969,44716368,18,0,0.8716555610024747,0.8015364916773368,0.0799942788786602,0.06641961824517605,-0.06641961824517605,1,0.0799942788786602,0.05128205128205132,0.07592946454339393,0.0,0.02564102564102566,0.1282051282051282,0.2586206896551724,0.7647058823529411,"[0.9310344827586207,0.9419354838709677,0.9384615384615385,0.9358974358974359,0.9010989010989011,0.9038461538461539,0.9034090909090909,0.8900255754475703,0.8674418604651163,0.8720682302771855,0.8464566929133859,0.8281535648994516,0.8293515358361775,0.8272,0.8328313253012049,0.8250355618776671,0.8140161725067385,0.8015364916773368]","[0.2586206896551724,0.10256410256410253,0.0,0.10256410256410253,0.05128205128205132,0.20512820512820507,0.050000000000000044,0.02564102564102566,0.15384615384615385,0.02564102564102566,0.1282051282051282,0.0,0.07692307692307687,0.15384615384615385,0.0,0.02564102564102566,0.0]","[0.0,0.0,0.050000000000000044,0.05128205128205132,0.20512820512820518,0.0,0.07499999999999996,0.0,0.02564102564102555,0.02564102564102566,0.1282051282051282,0.1794871794871794,0.17948717948717952,0.0,-0.07692307692307687,0.1282051282051282,0.02564102564102566,-0.10256410256410253]",0.04967948717948718,512,1112.2738899609758,1112306.11328125,17.02670759299508,1095.2471823679807,64.42630484517534,73.93955587399978,3029472736909.8535,66703118457314323,48975524949342754,17727593507971569,27838726676,44716368,6400000,40000,89600616,140756984,134.23632049560547,0.29489922789219114,7549.49169921875,0.05,/nobackup/proj/disk/naiss2026-4-902/shared/yizhil/Avalanche/avalanche-master/joint_result_spike-all/icarl/order2/joint_spike_icarl__order-2__seed-069.json
spike-all,icarl,spike,2,69,resnet18_cifar,0.01,"[0.1,0.05,0.01]",last_epoch_train_mean,0.18772643796965127,0.05,0.17639560305178578,200109355371942969,44716368,18,0,0.7578550325013302,0.5966709346991037,0.1227765642065845,0.11071019919904301,-0.11071019919904301,1,0.1227765642065845,0.10256410256410264,0.14523532898226696,0.0,0.0,0.20512820512820507,0.5775862068965517,0.7058823529411765,"[0.9224137931034483,0.8903225806451613,0.9025641025641026,0.905982905982906,0.8608058608058609,0.8012820512820513,0.7698863636363636,0.7902813299232737,0.7558139534883721,0.7484008528784648,0.7263779527559056,0.7093235831809872,0.6928327645051194,0.6768,0.661144578313253,0.615931721194879,0.6145552560646901,0.5966709346991037]","[0.5775862068965517,0.28205128205128205,0.125,0.20512820512820507,0.10256410256410264,0.23076923076923073,0.0,0.0,0.0,0.05128205128205121,0.02564102564102566,0.0,0.20512820512820518,0.15384615384615385,0.10256410256410264,0.02564102564102566,0.0]","[0.008620689655172376,0.07692307692307687,0.050000000000000044,0.10256410256410253,0.2564102564102564,0.02564102564102566,0.19999999999999996,0.02564102564102566,0.3589743589743589,0.07692307692307698,0.3846153846153846,0.3076923076923077,0.20512820512820507,0.28205128205128205,0.2564102564102564,0.6153846153846154,0.1282051282051282,0.23076923076923084]",0.1995530012771392,512,1112.170040763005,1112202.265625,16.706353571004,1095.463687192001,64.43904042305888,73.9672029430003,3029472736909.8535,66703118457314323,48975524949342754,17727593507971569,27838726676,44716368,6400000,40000,89600616,140756984,134.23632049560547,0.2951484250804921,7549.49169921875,0.05,
spike-all,icarl,spike,2,71,resnet18_cifar,0.1,"[0.1,0.05,0.01]",last_epoch_train_mean,0.20510654913391685,0.05,0.1747177889340457,200109355371942969,44716368,18,0,0.8696124711412614,0.8271446862996159,0.07946117439018047,0.041791491132261924,-0.041791491132261924,6,0.07946117439018047,0.07692307692307687,0.07129585382156776,0.0,0.025000000000000022,0.1282051282051283,0.23076923076923073,0.8235294117647058,"[0.9310344827586207,0.864516129032258,0.8871794871794871,0.8974358974358975,0.8791208791208791,0.8846153846153846,0.8892045454545454,0.8976982097186701,0.8813953488372093,0.8678038379530917,0.8661417322834646,0.850091407678245,0.8583617747440273,0.8432,0.8539156626506024,0.8520625889046942,0.8221024258760108,0.8271446862996159]","[0.19827586206896552,0.07692307692307687,0.025000000000000022,0.02564102564102566,0.05128205128205121,0.23076923076923073,0.02499999999999991,0.0,0.1794871794871794,0.1282051282051283,0.07692307692307698,0.07692307692307698,0.07692307692307687,0.0,0.02564102564102566,0.15384615384615385,0.0]","[0.0,0.23076923076923073,0.050000000000000044,0.05128205128205121,0.10256410256410264,0.0,-0.02499999999999991,-0.02564102564102566,0.0,0.0,0.02564102564102555,0.07692307692307687,0.05128205128205132,0.10256410256410253,0.0,0.05128205128205132,0.02564102564102566,-0.05128205128205132]",0.0370014245014245,512,1111.399725611991,1111437.587890625,16.65190206799889,1094.7478235439921,64.39693079670542,74.24655032499868,3029472736909.8535,66703118457314323,48975524949342754,17727593507971569,27838726676,44716368,6400000,40000,89600616,140756984,134.23632049560547,0.2963338553322367,7549.49169921875,0.05,
spike-all,icarl,spike,2,71,resnet18_cifar,0.05,"[0.1,0.05,0.01]",last_epoch_train_mean,0.1747177889340457,0.05,0.1747177889340457,200109355371942969,44716368,18,0,0.8810378816881452,0.8207426376440461,0.0693972018515629,0.052805949966193366,-0.052805949966193366,6,0.0693972018515629,0.05128205128205121,0.06100293022698885,0.0,0.02564102564102555,0.10256410256410264,0.20512820512820507,0.8823529411764706,"[0.9224137931034483,0.9096774193548387,0.9435897435897436,0.9358974358974359,0.9340659340659341,0.9006410256410257,0.90625,0.8925831202046036,0.8860465116279069,0.8784648187633263,0.8700787401574803,0.8555758683729433,0.8481228668941979,0.8368,0.8509036144578314,0.8406827880512091,0.8261455525606469,0.8207426376440461]","[0.18103448275862066,0.1282051282051282,0.025000000000000022,0.02564102564102566,0.02564102564102555,0.20512820512820507,0.025000000000000022,0.0,0.15384615384615374,0.02564102564102566,0.05128205128205132,0.05128205128205132,0.10256410256410264,0.0,0.05128205128205121,0.07692307692307687,0.05128205128205121]","[0.008620689655172376,0.1282051282051282,0.025000000000000022,0.02564102564102555,-0.05128205128205121,0.02564102564102566,0.0,-0.02564102564102566,-0.02564102564102555,0.0,0.10256410256410253,0.05128205128205121,0.07692307692307687,0.20512820512820507,0.0,0.07692307692307698,0.0,0.0]",0.03463134885548678,512,1115.369655777009,1115401.98828125,16.789618907001568,1098.5800368700075,64.62235511000044,74.57554223600164,3029472736909.8535,66703118457314323,48975524949342754,17727593507971569,27838726676,44716368,6400000,40000,89600616,140756984,134.23632049560547,0.2962733457111199,7549.49169921875,0.05,/nobackup/proj/disk/naiss2026-4-902/shared/yizhil/Avalanche/avalanche-master/joint_result_spike-all/icarl/order2/joint_spike_icarl__order-2__seed-071.json
spike-all,icarl,spike,2,71,resnet18_cifar,0.01,"[0.1,0.05,0.01]",last_epoch_train_mean,0.18524248265712584,0.05,0.1747177889340457,200109355371942969,44716368,18,0,0.7691342221108828,0.6043533930857875,0.1191891610755708,0.108631091693972,-0.108631091693972,1,0.1191891610755708,0.07692307692307687,0.13700091776216597,0.0,0.025641025641025605,0.15384615384615385,0.5172413793103449,0.8235294117647058,"[0.9137931034482759,0.9096774193548387,0.9076923076923077,0.905982905982906,0.8717948717948718,0.8301282051282052,0.7982954545454546,0.80306905370844,0.7674418604651163,0.767590618336887,0.7362204724409449,0.7129798903107861,0.7030716723549488,0.6864,0.6746987951807228,0.6258890469416786,0.6253369272237197,0.6043533930857875]","[0.5172413793103449,0.3589743589743589,0.125,0.15384615384615385,0.1282051282051282,0.2564102564102564,0.02499999999999991,0.0,0.025641025641025605,0.07692307692307687,0.0,0.051282051282051266,0.15384615384615385,0.07692307692307698,0.02564102564102566,0.051282051282051266,0.0]","[0.01724137931034475,0.02564102564102566,0.050000000000000044,0.05128205128205121,0.15384615384615385,0.0,0.10000000000000009,0.0,0.33333333333333337,0.05128205128205132,0.33333333333333326,0.15384615384615385,0.28205128205128205,0.3589743589743589,0.3076923076923077,0.5897435897435898,0.17948717948717952,0.3333333333333333]",0.1845048629531388,512,1118.4958165799908,1118528.388671875,16.84611389999918,1101.6497026799916,64.80292368705832,74.79205699599697,3029472736909.8535,66703118457314323,48975524949342754,17727593507971569,27838726676,44716368,6400000,40000,89600616,140756984,134.23632049560547,0.29692498592502725,7549.49169921875,0.05,
spike-all,icarl,spike,3,63,resnet18_cifar,0.1,"[0.1,0.05,0.01]",last_epoch_train_mean,0.20753008752633775,0.05,0.19560899567901952,200131599001693746,44716368,18,0,0.8036463756293806,0.7669654289372599,0.10411605937921727,0.06327300150829561,-0.06327300150829561,2,0.10411605937921727,0.07692307692307687,0.08322299449045056,0.025000000000000022,0.02564102564102566,0.15384615384615385,0.2820512820512821,1.0,"[0.9829059829059829,0.8653846153846154,0.8051282051282052,0.8333333333333334,0.8278388278388278,0.75,0.7692307692307693,0.8179487179487179,0.7808857808857809,0.7794432548179872,0.796844181459566,0.7915904936014625,0.7901023890784983,0.7808,0.7801204819277109,0.7681365576102418,0.7789757412398922,0.7669654289372599]","[0.1794871794871794,0.2820512820512821,0.02564102564102566,0.07692307692307687,0.02564102564102566,0.15384615384615385,0.2820512820512821,0.17948717948717952,0.07692307692307687,0.07894736842105265,0.025000000000000022,0.025000000000000022,0.1282051282051282,0.02564102564102566,0.02564102564102566,0.07692307692307687,0.10256410256410253]","[0.008547008547008628,-0.10256410256410253,0.20512820512820507,0.02564102564102566,-0.15384615384615385,0.3846153846153846,0.15384615384615385,0.23076923076923073,0.07692307692307687,0.026315789473684292,-0.19999999999999996,0.07499999999999996,0.1282051282051282,-0.07692307692307698,-0.02564102564102566,0.0,-0.02564102564102566,0.07692307692307687]",0.044849927525366116,512,1120.9088701320143,1120941.439453125,17.22984400000132,1103.679026132013,64.9222956548243,75.79527619099827,3029516212032.417,66710533000564582,48980540448378474,17729992552186108,27838726676,44716368,6400000,40000,89600616,140756984,134.23632049560547,0.2967092343108942,7548.93115234375,0.05,
spike-all,icarl,spike,3,63,resnet18_cifar,0.05,"[0.1,0.05,0.01]",last_epoch_train_mean,0.19560899567901952,0.05,0.19560899567901952,200131599001693746,44716368,18,0,0.8127751479716566,0.7695262483994878,0.08365946918578496,0.0626187452038845,-0.0626187452038845,1,0.08365946918578496,0.07692307692307687,0.07582864928494062,0.0,0.02564102564102566,0.10256410256410253,0.264957264957265,0.8235294117647058,"[0.9914529914529915,0.8717948717948718,0.8358974358974359,0.8589743589743589,0.8388278388278388,0.8397435897435898,0.8205128205128205,0.8205128205128205,0.8041958041958042,0.7837259100642399,0.7948717948717948,0.7787934186471663,0.7713310580204779,0.7648,0.7515060240963856,0.7652916073968705,0.7681940700808625,0.7695262483994878]","[0.264957264957265,0.15384615384615385,0.02564102564102566,0.0,0.02564102564102566,0.07692307692307687,0.23076923076923084,0.07692307692307687,0.05128205128205121,0.1578947368421052,0.025000000000000022,0.0,0.10256410256410253,0.07692307692307687,0.0,0.07692307692307687,0.07692307692307687]","[0.0,-0.10256410256410253,0.15384615384615385,0.0,-0.1282051282051282,0.10256410256410253,0.02564102564102566,0.3076923076923077,0.05128205128205132,-0.05263157894736836,-0.17499999999999993,0.125,0.17948717948717952,-0.02564102564102566,0.05128205128205132,0.0,0.0,0.10256410256410253]",0.03418428550007499,512,1119.1828302860013,1119215.58203125,17.21147246000328,1101.971357825998,64.82184457799988,74.58590584599733,3029516212032.417,66710533000564582,48980540448378474,17729992552186108,27838726676,44716368,6400000,40000,89600616,140756984,134.23632049560547,0.29624023818483675,7548.93115234375,0.05,/nobackup/proj/disk/naiss2026-4-902/shared/yizhil/Avalanche/avalanche-master/joint_result_spike-all/icarl/order3/joint_spike_icarl__order-3__seed-063.json
spike-all,icarl,spike,3,63,resnet18_cifar,0.01,"[0.1,0.05,0.01]",last_epoch_train_mean,0.1998460905411794,0.05,0.19560899567901952,200131599001693746,44716368,18,0,0.6805058906182663,0.5646606914212549,0.15637982588446986,0.1397865893995925,-0.1397865893995925,6,0.15637982588446986,0.125,0.14864479843411066,0.0,0.02564102564102566,0.2564102564102565,0.5897435897435898,0.8823529411764706,"[0.9914529914529915,0.7628205128205128,0.7384615384615385,0.7521367521367521,0.7802197802197802,0.7628205128205128,0.7094017094017094,0.676923076923077,0.668997668997669,0.6209850107066381,0.6548323471400395,0.6361974405850092,0.6126279863481229,0.5888,0.5873493975903614,0.5689900426742532,0.5714285714285714,0.5646606914212549]","[0.3504273504273504,0.10256410256410253,0.2564102564102565,0.28205128205128205,0.02564102564102566,0.5897435897435898,0.15384615384615383,0.1282051282051282,0.0,0.2631578947368421,0.125,0.125,0.12820512820512825,0.02564102564102566,0.02564102564102566,0.07692307692307698,0.0]","[0.0,0.025641025641025605,0.20512820512820507,0.0,-0.15384615384615385,0.20512820512820507,0.46153846153846156,0.46153846153846156,0.1282051282051282,0.07894736842105265,-0.1499999999999999,0.25,0.48717948717948717,0.2564102564102564,0.20512820512820518,0.3589743589743589,0.15384615384615385,0.2564102564102564]",0.17945718998350577,512,1120.6864447580083,1120718.80859375,16.935890742999618,1103.7505540150087,64.92650317735345,74.58991077400424,3029516212032.417,66710533000564582,48980540448378474,17729992552186108,27838726676,44716368,6400000,40000,89600616,140756984,134.23632049560547,0.29572232905641155,7548.93115234375,0.05,
spike-all,icarl,spike,3,65,resnet18_cifar,0.1,"[0.1,0.05,0.01]",last_epoch_train_mean,0.2073957332716337,0.05,0.19146097513852656,200131599001693746,44716368,18,0,0.836182161703661,0.795134443021767,0.09858762668360192,0.07139861342647723,-0.07139861342647723,2,0.09858762668360192,0.10256410256410253,0.0752456084845643,0.0,0.02564102564102566,0.16239316239316237,0.23076923076923084,0.8823529411764706,"[0.9743589743589743,0.8653846153846154,0.8358974358974359,0.8461538461538461,0.8681318681318682,0.8461538461538461,0.8632478632478633,0.8589743589743589,0.8391608391608392,0.8179871520342612,0.8264299802761341,0.8208409506398537,0.7935153583617748,0.784,0.7981927710843374,0.8036984352773826,0.8140161725067385,0.795134443021767]","[0.16239316239316237,0.23076923076923084,0.1282051282051282,0.0,0.0,0.17948717948717952,0.23076923076923073,0.17948717948717952,0.05128205128205121,0.10526315789473684,0.025000000000000022,0.050000000000000044,0.1282051282051282,0.02564102564102566,0.05128205128205132,0.02564102564102566,0.10256410256410253]","[0.017094017094017144,-0.2820512820512821,-0.5641025641025641,-0.1282051282051282,-0.05128205128205132,0.17948717948717952,-0.05128205128205132,0.10256410256410253,-0.05128205128205121,0.13157894736842102,0.0,-0.42500000000000004,0.15384615384615385,-0.1282051282051282,-0.1282051282051283,0.0,-0.02564102564102566,0.02564102564102555]",-0.06805805468086171,512,1156.297808279989,1156331.251953125,17.03042401499988,1139.2673842649892,67.01572848617583,74.89534680500219,3029516212032.417,66710533000564582,48980540448378474,17729992552186108,27838726676,44716368,6400000,40000,89600616,140756984,134.23632049560547,0.2965351639003356,7548.93115234375,0.05,
spike-all,icarl,spike,3,65,resnet18_cifar,0.05,"[0.1,0.05,0.01]",last_epoch_train_mean,0.19146097513852656,0.05,0.19146097513852656,200131599001693746,44716368,18,0,0.8305325780325978,0.7746478873239436,0.09599243206054352,0.07182001005530417,-0.07182001005530417,2,0.09599243206054352,0.07692307692307687,0.07370645454754365,0.0,0.02631578947368418,0.15384615384615385,0.23076923076923073,0.8823529411764706,"[0.9829059829059829,0.8782051282051282,0.8717948717948718,0.8675213675213675,0.8571428571428571,0.8397435897435898,0.8603988603988604,0.8333333333333334,0.8088578088578089,0.7880085653104925,0.8126232741617357,0.8098720292504571,0.8088737201365188,0.7776,0.8042168674698795,0.7894736842105263,0.784366576819407,0.7746478873239436]","[0.19658119658119655,0.23076923076923073,0.05128205128205132,0.1282051282051282,0.0,0.10256410256410264,0.23076923076923073,0.07692307692307687,0.10256410256410253,0.02631578947368418,0.025000000000000022,0.025000000000000022,0.15384615384615385,0.15384615384615385,0.05128205128205132,0.0,0.07692307692307687]","[0.008547008547008628,-0.25641025641025644,-0.641025641025641,-0.1282051282051282,-0.02564102564102566,0.2564102564102564,-0.10256410256410253,0.17948717948717952,-0.05128205128205121,0.23684210526315785,0.025000000000000022,-0.42500000000000004,0.10256410256410253,-0.10256410256410253,-0.10256410256410264,0.05128205128205132,0.0,0.10256410256410253]",-0.048475533563252855,512,1155.6153942989768,1155654.390625,18.71727698599716,1136.8981173129796,66.87635984193997,76.03744014300173,3029516212032.417,66710533000564582,48980540448378474,17729992552186108,27838726676,44716368,6400000,40000,89600616,140756984,134.23632049560547,0.2963548143383559,7548.93115234375,0.05,/nobackup/proj/disk/naiss2026-4-902/shared/yizhil/Avalanche/avalanche-master/joint_result_spike-all/icarl/order3/joint_spike_icarl__order-3__seed-065.json
spike-all,icarl,spike,3,65,resnet18_cifar,0.01,"[0.1,0.05,0.01]",last_epoch_train_mean,0.2001081380729375,0.05,0.19146097513852656,200131599001693746,44716368,18,0,0.6773687402249196,0.5659411011523687,0.13723108676669046,0.11762125902992777,-0.11762125902992777,6,0.13723108676669046,0.10256410256410253,0.13751780350872078,0.0,0.02564102564102566,0.15384615384615385,0.4871794871794872,0.8235294117647058,"[0.9743589743589743,0.7756410256410257,0.7230769230769231,0.7649572649572649,0.7728937728937729,0.7532051282051282,0.698005698005698,0.6717948717948717,0.6596736596736597,0.6316916488222698,0.6568047337278107,0.6416819012797075,0.6040955631399317,0.5808,0.5707831325301205,0.5704125177809388,0.5768194070080862,0.5659411011523687]","[0.3589743589743589,0.1538461538461538,0.15384615384615385,0.3589743589743589,0.02564102564102566,0.4871794871794872,0.15384615384615383,0.10256410256410253,0.0,0.1842105263157895,0.125,0.07499999999999996,0.07692307692307693,0.02564102564102566,0.0,0.05128205128205132,0.0]","[0.017094017094017144,-0.05128205128205132,-0.48717948717948717,-0.10256410256410253,-0.05128205128205132,0.3076923076923077,0.4358974358974359,0.33333333333333337,0.02564102564102566,0.2894736842105262,0.050000000000000044,-0.25,0.5384615384615384,0.23076923076923084,0.15384615384615374,0.2564102564102564,0.10256410256410253,0.3846153846153846]",0.1213050432348678,512,1136.803139386997,1136836.3125,18.06791734899889,1118.735222037998,65.8079542375293,76.0306852499998,3029516212032.417,66710533000564582,48980540448378474,17729992552186108,27838726676,44716368,6400000,40000,89600616,140756984,134.23632049560547,0.2970465825857665,7548.93115234375,0.05,
spike-all,icarl,spike,3,67,resnet18_cifar,0.1,"[0.1,0.05,0.01]",last_epoch_train_mean,0.20851317202531866,0.05,0.1877544939324901,200131599001693746,44716368,18,0,0.8126774204138126,0.7772087067861716,0.09765751104760394,0.09011404831838268,-0.09011404831838268,13,0.09765751104760394,0.10256410256410253,0.07616104495492483,0.0,0.02564102564102566,0.1282051282051282,0.2564102564102565,0.8235294117647058,"[0.9572649572649573,0.8461538461538461,0.841025641025641,0.8333333333333334,0.8021978021978022,0.842948717948718,0.8290598290598291,0.8025641025641026,0.7832167832167832,0.7858672376873662,0.8007889546351085,0.7970749542961609,0.7918088737201365,0.7952,0.7756024096385542,0.7852062588904695,0.7816711590296496,0.7772087067861716]","[0.19658119658119666,0.23076923076923078,0.02564102564102566,0.1282051282051282,0.0,0.1282051282051282,0.1282051282051282,0.05128205128205121,0.07692307692307687,0.10526315789473684,0.025000000000000022,0.0,0.2564102564102565,0.1282051282051283,0.0,0.10256410256410253,0.07692307692307687]","[-0.008547008547008628,-0.3076923076923077,-0.3589743589743589,0.02564102564102566,-0.05128205128205132,0.02564102564102566,0.05128205128205121,0.3076923076923077,0.02564102564102566,0.052631578947368474,0.0,-0.09999999999999998,0.10256410256410253,-0.02564102564102566,-0.10256410256410264,-0.07692307692307687,0.0,-0.07692307692307698]",-0.02874743839656121,512,1133.3975662709854,1133430.689453125,17.592340909002814,1115.8052253619826,65.63560149188133,75.8901933399975,3029516212032.417,66710533000564582,48980540448378474,17729992552186108,27838726676,44716368,6400000,40000,89600616,140756984,134.23632049560547,0.29733867988220825,7548.93115234375,0.05,
spike-all,icarl,spike,3,67,resnet18_cifar,0.05,"[0.1,0.05,0.01]",last_epoch_train_mean,0.1877544939324901,0.05,0.1877544939324901,200131599001693746,44716368,18,0,0.8264290485820219,0.7720870678617158,0.10303709878013283,0.09646145907755814,-0.09646145907755814,7,0.10303709878013283,0.07692307692307698,0.07795715160426933,0.0,0.05128205128205132,0.15384615384615385,0.28205128205128205,0.8235294117647058,"[0.9743589743589743,0.9038461538461539,0.8666666666666667,0.8333333333333334,0.8461538461538461,0.8717948717948718,0.8547008547008547,0.8256410256410256,0.8088578088578089,0.7944325481798715,0.8126232741617357,0.8208409506398537,0.7935153583617748,0.7824,0.7740963855421686,0.7681365576102418,0.7722371967654986,0.7720870678617158]","[0.21367521367521358,0.20512820512820507,0.07692307692307698,0.0,0.0,0.15384615384615385,0.28205128205128205,0.07692307692307687,0.10256410256410253,0.10526315789473684,0.050000000000000044,0.07500000000000007,0.17948717948717952,0.07692307692307687,0.05128205128205132,0.10256410256410253,0.0]","[-0.02564102564102566,-0.3846153846153846,-0.33333333333333326,0.0,-0.05128205128205132,0.05128205128205132,0.02564102564102566,0.3076923076923077,0.02564102564102566,0.10526315789473684,0.0,-0.15000000000000002,0.1282051282051282,0.10256410256410264,-0.10256410256410264,-0.10256410256410253,0.0,-0.10256410256410264]",-0.028126405757984703,512,1126.7564391979904,1126792.904296875,17.265025517997856,1109.4914136799925,65.26420080470544,74.95093410599657,3029516212032.417,66710533000564582,48980540448378474,17729992552186108,27838726676,44716368,6400000,40000,89600616,140756984,134.23632049560547,0.29683556339048234,7548.93115234375,0.05,/nobackup/proj/disk/naiss2026-4-902/shared/yizhil/Avalanche/avalanche-master/joint_result_spike-all/icarl/order3/joint_spike_icarl__order-3__seed-067.json
spike-all,icarl,spike,3,67,resnet18_cifar,0.01,"[0.1,0.05,0.01]",last_epoch_train_mean,0.19932613463547427,0.05,0.1877544939324901,200131599001693746,44716368,18,0,0.6822770314670302,0.5761843790012804,0.1421853086713768,0.11661969781164828,-0.11661969781164828,6,0.1421853086713768,0.125,0.12791869699245142,0.0,0.05128205128205132,0.15384615384615385,0.4871794871794872,0.8823529411764706,"[0.9914529914529915,0.7884615384615384,0.7333333333333333,0.7564102564102564,0.7802197802197802,0.7596153846153846,0.698005698005698,0.6666666666666666,0.655011655011655,0.6188436830835118,0.6528599605522682,0.6453382084095064,0.6126279863481229,0.592,0.5843373493975904,0.5860597439544808,0.5835579514824798,0.5761843790012804]","[0.36752136752136755,0.1282051282051282,0.07692307692307687,0.28205128205128205,0.02564102564102566,0.4871794871794872,0.10256410256410259,0.1282051282051282,0.0,0.21052631578947373,0.125,0.15000000000000002,0.15384615384615385,0.02564102564102566,0.05128205128205132,0.10256410256410253,0.0]","[-0.042735042735042805,-0.10256410256410259,-0.23076923076923073,0.0,-0.05128205128205132,0.3076923076923077,0.5897435897435896,0.48717948717948717,0.1282051282051282,0.23684210526315785,0.050000000000000044,0.025000000000000022,0.48717948717948717,0.3846153846153847,0.1282051282051282,0.07692307692307698,0.1282051282051282,0.1794871794871794]",0.15455153196381266,512,1124.1897064510194,1124221.947265625,17.24573287399835,1106.943973577021,65.1143513868836,74.74914016399998,3029516212032.417,66710533000564582,48980540448378474,17729992552186108,27838726676,44716368,6400000,40000,89600616,140756984,134.23632049560547,0.29586171831222546,7548.93115234375,0.05,
spike-all,icarl,spike,3,69,resnet18_cifar,0.1,"[0.1,0.05,0.01]",last_epoch_train_mean,0.20771336563066,0.05,0.19487875475203864,200131599001693746,44716368,18,0,0.8044391081290341,0.7874519846350833,0.09619287661083324,0.06435791590590349,-0.06435791590590349,7,0.09619287661083324,0.07500000000000007,0.08890065929200447,0.0,0.05128205128205121,0.15384615384615385,0.3589743589743589,0.8235294117647058,"[0.8974358974358975,0.8397435897435898,0.8307692307692308,0.8333333333333334,0.8241758241758241,0.8461538461538461,0.8290598290598291,0.782051282051282,0.7808857808857809,0.7665952890792291,0.7830374753451677,0.7751371115173674,0.7713310580204779,0.768,0.7801204819277109,0.7894736842105263,0.7951482479784366,0.7874519846350833]","[0.1709401709401709,0.10256410256410259,0.10256410256410253,0.07692307692307687,0.02564102564102566,0.15384615384615385,0.3589743589743589,0.05128205128205132,0.05128205128205121,0.1842105263157895,0.0,0.07500000000000007,0.1794871794871794,0.05128205128205132,0.0,0.0,0.05128205128205121]","[0.09401709401709402,0.17948717948717952,-0.17948717948717952,-0.05128205128205132,-0.02564102564102566,0.10256410256410253,0.15384615384615385,0.07692307692307687,0.02564102564102566,0.1842105263157895,0.025000000000000022,-0.07499999999999996,0.02564102564102566,-0.05128205128205132,0.02564102564102566,0.02564102564102566,0.05128205128205132,-0.05128205128205132]",0.029773329334732843,512,1121.0569563730241,1121089.234375,17.283622235998337,1103.7733341370258,64.92784318453093,74.66251675799867,3029516212032.417,66710533000564582,48980540448378474,17729992552186108,27838726676,44716368,6400000,40000,89600616,140756984,134.23632049560547,0.2955165198473761,7548.93115234375,0.05,
spike-all,icarl,spike,3,69,resnet18_cifar,0.05,"[0.1,0.05,0.01]",last_epoch_train_mean,0.19487875475203864,0.05,0.19487875475203864,200131599001693746,44716368,18,0,0.8057005414406181,0.7772087067861716,0.09019740149771106,0.06397422666772512,-0.06397422666772512,7,0.09019740149771106,0.05128205128205121,0.10019841665481903,0.0,0.025000000000000022,0.1282051282051282,0.33333333333333326,0.8235294117647058,"[0.9145299145299145,0.8461538461538461,0.841025641025641,0.8333333333333334,0.8058608058608059,0.8461538461538461,0.8176638176638177,0.8128205128205128,0.7925407925407926,0.7730192719486081,0.8007889546351085,0.7879341864716636,0.7798634812286689,0.7696,0.7695783132530121,0.7596017069701281,0.7749326145552561,0.7772087067861716]","[0.1709401709401709,0.30769230769230765,0.0,0.07692307692307687,0.0,0.1282051282051282,0.33333333333333326,0.07692307692307698,0.05128205128205121,0.1842105263157895,0.025000000000000022,0.025000000000000022,0.07692307692307687,0.0,0.02564102564102566,0.02564102564102555,0.02564102564102566]","[0.07692307692307698,0.05128205128205132,-0.10256410256410264,-0.02564102564102566,0.0,0.05128205128205132,0.17948717948717952,0.05128205128205121,0.02564102564102566,0.1578947368421052,0.025000000000000022,-0.09999999999999998,0.15384615384615385,0.02564102564102566,0.02564102564102566,0.15384615384615385,0.02564102564102566,-0.07692307692307687]",0.03879329734592893,512,1124.7920019489902,1124824.49609375,17.513544387002185,1107.278457561988,65.13402691541106,74.76950514200144,3029516212032.417,66710533000564582,48980540448378474,17729992552186108,27838726676,44716368,6400000,40000,89600616,140756984,134.23632049560547,0.296632852770505,7548.93115234375,0.05,/nobackup/proj/disk/naiss2026-4-902/shared/yizhil/Avalanche/avalanche-master/joint_result_spike-all/icarl/order3/joint_spike_icarl__order-3__seed-069.json
spike-all,icarl,spike,3,69,resnet18_cifar,0.01,"[0.1,0.05,0.01]",last_epoch_train_mean,0.20378859016366824,0.05,0.19487875475203864,200131599001693746,44716368,18,0,0.6812744692560995,0.5813060179257362,0.13773782117435365,0.11066193008917465,-0.11066193008917465,6,0.13773782117435365,0.125,0.11246977602670379,0.0,0.05128205128205121,0.17948717948717952,0.358974358974359,0.9411764705882353,"[0.9829059829059829,0.7628205128205128,0.717948717948718,0.7606837606837606,0.7728937728937729,0.7596153846153846,0.6951566951566952,0.658974358974359,0.662004662004662,0.6252676659528907,0.6646942800788954,0.6489945155393053,0.6194539249146758,0.6048,0.5843373493975904,0.577524893314367,0.5835579514824798,0.5813060179257362]","[0.3418803418803418,0.10256410256410253,0.17948717948717952,0.33333333333333326,0.02564102564102566,0.358974358974359,0.1282051282051282,0.1282051282051282,0.02564102564102566,0.2368421052631579,0.125,0.125,0.10256410256410259,0.05128205128205132,0.0,0.05128205128205121,0.02564102564102566]","[0.008547008547008628,0.23076923076923078,-0.02564102564102566,-0.02564102564102566,-0.02564102564102566,0.3076923076923077,0.717948717948718,0.23076923076923073,0.15384615384615385,0.23684210526315785,0.050000000000000044,0.07500000000000007,0.4615384615384615,0.28205128205128205,0.23076923076923084,0.3076923076923077,0.1282051282051282,0.20512820512820518]",0.19721534962763035,512,1126.4028716930188,1126438.90234375,18.040972378999868,1108.361899314019,65.19775878317759,75.0934118389996,3029516212032.417,66710533000564582,48980540448378474,17729992552186108,27838726676,44716368,6400000,40000,89600616,140756984,134.23632049560547,0.29577819588990634,7548.93115234375,0.05,
spike-all,icarl,spike,3,71,resnet18_cifar,0.1,"[0.1,0.05,0.01]",last_epoch_train_mean,0.2131661913464986,0.05,0.19063214398489567,200131599001693746,44716368,18,0,0.8070098047687053,0.7836107554417413,0.08810497208330027,0.0745303114498161,-0.0745303114498161,8,0.08810497208330027,0.07692307692307687,0.07114198537855151,0.0,0.02564102564102566,0.15384615384615385,0.20512820512820518,0.8235294117647058,"[0.9743589743589743,0.8141025641025641,0.8051282051282052,0.8162393162393162,0.7838827838827839,0.8269230769230769,0.8233618233618234,0.8076923076923077,0.7948717948717948,0.7773019271948608,0.7988165680473372,0.7970749542961609,0.7764505119453925,0.792,0.7846385542168675,0.7880512091038406,0.7816711590296496,0.7836107554417413]","[0.18803418803418803,0.20512820512820512,0.10256410256410253,0.02564102564102566,0.0,0.15384615384615385,0.17948717948717952,0.20512820512820518,0.07692307692307687,0.10526315789473684,0.025000000000000022,0.0,0.07692307692307698,0.05128205128205132,0.0,0.05128205128205132,0.05128205128205121]","[0.017094017094017144,0.15384615384615385,0.10256410256410253,0.0,-0.02564102564102566,0.10256410256410253,-0.07692307692307687,0.1282051282051282,-0.02564102564102566,-0.1578947368421052,0.0,0.025000000000000022,-0.15384615384615385,0.10256410256410253,-0.35897435897435903,-0.10256410256410253,0.0,0.1282051282051282]",-0.007857874743839656,512,1117.088437261009,1117120.47265625,16.906813653004065,1100.1816236080049,64.71656609458853,74.4907037640005,3029516212032.417,66710533000564582,48980540448378474,17729992552186108,27838726676,44716368,6400000,40000,89600616,140756984,134.23632049560547,0.29505783869084756,7548.93115234375,0.05,
spike-all,icarl,spike,3,71,resnet18_cifar,0.05,"[0.1,0.05,0.01]",last_epoch_train_mean,0.19063214398489567,0.05,0.19063214398489567,200131599001693746,44716368,18,0,0.7981040954664284,0.7746478873239436,0.09000687994496044,0.07345333545023947,-0.07345333545023947,7,0.09000687994496044,0.05128205128205132,0.08622407517272855,0.0,0.02564102564102566,0.1538461538461538,0.3076923076923077,0.8235294117647058,"[0.9829059829059829,0.8205128205128205,0.8051282051282052,0.8290598290598291,0.8205128205128205,0.8076923076923077,0.7948717948717948,0.7846153846153846,0.7668997668997669,0.7494646680942184,0.7850098619329389,0.7769652650822669,0.7866894197952219,0.7632,0.7756024096385542,0.7752489331436699,0.7668463611859838,0.7746478873239436]","[0.19658119658119655,0.1538461538461538,0.02564102564102566,0.02564102564102566,0.0,0.07692307692307698,0.3076923076923077,0.1282051282051282,0.02564102564102566,0.1578947368421052,0.050000000000000044,0.09999999999999998,0.20512820512820507,0.0,0.02564102564102566,0.05128205128205132,0.0]","[0.008547008547008628,0.17948717948717946,0.05128205128205132,0.0,0.0,0.20512820512820518,-0.07692307692307687,0.23076923076923084,-0.02564102564102566,-0.1578947368421052,0.0,0.050000000000000044,-0.20512820512820507,0.17948717948717952,-0.35897435897435903,-0.10256410256410253,0.0,0.07692307692307687]",0.003027690308392083,512,1118.197321548003,1118229.4609375,17.398319054998865,1100.799002493004,64.75288249958848,74.57648466199316,3029516212032.417,66710533000564582,48980540448378474,17729992552186108,27838726676,44716368,6400000,40000,89600616,140756984,134.23632049560547,0.29504264658451124,7548.93115234375,0.05,/nobackup/proj/disk/naiss2026-4-902/shared/yizhil/Avalanche/avalanche-master/joint_result_spike-all/icarl/order3/joint_spike_icarl__order-3__seed-071.json
spike-all,icarl,spike,3,71,resnet18_cifar,0.01,"[0.1,0.05,0.01]",last_epoch_train_mean,0.19950548235683846,0.05,0.19063214398489567,200131599001693746,44716368,18,0,0.6861227135368002,0.5851472471190781,0.13719536397554974,0.12365841073271412,-0.12365841073271412,6,0.13719536397554974,0.09999999999999998,0.1291294139582184,0.0,0.02564102564102566,0.20512820512820518,0.4871794871794872,0.9411764705882353,"[0.9829059829059829,0.7692307692307693,0.7487179487179487,0.7606837606837606,0.7765567765567766,0.7660256410256411,0.7037037037037037,0.676923076923077,0.662004662004662,0.6316916488222698,0.650887573964497,0.6471663619744058,0.6126279863481229,0.5952,0.5933734939759037,0.5903271692745377,0.5970350404312669,0.5851472471190781]","[0.33333333333333326,0.10256410256410253,0.20512820512820518,0.28205128205128205,0.02564102564102566,0.4871794871794872,0.17948717948717946,0.07692307692307687,0.0,0.21052631578947373,0.09999999999999998,0.15000000000000002,0.051282051282051266,0.02564102564102566,0.02564102564102566,0.05128205128205132,0.02564102564102566]","[0.008547008547008628,0.30769230769230765,0.10256410256410253,0.0,-0.02564102564102566,0.28205128205128205,0.3846153846153847,0.3846153846153847,0.05128205128205132,0.0,0.050000000000000044,0.17500000000000004,0.2820512820512821,0.41025641025641024,-0.17948717948717952,0.1282051282051282,0.10256410256410253,0.2564102564102564]",0.15115147198480533,512,1119.3812416980072,1119416.9453125,17.203403322004306,1102.177838376003,64.83399049270605,74.63580978800019,3029516212032.417,66710533000564582,48980540448378474,17729992552186108,27838726676,44716368,6400000,40000,89600616,140756984,134.23632049560547,0.29735617800129793,7548.93115234375,0.05,
spike-all,fecam,spike,1,63,resnet18_cifar,0.1,"[0.1,0.05,0.01]",last_epoch_train_mean,2.855735447095788,0.1,2.855735447095788,2691360696795162,44716368,18,4530611337580,0.5866296854561773,0.4327784891165173,0.1383861236802413,0.1383861236802413,-0.1383861236802413,1,0.1383861236802413,0.07692307692307693,0.1670875707285216,0.0,0.0,0.23076923076923073,0.5128205128205128,0.6470588235294118,"[0.905982905982906,0.8141025641025641,0.7397959183673469,0.7191489361702128,0.6715328467153284,0.6305732484076433,0.6288951841359773,0.5790816326530612,0.54292343387471,0.502127659574468,0.518664047151277,0.5145985401459854,0.5093696763202725,0.48881789137380194,0.46766917293233085,0.4566145092460882,0.4366576819407008,0.4327784891165173]","[0.5128205128205128,0.1282051282051282,0.25,0.358974358974359,0.4871794871794871,0.0,0.23076923076923073,0.07692307692307693,0.15384615384615385,0.051282051282051266,0.02564102564102566,0.0,0.07692307692307693,0.0,0.0,0.0,0.0]","[0.017094017094017144,0.17948717948717952,0.275,0.15384615384615385,0.05128205128205132,0.375,0.3076923076923077,0.7435897435897436,0.48717948717948717,0.7692307692307693,0.1282051282051282,-0.10256410256410253,0.48717948717948717,0.4358974358974359,0.358974358974359,0.42105263157894735,0.8461538461538461,0.5641025641025641]",0.36102239216274307,512,30.94169245986268,30951.689422607422,28.356036297045648,2.585656162817031,0.1520974213421783,0.14968649693764746,584699273118.8279,897120232265054,807505677475638,89614554789416,51113678520,44716368,0,0,65726388,110442756,105.32641983032227,11.544211789376547,7504.203125,0.1,/nobackup/proj/disk/naiss2026-4-902/shared/yizhil/Avalanche/avalanche-master/joint_result_spike-all/fecam/order1/joint_spike_fecam__order-1__seed-063.json
spike-all,fecam,spike,1,63,resnet18_cifar,0.05,"[0.1,0.05,0.01]",last_epoch_train_mean,2.9420692965110637,0.1,2.855735447095788,2691360696795162,44716368,18,4530611337580,0.6955157996001594,0.5390524967989757,0.1540095525389643,0.1540095525389643,-0.1540095525389643,1,0.1540095525389643,0.051282051282051266,0.1887231927476703,0.0,0.0,0.30769230769230765,0.5213675213675213,0.6470588235294118,"[0.9743589743589743,0.8910256410256411,0.8367346938775511,0.8212765957446808,0.7737226277372263,0.767515923566879,0.7450424929178471,0.7270408163265306,0.6751740139211136,0.6212765957446809,0.6286836935166994,0.6240875912408759,0.6201022146507666,0.6038338658146964,0.5684210526315789,0.5547652916073968,0.5471698113207547,0.5390524967989757]","[0.5213675213675213,0.30769230769230765,0.19999999999999996,0.35897435897435903,0.48717948717948717,0.025000000000000022,0.46153846153846156,0.05128205128205132,0.051282051282051266,0.0,0.0,0.02564102564102566,0.1282051282051282,0.0,0.0,0.0,0.0]","[-0.05128205128205121,0.20512820512820518,0.0,0.10256410256410253,0.1282051282051282,0.125,0.07692307692307687,0.23076923076923073,0.5384615384615385,0.8717948717948718,0.05128205128205132,-0.1282051282051282,0.20512820512820507,0.15384615384615385,0.28205128205128205,0.5,0.46153846153846156,0.48717948717948717]",0.23557692307692307,512,22.54698196751997,22555.96043395996,20.292016053921543,2.2549659135984257,0.13264505374108387,0.12945108499843627,584699273118.8279,897120232265054,807505677475638,89614554789416,51113678520,44716368,0,0,65726388,110442756,105.32641983032227,10.028453457327833,7501.953125,0.1,
spike-all,fecam,spike,1,63,resnet18_cifar,0.01,"[0.1,0.05,0.01]",last_epoch_train_mean,2.9622548737140915,0.1,2.855735447095788,2691360696795162,44716368,18,4530611337580,0.760826135638221,0.6030729833546735,0.15814479638009052,0.15814479638009052,-0.15814479638009052,5,0.15814479638009052,0.07500000000000007,0.18146224847825798,0.0,0.02564102564102566,0.33333333333333326,0.5384615384615384,0.7647058823529411,"[0.9658119658119658,0.9487179487179487,0.8877551020408163,0.8936170212765957,0.864963503649635,0.8343949044585988,0.8158640226628895,0.8086734693877551,0.7587006960556845,0.7021276595744681,0.7072691552062869,0.6879562043795621,0.6797274275979557,0.6693290734824281,0.6390977443609023,0.615931721194879,0.6118598382749326,0.6030729833546735]","[0.4358974358974359,0.3846153846153847,0.07500000000000007,0.33333333333333326,0.5384615384615384,0.07500000000000007,0.4358974358974359,0.05128205128205121,0.051282051282051266,0.07692307692307693,0.0,0.02564102564102566,0.17948717948717952,0.02564102564102566,0.0,0.0,0.0]","[-0.042735042735042694,0.07692307692307687,-0.025000000000000022,0.05128205128205132,0.05128205128205132,0.07499999999999996,0.0,0.15384615384615385,0.38461538461538464,0.8205128205128205,0.0,-0.1282051282051282,0.3846153846153846,0.05128205128205132,0.15384615384615385,0.47368421052631576,0.2564102564102564,0.3076923076923077]",0.16916954066076872,512,22.14473704714328,22152.0121383667,19.806508095003664,2.338228952139616,0.13754287953762448,0.13494063809048384,584699273118.8279,897120232265054,807505677475638,89614554789416,51113678520,44716368,0,0,65726388,110442756,105.32641983032227,9.832291325754587,7501.953125,0.1,
spike-all,fecam,spike,1,65,resnet18_cifar,0.1,"[0.1,0.05,0.01]",last_epoch_train_mean,2.9400341910605103,0.05,2.9021200807938663,2691360696795162,44716368,18,4530611337580,0.6789429247956046,0.5019206145966709,0.1467823026646556,0.1467823026646556,-0.1467823026646556,5,0.1467823026646556,0.07692307692307693,0.1686325428253052,0.0,0.0,0.23076923076923073,0.5128205128205128,0.7058823529411765,"[0.9658119658119658,0.8974358974358975,0.8163265306122449,0.8042553191489362,0.7737226277372263,0.7484076433121019,0.7308781869688386,0.6989795918367347,0.654292343387471,0.6063829787234043,0.618860510805501,0.6058394160583942,0.5979557069846678,0.5926517571884984,0.5533834586466165,0.5376955903271693,0.5161725067385444,0.5019206145966709]","[0.5042735042735043,0.23076923076923073,0.32500000000000007,0.10256410256410253,0.5128205128205128,0.025000000000000022,0.3333333333333333,0.15384615384615385,0.07692307692307693,0.1282051282051282,0.0,0.05128205128205121,0.05128205128205132,0.0,0.0,0.0,0.0]","[-0.11965811965811968,-0.28205128205128205,0.09999999999999998,0.0,-0.2564102564102564,0.35,0.23076923076923073,0.3076923076923077,0.6153846153846154,0.7948717948717948,-0.1282051282051282,-0.10256410256410253,0.07692307692307687,0.3846153846153846,0.4871794871794871,0.5789473684210527,0.8461538461538461,0.5897435897435896]",0.2485217673814165,512,21.617321972968057,21624.11627960205,19.3214795490494,2.295842423918657,0.1350495543481563,0.13234787003602833,584699273118.8279,897120232265054,807505677475638,89614554789416,51113678520,44716368,0,0,65726388,110442756,105.32641983032227,10.170190314858885,7501.953125,0.05,
spike-all,fecam,spike,1,65,resnet18_cifar,0.05,"[0.1,0.05,0.01]",last_epoch_train_mean,2.9021200807938663,0.05,2.9021200807938663,2691360696795162,44716368,18,4530611337580,0.6795791873691075,0.5556978233034571,0.1263574660633484,0.1263574660633484,-0.1263574660633484,1,0.1263574660633484,0.051282051282051266,0.14161331727415863,0.0,0.0,0.20512820512820507,0.4871794871794872,0.7058823529411765,"[0.9316239316239316,0.8525641025641025,0.7806122448979592,0.7702127659574468,0.7445255474452555,0.7388535031847133,0.7025495750708215,0.701530612244898,0.665893271461717,0.6319148936170212,0.6404715127701375,0.6313868613138686,0.616695059625213,0.5958466453674122,0.5609022556390978,0.55049786628734,0.5606469002695418,0.5556978233034571]","[0.4871794871794872,0.2564102564102564,0.17500000000000004,0.20512820512820507,0.3846153846153846,0.050000000000000044,0.12820512820512825,0.20512820512820518,0.051282051282051266,0.02564102564102566,0.0,0.02564102564102566,0.15384615384615385,0.0,0.0,0.0,0.0]","[-0.0854700854700855,-0.33333333333333337,0.25,0.02564102564102566,-0.28205128205128205,0.19999999999999996,0.33333333333333326,0.20512820512820507,0.5897435897435896,0.6153846153846154,-0.1282051282051282,-0.1282051282051282,0.28205128205128205,0.5384615384615384,0.6666666666666666,0.5,0.05128205128205121,0.41025641025641024]",0.20614909781576446,512,21.538446017890237,21545.485717773438,19.234394898056053,2.3040511198341846,0.13553241881377556,0.1317260719370097,584699273118.8279,897120232265054,807505677475638,89614554789416,51113678520,44716368,0,0,65726388,110442756,105.32641983032227,9.788665860872262,7501.953125,0.05,/nobackup/proj/disk/naiss2026-4-902/shared/yizhil/Avalanche/avalanche-master/joint_result_spike-all/fecam/order1/joint_spike_fecam__order-1__seed-065.json
spike-all,fecam,spike,1,65,resnet18_cifar,0.01,"[0.1,0.05,0.01]",last_epoch_train_mean,2.9653191418381213,0.05,2.9021200807938663,2691360696795162,44716368,18,4530611337580,0.7328274093790406,0.5902688860435339,0.11892911010558069,0.11892911010558069,-0.11892911010558069,5,0.11892911010558069,0.02564102564102566,0.16897549729414496,0.0,0.0,0.1794871794871794,0.5384615384615384,0.5294117647058824,"[0.9658119658119658,0.9487179487179487,0.8826530612244898,0.8595744680851064,0.8321167883211679,0.8121019108280255,0.7960339943342776,0.7831632653061225,0.7215777262180975,0.6617021276595745,0.656188605108055,0.6368613138686131,0.6303236797274276,0.6261980830670927,0.6030075187969924,0.5889046941678521,0.5956873315363881,0.5902688860435339]","[0.3846153846153846,0.43589743589743596,0.050000000000000044,0.20512820512820518,0.5384615384615384,0.09999999999999998,0.1794871794871794,0.02564102564102566,0.0,0.0,0.0,0.0,0.10256410256410253,0.0,0.0,0.0,0.0]","[-0.11965811965811968,-0.41025641025641035,0.125,0.07692307692307687,-0.07692307692307687,0.09999999999999998,0.0,0.2564102564102564,0.5897435897435896,0.9743589743589743,-0.05128205128205132,-0.10256410256410253,0.3846153846153846,0.23076923076923073,0.4102564102564102,0.5526315789473685,0.17948717948717952,0.3076923076923077]",0.19040023491777877,512,21.125399145996198,21132.10636138916,18.865148751065135,2.260250394931063,0.1329559055841802,0.13055687095038593,584699273118.8279,897120232265054,807505677475638,89614554789416,51113678520,44716368,0,0,65726388,110442756,105.32641983032227,9.472139090867223,7501.953125,0.05,
spike-all,fecam,spike,1,67,resnet18_cifar,0.1,"[0.1,0.05,0.01]",last_epoch_train_mean,2.888112417659404,0.1,2.888112417659404,2691360696795162,44716368,18,4530611337580,0.551193949073513,0.4033290653008963,0.1967948717948718,0.1967948717948718,-0.1967948717948718,1,0.1967948717948718,0.05128205128205132,0.24587422057481467,0.0,0.0,0.44999999999999996,0.641025641025641,0.5882352941176471,"[0.8205128205128205,0.7756410256410257,0.7091836734693877,0.7063829787234043,0.6788321167883211,0.6528662420382165,0.5892351274787535,0.5714285714285714,0.5011600928074246,0.46595744680851064,0.4675834970530452,0.4562043795620438,0.444633730834753,0.44089456869009586,0.4180451127819549,0.4139402560455192,0.4056603773584906,0.4033290653008963]","[0.641025641025641,0.641025641025641,0.44999999999999996,0.5128205128205128,0.5641025641025641,0.07499999999999996,0.051282051282051266,0.23076923076923084,0.0,0.0,0.0,0.05128205128205132,0.1282051282051282,0.0,0.0,0.0,0.0]","[-0.08547008547008539,0.02564102564102566,-0.07499999999999996,0.17948717948717952,0.1282051282051282,0.125,0.641025641025641,0.3589743589743589,0.5641025641025641,0.8974358974358974,0.15384615384615385,0.15384615384615385,0.2564102564102565,-0.02564102564102566,0.4102564102564103,0.47368421052631576,0.5897435897435896,0.025641025641025605]",0.26651047133503275,512,21.187850043177605,21192.7579498291,18.9883794010384,2.199470642139204,0.12938062600818845,0.12920914602000266,584699273118.8279,897120232265054,807505677475638,89614554789416,51113678520,44716368,0,0,65726388,110442756,105.32641983032227,10.0671235776343,7501.953125,0.1,/nobackup/proj/disk/naiss2026-4-902/shared/yizhil/Avalanche/avalanche-master/joint_result_spike-all/fecam/order1/joint_spike_fecam__order-1__seed-067.json
spike-all,fecam,spike,1,67,resnet18_cifar,0.05,"[0.1,0.05,0.01]",last_epoch_train_mean,2.930385897618643,0.1,2.888112417659404,2691360696795162,44716368,18,4530611337580,0.6685728838307194,0.5236875800256082,0.1351809954751131,0.1351809954751131,-0.1351809954751131,1,0.1351809954751131,0.07692307692307687,0.14662704916693275,0.0,0.0,0.23076923076923073,0.46153846153846156,0.5882352941176471,"[0.9316239316239316,0.8589743589743589,0.7908163265306123,0.8127659574468085,0.7700729927007299,0.7579617834394905,0.7053824362606232,0.6709183673469388,0.6241299303944315,0.5893617021276596,0.5992141453831041,0.5967153284671532,0.5928449744463373,0.5862619808306709,0.5548872180451128,0.5376955903271693,0.5309973045822103,0.5236875800256082]","[0.46153846153846156,0.28205128205128205,0.17500000000000004,0.28205128205128205,0.3846153846153846,0.19999999999999996,0.1538461538461538,0.23076923076923073,0.05128205128205132,0.0,0.0,0.0,0.07692307692307687,0.0,0.0,0.0,0.0]","[-0.19658119658119655,0.0,0.35,0.05128205128205132,0.0,0.275,0.4871794871794872,0.46153846153846156,0.23076923076923073,0.5897435897435896,0.05128205128205132,0.02564102564102566,0.20512820512820518,0.05128205128205132,0.6923076923076923,0.47368421052631576,0.28205128205128205,-0.02564102564102566]",0.22248150647273454,512,21.182125261751935,21189.188232421875,18.922829617979005,2.25929564377293,0.13289974375134883,0.13173144403845072,584699273118.8279,897120232265054,807505677475638,89614554789416,51113678520,44716368,0,0,65726388,110442756,105.32641983032227,9.762789015586652,7501.953125,0.1,
spike-all,fecam,spike,1,67,resnet18_cifar,0.01,"[0.1,0.05,0.01]",last_epoch_train_mean,2.961774932671778,0.1,2.888112417659404,2691360696795162,44716368,18,4530611337580,0.7436303938006881,0.5966709346991037,0.1460030165912519,0.1460030165912519,-0.1460030165912519,1,0.1460030165912519,0.051282051282051266,0.1772245515226407,0.0,0.0,0.33333333333333326,0.46153846153846156,0.5882352941176471,"[0.9572649572649573,0.9294871794871795,0.8673469387755102,0.8638297872340426,0.8321167883211679,0.8248407643312102,0.8101983002832861,0.7933673469387755,0.7424593967517401,0.6808510638297872,0.6777996070726916,0.6678832116788321,0.6575809199318569,0.6485623003194888,0.6255639097744361,0.6017069701280228,0.6078167115902965,0.5966709346991037]","[0.46153846153846156,0.4102564102564103,0.125,0.33333333333333326,0.46153846153846156,0.07499999999999996,0.3846153846153846,0.05128205128205121,0.051282051282051266,0.0,0.0,0.0,0.1282051282051282,0.0,0.0,0.0,0.0]","[-0.2222222222222222,-0.02564102564102566,-0.025000000000000022,0.02564102564102566,0.05128205128205121,0.025000000000000022,0.02564102564102566,0.3076923076923077,0.28205128205128205,0.9743589743589743,0.02564102564102566,0.0,0.35897435897435903,-0.15384615384615385,0.23076923076923084,0.5526315789473684,0.15384615384615385,-0.15384615384615385]",0.13516519218273604,512,21.18323963403236,21192.301292419434,18.86947593698278,2.3137636970495805,0.13610374688526944,0.1321958180051297,584699273118.8279,897120232265054,807505677475638,89614554789416,51113678520,44716368,0,0,65726388,110442756,105.32641983032227,9.498293387701212,7501.953125,0.1,
spike-all,fecam,spike,1,69,resnet18_cifar,0.1,"[0.1,0.05,0.01]",last_epoch_train_mean,2.832128110139266,0.1,2.832128110139266,2691360696795162,44716368,18,4530611337580,0.550056522470965,0.3854033290653009,0.14410507792860736,0.14410507792860736,-0.14410507792860736,5,0.14410507792860736,0.051282051282051266,0.18063108185056836,0.0,0.0,0.20512820512820512,0.5384615384615385,0.6470588235294118,"[0.8717948717948718,0.8653846153846154,0.7193877551020408,0.676595744680851,0.635036496350365,0.6114649681528662,0.603399433427762,0.5612244897959183,0.5197215777262181,0.4787234042553192,0.45972495088408644,0.4470802919708029,0.43611584327086883,0.4281150159744409,0.4150375939849624,0.40540540540540543,0.38140161725067384,0.3854033290653009]","[0.47863247863247865,0.15384615384615385,0.09999999999999999,0.4358974358974359,0.5384615384615385,0.025000000000000022,0.33333333333333337,0.051282051282051266,0.051282051282051266,0.0,0.07692307692307693,0.0,0.20512820512820512,0.0,0.0,0.0,0.0]","[0.008547008547008517,0.15384615384615385,0.75,0.23076923076923084,0.23076923076923073,0.275,0.20512820512820507,0.717948717948718,0.5641025641025641,0.9487179487179487,0.6410256410256411,-0.1282051282051282,0.5641025641025641,0.07692307692307687,0.20512820512820507,0.5,0.7692307692307693,0.33333333333333337]",0.3914648622981956,512,21.217680152039975,21222.327995300293,18.932743728975765,2.2849364230642095,0.13440802488612996,0.13094764098059386,584699273118.8279,897120232265054,807505677475638,89614554789416,51113678520,44716368,0,0,65726388,110442756,105.32641983032227,10.015673429953237,7501.953125,0.1,/nobackup/proj/disk/naiss2026-4-902/shared/yizhil/Avalanche/avalanche-master/joint_result_spike-all/fecam/order1/joint_spike_fecam__order-1__seed-069.json
spike-all,fecam,spike,1,69,resnet18_cifar,0.05,"[0.1,0.05,0.01]",last_epoch_train_mean,2.9158794331994855,0.1,2.832128110139266,2691360696795162,44716368,18,4530611337580,0.6342681439802547,0.48911651728553135,0.12159376571141278,0.12159376571141278,-0.12159376571141278,5,0.12159376571141278,0.05,0.15789257930018155,0.0,0.0,0.2564102564102564,0.46153846153846156,0.5882352941176471,"[0.9316239316239316,0.9166666666666666,0.75,0.7361702127659574,0.7043795620437956,0.6878980891719745,0.6912181303116147,0.673469387755102,0.6125290023201856,0.5659574468085107,0.5520628683693517,0.5474452554744526,0.5298126064735945,0.5303514376996805,0.5082706766917293,0.4992887624466572,0.49056603773584906,0.48911651728553135]","[0.2991452991452992,0.3076923076923077,0.05,0.2564102564102564,0.46153846153846156,0.0,0.43589743589743596,0.07692307692307698,0.051282051282051294,0.0,0.02564102564102566,0.0,0.10256410256410253,0.0,0.0,0.0,0.0]","[-0.05128205128205132,0.10256410256410253,0.8,0.20512820512820518,0.20512820512820507,0.19999999999999996,0.05128205128205121,0.41025641025641024,0.5384615384615385,0.9230769230769231,0.4871794871794872,-0.1282051282051282,0.5128205128205129,0.1794871794871794,0.15384615384615385,0.5,0.4871794871794872,0.2564102564102564]",0.32407407407407407,512,21.303538468084298,21310.681564331055,19.066479778965004,2.2370586891192943,0.1315916875952526,0.13139292201958597,584699273118.8279,897120232265054,807505677475638,89614554789416,51113678520,44716368,0,0,65726388,110442756,105.32641983032227,9.88153548492059,7501.953125,0.1,
spike-all,fecam,spike,1,69,resnet18_cifar,0.01,"[0.1,0.05,0.01]",last_epoch_train_mean,2.9604633402380145,0.1,2.832128110139266,2691360696795162,44716368,18,4530611337580,0.7249112268260436,0.5749039692701664,0.13954248366013072,0.13954248366013072,-0.13954248366013072,5,0.13954248366013072,0.04999999999999993,0.18328595815367338,0.0,0.0,0.2991452991452991,0.5384615384615385,0.5882352941176471,"[0.9487179487179487,0.9230769230769231,0.8673469387755102,0.8382978723404255,0.8138686131386861,0.7898089171974523,0.7875354107648725,0.7653061224489796,0.7262180974477959,0.6659574468085107,0.6679764243614931,0.6496350364963503,0.637137989778535,0.6230031948881789,0.5984962406015037,0.5889046941678521,0.5822102425876011,0.5749039692701664]","[0.2991452991452991,0.3076923076923077,0.10000000000000009,0.4615384615384615,0.5384615384615385,0.04999999999999993,0.4358974358974359,0.02564102564102566,0.07692307692307693,0.0,0.0,0.0,0.07692307692307687,0.0,0.0,0.0,0.0]","[-0.06837606837606836,0.07692307692307687,0.09999999999999998,0.10256410256410264,0.10256410256410253,0.17500000000000004,0.02564102564102566,0.3589743589743589,0.38461538461538464,1.0,0.17948717948717952,-0.15384615384615385,0.41025641025641035,0.02564102564102555,0.07692307692307687,0.4473684210526316,0.3846153846153847,0.23076923076923073]",0.21439558654470936,512,21.113009606604464,21122.18630218506,18.750408180989325,2.3626014256151393,0.13897655444794937,0.1329193910351023,584699273118.8279,897120232265054,807505677475638,89614554789416,51113678520,44716368,0,0,65726388,110442756,105.32641983032227,16.89709175023919,7501.953125,0.1,
spike-all,fecam,spike,1,71,resnet18_cifar,0.1,"[0.1,0.05,0.01]",last_epoch_train_mean,2.864170903744905,0.1,2.864170903744905,2691360696795162,44716368,18,4530611337580,0.5485103978289199,0.3879641485275288,0.16715686274509806,0.16715686274509806,-0.16715686274509806,4,0.16715686274509806,0.050000000000000044,0.21677769980368647,0.0,0.0,0.358974358974359,0.6153846153846154,0.5882352941176471,"[0.8888888888888888,0.7948717948717948,0.673469387755102,0.6382978723404256,0.6204379562043796,0.6146496815286624,0.6062322946175638,0.5688775510204082,0.5243619489559165,0.4851063829787234,0.47544204322200395,0.46897810218978103,0.46337308347529815,0.4329073482428115,0.41654135338345866,0.41251778093883357,0.4002695417789757,0.3879641485275288]","[0.4615384615384615,0.358974358974359,0.125,0.6153846153846154,0.6153846153846154,0.050000000000000044,0.35897435897435903,0.0,0.025641025641025633,0.0,0.10256410256410259,0.0,0.1282051282051282,0.0,0.0,0.0,0.0]","[-0.017094017094017033,0.3846153846153846,0.7000000000000001,0.05128205128205132,0.0,0.025000000000000022,0.15384615384615385,0.6153846153846154,0.717948717948718,0.8717948717948718,0.48717948717948717,-0.41025641025641024,0.5384615384615384,0.02564102564102566,0.10256410256410264,0.4736842105263158,0.6666666666666666,0.7435897435897436]",0.34057267456390267,512,25.281880084890872,25295.37216949463,22.826381403952837,2.4554986809380352,0.14444109887870796,0.14070207299664617,584699273118.8279,897120232265054,807505677475638,89614554789416,51113678520,44716368,0,0,65726388,110442756,105.32641983032227,11.460681158957453,7501.953125,0.1,/nobackup/proj/disk/naiss2026-4-902/shared/yizhil/Avalanche/avalanche-master/joint_result_spike-all/fecam/order1/joint_spike_fecam__order-1__seed-071.json
spike-all,fecam,spike,1,71,resnet18_cifar,0.05,"[0.1,0.05,0.01]",last_epoch_train_mean,2.959690070300369,0.1,2.864170903744905,2691360696795162,44716368,18,4530611337580,0.7166975106268983,0.5326504481434059,0.1674333836098542,0.1674333836098542,-0.1674333836098542,5,0.1674333836098542,0.09999999999999998,0.17685874799943227,0.0,0.0,0.3589743589743589,0.46153846153846156,0.6470588235294118,"[0.9658119658119658,0.9038461538461539,0.8877551020408163,0.8638297872340426,0.8175182481751825,0.7993630573248408,0.7847025495750708,0.7551020408163265,0.7076566125290024,0.6574468085106383,0.6601178781925344,0.6441605839416058,0.6303236797274276,0.6150159744408946,0.5759398496240602,0.5561877667140825,0.5431266846361186,0.5326504481434059]","[0.4444444444444444,0.3589743589743589,0.22499999999999998,0.3846153846153846,0.46153846153846156,0.09999999999999998,0.43589743589743596,0.23076923076923078,0.02564102564102566,0.10256410256410257,0.0,0.0,0.07692307692307687,0.0,0.0,0.0,0.0]","[-0.09401709401709402,0.15384615384615385,-0.02499999999999991,0.17948717948717952,-0.05128205128205121,-0.04999999999999993,0.0,0.28205128205128205,0.5128205128205128,0.7692307692307693,-0.05128205128205132,-0.3846153846153846,0.17948717948717952,0.10256410256410264,0.35897435897435903,0.4736842105263158,0.5641025641025641,0.5128205128205128]",0.1907151247063528,512,21.991618964006193,21998.58332824707,19.712938120006584,2.2786808439996094,0.13404004964703584,0.13163205503951758,584699273118.8279,897120232265054,807505677475638,89614554789416,51113678520,44716368,0,0,65726388,110442756,105.32641983032227,10.198189235869533,7501.953125,0.1,
spike-all,fecam,spike,1,71,resnet18_cifar,0.01,"[0.1,0.05,0.01]",last_epoch_train_mean,2.9646282314513783,0.1,2.864170903744905,2691360696795162,44716368,18,4530611337580,0.7377238414425952,0.5915492957746479,0.1275138260432378,0.1275138260432378,-0.1275138260432378,5,0.1275138260432378,0.04999999999999993,0.15863668695664734,0.0,0.0,0.28205128205128205,0.43589743589743585,0.5882352941176471,"[0.9572649572649573,0.9423076923076923,0.8826530612244898,0.8680851063829788,0.8321167883211679,0.7929936305732485,0.773371104815864,0.7653061224489796,0.7354988399071926,0.674468085106383,0.6777996070726916,0.6642335766423357,0.6524701873935264,0.6405750798722045,0.6225563909774436,0.6073968705547653,0.5983827493261455,0.5915492957746479]","[0.3504273504273505,0.35897435897435903,0.07499999999999996,0.3846153846153846,0.43589743589743585,0.04999999999999993,0.28205128205128205,0.02564102564102555,0.15384615384615385,0.0,0.0,0.0,0.05128205128205121,0.0,0.0,0.0,0.0]","[-0.0854700854700855,0.05128205128205121,0.10000000000000009,0.17948717948717952,0.10256410256410264,-0.07499999999999996,-0.02564102564102555,0.20512820512820518,0.20512820512820507,0.9230769230769231,0.05128205128205132,-0.41025641025641024,0.46153846153846156,0.02564102564102566,0.1538461538461539,0.4736842105263158,0.4615384615384615,0.3076923076923076]",0.17252898985355128,512,22.386235533980653,22391.760482788086,19.88049334299285,2.505742190987803,0.14739659946987077,0.14664538903161883,584699273118.8279,897120232265054,807505677475638,89614554789416,51113678520,44716368,0,0,65726388,110442756,105.32641983032227,10.186998787569776,7501.953125,0.1,
spike-all,fecam,spike,2,63,resnet18_cifar,0.1,"[0.1,0.05,0.01]",last_epoch_train_mean,2.882330189580503,0.1,2.882330189580503,2696376193542102,44716368,18,4530611337580,0.5826922180892358,0.4033290653008963,0.13641493732771626,0.13641493732771626,-0.13641493732771626,2,0.13641493732771626,0.05128205128205129,0.1680226298595505,0.0,0.0,0.23076923076923078,0.5897435897435898,0.7058823529411765,"[0.9137931034482759,0.8580645161290322,0.8,0.717948717948718,0.6996336996336996,0.6506410256410257,0.5994318181818182,0.6138107416879796,0.5604651162790698,0.5287846481876333,0.49606299212598426,0.48080438756855576,0.4522184300341297,0.4416,0.44126506024096385,0.4182076813655761,0.4123989218328841,0.4033290653008963]","[0.3793103448275863,0.5897435897435898,0.35000000000000003,0.23076923076923078,0.10256410256410264,0.28205128205128205,0.0,0.0,0.05128205128205129,0.15384615384615383,0.025641025641025605,0.02564102564102566,0.10256410256410253,0.02564102564102566,0.0,0.0,0.0]","[0.051724137931034475,0.2564102564102564,0.17499999999999993,0.641025641025641,0.3076923076923077,-0.10256410256410253,0.725,-0.02564102564102566,0.8974358974358974,0.6410256410256411,0.6153846153846154,0.38461538461538464,0.35897435897435903,0.5128205128205128,0.05128205128205121,0.8205128205128205,0.20512820512820507,0.41025641025641035]",0.3847823951272227,512,25.108172971988097,25123.07679748535,22.291244167019613,2.8169288049684837,0.1657016944099108,0.16337596694938838,584699270959.0068,898792064514034,809177509724618,89614554789416,51113678520,44716368,0,0,65726388,110442756,105.32641983032227,10.578012765562889,7501.953125,0.1,/nobackup/proj/disk/naiss2026-4-902/shared/yizhil/Avalanche/avalanche-master/joint_result_spike-all/fecam/order2/joint_spike_fecam__order-2__seed-063.json
spike-all,fecam,spike,2,63,resnet18_cifar,0.05,"[0.1,0.05,0.01]",last_epoch_train_mean,2.9133829152361947,0.1,2.882330189580503,2696376193542102,44716368,18,4530611337580,0.6708725738546354,0.4737516005121639,0.15421932698808968,0.15421932698808968,-0.15421932698808968,2,0.15421932698808968,0.07692307692307687,0.22415826126177485,0.0,0.0,0.20512820512820507,0.9230769230769231,0.7058823529411765,"[0.9137931034482759,0.9096774193548387,0.8769230769230769,0.8376068376068376,0.7838827838827839,0.7532051282051282,0.6875,0.7084398976982097,0.6511627906976745,0.6289978678038379,0.5964566929133859,0.5850091407678245,0.5665529010238908,0.5504,0.5481927710843374,0.5149359886201992,0.48921832884097033,0.4737516005121639]","[0.26724137931034486,0.9230769230769231,0.17500000000000004,0.3846153846153847,0.20512820512820507,0.07692307692307687,0.0,0.0,0.025641025641025633,0.2820512820512821,0.02564102564102566,0.0,0.1282051282051282,0.10256410256410259,0.0,0.02564102564102564,0.0]","[0.051724137931034475,0.07692307692307687,0.07499999999999996,0.3589743589743589,0.2564102564102565,-0.07692307692307687,0.625,-0.02564102564102566,0.8461538461538461,0.28205128205128205,0.641025641025641,0.2564102564102565,0.17948717948717952,0.4615384615384615,0.02564102564102555,0.8205128205128205,0.0,0.5897435897435899]",0.3024462127910404,512,23.407037769211456,23412.799194335938,20.694459224003367,2.712578545208089,0.15956344383576995,0.1596347310114652,584699270959.0068,898792064514034,809177509724618,89614554789416,51113678520,44716368,0,0,65726388,110442756,105.32641983032227,9.937777467460757,7501.953125,0.1,
spike-all,fecam,spike,2,63,resnet18_cifar,0.01,"[0.1,0.05,0.01]",last_epoch_train_mean,2.944382803780692,0.1,2.882330189580503,2696376193542102,44716368,18,4530611337580,0.6631830056741407,0.5070422535211268,0.11458365839704582,0.11458365839704582,-0.11458365839704582,2,0.11458365839704582,0.05128205128205129,0.19396778952964971,0.0,0.0,0.10256410256410253,0.8205128205128205,0.6470588235294118,"[0.9137931034482759,0.8903225806451613,0.8358974358974359,0.782051282051282,0.73992673992674,0.7051282051282052,0.6534090909090909,0.680306905370844,0.627906976744186,0.6289978678038379,0.6062992125984252,0.5923217550274223,0.5767918088737202,0.5616,0.5692771084337349,0.5419630156472262,0.5242587601078167,0.5070422535211268]","[0.206896551724138,0.8205128205128205,0.09999999999999998,0.282051282051282,0.05128205128205132,0.0,0.0,0.0,0.07692307692307693,0.17948717948717952,0.02564102564102566,0.0,0.10256410256410253,0.051282051282051266,0.0,0.05128205128205129,0.0]","[0.051724137931034475,0.1282051282051282,0.09999999999999998,0.4871794871794872,0.3076923076923077,-0.02564102564102555,0.625,-0.02564102564102566,0.8717948717948718,0.2564102564102564,0.4358974358974359,0.3076923076923077,0.23076923076923084,0.4615384615384615,-0.10256410256410264,0.7948717948717949,0.0,0.6666666666666667]",0.309533107377935,512,23.490067910170183,23497.909957885742,20.748763208976015,2.741304701194167,0.16125321771730394,0.162682797992602,584699270959.0068,898792064514034,809177509724618,89614554789416,51113678520,44716368,0,0,65726388,110442756,105.32641983032227,9.699338331440567,7501.953125,0.1,
spike-all,fecam,spike,2,65,resnet18_cifar,0.1,"[0.1,0.05,0.01]",last_epoch_train_mean,2.890562116729547,0.1,2.890562116729547,2696376193542102,44716368,18,4530611337580,0.5572445697316575,0.3905249679897567,0.1296185052270245,0.1296185052270245,-0.1296185052270245,2,0.1296185052270245,0.051282051282051266,0.1767825348475197,0.0,0.0,0.1794871794871795,0.6666666666666666,0.5882352941176471,"[0.8879310344827587,0.8258064516129032,0.7692307692307693,0.7136752136752137,0.652014652014652,0.6217948717948718,0.5653409090909091,0.578005115089514,0.5279069767441861,0.4925373134328358,0.468503937007874,0.453382084095064,0.4283276450511945,0.4176,0.4307228915662651,0.406827880512091,0.4002695417789757,0.3905249679897567]","[0.3362068965517242,0.6666666666666666,0.17500000000000004,0.33333333333333337,0.051282051282051266,0.2564102564102565,0.0,0.0,0.025641025641025633,0.1794871794871795,0.0769230769230769,0.0,0.10256410256410259,0.0,0.0,0.0,0.0]","[0.03448275862068961,0.2564102564102564,0.22499999999999998,0.5384615384615384,0.4871794871794872,0.0,0.7749999999999999,0.02564102564102566,0.6410256410256411,0.6923076923076923,0.6153846153846154,0.5384615384615385,0.30769230769230765,0.717948717948718,0.10256410256410253,0.8205128205128205,-0.33333333333333337,0.30769230769230765]",0.37513508203163376,512,23.261318949167617,23268.402267456055,20.59782985399943,2.663489095168188,0.1566758291275405,0.14954148407559842,584699270959.0068,898792064514034,809177509724618,89614554789416,51113678520,44716368,0,0,65726388,110442756,105.32641983032227,10.719055577005985,7501.953125,0.1,/nobackup/proj/disk/naiss2026-4-902/shared/yizhil/Avalanche/avalanche-master/joint_result_spike-all/fecam/order2/joint_spike_fecam__order-2__seed-065.json
spike-all,fecam,spike,2,65,resnet18_cifar,0.05,"[0.1,0.05,0.01]",last_epoch_train_mean,2.9092014383825457,0.1,2.890562116729547,2696376193542102,44716368,18,4530611337580,0.6333514012634454,0.45966709346991036,0.12338118271181152,0.12338118271181152,-0.12338118271181152,2,0.12338118271181152,0.02564102564102566,0.16618062551097665,0.0,0.0,0.20512820512820512,0.6666666666666667,0.6470588235294118,"[0.9051724137931034,0.864516129032258,0.8205128205128205,0.7564102564102564,0.6996336996336996,0.6858974358974359,0.6505681818181818,0.6726342710997443,0.6209302325581395,0.5927505330490405,0.5610236220472441,0.5502742230347349,0.5409556313993175,0.5216,0.5240963855421686,0.4992887624466572,0.4743935309973046,0.45966709346991036]","[0.15517241379310343,0.6666666666666667,0.25,0.23076923076923078,0.02564102564102566,0.0,0.0,0.0,0.10256410256410256,0.2564102564102564,0.20512820512820512,0.0,0.15384615384615385,0.02564102564102566,0.0,0.025641025641025647,0.0]","[0.017241379310344862,0.1794871794871794,0.125,0.5641025641025641,0.4358974358974359,0.17948717948717952,0.5249999999999999,0.02564102564102566,0.5641025641025641,0.4871794871794872,0.6153846153846154,0.41025641025641024,0.20512820512820507,0.6923076923076923,0.05128205128205121,0.7435897435897436,-0.41025641025641035,0.4615384615384615]",0.32624275469103053,512,23.108954946976155,23115.86195373535,20.439146025921218,2.669808921054937,0.15704758359146687,0.15467656403779984,584699270959.0068,898792064514034,809177509724618,89614554789416,51113678520,44716368,0,0,65726388,110442756,105.32641983032227,9.82180882317447,7501.953125,0.1,
spike-all,fecam,spike,2,65,resnet18_cifar,0.01,"[0.1,0.05,0.01]",last_epoch_train_mean,2.954526297053935,0.1,2.890562116729547,2696376193542102,44716368,18,4530611337580,0.6725133187759559,0.5147247119078106,0.12137879024288761,0.12137879024288761,-0.12137879024288761,2,0.12137879024288761,0.07499999999999996,0.18017579540268666,0.0,0.0,0.17500000000000004,0.7692307692307692,0.6470588235294118,"[0.9137931034482759,0.8903225806451613,0.8358974358974359,0.7777777777777778,0.7509157509157509,0.7211538461538461,0.6903409090909091,0.7058823529411765,0.6488372093023256,0.6417910447761194,0.610236220472441,0.5923217550274223,0.5870307167235495,0.5728,0.5768072289156626,0.5476529160739687,0.5269541778975741,0.5147247119078106]","[0.1724137931034483,0.7692307692307692,0.17500000000000004,0.17948717948717946,0.07692307692307687,0.0,0.07499999999999996,0.0,0.07692307692307693,0.20512820512820512,0.05128205128205132,0.0,0.23076923076923078,0.05128205128205132,0.0,0.0,0.0]","[0.008620689655172376,0.10256410256410253,0.09999999999999998,0.5128205128205128,0.23076923076923084,0.20512820512820518,0.35,0.05128205128205132,0.5641025641025641,0.33333333333333337,0.48717948717948717,0.46153846153846156,0.10256410256410253,0.5897435897435896,0.0,0.7435897435897436,-0.4358974358974359,0.3846153846153846]",0.26621966794380586,512,23.144880860112607,23155.054595947266,20.58393176808022,2.560949092032388,0.15064406423719928,0.14915157295763493,584699270959.0068,898792064514034,809177509724618,89614554789416,51113678520,44716368,0,0,65726388,110442756,105.32641983032227,9.587090417132183,7501.953125,0.1,
spike-all,fecam,spike,2,67,resnet18_cifar,0.1,"[0.1,0.05,0.01]",last_epoch_train_mean,2.8869231798634027,0.1,2.8869231798634027,2696376193542102,44716368,18,4530611337580,0.5787911252429188,0.4212548015364917,0.10490196078431373,0.10490196078431373,-0.10490196078431373,2,0.10490196078431373,0.051282051282051266,0.13511577277598558,0.0,0.0,0.15384615384615385,0.5384615384615384,0.7058823529411765,"[0.8879310344827587,0.832258064516129,0.7846153846153846,0.6965811965811965,0.663003663003663,0.625,0.5823863636363636,0.6035805626598465,0.5604651162790698,0.5309168443496801,0.5,0.4844606946983547,0.4709897610921502,0.4528,0.4608433734939759,0.4352773826458037,0.42587601078167114,0.4212548015364917]","[0.25,0.5384615384615384,0.17499999999999993,0.23076923076923078,0.10256410256410264,0.02564102564102566,0.025000000000000022,0.0,0.1282051282051282,0.07692307692307693,0.051282051282051266,0.0,0.15384615384615385,0.02564102564102566,0.0,0.0,0.0]","[0.03448275862068961,0.15384615384615385,0.275,0.717948717948718,0.3846153846153846,0.3846153846153846,0.625,0.05128205128205121,0.6666666666666667,0.6153846153846154,0.7692307692307692,0.2820512820512821,0.3589743589743589,0.6666666666666667,0.1282051282051283,0.7948717948717948,0.17948717948717952,0.17948717948717952]",0.4037675606641124,512,22.83993932174053,22847.671096801758,20.28860912192613,2.5513301998144016,0.15007824704790598,0.1491832120809704,584699270959.0068,898792064514034,809177509724618,89614554789416,51113678520,44716368,0,0,65726388,110442756,105.32641983032227,10.656123913952152,7501.953125,0.1,/nobackup/proj/disk/naiss2026-4-902/shared/yizhil/Avalanche/avalanche-master/joint_result_spike-all/fecam/order2/joint_spike_fecam__order-2__seed-067.json
spike-all,fecam,spike,2,67,resnet18_cifar,0.05,"[0.1,0.05,0.01]",last_epoch_train_mean,2.9147523204732386,0.1,2.8869231798634027,2696376193542102,44716368,18,4530611337580,0.6096220703719498,0.43918053777208704,0.11786940240287098,0.11786940240287098,-0.11786940240287098,2,0.11786940240287098,0.051282051282051266,0.14118542500478248,0.0,0.0,0.25641025641025644,0.4615384615384615,0.6470588235294118,"[0.9137931034482759,0.8580645161290322,0.8153846153846154,0.7564102564102564,0.706959706959707,0.6666666666666666,0.6306818181818182,0.6419437340153452,0.5883720930232558,0.5522388059701493,0.5177165354330708,0.5137111517367459,0.5,0.4864,0.48042168674698793,0.45376955903271693,0.45148247978436656,0.43918053777208704]","[0.26724137931034486,0.4615384615384615,0.275,0.30769230769230765,0.051282051282051266,0.05128205128205132,0.0,0.0,0.025641025641025633,0.20512820512820515,0.025641025641025633,0.0,0.25641025641025644,0.07692307692307693,0.0,0.0,0.0]","[0.008620689655172376,0.15384615384615385,0.125,0.4871794871794872,0.46153846153846156,0.2564102564102564,0.6,0.1282051282051282,0.6923076923076923,0.641025641025641,0.7692307692307692,0.15384615384615385,0.3589743589743589,0.5384615384615385,0.23076923076923084,0.7948717948717948,0.05128205128205121,0.25641025641025644]",0.3726655368896748,512,23.28171869169455,23294.828201293945,20.513495887978934,2.7682228037156165,0.16283663551268332,0.15948461706284434,584699270959.0068,898792064514034,809177509724618,89614554789416,51113678520,44716368,0,0,65726388,110442756,105.32641983032227,12.511408244612628,7501.953125,0.1,
spike-all,fecam,spike,2,67,resnet18_cifar,0.01,"[0.1,0.05,0.01]",last_epoch_train_mean,2.9476957143463705,0.1,2.8869231798634027,2696376193542102,44716368,18,4530611337580,0.6765071270678105,0.5134443021766966,0.12297550319862693,0.12297550319862693,-0.12297550319862693,2,0.12297550319862693,0.07692307692307691,0.15913311383807843,0.0,0.0,0.17948717948717946,0.6666666666666667,0.7058823529411765,"[0.9137931034482759,0.9032258064516129,0.8512820512820513,0.7863247863247863,0.7472527472527473,0.7147435897435898,0.6789772727272727,0.7084398976982097,0.6534883720930232,0.652452025586354,0.6259842519685039,0.6069469835466179,0.5921501706484642,0.5776,0.5737951807228916,0.5462304409672831,0.5309973045822103,0.5134443021766966]","[0.19827586206896552,0.6666666666666667,0.15000000000000002,0.23076923076923078,0.05128205128205121,0.0,0.04999999999999993,0.0,0.07692307692307691,0.17948717948717946,0.07692307692307693,0.0,0.2564102564102564,0.10256410256410259,0.0,0.05128205128205129,0.0]","[0.008620689655172376,-0.05128205128205132,0.09999999999999998,0.5384615384615384,0.33333333333333337,0.20512820512820507,0.375,-0.02564102564102566,0.7435897435897436,0.28205128205128205,0.5641025641025641,0.20512820512820518,0.41025641025641024,0.5128205128205128,0.02564102564102566,0.7179487179487178,0.05128205128205121,0.28205128205128205]",0.2932495824737204,512,25.022255640826188,25034.019805908203,22.37414211698342,2.648113523842767,0.15577138375545688,0.1527427479159087,584699270959.0068,898792064514034,809177509724618,89614554789416,51113678520,44716368,0,0,65726388,110442756,105.32641983032227,10.366929387798946,7501.953125,0.1,
spike-all,fecam,spike,2,69,resnet18_cifar,0.1,"[0.1,0.05,0.01]",last_epoch_train_mean,2.891270086632012,0.1,2.891270086632012,2696376193542102,44716368,18,4530611337580,0.5609938346731156,0.37900128040973113,0.1486217298590524,0.1486217298590524,-0.1486217298590524,2,0.1486217298590524,0.10256410256410256,0.1658596443182322,0.0,0.0,0.275,0.5128205128205128,0.7058823529411765,"[0.9137931034482759,0.8580645161290322,0.8051282051282052,0.7136752136752137,0.6776556776556777,0.6217948717948718,0.5795454545454546,0.578005115089514,0.5279069767441861,0.4904051172707889,0.46062992125984253,0.4424131627056673,0.42662116040955633,0.4224,0.42018072289156627,0.3911806543385491,0.3894878706199461,0.37900128040973113]","[0.5086206896551725,0.5128205128205128,0.275,0.10256410256410256,0.17948717948717952,0.28205128205128205,0.025000000000000022,0.0,0.1282051282051282,0.15384615384615385,0.0,0.051282051282051266,0.2820512820512821,0.02564102564102566,0.0,0.0,0.0]","[0.025862068965517238,0.2564102564102564,0.22499999999999998,0.717948717948718,0.3846153846153846,-0.10256410256410253,0.7,0.10256410256410253,0.717948717948718,0.5897435897435898,0.7179487179487178,0.5641025641025641,0.3846153846153846,0.5641025641025641,0.07692307692307687,0.7435897435897436,0.28205128205128205,0.23076923076923078]",0.39897951665193043,512,23.874065760988742,23881.47300720215,21.267696358961985,2.6063694020267576,0.15331584717804456,0.15035887400154024,584699270959.0068,898792064514034,809177509724618,89614554789416,51113678520,44716368,0,0,65726388,110442756,105.32641983032227,11.067595380708985,7501.953125,0.1,/nobackup/proj/disk/naiss2026-4-902/shared/yizhil/Avalanche/avalanche-master/joint_result_spike-all/fecam/order2/joint_spike_fecam__order-2__seed-069.json
spike-all,fecam,spike,2,69,resnet18_cifar,0.05,"[0.1,0.05,0.01]",last_epoch_train_mean,2.911401499872622,0.1,2.891270086632012,2696376193542102,44716368,18,4530611337580,0.6522799874099685,0.469910371318822,0.13197586726998492,0.13197586726998492,-0.13197586726998492,2,0.13197586726998492,0.07692307692307693,0.16190044827321645,0.0,0.0,0.25,0.6153846153846154,0.5882352941176471,"[0.9224137931034483,0.8903225806451613,0.8461538461538461,0.7991452991452992,0.7582417582417582,0.717948717948718,0.6676136363636364,0.6675191815856778,0.6186046511627907,0.6162046908315565,0.5807086614173228,0.5758683729433273,0.5631399317406144,0.544,0.5240963855421686,0.5007112375533428,0.4784366576819407,0.469910371318822]","[0.25,0.6153846153846154,0.25,0.2564102564102564,0.1282051282051282,0.0,0.0,0.0,0.10256410256410253,0.30769230769230776,0.05128205128205132,0.0,0.20512820512820507,0.07692307692307693,0.0,0.0,0.0]","[0.017241379310344862,0.15384615384615385,0.19999999999999996,0.4358974358974359,0.4358974358974359,0.10256410256410264,0.475,0.23076923076923073,0.6410256410256411,0.23076923076923073,0.641025641025641,0.28205128205128205,0.4871794871794872,0.6410256410256411,0.20512820512820507,0.6153846153846154,0.1282051282051282,0.2564102564102564]",0.3433011592494351,512,23.719301474979147,23725.92677307129,21.101386327063665,2.6179151479154825,0.15399500870091073,0.15100755996536463,584699270959.0068,898792064514034,809177509724618,89614554789416,51113678520,44716368,0,0,65726388,110442756,105.32641983032227,10.339863011798322,7501.953125,0.1,
spike-all,fecam,spike,2,69,resnet18_cifar,0.01,"[0.1,0.05,0.01]",last_epoch_train_mean,2.9465024486091567,0.1,2.891270086632012,2696376193542102,44716368,18,4530611337580,0.6786394931578391,0.5236875800256082,0.12156732719613045,0.12156732719613045,-0.12156732719613045,2,0.12156732719613045,0.07692307692307687,0.17897405718366688,0.0,0.025000000000000022,0.1724137931034483,0.7692307692307692,0.7647058823529411,"[0.9137931034482759,0.8838709677419355,0.841025641025641,0.782051282051282,0.7509157509157509,0.7243589743589743,0.6875,0.7058823529411765,0.6488372093023256,0.650319829424307,0.6259842519685039,0.6106032906764168,0.5938566552901023,0.5872,0.588855421686747,0.5590327169274538,0.5377358490566038,0.5236875800256082]","[0.1724137931034483,0.7692307692307692,0.09999999999999998,0.20512820512820512,0.05128205128205132,0.07692307692307687,0.025000000000000022,0.0,0.07692307692307691,0.17948717948717946,0.051282051282051266,0.0,0.2564102564102564,0.07692307692307693,0.0,0.02564102564102564,0.0]","[0.025862068965517238,0.15384615384615385,0.09999999999999998,0.5128205128205128,0.41025641025641024,-0.05128205128205121,0.42499999999999993,0.05128205128205132,0.7692307692307693,0.20512820512820518,0.5384615384615384,0.358974358974359,0.4358974358974359,0.43589743589743596,-0.10256410256410253,0.717948717948718,0.05128205128205132,0.38461538461538464]",0.30125871893113276,512,23.504156967857853,23511.755432128906,20.948762050946243,2.5553949169116095,0.1503173480536241,0.1498289320152253,584699270959.0068,898792064514034,809177509724618,89614554789416,51113678520,44716368,0,0,65726388,110442756,105.32641983032227,10.078297454563284,7501.953125,0.1,
spike-all,fecam,spike,2,71,resnet18_cifar,0.1,"[0.1,0.05,0.01]",last_epoch_train_mean,2.8188114521666345,0.1,2.8188114521666345,2696376193542102,44716368,18,4530611337580,0.5408754455184773,0.3405889884763124,0.08730821240963228,0.08730821240963228,-0.08730821240963228,2,0.08730821240963228,0.0,0.17471885502126183,0.0,0.0,0.10256410256410256,0.717948717948718,0.35294117647058826,"[0.8620689655172413,0.8258064516129032,0.7743589743589744,0.7136752136752137,0.663003663003663,0.6282051282051282,0.5823863636363636,0.5626598465473146,0.5116279069767442,0.4840085287846482,0.4566929133858268,0.43875685557586835,0.4061433447098976,0.3856,0.3855421686746988,0.3655761024182077,0.3490566037735849,0.3405889884763124]","[0.18103448275862066,0.717948717948718,0.17499999999999993,0.23076923076923078,0.0,0.07692307692307687,0.0,0.0,0.0,0.10256410256410256,0.0,0.0,0.0,0.0,0.0,0.0,0.0]","[0.07758620689655182,0.10256410256410253,0.15000000000000002,0.17948717948717952,0.17948717948717952,0.33333333333333337,0.55,0.5128205128205128,0.9487179487179487,0.6666666666666667,0.6666666666666666,0.17948717948717952,0.8974358974358974,0.8461538461538461,0.46153846153846156,0.9487179487179487,0.15384615384615385,0.7435897435897436]",0.47767216818940955,512,23.074356830562465,23080.09115600586,20.529113876982592,2.545242953579873,0.14972017373999252,0.14852275408338755,584699270959.0068,898792064514034,809177509724618,89614554789416,51113678520,44716368,0,0,65726388,110442756,105.32641983032227,10.810965697028259,7501.953125,0.1,/nobackup/proj/disk/naiss2026-4-902/shared/yizhil/Avalanche/avalanche-master/joint_result_spike-all/fecam/order2/joint_spike_fecam__order-2__seed-071.json
spike-all,fecam,spike,2,71,resnet18_cifar,0.05,"[0.1,0.05,0.01]",last_epoch_train_mean,2.8650909329053036,0.1,2.8188114521666345,2696376193542102,44716368,18,4530611337580,0.630121578298389,0.44814340588988477,0.1520661049565715,0.1520661049565715,-0.1520661049565715,2,0.1520661049565715,0.10256410256410256,0.18895529079330745,0.0,0.0,0.2564102564102564,0.7692307692307692,0.6470588235294118,"[0.9137931034482759,0.8774193548387097,0.8256410256410256,0.7692307692307693,0.7252747252747253,0.6955128205128205,0.6477272727272727,0.6649616368286445,0.6116279069767442,0.5756929637526652,0.5610236220472441,0.5393053016453382,0.5187713310580204,0.5056,0.5150602409638554,0.4864864864864865,0.4609164420485175,0.44814340588988477]","[0.2844827586206897,0.7692307692307692,0.275,0.2564102564102564,0.05128205128205132,0.23076923076923084,0.0,0.0,0.10256410256410256,0.28205128205128205,0.15384615384615385,0.0,0.10256410256410259,0.07692307692307693,0.0,0.0,0.0]","[0.025862068965517238,0.05128205128205132,0.15000000000000002,0.12820512820512825,0.02564102564102566,-0.07692307692307698,0.42500000000000004,0.0,0.7948717948717948,0.46153846153846156,0.41025641025641024,0.10256410256410259,0.5128205128205128,0.5897435897435896,0.15384615384615385,0.923076923076923,0.02564102564102566,0.5384615384615384]",0.2912159838883977,512,23.02420785999857,23036.901321411133,20.51650098792743,2.5077068720711395,0.14751216894536115,0.14466429396998137,584699270959.0068,898792064514034,809177509724618,89614554789416,51113678520,44716368,0,0,65726388,110442756,105.32641983032227,9.572618706694419,7501.953125,0.1,
spike-all,fecam,spike,2,71,resnet18_cifar,0.01,"[0.1,0.05,0.01]",last_epoch_train_mean,2.9422765696270865,0.1,2.8188114521666345,2696376193542102,44716368,18,4530611337580,0.6862061040741495,0.5236875800256082,0.11509075778852657,0.11509075778852657,-0.11509075778852657,2,0.11509075778852657,0.05128205128205132,0.1962299252860504,0.0,0.0,0.1282051282051282,0.8461538461538461,0.7058823529411765,"[0.9224137931034483,0.9161290322580645,0.8615384615384616,0.7991452991452992,0.7655677655677655,0.7371794871794872,0.6875,0.710997442455243,0.6534883720930232,0.6545842217484008,0.6318897637795275,0.6142595978062158,0.6006825938566553,0.5856,0.588855421686747,0.5604551920341394,0.5377358490566038,0.5236875800256082]","[0.2155172413793104,0.8461538461538461,0.07500000000000007,0.23076923076923073,0.05128205128205132,0.05128205128205132,0.024999999999999967,0.0,0.12820512820512822,0.1282051282051282,0.051282051282051266,0.0,0.1282051282051282,0.02564102564102566,0.0,0.0,0.0]","[0.017241379310344862,-0.05128205128205132,0.09999999999999998,0.10256410256410264,-0.05128205128205132,0.0,0.32500000000000007,-0.02564102564102566,0.8205128205128205,0.17948717948717952,0.4358974358974359,-0.02564102564102566,0.41025641025641024,0.5641025641025641,0.1282051282051282,0.8974358974358974,0.05128205128205121,0.641025641025641]",0.2510646920129679,512,23.030778169166297,23036.585189819336,20.48927134508267,2.5415068240836263,0.1495004014166839,0.148454223992303,584699270959.0068,898792064514034,809177509724618,89614554789416,51113678520,44716368,0,0,65726388,110442756,105.32641983032227,9.608616974626914,7501.953125,0.1,
spike-all,fecam,spike,3,63,resnet18_cifar,0.1,"[0.1,0.05,0.01]",last_epoch_train_mean,2.8953067945397417,0.1,2.8953067945397417,2691360696795162,44716368,18,4530611337580,0.5671877239321873,0.34571062740076824,0.07739011934058374,0.07739011934058374,-0.07739011934058374,1,0.07739011934058374,0.02631578947368418,0.10345952775290106,0.0,0.0,0.10256410256410256,0.3418803418803419,0.6470588235294118,"[0.9743589743589743,0.7884615384615384,0.7076923076923077,0.7264957264957265,0.7142857142857143,0.6378205128205128,0.584045584045584,0.5641025641025641,0.5314685314685315,0.5331905781584583,0.5384615384615384,0.4990859232175503,0.4658703071672355,0.4352,0.40963855421686746,0.3869132290184922,0.3665768194070081,0.34571062740076824]","[0.3418803418803419,0.17948717948717946,0.07692307692307698,0.1282051282051282,0.0,0.10256410256410256,0.02564102564102566,0.3076923076923077,0.0,0.02631578947368418,0.04999999999999993,0.0,0.025641025641025633,0.0,0.05128205128205128,0.0,0.0]","[-0.2649572649572649,-0.07692307692307693,0.3076923076923077,0.10256410256410253,0.0,0.6923076923076923,0.3333333333333333,0.48717948717948717,0.10256410256410253,0.36842105263157887,0.30000000000000004,1.0,0.7692307692307693,0.5384615384615384,0.8205128205128205,0.9230769230769231,0.9487179487179487,0.7435897435897436]",0.4497650822212226,512,23.547151800827123,23553.27035522461,20.985426621045917,2.561725179781206,0.150689716457718,0.1505521829240024,584699273118.8279,897120232265054,807505677475638,89614554789416,51113678520,44716368,0,0,65726388,110442756,105.32641983032227,10.58854311007038,7501.953125,0.1,/nobackup/proj/disk/naiss2026-4-902/shared/yizhil/Avalanche/avalanche-master/joint_result_spike-all/fecam/order3/joint_spike_fecam__order-3__seed-063.json
spike-all,fecam,spike,3,63,resnet18_cifar,0.05,"[0.1,0.05,0.01]",last_epoch_train_mean,2.9297147478376115,0.1,2.8953067945397417,2691360696795162,44716368,18,4530611337580,0.6134780232910614,0.4199743918053777,0.06690746474028207,0.06690746474028207,-0.06690746474028207,1,0.06690746474028207,0.02631578947368418,0.08641297021532965,0.0,0.0,0.10256410256410253,0.2649572649572649,0.5882352941176471,"[0.9401709401709402,0.7692307692307693,0.7128205128205128,0.7564102564102564,0.7692307692307693,0.7211538461538461,0.6666666666666666,0.6410256410256411,0.5944055944055944,0.588865096359743,0.5838264299802761,0.5447897623400365,0.5102389078498294,0.4816,0.4578313253012048,0.44096728307254623,0.44339622641509435,0.4199743918053777]","[0.2649572649572649,0.15384615384615383,0.05128205128205121,0.05128205128205121,0.10256410256410253,0.15384615384615385,0.05128205128205132,0.2564102564102564,0.0,0.02631578947368418,0.0,0.0,0.025641025641025633,0.0,0.0,0.0,0.0]","[-0.23076923076923073,0.0,0.20512820512820518,0.0,-0.23076923076923073,0.5641025641025641,0.2564102564102564,0.48717948717948717,0.05128205128205132,0.36842105263157887,0.42500000000000004,0.95,0.7948717948717949,0.5128205128205128,0.7948717948717949,0.7948717948717949,0.4871794871794872,0.641025641025641]",0.38175701004648377,512,22.833220347063616,22841.25407409668,20.34853174793534,2.484688599128276,0.14615815288989858,0.14821885607670993,584699273118.8279,897120232265054,807505677475638,89614554789416,51113678520,44716368,0,0,65726388,110442756,105.32641983032227,9.766857372894979,7501.953125,0.1,
spike-all,fecam,spike,3,63,resnet18_cifar,0.01,"[0.1,0.05,0.01]",last_epoch_train_mean,2.9448227497361463,0.1,2.8953067945397417,2691360696795162,44716368,18,4530611337580,0.6370666053016425,0.4647887323943662,0.05031621285491255,0.05031621285491255,-0.05031621285491255,6,0.05031621285491255,0.025641025641025633,0.07591981537616029,0.0,0.0,0.05128205128205132,0.25641025641025644,0.5294117647058824,"[0.9829059829059829,0.7756410256410257,0.7025641025641025,0.7478632478632479,0.7472527472527473,0.7307692307692307,0.6723646723646723,0.6461538461538462,0.6223776223776224,0.6167023554603854,0.6134122287968442,0.5923217550274223,0.552901023890785,0.528,0.5075301204819277,0.4879089615931721,0.4757412398921833,0.4647887323943662]","[0.21367521367521358,0.07692307692307693,0.0,0.02564102564102566,0.05128205128205132,0.25641025641025644,0.1282051282051282,0.051282051282051266,0.0,0.026315789473684292,0.0,0.0,0.025641025641025633,0.0,0.0,0.0,0.0]","[-0.2735042735042734,0.025641025641025605,0.17948717948717952,0.0,-0.10256410256410253,0.3589743589743589,0.358974358974359,0.5384615384615384,0.10256410256410253,0.2894736842105262,0.4,0.65,0.7948717948717949,0.41025641025641024,0.6923076923076923,0.8461538461538461,0.5641025641025641,0.6153846153846154]",0.3583658219623132,512,22.883766107843257,22890.48358154297,20.399737427011132,2.4840286808321252,0.14611933416659562,0.14637077401857823,584699273118.8279,897120232265054,807505677475638,89614554789416,51113678520,44716368,0,0,65726388,110442756,105.32641983032227,9.50903030590568,7501.953125,0.1,
spike-all,fecam,spike,3,65,resnet18_cifar,0.1,"[0.1,0.05,0.01]",last_epoch_train_mean,2.888310592367042,0.1,2.888310592367042,2691360696795162,44716368,18,4530611337580,0.5741758692858366,0.36235595390524966,0.08044243338360985,0.08044243338360985,-0.08044243338360985,1,0.08044243338360985,0.05128205128205121,0.10202046401858855,0.0,0.0,0.1282051282051282,0.29059829059829057,0.5882352941176471,"[0.9401709401709402,0.782051282051282,0.7128205128205128,0.7478632478632479,0.7032967032967034,0.6666666666666666,0.6153846153846154,0.5974358974358974,0.5524475524475524,0.5438972162740899,0.534516765285996,0.4954296160877514,0.46075085324232085,0.432,0.4126506024096386,0.3940256045519203,0.38140161725067384,0.36235595390524966]","[0.29059829059829057,0.28205128205128205,0.05128205128205132,0.05128205128205121,0.20512820512820507,0.23076923076923078,0.051282051282051266,0.1282051282051282,0.0,0.0,0.0,0.0,0.025641025641025633,0.0,0.0,0.0,0.051282051282051266]","[0.042735042735042694,0.07692307692307693,0.1282051282051282,-0.02564102564102566,0.4358974358974359,0.4358974358974359,0.43589743589743585,0.17948717948717952,0.07692307692307698,0.26315789473684215,0.5,0.25,0.6410256410256411,0.8974358974358975,0.717948717948718,0.8717948717948718,0.7948717948717949,0.5384615384615385]",0.4033900634777828,512,30.504616488004103,30521.916534423828,27.93705485099963,2.5675616370044736,0.1510330374708514,0.1544463509999332,584699273118.8279,897120232265054,807505677475638,89614554789416,51113678520,44716368,0,0,65726388,110442756,105.32641983032227,10.8349608322645,7504.203125,0.1,/nobackup/proj/disk/naiss2026-4-902/shared/yizhil/Avalanche/avalanche-master/joint_result_spike-all/fecam/order3/joint_spike_fecam__order-3__seed-065.json
spike-all,fecam,spike,3,65,resnet18_cifar,0.05,"[0.1,0.05,0.01]",last_epoch_train_mean,2.918726192498059,0.1,2.888310592367042,2691360696795162,44716368,18,4530611337580,0.5910037472311309,0.4007682458386684,0.06837606837606837,0.06837606837606837,-0.06837606837606837,1,0.06837606837606837,0.0,0.08858089503798389,0.0,0.0,0.15384615384615385,0.2649572649572649,0.47058823529411764,"[0.9487179487179487,0.7628205128205128,0.6871794871794872,0.7264957264957265,0.7142857142857143,0.6826923076923077,0.6239316239316239,0.6051282051282051,0.5734265734265734,0.563169164882227,0.5641025641025641,0.5228519195612431,0.4931740614334471,0.4688,0.4503012048192771,0.43243243243243246,0.41778975741239893,0.4007682458386684]","[0.2649572649572649,0.15384615384615385,0.07692307692307687,0.0,0.1794871794871794,0.20512820512820507,0.07692307692307693,0.17948717948717946,0.0,0.0,0.0,0.0,0.025641025641025633,0.0,0.0,0.0,0.0]","[0.03418803418803418,0.15384615384615385,0.10256410256410264,0.0,0.1282051282051282,0.35897435897435903,0.4102564102564102,0.2820512820512821,-0.02564102564102555,0.26315789473684215,0.42500000000000004,0.25,0.6410256410256411,0.7948717948717949,0.6666666666666666,0.8717948717948718,0.8205128205128205,0.5897435897435898]",0.37595654021092617,512,24.223531600004208,24230.766708374023,21.812445599000057,2.4110860010041506,0.1418285882943618,0.14142589699986274,584699273118.8279,897120232265054,807505677475638,89614554789416,51113678520,44716368,0,0,65726388,110442756,105.32641983032227,10.49251622022967,7501.953125,0.1,
spike-all,fecam,spike,3,65,resnet18_cifar,0.01,"[0.1,0.05,0.01]",last_epoch_train_mean,2.943517554620778,0.1,2.888310592367042,2691360696795162,44716368,18,4530611337580,0.6314785728422508,0.4647887323943662,0.051323727871715484,0.051323727871715484,-0.051323727871715484,1,0.051323727871715484,0.025000000000000022,0.0640432154135259,0.0,0.0,0.07692307692307693,0.17948717948717952,0.5294117647058824,"[0.9572649572649573,0.7564102564102564,0.7025641025641025,0.7478632478632479,0.73992673992674,0.7115384615384616,0.6609686609686609,0.6384615384615384,0.6130536130536131,0.6059957173447538,0.6074950690335306,0.5923217550274223,0.5546075085324232,0.536,0.5135542168674698,0.4907539118065434,0.47304582210242585,0.4647887323943662]","[0.17948717948717952,0.10256410256410256,0.0,0.0,0.0,0.1538461538461538,0.17948717948717946,0.07692307692307693,0.0,0.05263157894736836,0.025000000000000022,0.0,0.02564102564102564,0.0769230769230769,0.0,0.0,0.0]","[0.02564102564102555,0.23076923076923078,0.02564102564102566,-0.02564102564102566,0.15384615384615385,0.35897435897435903,0.5384615384615384,0.3076923076923077,0.02564102564102566,0.1842105263157895,0.375,-0.22499999999999998,0.7435897435897436,0.6410256410256411,0.641025641025641,0.8717948717948718,0.5897435897435898,0.5128205128205128]",0.3319575648523017,512,22.96673385000031,22972.019958496094,20.564959933000864,2.4017739169994456,0.1412808186470262,0.1402109449991258,584699273118.8279,897120232265054,807505677475638,89614554789416,51113678520,44716368,0,0,65726388,110442756,105.32641983032227,9.74829931113509,7501.953125,0.1,
spike-all,fecam,spike,3,67,resnet18_cifar,0.1,"[0.1,0.05,0.01]",last_epoch_train_mean,2.866184021375194,0.1,2.866184021375194,2691360696795162,44716368,18,4530611337580,0.522703596355346,0.3111395646606914,0.08597285067873303,0.08597285067873303,-0.08597285067873303,1,0.08597285067873303,0.0,0.10769273018325091,0.0,0.0,0.1794871794871795,0.3076923076923077,0.47058823529411764,"[0.9401709401709402,0.782051282051282,0.717948717948718,0.7136752136752137,0.6593406593406593,0.6057692307692307,0.5384615384615384,0.5153846153846153,0.47785547785547783,0.4625267665952891,0.46153846153846156,0.42778793418647165,0.3993174061433447,0.3744,0.35240963855421686,0.3413940256045519,0.3274932614555256,0.3111395646606914]","[0.3076923076923077,0.1794871794871795,0.15384615384615385,0.23076923076923073,0.10256410256410253,0.20512820512820512,0.0,0.2564102564102564,0.0,0.0,0.0,0.0,0.0,0.02564102564102564,0.0,0.0,0.0]","[0.017094017094017144,-0.15384615384615385,0.15384615384615385,0.1282051282051282,0.48717948717948717,0.5641025641025641,0.7692307692307693,0.33333333333333337,0.20512820512820518,0.5526315789473685,0.32499999999999996,0.875,0.8205128205128205,0.8974358974358975,0.8461538461538463,0.717948717948718,0.9230769230769231,0.48717948717948717]",0.4971784875293647,512,22.68119819000276,22689.013397216797,20.287401427000077,2.3937967630026833,0.1408115742942755,0.1413463379994937,584699273118.8279,897120232265054,807505677475638,89614554789416,51113678520,44716368,0,0,65726388,110442756,105.32641983032227,11.263408645330326,7501.953125,0.1,/nobackup/proj/disk/naiss2026-4-902/shared/yizhil/Avalanche/avalanche-master/joint_result_spike-all/fecam/order3/joint_spike_fecam__order-3__seed-067.json
spike-all,fecam,spike,3,67,resnet18_cifar,0.05,"[0.1,0.05,0.01]",last_epoch_train_mean,2.9368767590256213,0.1,2.866184021375194,2691360696795162,44716368,18,4530611337580,0.5781611038544653,0.35979513444302175,0.09200603318250376,0.09200603318250376,-0.09200603318250376,1,0.09200603318250376,0.025641025641025633,0.10665260651380806,0.0,0.0,0.20512820512820507,0.28205128205128205,0.5294117647058824,"[0.9230769230769231,0.7564102564102564,0.7076923076923077,0.7307692307692307,0.7326007326007326,0.6730769230769231,0.6239316239316239,0.6025641025641025,0.5524475524475524,0.5438972162740899,0.5483234714003945,0.5137111517367459,0.4778156996587031,0.448,0.42620481927710846,0.4011379800853485,0.38544474393531,0.35979513444302175]","[0.28205128205128205,0.28205128205128205,0.07692307692307687,0.15384615384615385,0.20512820512820507,0.20512820512820512,0.10256410256410259,0.23076923076923078,0.0,0.0,0.0,0.0,0.0,0.0,0.0,0.0,0.025641025641025633]","[0.03418803418803418,-0.15384615384615385,0.17948717948717952,0.07692307692307687,-0.02564102564102566,0.5384615384615385,0.4871794871794872,0.2820512820512821,0.10256410256410253,0.42105263157894735,0.29999999999999993,0.8250000000000001,0.8205128205128205,0.8974358974358975,0.8461538461538463,0.8461538461538461,0.8974358974358975,0.5128205128205128]",0.4382184985255161,512,22.76375670399466,22776.136428833008,20.206696846998966,2.557059856995693,0.15041528570562898,0.14647437100029492,584699273118.8279,897120232265054,807505677475638,89614554789416,51113678520,44716368,0,0,65726388,110442756,105.32641983032227,10.77616937516108,7501.953125,0.1,
spike-all,fecam,spike,3,67,resnet18_cifar,0.01,"[0.1,0.05,0.01]",last_epoch_train_mean,2.9478337068735443,0.1,2.866184021375194,2691360696795162,44716368,18,4530611337580,0.6481132216756575,0.4737516005121639,0.058400148183429916,0.058400148183429916,-0.058400148183429916,1,0.058400148183429916,0.02564102564102564,0.07085240503476439,0.0,0.0,0.07692307692307693,0.19658119658119655,0.5882352941176471,"[0.9658119658119658,0.7692307692307693,0.7128205128205128,0.7564102564102564,0.7728937728937729,0.75,0.6923076923076923,0.6641025641025641,0.6363636363636364,0.6295503211991434,0.6351084812623274,0.6014625228519196,0.5631399317406144,0.5392,0.5180722891566265,0.4992887624466572,0.4865229110512129,0.4737516005121639]","[0.19658119658119655,0.15384615384615383,0.02564102564102566,0.0,0.07692307692307687,0.17948717948717952,0.17948717948717952,0.07692307692307693,0.0,0.05263157894736836,0.0,0.0,0.02564102564102564,0.025641025641025633,0.0,0.0,0.0]","[-0.008547008547008517,-0.051282051282051266,0.10256410256410253,0.0,-0.15384615384615385,0.3076923076923077,0.6923076923076923,0.3076923076923077,0.05128205128205132,0.3421052631578948,0.25,0.6000000000000001,0.8974358974358974,0.7435897435897436,0.7179487179487181,0.717948717948718,0.5641025641025641,0.358974358974359]",0.3577760283900635,512,22.543906504995903,22551.72981262207,20.069019958000354,2.474886546995549,0.14558156158797347,0.14719220400002087,584699273118.8279,897120232265054,807505677475638,89614554789416,51113678520,44716368,0,0,65726388,110442756,105.32641983032227,9.7841722228003,7501.953125,0.1,
spike-all,fecam,spike,3,69,resnet18_cifar,0.1,"[0.1,0.05,0.01]",last_epoch_train_mean,2.920193737338048,0.1,2.920193737338048,2691360696795162,44716368,18,4530611337580,0.5520999958446593,0.33418693982074266,0.06938159879336352,0.06938159879336352,-0.06938159879336352,1,0.06938159879336352,0.02564102564102564,0.09902049811263863,0.0,0.0,0.10256410256410259,0.3076923076923077,0.5294117647058824,"[0.9401709401709402,0.7756410256410257,0.7025641025641025,0.6923076923076923,0.6923076923076923,0.6346153846153846,0.584045584045584,0.5487179487179488,0.5407925407925408,0.5246252676659529,0.5207100591715976,0.48080438756855576,0.44368600682593856,0.4128,0.38403614457831325,0.37268847795163584,0.353099730458221,0.33418693982074266]","[0.3076923076923077,0.17948717948717952,0.10256410256410259,0.23076923076923084,0.05128205128205121,0.23076923076923078,0.0,0.02564102564102566,0.0,0.0,0.0,0.0,0.0,0.02564102564102564,0.02564102564102564,0.0,0.0]","[0.008547008547008517,-0.07692307692307693,0.23076923076923073,0.20512820512820507,0.17948717948717952,0.6153846153846154,0.6923076923076923,0.3589743589743589,0.10256410256410253,0.39473684210526316,0.4,0.575,0.8717948717948718,0.8974358974358975,0.923076923076923,0.7692307692307692,1.0,0.7435897435897436]",0.49395024241515467,512,22.36295690600491,22373.24772644043,19.951337954000337,2.4116189520045737,0.1418599383532102,0.1406765119991178,584699273118.8279,897120232265054,807505677475638,89614554789416,51113678520,44716368,0,0,65726388,110442756,105.32641983032227,11.283765293222675,7501.953125,0.1,/nobackup/proj/disk/naiss2026-4-902/shared/yizhil/Avalanche/avalanche-master/joint_result_spike-all/fecam/order3/joint_spike_fecam__order-3__seed-069.json
spike-all,fecam,spike,3,69,resnet18_cifar,0.05,"[0.1,0.05,0.01]",last_epoch_train_mean,2.9208730377765915,0.1,2.920193737338048,2691360696795162,44716368,18,4530611337580,0.6008303072349509,0.3725992317541613,0.059405678600725036,0.059405678600725036,-0.059405678600725036,1,0.059405678600725036,0.02564102564102566,0.08046339951194369,0.0,0.0,0.07692307692307687,0.29059829059829057,0.5294117647058824,"[0.9658119658119658,0.7948717948717948,0.7487179487179487,0.7606837606837606,0.7472527472527473,0.6891025641025641,0.6410256410256411,0.617948717948718,0.585081585081585,0.5717344753747323,0.5641025641025641,0.5246800731261426,0.49146757679180886,0.4688,0.4442771084337349,0.422475106685633,0.40431266846361186,0.3725992317541613]","[0.29059829059829057,0.1282051282051282,0.07692307692307687,0.07692307692307687,0.07692307692307687,0.20512820512820512,0.07692307692307693,0.0,0.0,0.05263157894736836,0.0,0.0,0.0,0.02564102564102566,0.0,0.0,0.0]","[-0.017094017094017144,-0.1282051282051282,0.10256410256410253,0.15384615384615385,0.1282051282051282,0.6153846153846154,0.6153846153846154,0.17948717948717946,0.28205128205128205,0.1842105263157895,0.5,0.6,0.8461538461538461,0.7692307692307693,0.8974358974358974,0.8974358974358975,0.8717948717948718,0.8717948717948718]",0.4649822562103264,512,22.51700050999898,22525.25895690918,20.010004027999457,2.506996481999522,0.14747038129408954,0.14502187499965657,584699273118.8279,897120232265054,807505677475638,89614554789416,51113678520,44716368,0,0,65726388,110442756,105.32641983032227,10.603137229188112,7501.953125,0.1,
spike-all,fecam,spike,3,69,resnet18_cifar,0.01,"[0.1,0.05,0.01]",last_epoch_train_mean,2.9600458559782608,0.1,2.920193737338048,2691360696795162,44716368,18,4530611337580,0.6341875522790344,0.44430217669654287,0.05681445317668229,0.05681445317668229,-0.05681445317668229,8,0.05681445317668229,0.026315789473684292,0.06502158101504774,0.0,0.0,0.07692307692307693,0.20512820512820512,0.6470588235294118,"[0.9572649572649573,0.7756410256410257,0.717948717948718,0.7606837606837606,0.7765567765567766,0.7371794871794872,0.6752136752136753,0.6461538461538462,0.6130536130536131,0.6124197002141327,0.611439842209073,0.5758683729433273,0.5443686006825939,0.5216,0.5,0.4793741109530583,0.46630727762803237,0.44430217669654287]","[0.19658119658119666,0.1282051282051282,0.0,0.05128205128205121,0.02564102564102566,0.07692307692307693,0.10256410256410256,0.20512820512820512,0.0,0.026315789473684292,0.025000000000000022,0.0,0.07692307692307693,0.051282051282051294,0.0,0.0,0.0]","[-0.008547008547008628,-0.025641025641025605,0.1282051282051282,0.0,0.0,0.5128205128205128,0.7948717948717948,0.2564102564102564,0.1282051282051282,0.13157894736842102,0.35,0.5,0.7948717948717948,0.7435897435897436,0.7179487179487178,0.8717948717948718,0.6153846153846154,0.641025641025641]",0.3973621732393662,512,22.39846289399793,22403.85873413086,19.954487295000945,2.4439755989969854,0.14376327052923443,0.1432359259997611,584699273118.8279,897120232265054,807505677475638,89614554789416,51113678520,44716368,0,0,65726388,110442756,105.32641983032227,9.606480806664603,7501.953125,0.1,
spike-all,fecam,spike,3,71,resnet18_cifar,0.1,"[0.1,0.05,0.01]",last_epoch_train_mean,2.839615342039499,0.1,2.839615342039499,2691360696795162,44716368,18,4530611337580,0.4953114866860664,0.3060179257362356,0.10507792860734039,0.10507792860734039,-0.10507792860734039,1,0.10507792860734039,0.10256410256410256,0.11018934303433955,0.0,0.0,0.17948717948717952,0.4017094017094017,0.6470588235294118,"[0.9230769230769231,0.75,0.676923076923077,0.6837606837606838,0.6336996336996337,0.5833333333333334,0.5156695156695157,0.5,0.4358974358974359,0.4197002141327623,0.42209072978303747,0.3875685557586837,0.36860068259385664,0.3456,0.32981927710843373,0.3157894736842105,0.31805929919137466,0.3060179257362356]","[0.4017094017094017,0.20512820512820512,0.17948717948717952,0.1282051282051283,0.20512820512820512,0.12820512820512825,0.10256410256410256,0.23076923076923078,0.0,0.0,0.0,0.0,0.0,0.02564102564102564,0.12820512820512822,0.0,0.05128205128205121]","[0.042735042735042694,0.43589743589743596,-0.17948717948717952,0.05128205128205121,-0.4358974358974359,0.5384615384615384,0.6923076923076923,0.4615384615384615,0.5384615384615384,0.39473684210526316,0.375,0.9,0.7692307692307693,0.8717948717948718,0.5897435897435898,0.6666666666666667,0.35897435897435903,0.641025641025641]",0.4284706602689059,512,22.360549937999167,22365.953018188477,19.95557215200097,2.4049777859981987,0.1414692815293058,0.14002751800035185,584699273118.8279,897120232265054,807505677475638,89614554789416,51113678520,44716368,0,0,65726388,110442756,105.32641983032227,11.65148040588802,7501.953125,0.1,/nobackup/proj/disk/naiss2026-4-902/shared/yizhil/Avalanche/avalanche-master/joint_result_spike-all/fecam/order3/joint_spike_fecam__order-3__seed-071.json
spike-all,fecam,spike,3,71,resnet18_cifar,0.05,"[0.1,0.05,0.01]",last_epoch_train_mean,2.9106386078070408,0.1,2.839615342039499,2691360696795162,44716368,18,4530611337580,0.597299450535326,0.3969270166453265,0.08345902463549525,0.08345902463549525,-0.08345902463549525,6,0.08345902463549525,0.025641025641025633,0.0996972126257757,0.0,0.0,0.15384615384615383,0.30769230769230776,0.5882352941176471,"[0.9230769230769231,0.7628205128205128,0.7025641025641025,0.7478632478632479,0.7435897435897436,0.7147435897435898,0.6467236467236467,0.6205128205128205,0.585081585081585,0.5802997858672377,0.5739644970414202,0.5319926873857403,0.49146757679180886,0.4624,0.4382530120481928,0.41536273115220484,0.4137466307277628,0.3969270166453265]","[0.23931623931623935,0.15384615384615383,0.12820512820512825,0.1282051282051282,0.15384615384615385,0.30769230769230776,0.025641025641025605,0.23076923076923078,0.0,0.0,0.0,0.0,0.025641025641025633,0.0,0.02564102564102564,0.0,0.0]","[0.042735042735042694,0.43589743589743596,-0.15384615384615385,0.0,-0.8205128205128205,0.3589743589743589,0.6153846153846154,0.4615384615384615,0.1282051282051282,0.10526315789473684,0.375,0.9,0.6923076923076923,0.8717948717948718,0.6923076923076923,0.7692307692307693,0.46153846153846156,0.641025641025641]",0.36538024191532964,512,24.00697609100098,24020.180953979492,20.1556627810005,3.851313310000478,0.226547841764734,0.1489730140001484,584699273118.8279,897120232265054,807505677475638,89614554789416,51113678520,44716368,0,0,65726388,110442756,105.32641983032227,12.14564348271002,7501.953125,0.1,
spike-all,fecam,spike,3,71,resnet18_cifar,0.01,"[0.1,0.05,0.01]",last_epoch_train_mean,2.949125254376334,0.1,2.839615342039499,2691360696795162,44716368,18,4530611337580,0.646616814698809,0.471190781049936,0.049350374427773805,0.049350374427773805,-0.049350374427773805,1,0.049350374427773805,0.02564102564102566,0.05867436289248105,0.0,0.0,0.0769230769230769,0.19658119658119655,0.5294117647058824,"[0.9743589743589743,0.782051282051282,0.7230769230769231,0.7606837606837606,0.7619047619047619,0.7371794871794872,0.6837606837606838,0.6564102564102564,0.6293706293706294,0.6274089935760171,0.6291913214990138,0.5996343692870201,0.5631399317406144,0.544,0.5210843373493976,0.492176386913229,0.48247978436657685,0.471190781049936]","[0.19658119658119655,0.10256410256410253,0.0,0.07692307692307687,0.02564102564102566,0.1282051282051282,0.0769230769230769,0.1282051282051282,0.0,0.052631578947368474,0.0,0.0,0.05128205128205129,0.0,0.0,0.0,0.0]","[-0.008547008547008517,0.5128205128205129,-0.2564102564102564,0.0,-0.8717948717948718,0.4358974358974359,0.6153846153846154,0.5128205128205128,0.07692307692307687,0.02631578947368418,0.29999999999999993,0.65,0.8205128205128205,0.6410256410256411,0.5897435897435898,0.8205128205128205,0.41025641025641024,0.5897435897435896]",0.3258447043534763,512,24.21441369400054,24229.3897857666,21.64902743499988,2.565386259000661,0.15090507405886242,0.14954826400025922,584699273118.8279,897120232265054,807505677475638,89614554789416,51113678520,44716368,0,0,65726388,110442756,105.32641983032227,10.220557163887436,7501.953125,0.1,
spike-all,cwr_star,spike,1,63,resnet18_cifar,0.1,"[0.1,0.05,0.01]",last_epoch_train_mean,0.0,0.1,0.0,6992521274241942,44716368,18,0,0.28038767368902817,0.10627400768245839,0.5214217670874017,0.5214217670874017,-0.5214217670874017,2,0.5214217670874017,0.7435897435897436,0.39568619821010254,0.0,0.05263157894736842,0.85,1.0,0.8823529411764706,"[0.9316239316239316,0.4423076923076923,0.4489795918367347,0.2851063829787234,0.3248175182481752,0.3375796178343949,0.3314447592067989,0.33418367346938777,0.30162412993039445,0.23404255319148937,0.14931237721021612,0.15693430656934307,0.1465076660988075,0.15335463258785942,0.12180451127819548,0.1251778093883357,0.11590296495956873,0.10627400768245839]","[0.9230769230769231,1.0,0.85,0.8974358974358975,1.0,0.5,0.8205128205128205,0.7435897435897436,0.07692307692307693,0.7948717948717948,0.05128205128205132,0.8461538461538461,0.0,0.051282051282051266,0.25641025641025644,0.05263157894736842,0.0]","[-0.008547008547008517,0.0,0.025000000000000022,0.10256410256410253,0.0,0.475,0.15384615384615385,0.23076923076923073,0.7948717948717949,0.10256410256410264,-0.10256410256410253,-0.1282051282051282,0.9743589743589743,0.5384615384615385,0.1282051282051282,0.5526315789473684,0.9743589743589743,0.923076923076923]",0.31868845903933624,512,85.66104184777942,85687.60717773438,29.56913967197761,56.091902175801806,3.299523657400106,3.2992402769159526,556850959040.8313,2330840424747314,2330840424726834,20480,27838714900,44716368,0,0,44796076,89512444,85.36571884155273,0.5718896392954659,7504.203125,0.1,/nobackup/proj/disk/naiss2026-4-902/shared/yizhil/Avalanche/avalanche-master/joint_result_spike-all/cwr_star/order1/joint_spike_cwr_star__order-1__seed-063.json
spike-all,cwr_star,spike,1,63,resnet18_cifar,0.05,"[0.1,0.05,0.01]",last_epoch_train_mean,0.0,0.1,0.0,6992521274241942,44716368,18,0,0.3516540688600521,0.20358514724711907,0.42037456008044244,0.42037456008044244,-0.42037456008044244,5,0.42037456008044244,0.20512820512820512,0.41238526226862515,0.0,0.02564102564102566,0.8717948717948718,1.0,0.7647058823529411,"[0.9487179487179487,0.6217948717948718,0.5612244897959183,0.425531914893617,0.4197080291970803,0.39490445859872614,0.3597733711048159,0.3494897959183674,0.32018561484918795,0.28085106382978725,0.24950884086444008,0.20072992700729927,0.19250425894378195,0.19808306709265175,0.20150375939849624,0.20625889046941678,0.1954177897574124,0.20358514724711907]","[0.8547008547008547,0.9743589743589743,0.9,0.8717948717948718,1.0,0.725,0.20512820512820512,0.9487179487179487,0.0,0.38461538461538464,0.02564102564102566,0.0,0.15384615384615385,0.05128205128205132,0.051282051282051294,0.0,0.0]","[-0.02564102564102555,0.02564102564102566,-0.025000000000000022,0.1282051282051282,0.0,0.125,0.7692307692307692,0.02564102564102566,0.8717948717948718,0.5128205128205128,-0.07692307692307687,-0.1282051282051282,0.8205128205128205,0.15384615384615385,0.5128205128205128,0.4473684210526316,0.9743589743589743,0.5641025641025641]",0.31530964162543107,512,82.72053164173849,82748.85961914062,27.466688831918873,55.253842809819616,3.250226047636448,3.253234507050365,556850959040.8313,2330840424747314,2330840424726834,20480,27838714900,44716368,0,0,44796076,89512444,85.36571884155273,0.5640145108013124,7501.953125,0.1,
spike-all,cwr_star,spike,1,63,resnet18_cifar,0.01,"[0.1,0.05,0.01]",last_epoch_train_mean,0.0,0.1,0.0,6992521274241942,44716368,18,0,0.39247957999855304,0.18053777208706787,0.20256410256410257,0.20256410256410257,-0.20256410256410257,5,0.20256410256410257,0.02564102564102566,0.2888472366972865,0.0,0.0,0.3333333333333333,1.0,0.5294117647058824,"[0.9829059829059829,0.8205128205128205,0.6530612244897959,0.6,0.45985401459854014,0.42038216560509556,0.37960339943342775,0.3647959183673469,0.33178654292343385,0.3,0.2829076620825147,0.24817518248175183,0.23168654173764908,0.21884984025559107,0.20601503759398496,0.19487908961593173,0.18867924528301888,0.18053777208706787]","[0.5128205128205128,0.41025641025641024,0.0,0.3333333333333333,1.0,0.7,0.15384615384615385,0.23076923076923078,0.0,0.07692307692307693,0.02564102564102566,0.0,0.0,0.0,0.0,0.0,0.0]","[-0.05982905982905973,0.5897435897435898,0.875,0.6666666666666667,0.0,0.275,0.8205128205128205,0.7435897435897436,0.8717948717948718,0.8205128205128205,-0.02564102564102566,-0.1282051282051282,0.9743589743589743,0.8461538461538461,0.5897435897435898,0.9210526315789473,0.8717948717948718,0.9487179487179487]",0.5889426200829709,512,83.09615749388468,83123.34838867188,27.672462490969338,55.42369500291534,3.260217353112667,3.2656892279628664,556850959040.8313,2330840424747314,2330840424726834,20480,27838714900,44716368,0,0,44796076,89512444,85.36571884155273,0.44127368659172184,7501.953125,0.1,
spike-all,cwr_star,spike,1,65,resnet18_cifar,0.1,"[0.1,0.05,0.01]",last_epoch_train_mean,0.0,0.1,0.0,6992521274241942,44716368,18,0,0.25181760280093357,0.1267605633802817,0.3162393162393163,0.3162393162393163,-0.3162393162393163,3,0.3162393162393163,0.05128205128205128,0.38751490714527265,0.0,0.0,0.5128205128205128,1.0,0.6470588235294118,"[0.8205128205128205,0.5448717948717948,0.34183673469387754,0.225531914893617,0.291970802919708,0.25477707006369427,0.2577903682719547,0.22959183673469388,0.2111368909512761,0.20638297872340425,0.18860510805500982,0.1478102189781022,0.13798977853492334,0.13099041533546327,0.14887218045112782,0.13655761024182078,0.1307277628032345,0.1267605633802817]","[0.811965811965812,0.46153846153846156,1.0,1.0,1.0,0.0,0.28205128205128205,0.05128205128205128,0.05128205128205128,0.5128205128205128,0.0,0.02564102564102566,0.0,0.0,0.17948717948717952,0.0,0.0]","[0.0854700854700855,0.5384615384615384,-0.22499999999999998,0.0,-0.02564102564102566,0.0,0.717948717948718,0.8974358974358974,0.8205128205128205,0.4871794871794872,0.8717948717948718,-1.0,0.9743589743589743,0.8461538461538461,0.23076923076923073,0.8421052631578947,0.9487179487179487,0.6666666666666666]",0.42649635127705304,512,82.40058118943125,82435.10913085938,27.32213808200322,55.07844310742803,3.239908418084002,3.2514796629548073,556850959040.8313,2330840424747314,2330840424726834,20480,27838714900,44716368,0,0,44796076,89512444,85.36571884155273,0.561192898984841,7501.953125,0.1,/nobackup/proj/disk/naiss2026-4-902/shared/yizhil/Avalanche/avalanche-master/joint_result_spike-all/cwr_star/order1/joint_spike_cwr_star__order-1__seed-065.json
spike-all,cwr_star,spike,1,65,resnet18_cifar,0.05,"[0.1,0.05,0.01]",last_epoch_train_mean,0.0,0.1,0.0,6992521274241942,44716368,18,0,0.4063913727368837,0.22151088348271447,0.41892911010558065,0.41892911010558065,-0.41892911010558065,2,0.41892911010558065,0.27499999999999997,0.40864982357746094,0.0,0.02564102564102555,0.8974358974358975,1.0,0.7647058823529411,"[0.9658119658119658,0.6602564102564102,0.5612244897959183,0.502127659574468,0.5182481751824818,0.5159235668789809,0.45892351274787535,0.4336734693877551,0.38979118329466356,0.3468085106382979,0.29469548133595286,0.26277372262773724,0.2453151618398637,0.24281150159744408,0.24360902255639097,0.23186344238975817,0.2196765498652291,0.22151088348271447]","[0.8974358974358975,1.0,0.975,0.7692307692307693,1.0,0.27499999999999997,0.5641025641025641,0.9743589743589743,0.05128205128205128,0.28205128205128205,0.02564102564102555,0.0,0.0,0.1282051282051282,0.1794871794871795,0.0,0.0]","[-0.05982905982905984,0.0,-0.19999999999999996,0.23076923076923073,-0.02564102564102566,0.275,0.4358974358974359,-0.02564102564102566,0.8205128205128205,0.717948717948718,-0.05128205128205121,-1.0,0.9743589743589743,0.20512820512820518,0.4615384615384615,0.13157894736842102,0.9487179487179487,0.28205128205128205]",0.2289504923276853,512,81.42282970238011,81446.66162109375,27.40055239596404,54.02227730641607,3.1777810180244748,3.209371251054108,556850959040.8313,2330840424747314,2330840424726834,20480,27838714900,44716368,0,0,44796076,89512444,85.36571884155273,0.6076154801708368,7501.953125,0.1,
spike-all,cwr_star,spike,1,65,resnet18_cifar,0.01,"[0.1,0.05,0.01]",last_epoch_train_mean,0.0,0.1,0.0,6992521274241942,44716368,18,0,0.3893832864024396,0.18950064020486557,0.1923328305681247,0.1923328305681247,-0.1923328305681247,5,0.1923328305681247,0.05128205128205128,0.26324478096030024,0.0,0.0,0.3076923076923077,1.0,0.7058823529411765,"[0.9658119658119658,0.8397435897435898,0.6683673469387755,0.6170212765957447,0.45985401459854014,0.39490445859872614,0.34844192634560905,0.3392857142857143,0.308584686774942,0.2872340425531915,0.2632612966601179,0.23175182481751824,0.23339011925042588,0.23482428115015974,0.22105263157894736,0.20910384068278806,0.1967654986522911,0.18950064020486557]","[0.45299145299145305,0.5384615384615384,0.0,0.358974358974359,1.0,0.15,0.02564102564102564,0.23076923076923078,0.0,0.05128205128205128,0.02564102564102566,0.0,0.3076923076923077,0.051282051282051266,0.0,0.0,0.07692307692307693]","[-0.05982905982905984,0.46153846153846156,0.775,0.641025641025641,-0.02564102564102566,0.85,0.9743589743589743,0.6666666666666666,0.8717948717948718,0.9487179487179487,0.33333333333333337,-1.0,0.6666666666666666,0.6153846153846154,0.717948717948718,0.8421052631578947,0.641025641025641,0.5897435897435898]",0.5283244614384965,512,83.18967598874588,83213.12036132812,27.6611976060085,55.528478382737376,3.2663810813374927,3.275086038047448,556850959040.8313,2330840424747314,2330840424726834,20480,27838714900,44716368,0,0,44796076,89512444,85.36571884155273,0.5931671505803469,7501.953125,0.1,
spike-all,cwr_star,spike,1,67,resnet18_cifar,0.1,"[0.1,0.05,0.01]",last_epoch_train_mean,0.0,0.1,0.0,6992521274241942,44716368,18,0,0.2918565052482448,0.13188220230473752,0.5372588711597999,0.5372588711597999,-0.5372588711597999,2,0.5372588711597999,0.4358974358974359,0.4254286582595857,0.0,0.05263157894736842,1.0,1.0,0.9411764705882353,"[0.9487179487179487,0.5192307692307693,0.5306122448979592,0.4851063829787234,0.2956204379562044,0.2802547770700637,0.24079320113314448,0.25,0.24129930394431554,0.1829787234042553,0.1905697445972495,0.16605839416058393,0.18568994889267462,0.17412140575079874,0.1368421052631579,0.1507823613086771,0.14285714285714285,0.13188220230473752]","[0.9487179487179487,1.0,0.825,0.28205128205128205,1.0,0.025000000000000022,1.0,0.3076923076923077,0.1794871794871795,1.0,0.02564102564102566,1.0,0.4358974358974359,0.0,1.0,0.05263157894736842,0.05128205128205128]","[-0.21367521367521358,-0.1282051282051282,0.07500000000000007,0.717948717948718,-0.02564102564102566,0.0,0.0,0.6923076923076923,0.5128205128205128,-0.02564102564102566,0.6666666666666667,0.0,0.4871794871794872,0.7435897435897436,-0.23076923076923073,0.39473684210526316,0.8974358974358974,-0.4871794871794872]",0.22647635827460388,512,82.2646528435871,82286.82495117188,27.29413779103197,54.97051505255513,3.2335597089738313,3.2507066020043567,556850959040.8313,2330840424747314,2330840424726834,20480,27838714900,44716368,0,0,44796076,89512444,85.36571884155273,0.5779430216831773,7501.953125,0.1,/nobackup/proj/disk/naiss2026-4-902/shared/yizhil/Avalanche/avalanche-master/joint_result_spike-all/cwr_star/order1/joint_spike_cwr_star__order-1__seed-067.json
spike-all,cwr_star,spike,1,67,resnet18_cifar,0.05,"[0.1,0.05,0.01]",last_epoch_train_mean,0.0,0.1,0.0,6992521274241942,44716368,18,0,0.2524456163837829,0.16517285531370038,0.5133398163583923,0.5133398163583923,-0.5133398163583923,2,0.5133398163583923,0.4,0.3857101628474698,0.02564102564102564,0.07692307692307687,0.8974358974358975,1.0,1.0,"[0.6837606837606838,0.2692307692307692,0.37755102040816324,0.2978723404255319,0.28832116788321166,0.29936305732484075,0.3286118980169972,0.3010204081632653,0.27842227378190254,0.19787234042553192,0.14734774066797643,0.14416058394160583,0.14480408858603067,0.13738019169329074,0.15789473684210525,0.16216216216216217,0.16307277628032346,0.16517285531370038]","[0.6837606837606838,1.0,0.975,1.0,1.0,0.4,0.8717948717948718,0.8974358974358975,0.05128205128205128,0.7692307692307693,0.07692307692307687,0.05128205128205132,0.23076923076923078,0.02564102564102564,0.30769230769230765,0.05263157894736842,0.33333333333333337]","[0.05128205128205132,-0.1282051282051282,-0.07499999999999996,0.0,-0.02564102564102566,0.575,0.1282051282051282,0.10256410256410253,0.641025641025641,0.20512820512820507,-0.10256410256410253,0.0,0.6923076923076923,0.717948717948718,0.07692307692307698,0.6842105263157895,0.5128205128205128,-0.2564102564102565]",0.21108861898335582,512,82.69096591405105,82720.07763671875,27.661268822965212,55.029697091085836,3.2370410053579906,3.2322453029919416,556850959040.8313,2330840424747314,2330840424726834,20480,27838714900,44716368,0,0,44796076,89512444,85.36571884155273,0.5917488609258176,7501.953125,0.1,
spike-all,cwr_star,spike,1,67,resnet18_cifar,0.01,"[0.1,0.05,0.01]",last_epoch_train_mean,0.0,0.1,0.0,6992521274241942,44716368,18,0,0.36907345398469865,0.1882202304737516,0.34406737053795877,0.34406737053795877,-0.34406737053795877,2,0.34406737053795877,0.23076923076923078,0.31855529699487306,0.0,0.05128205128205128,0.5384615384615384,1.0,0.8235294117647058,"[0.9316239316239316,0.6538461538461539,0.5663265306122449,0.5574468085106383,0.40875912408759124,0.3821656050955414,0.37960339943342775,0.35459183673469385,0.3248259860788863,0.28936170212765955,0.28094302554027506,0.2281021897810219,0.2231686541737649,0.2268370607028754,0.23609022556390977,0.2119487908961593,0.19946091644204852,0.1882202304737516]","[0.6324786324786325,1.0,0.375,0.5384615384615384,1.0,0.175,0.41025641025641024,0.23076923076923078,0.05128205128205128,0.6923076923076923,0.23076923076923078,0.0,0.23076923076923078,0.2564102564102564,0.02564102564102566,0.0,0.0]","[-0.19658119658119655,-0.1282051282051282,0.525,0.46153846153846156,-0.02564102564102566,0.6,0.5897435897435898,0.7692307692307692,0.641025641025641,0.28205128205128205,0.4102564102564103,0.0,0.6923076923076923,0.20512820512820518,0.15384615384615385,0.7368421052631579,0.5897435897435896,0.5128205128205128]",0.37883928125156197,512,82.03056909423321,82054.37622070312,27.5068108800333,54.523758214199916,3.2072798949529364,3.233901778003201,556850959040.8313,2330840424747314,2330840424726834,20480,27838714900,44716368,0,0,44796076,89512444,85.36571884155273,0.4713352806579975,7501.953125,0.1,
spike-all,cwr_star,spike,1,69,resnet18_cifar,0.1,"[0.1,0.05,0.01]",last_epoch_train_mean,7.404303464349253e-10,0.05,0.0,6992521274241942,44716368,18,0,0.20061133435295012,0.10755441741357234,0.3044746103569634,0.3044746103569634,-0.3044746103569634,2,0.3044746103569634,0.0,0.4137989677950659,0.0,0.0,0.8,1.0,0.4117647058823529,"[0.6068376068376068,0.2564102564102564,0.19387755102040816,0.19574468085106383,0.2846715328467153,0.2515923566878981,0.2237960339943343,0.20153061224489796,0.18329466357308585,0.16170212765957448,0.14931237721021612,0.14963503649635038,0.14480408858603067,0.134185303514377,0.12781954887218044,0.12233285917496443,0.11590296495956873,0.10755441741357234]","[0.6068376068376068,1.0,0.8,1.0,0.8461538461538461,0.0,0.0,0.0,0.0,0.0,0.0,0.8717948717948718,0.0,0.0,0.05128205128205132,0.0,0.0]","[0.2905982905982907,-0.05128205128205132,0.02499999999999991,0.0,0.15384615384615385,-0.17500000000000004,1.0,1.0,0.9487179487179487,1.0,0.5641025641025641,0.05128205128205132,0.9743589743589743,0.8974358974358975,-0.28205128205128205,0.9473684210526316,0.9743589743589743,0.7948717948717948]",0.5063115409606638,512,82.82179169508163,82845.70703125,27.607128269039094,55.214663426042534,3.247921378002502,3.2670767559902743,556850959040.8313,2330840424747314,2330840424726834,20480,27838714900,44716368,0,0,44796076,89512444,85.36571884155273,0.6127186544673582,7501.953125,0.05,
spike-all,cwr_star,spike,1,69,resnet18_cifar,0.05,"[0.1,0.05,0.01]",last_epoch_train_mean,0.0,0.05,0.0,6992521274241942,44716368,18,0,0.3138759265821575,0.13060179257362356,0.23538210155857212,0.23538210155857212,-0.23538210155857212,5,0.23538210155857212,0.0,0.38316484655191263,0.0,0.0,0.275,1.0,0.47058823529411764,"[0.9572649572649573,0.9102564102564102,0.5969387755102041,0.41702127659574467,0.32116788321167883,0.30254777070063693,0.26912181303116145,0.24489795918367346,0.21809744779582366,0.19787234042553192,0.18271119842829076,0.1678832116788321,0.1567291311754685,0.14696485623003194,0.1443609022556391,0.1465149359886202,0.13881401617250674,0.13060179257362356]","[0.9572649572649573,0.9230769230769231,0.275,0.7692307692307693,1.0,0.0,0.0,0.02564102564102564,0.0,0.0,0.0,0.0,0.0,0.025641025641025647,0.025641025641025647,0.0,0.0]","[-0.05982905982905984,0.02564102564102555,0.6749999999999999,0.23076923076923073,0.0,-0.17500000000000004,1.0,0.9743589743589743,0.9487179487179487,1.0,0.5641025641025641,-0.07692307692307687,0.9743589743589743,0.8205128205128205,0.641025641025641,0.4736842105263158,0.9743589743589743,0.8205128205128205]",0.5450717248962863,512,82.83123932499439,82855.94140625,27.6829220589716,55.14831726602279,3.244018662707223,3.25451639899984,556850959040.8313,2330840424747314,2330840424726834,20480,27838714900,44716368,0,0,44796076,89512444,85.36571884155273,0.5861242316966154,7501.953125,0.05,/nobackup/proj/disk/naiss2026-4-902/shared/yizhil/Avalanche/avalanche-master/joint_result_spike-all/cwr_star/order1/joint_spike_cwr_star__order-1__seed-069.json
spike-all,cwr_star,spike,1,69,resnet18_cifar,0.01,"[0.1,0.05,0.01]",last_epoch_train_mean,0.0,0.05,0.0,6992521274241942,44716368,18,0,0.3907278791544773,0.2023047375160051,0.14027149321266968,0.14027149321266968,-0.14027149321266968,5,0.14027149321266968,0.0,0.25672946150068277,0.0,0.0,0.10256410256410256,1.0,0.47058823529411764,"[0.9914529914529915,0.8141025641025641,0.6479591836734694,0.5872340425531914,0.45255474452554745,0.4012738853503185,0.3626062322946176,0.33418367346938777,0.3039443155452436,0.27872340425531916,0.28094302554027506,0.2518248175182482,0.23679727427597955,0.2380191693290735,0.22556390977443608,0.21337126600284495,0.21024258760107817,0.2023047375160051]","[0.4358974358974359,0.38461538461538464,0.0,0.3076923076923077,1.0,0.0,0.10256410256410256,0.10256410256410256,0.0,0.02564102564102564,0.0,0.0,0.02564102564102564,0.0,0.0,0.0,0.0]","[-0.09401709401709402,0.5641025641025641,0.95,0.6923076923076923,0.0,0.35,0.8974358974358975,0.8974358974358975,0.9487179487179487,0.9743589743589743,0.23076923076923078,-0.07692307692307687,0.9487179487179487,0.6153846153846154,0.641025641025641,0.9736842105263158,0.8205128205128205,0.7692307692307692]",0.6168191133103413,512,83.21729179378599,83249.27416992188,27.59113449603319,55.6261572977528,3.2721268998678115,3.2832347250077873,556850959040.8313,2330840424747314,2330840424726834,20480,27838714900,44716368,0,0,44796076,89512444,85.36571884155273,0.6115799021481437,7501.953125,0.05,
spike-all,cwr_star,spike,1,71,resnet18_cifar,0.1,"[0.1,0.05,0.01]",last_epoch_train_mean,0.0,0.1,0.0,6992521274241942,44716368,18,0,0.23904873025104104,0.0973111395646607,0.8175941361699877,0.8175941361699877,-0.8175941361699877,2,0.8175941361699877,0.9743589743589743,0.25121146640566355,0.13157894736842107,0.7692307692307692,1.0,1.0,1.0,"[0.8717948717948718,0.30128205128205127,0.40816326530612246,0.25957446808510637,0.26277372262773724,0.29936305732484075,0.23229461756373937,0.17346938775510204,0.24129930394431554,0.13829787234042554,0.1650294695481336,0.15328467153284672,0.13798977853492334,0.1501597444089457,0.11879699248120301,0.14509246088193456,0.14690026954177898,0.0973111395646607]","[0.8290598290598291,1.0,1.0,0.8205128205128205,1.0,0.4,1.0,1.0,0.46153846153846156,1.0,0.7692307692307692,1.0,0.7435897435897436,0.9743589743589743,1.0,0.13157894736842107,0.7692307692307692]","[0.0,-0.05128205128205132,-0.07499999999999996,0.17948717948717952,-0.07692307692307687,0.25,-0.07692307692307687,0.0,0.3589743589743589,-0.07692307692307687,0.05128205128205132,-0.41025641025641024,0.23076923076923073,-0.05128205128205121,-0.3589743589743589,0.3157894736842105,-0.05128205128205132,-0.05128205128205132]",0.005898560503823671,512,81.93319894722663,81955.87939453125,27.57695895305369,54.35623999417294,3.197425882010173,3.2217999870190397,556850959040.8313,2330840424747314,2330840424726834,20480,27838714900,44716368,0,0,44796076,89512444,85.36571884155273,0.5869501769404367,7501.953125,0.1,/nobackup/proj/disk/naiss2026-4-902/shared/yizhil/Avalanche/avalanche-master/joint_result_spike-all/cwr_star/order1/joint_spike_cwr_star__order-1__seed-071.json
spike-all,cwr_star,spike,1,71,resnet18_cifar,0.05,"[0.1,0.05,0.01]",last_epoch_train_mean,0.0,0.1,0.0,6992521274241942,44716368,18,0,0.3333362877047222,0.16901408450704225,0.2953117144293615,0.2953117144293615,-0.2953117144293615,5,0.2953117144293615,0.051282051282051266,0.3937247087495322,0.0,0.0,0.5384615384615384,1.0,0.5882352941176471,"[0.9658119658119658,0.6602564102564102,0.5510204081632653,0.5319148936170213,0.3722627737226277,0.3343949044585987,0.3059490084985836,0.2755102040816326,0.2552204176334107,0.26382978723404255,0.2455795677799607,0.19343065693430658,0.18228279386712096,0.16613418530351437,0.17293233082706766,0.1806543385490754,0.1738544474393531,0.16901408450704225]","[0.9658119658119658,0.9487179487179487,0.875,0.46153846153846156,1.0,0.0,0.10256410256410256,0.0,0.05128205128205128,0.5384615384615384,0.0,0.0,0.0,0.051282051282051266,0.02564102564102566,0.0,0.0]","[-0.09401709401709402,0.0,0.050000000000000044,0.5384615384615384,-0.07692307692307687,-0.22499999999999998,0.8205128205128206,1.0,0.7692307692307692,0.3846153846153847,0.7692307692307692,-0.41025641025641024,0.9743589743589743,0.6666666666666667,0.20512820512820518,0.3157894736842105,0.9487179487179487,0.8461538461538461]",0.41570387864247516,512,81.38758983893786,81415.30346679688,26.49864081898704,54.888949019950815,3.2287617070559302,3.2404487309977412,556850959040.8313,2330840424747314,2330840424726834,20480,27838714900,44716368,0,0,44796076,89512444,85.36571884155273,0.5977169101373334,7501.953125,0.1,
spike-all,cwr_star,spike,1,71,resnet18_cifar,0.01,"[0.1,0.05,0.01]",last_epoch_train_mean,0.0,0.1,0.0,6992521274241942,44716368,18,0,0.37636939077019466,0.19590268886043533,0.20385872297637,0.20385872297637,-0.20385872297637,5,0.20385872297637,0.1282051282051282,0.271129796058245,0.0,0.0,0.2564102564102564,1.0,0.6470588235294118,"[0.9829059829059829,0.7948717948717948,0.6275510204081632,0.5659574468085107,0.4306569343065693,0.36942675159235666,0.34844192634560905,0.33418367346938777,0.3039443155452436,0.2765957446808511,0.2593320235756385,0.21897810218978103,0.21635434412265758,0.21565495207667731,0.22255639097744362,0.21052631578947367,0.20080862533692723,0.19590268886043533]","[0.4957264957264957,0.6666666666666666,0.0,0.2564102564102564,1.0,0.175,0.20512820512820512,0.20512820512820512,0.0,0.0,0.02564102564102566,0.0,0.2564102564102564,0.1282051282051282,0.0,0.0,0.05128205128205132]","[-0.11111111111111105,0.28205128205128205,0.925,0.7435897435897436,-0.07692307692307687,0.55,0.7179487179487181,0.7948717948717949,0.8205128205128205,0.9230769230769231,0.3846153846153846,-0.41025641025641024,0.717948717948718,0.7179487179487181,0.23076923076923084,0.8947368421052632,0.5641025641025641,0.7948717948717948]",0.5257641075623533,512,82.81540889211465,82842.11083984375,27.741955884033814,55.07345300808083,3.2396148828282842,3.2489571480546147,556850959040.8313,2330840424747314,2330840424726834,20480,27838714900,44716368,0,0,44796076,89512444,85.36571884155273,0.6157340879567569,7501.953125,0.1,
spike-all,cwr_star,spike,2,63,resnet18_cifar,0.1,"[0.1,0.05,0.01]",last_epoch_train_mean,0.0,0.1,0.0,6995866446978582,44716368,18,0,0.3300049514702241,0.1613316261203585,0.4106997971602434,0.4106997971602434,-0.4106997971602434,3,0.4106997971602434,0.17948717948717952,0.42753236193655575,0.0,0.025,0.9487179487179487,1.0,0.7647058823529411,"[0.9568965517241379,0.7225806451612903,0.5743589743589743,0.452991452991453,0.4139194139194139,0.34615384615384615,0.3096590909090909,0.27365728900255754,0.2651162790697674,0.2345415778251599,0.21653543307086615,0.19926873857404023,0.17235494880546076,0.1648,0.16566265060240964,0.1593172119487909,0.1509433962264151,0.1613316261203585]","[0.9568965517241379,0.9487179487179487,1.0,0.5384615384615384,0.8461538461538461,1.0,0.025,1.0,0.07692307692307693,0.0,0.02564102564102564,0.17948717948717952,0.3333333333333333,0.0,0.0,0.05128205128205128,0.0]","[0.008620689655172487,0.05128205128205132,-0.025000000000000022,0.46153846153846156,0.07692307692307698,-0.23076923076923073,0.975,-0.05128205128205132,0.7948717948717948,-0.10256410256410253,0.8461538461538461,-0.23076923076923073,0.43589743589743596,0.8205128205128205,0.07692307692307687,0.8205128205128205,0.9743589743589743,0.33333333333333337]",0.33530798703212494,512,82.56709442159627,82587.580078125,27.53288867592346,55.03420574567281,3.2373062203336946,3.261709932005033,556850956753.9929,2331955482326194,2331955482305714,20480,27838714900,44716368,0,0,44796076,89512444,85.36571884155273,0.49040676079685686,7501.953125,0.1,/nobackup/proj/disk/naiss2026-4-902/shared/yizhil/Avalanche/avalanche-master/joint_result_spike-all/cwr_star/order2/joint_spike_cwr_star__order-2__seed-063.json
spike-all,cwr_star,spike,2,63,resnet18_cifar,0.05,"[0.1,0.05,0.01]",last_epoch_train_mean,0.0,0.1,0.0,6995866446978582,44716368,18,0,0.3284539223319023,0.15492957746478872,0.39668044936807617,0.39668044936807617,-0.39668044936807617,8,0.39668044936807617,0.1282051282051282,0.42353607300356744,0.0,0.0,0.8717948717948718,1.0,0.5294117647058824,"[0.9396551724137931,0.7032258064516129,0.5435897435897435,0.46153846153846156,0.34065934065934067,0.3782051282051282,0.3352272727272727,0.30179028132992325,0.25813953488372093,0.22174840085287847,0.21456692913385828,0.19195612431444242,0.1825938566552901,0.1712,0.18072289156626506,0.17069701280227595,0.16172506738544473,0.15492957746478872]","[0.9224137931034483,0.8717948717948718,0.975,0.6666666666666666,0.717948717948718,0.9743589743589743,0.0,1.0,0.0,0.1282051282051282,0.0,0.0,0.48717948717948717,0.0,0.0,0.0,0.0]","[0.025862068965517238,0.1282051282051282,0.0,0.33333333333333337,0.20512820512820518,-0.20512820512820507,1.0,-0.05128205128205132,0.9743589743589743,-0.07692307692307687,0.641025641025641,-0.23076923076923073,0.2820512820512821,0.8205128205128205,-0.15384615384615385,0.8717948717948718,0.9743589743589743,0.8974358974358975]",0.35756213773455153,512,82.50598452775739,82529.162109375,27.637723697000183,54.86826083075721,3.227544754750424,3.228641429916024,556850956753.9929,2331955482326194,2331955482305714,20480,27838714900,44716368,0,0,44796076,89512444,85.36571884155273,0.4306699513909663,7501.953125,0.1,
spike-all,cwr_star,spike,2,63,resnet18_cifar,0.01,"[0.1,0.05,0.01]",last_epoch_train_mean,0.0,0.1,0.0,6995866446978582,44716368,18,0,0.3609699681226731,0.1446862996158771,0.2639231289332709,0.2639231289332709,-0.2639231289332709,6,0.2639231289332709,0.0,0.36945229922727313,0.0,0.0,0.4871794871794872,1.0,0.47058823529411764,"[0.9396551724137931,0.8903225806451613,0.6410256410256411,0.5384615384615384,0.4908424908424908,0.3942307692307692,0.3494318181818182,0.30179028132992325,0.2744186046511628,0.22174840085287847,0.20669291338582677,0.21755027422303475,0.20819112627986347,0.1952,0.17018072289156627,0.16073968705547653,0.1522911051212938,0.1446862996158771]","[0.7931034482758621,0.7948717948717948,0.95,0.02564102564102564,0.28205128205128205,1.0,0.0,0.4871794871794872,0.0,0.0,0.0,0.0,0.15384615384615385,0.0,0.0,0.0,0.0]","[0.025862068965517238,0.20512820512820518,0.025000000000000022,0.9743589743589743,0.6410256410256411,-0.23076923076923073,1.0,-0.05128205128205132,0.9743589743589743,-0.07692307692307687,0.8717948717948718,-0.20512820512820507,0.6153846153846154,0.8205128205128205,0.7948717948717948,0.8717948717948718,0.9743589743589743,0.9230769230769231]",0.50852367619609,512,81.1702291596448,81194.626953125,26.663070116075687,54.50715904356912,3.2063034731511246,3.2119658259907737,556850956753.9929,2331955482326194,2331955482305714,20480,27838714900,44716368,0,0,44796076,89512444,85.36571884155273,0.4568304893383029,7501.953125,0.1,
spike-all,cwr_star,spike,2,65,resnet18_cifar,0.1,"[0.1,0.05,0.01]",last_epoch_train_mean,0.0,0.1,0.0,6995866446978582,44716368,18,0,0.2964034336762235,0.10755441741357234,0.3402649919384199,0.3402649919384199,-0.3402649919384199,6,0.3402649919384199,0.02564102564102564,0.40516119023636477,0.0,0.0,0.717948717948718,1.0,0.6470588235294118,"[0.9396551724137931,0.7419354838709677,0.6,0.34615384615384615,0.2783882783882784,0.32371794871794873,0.2897727272727273,0.25831202046035806,0.2372093023255814,0.2025586353944563,0.18110236220472442,0.16453382084095064,0.1552901023890785,0.1456,0.1280120481927711,0.12091038406827881,0.11455525606469003,0.10755441741357234]","[0.8620689655172414,0.717948717948718,0.025000000000000022,0.5641025641025641,0.38461538461538464,1.0,0.0,1.0,0.0,0.0,0.0,1.0,0.1794871794871795,0.0,0.02564102564102564,0.02564102564102564,0.0]","[-0.017241379310344862,0.23076923076923073,0.07499999999999996,0.4358974358974359,0.5128205128205128,-0.07692307692307687,0.95,0.0,0.7435897435897436,0.8974358974358975,0.8717948717948718,-0.1282051282051282,0.4871794871794871,0.9743589743589743,0.923076923076923,0.7948717948717948,0.5128205128205128,-0.28205128205128205]",0.43917747322919737,512,82.6643009763211,82690.013671875,27.686683872016147,54.977617104304954,3.2339774767238207,3.2477542409906164,556850956753.9929,2331955482326194,2331955482305714,20480,27838714900,44716368,0,0,44796076,89512444,85.36571884155273,0.5894027833401126,7501.953125,0.1,/nobackup/proj/disk/naiss2026-4-902/shared/yizhil/Avalanche/avalanche-master/joint_result_spike-all/cwr_star/order2/joint_spike_cwr_star__order-2__seed-065.json
spike-all,cwr_star,spike,2,65,resnet18_cifar,0.05,"[0.1,0.05,0.01]",last_epoch_train_mean,0.0,0.1,0.0,6995866446978582,44716368,18,0,0.32884442679637416,0.16517285531370038,0.29586779008685704,0.29586779008685704,-0.29586779008685704,6,0.29586779008685704,0.10256410256410256,0.3609726786185794,0.0,0.0,0.48717948717948717,0.9743589743589743,0.6470588235294118,"[0.9655172413793104,0.6967741935483871,0.5692307692307692,0.4658119658119658,0.31868131868131866,0.3717948717948718,0.32954545454545453,0.2915601023017903,0.2627906976744186,0.24520255863539445,0.19488188976377951,0.17915904936014626,0.17406143344709898,0.1632,0.18373493975903615,0.17496443812233287,0.16711590296495957,0.16517285531370038]","[0.9310344827586208,0.717948717948718,0.15000000000000002,0.48717948717948717,0.41025641025641024,0.9743589743589743,0.0,0.9230769230769231,0.0,0.10256410256410256,0.0,0.02564102564102566,0.28205128205128205,0.0,0.0,0.02564102564102564,0.0]","[-0.0431034482758621,0.23076923076923073,0.07499999999999996,0.5128205128205128,0.4871794871794872,-0.05128205128205121,0.95,0.0,0.7435897435897436,0.6153846153846154,0.7435897435897436,-0.1282051282051282,0.3846153846153846,0.9743589743589743,0.10256410256410253,0.7948717948717948,0.5128205128205128,0.5128205128205128]",0.4120996659789763,512,82.5539571979316,82581.59350585938,27.484113554935902,55.06984364299569,3.239402567235041,3.255135645973496,556850956753.9929,2331955482326194,2331955482305714,20480,27838714900,44716368,0,0,44796076,89512444,85.36571884155273,0.5817201597289339,7501.953125,0.1,
spike-all,cwr_star,spike,2,65,resnet18_cifar,0.01,"[0.1,0.05,0.01]",last_epoch_train_mean,0.0,0.1,0.0,6995866446978582,44716368,18,0,0.3242655498947676,0.1293213828425096,0.17927523794663755,0.17927523794663755,-0.17927523794663755,6,0.17927523794663755,0.0,0.33745872152129996,0.0,0.0,0.0,0.9487179487179487,0.23529411764705882,"[0.9655172413793104,0.9032258064516129,0.5435897435897435,0.452991452991453,0.3882783882783883,0.3173076923076923,0.28125,0.2531969309462916,0.2302325581395349,0.21108742004264391,0.19488188976377951,0.19012797074954296,0.17747440273037543,0.1664,0.15210843373493976,0.14366998577524892,0.13611859838274934,0.1293213828425096]","[0.853448275862069,0.8205128205128205,0.42500000000000004,0.0,0.0,0.9487179487179487,0.0,0.0,0.0,0.0,0.0,0.0,0.0,0.0,0.0,0.0,0.0]","[-0.0431034482758621,0.1282051282051282,0.0,1.0,0.8974358974358975,-0.02564102564102555,0.95,0.0,0.7435897435897436,0.35897435897435903,0.8717948717948718,0.7435897435897436,0.6666666666666666,0.9743589743589743,0.9743589743589743,0.8205128205128205,0.5128205128205128,0.6923076923076923]",0.570326161705472,512,82.79665846424177,82812.55395507812,27.56988090008963,55.226777564152144,3.2486339743618906,3.2384632230969146,556850956753.9929,2331955482326194,2331955482305714,20480,27838714900,44716368,0,0,44796076,89512444,85.36571884155273,0.46486398440674803,7501.953125,0.1,
spike-all,cwr_star,spike,2,67,resnet18_cifar,0.1,"[0.1,0.05,0.01]",last_epoch_train_mean,0.0,0.1,0.0,6995866446978582,44716368,18,0,0.31395175654469737,0.1446862996158771,0.46526629219326987,0.46526629219326987,-0.46526629219326987,3,0.46526629219326987,0.5128205128205128,0.42092166365964473,0.0,0.02564102564102566,0.9487179487179487,1.0,0.7647058823529411,"[0.9396551724137931,0.6451612903225806,0.48205128205128206,0.4658119658119658,0.3553113553113553,0.3269230769230769,0.30113636363636365,0.26342710997442453,0.2651162790697674,0.2260127931769723,0.20275590551181102,0.18647166361974407,0.18088737201365188,0.1696,0.17620481927710843,0.16358463726884778,0.15633423180592992,0.1446862996158771]","[0.9396551724137931,0.9487179487179487,1.0,0.5897435897435898,0.5897435897435898,0.9487179487179487,0.175,1.0,0.12820512820512822,0.0,0.0,1.0,0.5128205128205128,0.0,0.02564102564102566,0.05128205128205128,0.0]","[-0.017241379310344862,-0.10256410256410253,0.0,0.41025641025641024,0.41025641025641024,0.02564102564102566,0.7749999999999999,-0.02564102564102566,0.5641025641025641,-0.05128205128205132,0.9743589743589743,-0.3846153846153846,0.4358974358974359,0.8974358974358975,0.17948717948717952,0.7435897435897435,0.9743589743589743,-0.41025641025641024]",0.29993245898418314,512,81.25965218001511,81283.29052734375,27.579045910970308,53.6806062690448,3.1576827217085177,3.1749383059795946,556850956753.9929,2331955482326194,2331955482305714,20480,27838714900,44716368,0,0,44796076,89512444,85.36571884155273,0.5743163751101982,7501.953125,0.1,/nobackup/proj/disk/naiss2026-4-902/shared/yizhil/Avalanche/avalanche-master/joint_result_spike-all/cwr_star/order2/joint_spike_cwr_star__order-2__seed-067.json
spike-all,cwr_star,spike,2,67,resnet18_cifar,0.05,"[0.1,0.05,0.01]",last_epoch_train_mean,0.0,0.1,0.0,6995866446978582,44716368,18,0,0.3332622405116148,0.14212548015364918,0.39311905133406144,0.39311905133406144,-0.39311905133406144,3,0.39311905133406144,0.10256410256410253,0.42247337621059866,0.0,0.0,0.8205128205128205,1.0,0.7058823529411765,"[0.9482758620689655,0.8258064516129032,0.6307692307692307,0.48717948717948717,0.3076923076923077,0.358974358974359,0.3181818181818182,0.28388746803069054,0.25813953488372093,0.2345415778251599,0.2125984251968504,0.19378427787934185,0.1757679180887372,0.1632,0.16415662650602408,0.1507823613086771,0.14285714285714285,0.14212548015364918]","[0.9137931034482759,0.8205128205128205,1.0,0.6923076923076923,0.7692307692307693,1.0,0.0,1.0,0.0,0.05128205128205132,0.02564102564102564,0.10256410256410253,0.2564102564102564,0.0,0.0,0.05128205128205128,0.0]","[-0.025862068965517238,0.02564102564102566,0.0,0.3076923076923077,0.23076923076923073,-0.02564102564102566,0.95,-0.02564102564102566,0.8717948717948718,-0.05128205128205132,0.9487179487179487,-0.3846153846153846,0.6923076923076923,0.8974358974358975,0.3076923076923077,0.7435897435897435,0.9743589743589743,0.3076923076923077]",0.37470281953040574,512,81.82994779432192,81854.40283203125,27.497907312004827,54.3320404823171,3.1960023813127703,3.202222474035807,556850956753.9929,2331955482326194,2331955482305714,20480,27838714900,44716368,0,0,44796076,89512444,85.36571884155273,0.5582696659831514,7501.953125,0.1,
spike-all,cwr_star,spike,2,67,resnet18_cifar,0.01,"[0.1,0.05,0.01]",last_epoch_train_mean,0.0,0.1,0.0,6995866446978582,44716368,18,0,0.3612804760152748,0.1382842509603073,0.28808186404535296,0.28808186404535296,-0.28808186404535296,6,0.28808186404535296,0.0,0.38674068149264157,0.0,0.0,0.717948717948718,1.0,0.4117647058823529,"[0.9396551724137931,0.896774193548387,0.6512820512820513,0.5427350427350427,0.48717948717948717,0.3974358974358974,0.3522727272727273,0.31202046035805625,0.2837209302325581,0.24093816631130063,0.22244094488188976,0.21937842778793418,0.18430034129692832,0.1728,0.16265060240963855,0.15362731152204837,0.14555256064690028,0.1382842509603073]","[0.8448275862068966,0.7948717948717948,0.95,0.0,0.38461538461538464,1.0,0.0,0.717948717948718,0.0,0.0,0.0,0.0,0.20512820512820512,0.0,0.0,0.0,0.0]","[-0.017241379310344862,0.05128205128205132,0.050000000000000044,1.0,0.6153846153846154,-0.02564102564102566,0.95,-0.02564102564102566,0.8717948717948718,-0.02564102564102566,0.9743589743589743,-0.3846153846153846,0.7435897435897436,0.8974358974358975,0.6923076923076923,0.7948717948717948,0.9743589743589743,0.5897435897435898]",0.4847971313488555,512,80.4623506310163,80482.15454101562,26.746136483969167,53.71621414704714,3.1597773027674787,3.161053213989362,556850956753.9929,2331955482326194,2331955482305714,20480,27838714900,44716368,0,0,44796076,89512444,85.36571884155273,0.5755887977080122,7501.953125,0.1,
spike-all,cwr_star,spike,2,69,resnet18_cifar,0.1,"[0.1,0.05,0.01]",last_epoch_train_mean,0.0,0.1,0.0,6995866446978582,44716368,18,0,0.2898703270094893,0.14340588988476313,0.35434805221823473,0.35434805221823473,-0.35434805221823473,2,0.35434805221823473,0.15384615384615385,0.4186017847820019,0.0,0.0,0.9482758620689655,1.0,0.5882352941176471,"[0.9482758620689655,0.5870967741935483,0.441025641025641,0.41025641025641024,0.37362637362637363,0.28846153846153844,0.26136363636363635,0.23273657289002558,0.2302325581395349,0.19616204690831557,0.18110236220472442,0.16270566727605118,0.1552901023890785,0.1456,0.16114457831325302,0.15362731152204837,0.14555256064690028,0.14340588988476313]","[0.9482758620689655,1.0,1.0,0.28205128205128205,0.358974358974359,0.9487179487179487,0.05,1.0,0.15384615384615385,0.0,0.0,0.0,0.28205128205128205,0.0,0.0,0.0,0.0]","[-0.008620689655172376,-0.02564102564102566,0.0,0.717948717948718,0.641025641025641,-0.1794871794871794,0.9249999999999999,0.0,0.717948717948718,-0.1282051282051282,0.9487179487179487,-0.15384615384615385,0.717948717948718,0.9230769230769231,0.1282051282051282,0.7692307692307693,1.0,0.5897435897435898]",0.42128033205619414,512,79.66506525198929,79678.73510742188,26.898846289957874,52.76621896203142,3.1038952330606717,3.1289208970265463,556850956753.9929,2331955482326194,2331955482305714,20480,27838714900,44716368,0,0,44796076,89512444,85.36571884155273,0.5756613727487271,7501.953125,0.1,/nobackup/proj/disk/naiss2026-4-902/shared/yizhil/Avalanche/avalanche-master/joint_result_spike-all/cwr_star/order2/joint_spike_cwr_star__order-2__seed-069.json
spike-all,cwr_star,spike,2,69,resnet18_cifar,0.05,"[0.1,0.05,0.01]",last_epoch_train_mean,0.0,0.1,0.0,6995866446978582,44716368,18,0,0.32642994941050224,0.13956466069142126,0.41076220939304103,0.41076220939304103,-0.41076220939304103,3,0.41076220939304103,0.358974358974359,0.41817416663016593,0.0,0.0,0.9310344827586207,0.975,0.5882352941176471,"[0.9568965517241379,0.7354838709677419,0.5230769230769231,0.37606837606837606,0.3333333333333333,0.3814102564102564,0.3380681818181818,0.30434782608695654,0.27906976744186046,0.2537313432835821,0.2263779527559055,0.20840950639853748,0.1825938566552901,0.1712,0.16415662650602408,0.155049786628734,0.14690026954177898,0.13956466069142126]","[0.9310344827586207,0.717948717948718,0.975,0.6923076923076923,0.9487179487179487,0.9743589743589743,0.0,0.9487179487179487,0.05128205128205128,0.3846153846153846,0.0,0.0,0.358974358974359,0.0,0.0,0.0,0.0]","[-0.01724137931034475,0.2564102564102564,0.025000000000000022,0.3076923076923077,0.02564102564102566,-0.20512820512820507,0.975,0.0,0.8461538461538461,-0.10256410256410253,0.8974358974358974,-0.15384615384615385,0.641025641025641,0.9230769230769231,-0.15384615384615385,0.7692307692307693,1.0,0.717948717948718]",0.3751105216622458,512,80.20975804375485,80233.07470703125,26.764488237909973,53.44526980584487,3.143839400343816,3.1303190710023046,556850956753.9929,2331955482326194,2331955482305714,20480,27838714900,44716368,0,0,44796076,89512444,85.36571884155273,0.604452870436795,7501.953125,0.1,
spike-all,cwr_star,spike,2,69,resnet18_cifar,0.01,"[0.1,0.05,0.01]",last_epoch_train_mean,0.0,0.1,0.0,6995866446978582,44716368,18,0,0.3580111125737016,0.15364916773367476,0.27999427887866024,0.27999427887866024,-0.27999427887866024,6,0.27999427887866024,0.0,0.3756079590024881,0.0,0.0,0.717948717948718,1.0,0.47058823529411764,"[0.9396551724137931,0.8838709677419355,0.6205128205128205,0.5256410256410257,0.4725274725274725,0.3782051282051282,0.3380681818181818,0.29923273657289,0.27209302325581397,0.24093816631130063,0.22244094488188976,0.21389396709323583,0.19112627986348124,0.1792,0.18072289156626506,0.17069701280227595,0.16172506738544473,0.15364916773367476]","[0.7586206896551725,0.7435897435897436,0.95,0.07692307692307693,0.41025641025641024,1.0,0.0,0.717948717948718,0.0,0.0,0.0,0.0,0.10256410256410256,0.0,0.0,0.0,0.0]","[0.0,0.23076923076923073,0.050000000000000044,0.9230769230769231,0.5897435897435898,-0.23076923076923073,0.975,0.0,0.8974358974358975,-0.10256410256410253,0.9487179487179487,-0.1282051282051282,0.8974358974358975,0.9230769230769231,0.5384615384615384,0.7692307692307693,1.0,0.717948717948718]",0.4999643874643875,512,78.74457219860051,78767.06787109375,25.64302764798049,53.10154455062002,3.1236202676835307,3.1179239799967036,556850956753.9929,2331955482326194,2331955482305714,20480,27838714900,44716368,0,0,44796076,89512444,85.36571884155273,0.443920248370527,7501.953125,0.1,
spike-all,cwr_star,spike,2,71,resnet18_cifar,0.1,"[0.1,0.05,0.01]",last_epoch_train_mean,0.0,0.1,0.0,6995866446978582,44716368,18,0,0.26674941213853254,0.14340588988476313,0.22645498517709473,0.22645498517709473,-0.22645498517709473,2,0.22645498517709473,0.0,0.35368799394798744,0.0,0.0,0.358974358974359,1.0,0.47058823529411764,"[0.8620689655172413,0.5483870967741935,0.441025641025641,0.3717948717948718,0.2967032967032967,0.2403846153846154,0.21306818181818182,0.21739130434782608,0.19767441860465115,0.1812366737739872,0.16535433070866143,0.1736745886654479,0.16382252559726962,0.1536,0.15210843373493976,0.14366998577524892,0.13611859838274934,0.14340588988476313]","[0.8189655172413792,1.0,0.8,0.05128205128205128,0.05128205128205128,0.7435897435897436,0.0,0.02564102564102566,0.0,0.0,0.0,0.358974358974359,0.0,0.0,0.0,0.0,0.0]","[0.07758620689655182,-0.15384615384615385,0.0,0.5641025641025641,0.5384615384615384,0.10256410256410253,0.8,-0.05128205128205132,0.9743589743589743,0.8717948717948718,0.8461538461538461,0.07692307692307693,0.9743589743589743,0.9487179487179487,0.0,0.9743589743589743,0.9743589743589743,0.3846153846153846]",0.4946237351409765,512,80.48004224407487,80506.56225585938,26.768499652971514,53.71154259110335,3.1595025053590207,3.1646433400455862,556850956753.9929,2331955482326194,2331955482305714,20480,27838714900,44716368,0,0,44796076,89512444,85.36571884155273,0.5673532992501227,7501.953125,0.1,/nobackup/proj/disk/naiss2026-4-902/shared/yizhil/Avalanche/avalanche-master/joint_result_spike-all/cwr_star/order2/joint_spike_cwr_star__order-2__seed-071.json
spike-all,cwr_star,spike,2,71,resnet18_cifar,0.05,"[0.1,0.05,0.01]",last_epoch_train_mean,0.0,0.1,0.0,6995866446978582,44716368,18,0,0.2586594136159622,0.1293213828425096,0.2477765642065845,0.2477765642065845,-0.2477765642065845,2,0.2477765642065845,0.0,0.3695012538655975,0.0,0.0,0.23076923076923078,1.0,0.47058823529411764,"[0.8362068965517241,0.5806451612903226,0.4461538461538462,0.3504273504273504,0.21978021978021978,0.2532051282051282,0.2215909090909091,0.21739130434782608,0.19767441860465115,0.1791044776119403,0.16535433070866143,0.14990859232175502,0.1416382252559727,0.1328,0.15210843373493976,0.14509246088193456,0.13746630727762804,0.1293213828425096]","[0.8275862068965517,1.0,0.0,0.23076923076923078,0.15384615384615385,0.8205128205128205,0.0,0.9487179487179487,0.0,0.0,0.0,0.15384615384615385,0.07692307692307693,0.0,0.0,0.0,0.0]","[0.10344827586206906,-0.15384615384615385,0.0,0.38461538461538464,0.4358974358974359,0.02564102564102566,0.8,-0.05128205128205132,0.9743589743589743,0.8717948717948718,0.8461538461538461,-0.5384615384615384,0.8974358974358974,0.9487179487179487,0.4358974358974359,0.9743589743589743,0.9743589743589743,0.8461538461538461]",0.48751350820316336,512,79.98804039822426,80011.24682617188,26.704750815057196,53.28328958316706,3.1343111519510036,3.140823540976271,556850956753.9929,2331955482326194,2331955482305714,20480,27838714900,44716368,0,0,44796076,89512444,85.36571884155273,0.5594445532605186,7501.953125,0.1,
spike-all,cwr_star,spike,2,71,resnet18_cifar,0.01,"[0.1,0.05,0.01]",last_epoch_train_mean,0.0,0.1,0.0,6995866446978582,44716368,18,0,0.36720799349012284,0.19206145966709348,0.26539241691371507,0.26539241691371507,-0.26539241691371507,6,0.26539241691371507,0.0,0.3591473175716687,0.0,0.0,0.4871794871794872,1.0,0.47058823529411764,"[0.9310344827586207,0.8709677419354839,0.6153846153846154,0.5128205128205128,0.46153846153846156,0.3685897435897436,0.32670454545454547,0.2915601023017903,0.2651162790697674,0.24307036247334754,0.22440944881889763,0.23948811700182815,0.22184300341296928,0.208,0.22439759036144577,0.2119487908961593,0.20080862533692723,0.19206145966709348]","[0.7155172413793103,0.717948717948718,0.95,0.02564102564102564,0.4358974358974359,1.0,0.0,0.4871794871794872,0.0,0.0,0.0,0.0,0.1794871794871795,0.0,0.0,0.0,0.0]","[0.008620689655172487,0.1282051282051282,0.050000000000000044,0.5897435897435898,0.15384615384615385,-0.15384615384615385,0.8,-0.05128205128205132,0.9743589743589743,-0.10256410256410253,0.8461538461538461,-0.5641025641025641,0.7948717948717948,0.9487179487179487,0.3076923076923077,0.9743589743589743,0.9743589743589743,0.923076923076923]",0.422345024069162,512,80.28279118903447,80298.09375,27.00630548398476,53.27648570504971,3.1339109238264533,3.1384393740445375,556850956753.9929,2331955482326194,2331955482305714,20480,27838714900,44716368,0,0,44796076,89512444,85.36571884155273,0.5734993506189574,7501.953125,0.1,
spike-all,cwr_star,spike,3,63,resnet18_cifar,0.1,"[0.1,0.05,0.01]",last_epoch_train_mean,0.0,0.1,0.0,6992521271772342,44716368,18,0,0.3072523021841589,0.1357234314980794,0.38620504882114787,0.38620504882114787,-0.38620504882114787,1,0.38620504882114787,0.07894736842105265,0.4161411829398418,0.0,0.025000000000000022,0.7948717948717948,1.0,0.7647058823529411,"[1.0,0.6346153846153846,0.5282051282051282,0.46153846153846156,0.3443223443223443,0.3333333333333333,0.2792022792022792,0.23076923076923078,0.2097902097902098,0.21841541755888652,0.1952662721893491,0.1809872029250457,0.17235494880546076,0.1616,0.15512048192771086,0.14509246088193456,0.14420485175202155,0.1357234314980794]","[1.0,1.0,0.717948717948718,0.7948717948717948,1.0,0.38461538461538464,0.41025641025641024,1.0,0.0,0.07894736842105265,0.025000000000000022,0.0,0.07692307692307693,0.02564102564102564,0.0,0.0,0.051282051282051294]","[-0.29059829059829057,-0.7435897435897436,0.17948717948717952,0.17948717948717952,-0.2564102564102564,0.5897435897435896,0.15384615384615385,-0.02564102564102566,-0.28205128205128205,0.3421052631578947,0.15000000000000002,1.0,0.8205128205128205,0.5384615384615384,0.6153846153846154,1.0,0.8461538461538461,0.9743589743589743]",0.32173614235017745,512,78.93255711719394,78952.1357421875,26.950448817107826,51.98210830008611,3.0577710764756536,3.113168605021201,556850959047.9717,2330840423924114,2330840423903634,20480,27838714900,44716368,0,0,44796076,89512444,85.36571884155273,0.5727172395448163,7501.953125,0.1,/nobackup/proj/disk/naiss2026-4-902/shared/yizhil/Avalanche/avalanche-master/joint_result_spike-all/cwr_star/order3/joint_spike_cwr_star__order-3__seed-063.json
spike-all,cwr_star,spike,3,63,resnet18_cifar,0.05,"[0.1,0.05,0.01]",last_epoch_train_mean,0.0,0.1,0.0,6992521271772342,44716368,18,0,0.34070529771120833,0.1357234314980794,0.21774099653356618,0.21774099653356618,-0.21774099653356618,2,0.21774099653356618,0.0,0.37505206131056756,0.0,0.0,0.0789473684210526,1.0,0.4117647058823529,"[0.9829059829059829,0.6666666666666666,0.5333333333333333,0.5512820512820513,0.4542124542124542,0.3942307692307692,0.35327635327635326,0.3128205128205128,0.28438228438228436,0.2676659528907923,0.20512820512820512,0.19195612431444242,0.17918088737201365,0.168,0.15963855421686746,0.1507823613086771,0.14150943396226415,0.1357234314980794]","[0.8803418803418803,1.0,0.0,0.6410256410256411,1.0,0.0,0.05128205128205128,0.0,0.0,0.0789473684210526,0.050000000000000044,0.0,0.0,0.0,0.0,0.0,0.0]","[-0.2735042735042734,-0.7435897435897436,0.8974358974358975,0.33333333333333326,-0.2564102564102564,0.9743589743589743,0.5128205128205128,-0.02564102564102566,0.717948717948718,0.5263157894736842,0.07499999999999996,1.0,0.8974358974358975,0.5641025641025641,0.6923076923076923,1.0,1.0,0.9743589743589743]",0.49257072524616385,512,79.39152069800184,79421.91088867188,26.821269058000325,52.570251640001516,3.092367743529501,3.11072865099959,556850959047.9717,2330840423924114,2330840423903634,20480,27838714900,44716368,0,0,44796076,89512444,85.36571884155273,0.5712093060212979,7504.203125,0.1,
spike-all,cwr_star,spike,3,63,resnet18_cifar,0.01,"[0.1,0.05,0.01]",last_epoch_train_mean,0.0,0.1,0.0,6992521271772342,44716368,18,0,0.3288742413722163,0.15108834827144688,0.10353192559074911,0.10353192559074911,-0.10353192559074911,2,0.10353192559074911,0.0,0.2712097192206899,0.0,0.0,0.02499999999999991,0.9230769230769231,0.29411764705882354,"[0.9914529914529915,0.6794871794871795,0.5435897435897435,0.452991452991453,0.38095238095238093,0.3333333333333333,0.2962962962962963,0.28205128205128205,0.26107226107226106,0.2398286937901499,0.22287968441814596,0.20658135283363802,0.19283276450511946,0.1792,0.17921686746987953,0.1678520625889047,0.15902964959568733,0.15108834827144688]","[0.7606837606837606,0.9230769230769231,0.0,0.0,0.0,0.0,0.0,0.025641025641025633,0.02564102564102564,0.0,0.02499999999999991,0.0,0.0,0.0,0.0,0.0,0.0]","[-0.28205128205128205,-0.6666666666666667,0.8974358974358975,0.9743589743589743,-0.2564102564102564,0.9743589743589743,0.5641025641025641,0.7948717948717948,0.6666666666666666,0.9473684210526315,0.050000000000000044,1.0,0.8974358974358975,0.5641025641025641,0.6666666666666667,1.0,1.0,0.9743589743589743]",0.5981443994601889,512,79.17970539199996,79203.203125,26.78338650600017,52.39631888599979,3.082136405058811,3.0698830599994835,556850959047.9717,2330840423924114,2330840423903634,20480,27838714900,44716368,0,0,44796076,89512444,85.36571884155273,0.598212025607363,7501.953125,0.1,
spike-all,cwr_star,spike,3,65,resnet18_cifar,0.1,"[0.1,0.05,0.01]",last_epoch_train_mean,0.0,0.1,0.0,6992521271772342,44716368,18,0,0.3093350536226893,0.14084507042253522,0.33789791220131776,0.33789791220131776,-0.33789791220131776,1,0.33789791220131776,0.026315789473684237,0.4146554487362564,0.0,0.0,0.7435897435897436,1.0,0.5294117647058824,"[1.0,0.6474358974358975,0.5282051282051282,0.43162393162393164,0.3553113553113553,0.3076923076923077,0.2706552706552707,0.23333333333333334,0.20046620046620048,0.21841541755888652,0.21104536489151873,0.1956124314442413,0.18430034129692832,0.1712,0.16716867469879518,0.15647226173541964,0.14824797843665768,0.14084507042253522]","[1.0,1.0,0.7435897435897436,0.9743589743589743,1.0,0.0,0.3076923076923077,0.46153846153846156,0.23076923076923073,0.026315789473684237,0.0,0.0,0.0,0.0,0.0,0.0,0.0]","[-0.017094017094017144,-0.5641025641025641,0.02564102564102566,-0.02564102564102566,-0.05128205128205132,0.8717948717948718,0.4102564102564102,-0.23076923076923073,-0.3589743589743589,0.5,0.025000000000000022,0.25,0.7692307692307693,0.8974358974358975,0.641025641025641,1.0,1.0,0.8974358974358975]",0.33555318138651474,512,79.51821626999845,79545.41015625,26.84867427000063,52.66954199999782,3.098208352941048,3.102733663001345,556850959047.9717,2330840423924114,2330840423903634,20480,27838714900,44716368,0,0,44796076,89512444,85.36571884155273,0.5998732279163336,7501.953125,0.1,/nobackup/proj/disk/naiss2026-4-902/shared/yizhil/Avalanche/avalanche-master/joint_result_spike-all/cwr_star/order3/joint_spike_cwr_star__order-3__seed-065.json
spike-all,cwr_star,spike,3,65,resnet18_cifar,0.05,"[0.1,0.05,0.01]",last_epoch_train_mean,0.0,0.1,0.0,6992521271772342,44716368,18,0,0.33262150385860717,0.13444302176696543,0.2877424519065386,0.2877424519065386,-0.2877424519065386,2,0.2877424519065386,0.07692307692307693,0.3930963367141627,0.0,0.0,0.38461538461538464,1.0,0.5882352941176471,"[0.9914529914529915,0.6538461538461539,0.517948717948718,0.5170940170940171,0.42857142857142855,0.375,0.34472934472934474,0.3,0.289044289044289,0.27194860813704497,0.1952662721893491,0.1809872029250457,0.17064846416382254,0.16,0.16114457831325302,0.15220483641536273,0.14285714285714285,0.13444302176696543]","[0.9914529914529915,1.0,0.38461538461538464,0.8974358974358975,1.0,0.1794871794871795,0.20512820512820512,0.0,0.07692307692307693,0.13157894736842105,0.025000000000000022,0.0,0.0,0.0,0.0,0.0,0.0]","[-0.008547008547008628,-0.5641025641025641,0.38461538461538464,0.05128205128205121,-0.05128205128205132,0.6923076923076923,0.5897435897435896,-0.23076923076923073,0.4102564102564103,0.4736842105263158,0.25,0.25,0.7435897435897436,0.8974358974358975,0.23076923076923073,1.0,1.0,0.8974358974358975]",0.38980106962563105,512,79.43046569900253,79456.84692382812,26.785920631999034,52.64454506700349,3.0967379451178525,3.102835411000342,556850959047.9717,2330840423924114,2330840423903634,20480,27838714900,44716368,0,0,44796076,89512444,85.36571884155273,0.5667144442865164,7501.953125,0.1,
spike-all,cwr_star,spike,3,65,resnet18_cifar,0.01,"[0.1,0.05,0.01]",last_epoch_train_mean,0.0,0.1,0.0,6992521271772342,44716368,18,0,0.3267582429497416,0.14596670934699105,0.11312217194570137,0.11312217194570137,-0.11312217194570137,2,0.11312217194570137,0.0,0.2732139203484037,0.0,0.0,0.0,0.9230769230769231,0.23529411764705882,"[0.9914529914529915,0.6730769230769231,0.5384615384615384,0.44871794871794873,0.38095238095238093,0.3333333333333333,0.2962962962962963,0.2948717948717949,0.26107226107226106,0.2398286937901499,0.22090729783037474,0.20475319926873858,0.19112627986348124,0.1792,0.1686746987951807,0.1593172119487909,0.15363881401617252,0.14596670934699105]","[0.7692307692307693,0.9230769230769231,0.0,0.0,0.20512820512820518,0.0,0.0,0.025641025641025605,0.0,0.0,0.0,0.0,0.0,0.0,0.0,0.0,0.0]","[-0.008547008547008628,-0.4871794871794872,0.7692307692307693,0.9487179487179487,-0.05128205128205132,0.8717948717948718,0.7948717948717948,0.2564102564102565,0.6410256410256411,0.7894736842105263,0.050000000000000044,0.25,0.7692307692307693,0.8974358974358975,0.8205128205128205,1.0,1.0,0.8974358974358975]",0.5671739891038137,512,78.20746662200509,78227.970703125,26.778121899000325,51.42934472300476,3.0252555719414564,3.0400399650006875,556850959047.9717,2330840423924114,2330840423903634,20480,27838714900,44716368,0,0,44796076,89512444,85.36571884155273,0.5732266862943455,7501.953125,0.1,
spike-all,cwr_star,spike,3,67,resnet18_cifar,0.1,"[0.1,0.05,0.01]",last_epoch_train_mean,0.0,0.1,0.0,6992521271772342,44716368,18,0,0.2914908774132883,0.12419974391805377,0.3848138445661666,0.3848138445661666,-0.3848138445661666,1,0.3848138445661666,0.07692307692307693,0.4390087134529884,0.0,0.0,0.8974358974358975,1.0,0.6470588235294118,"[1.0,0.6346153846153846,0.5230769230769231,0.41452991452991456,0.31135531135531136,0.28205128205128205,0.2621082621082621,0.21025641025641026,0.17715617715617715,0.19700214132762311,0.1913214990138067,0.1773308957952468,0.16382252559726962,0.1584,0.15060240963855423,0.14366998577524892,0.12533692722371967,0.12419974391805377]","[1.0,1.0,0.7435897435897436,0.8974358974358975,1.0,0.07692307692307693,0.641025641025641,1.0,0.0,0.13157894736842107,0.0,0.0,0.02564102564102564,0.0,0.0,0.0,0.02564102564102564]","[-0.042735042735042694,-0.7948717948717949,0.10256410256410253,0.07692307692307687,-0.17948717948717952,0.8205128205128205,0.20512820512820518,-0.23076923076923073,-0.2564102564102564,0.5263157894736843,0.0,0.9,0.923076923076923,0.9230769230769231,0.8205128205128206,0.8974358974358975,0.9487179487179487,0.717948717948718]",0.353218873394312,512,79.99314330500238,80021.53002929688,27.02356748300008,52.9695758220023,3.115857401294253,3.1269938469995395,556850959047.9717,2330840423924114,2330840423903634,20480,27838714900,44716368,0,0,44796076,89512444,85.36571884155273,0.5773020089649349,7501.953125,0.1,/nobackup/proj/disk/naiss2026-4-902/shared/yizhil/Avalanche/avalanche-master/joint_result_spike-all/cwr_star/order3/joint_spike_cwr_star__order-3__seed-067.json
spike-all,cwr_star,spike,3,67,resnet18_cifar,0.05,"[0.1,0.05,0.01]",last_epoch_train_mean,0.0,0.1,0.0,6992521271772342,44716368,18,0,0.3176022758610261,0.13188220230473752,0.28657616892911014,0.28657616892911014,-0.28657616892911014,2,0.28657616892911014,0.0,0.4278139029920303,0.0,0.0,0.7948717948717949,1.0,0.35294117647058826,"[1.0,0.7051282051282052,0.5641025641025641,0.44871794871794873,0.37362637362637363,0.3269230769230769,0.301994301994302,0.258974358974359,0.2331002331002331,0.21413276231263384,0.1992110453648915,0.1846435100548446,0.17235494880546076,0.1616,0.15512048192771086,0.1465149359886202,0.13881401617250674,0.13188220230473752]","[0.7948717948717949,1.0,0.0,0.9230769230769231,1.0,0.0,0.15384615384615385,1.0,0.0,0.0,0.0,0.0,0.0,0.0,0.0,0.0,0.0]","[-0.042735042735042694,-0.7948717948717949,0.8461538461538461,0.05128205128205121,-0.17948717948717952,0.8974358974358975,0.7692307692307693,-0.23076923076923073,-0.2564102564102564,0.9736842105263158,0.0,0.9,0.9487179487179487,0.9230769230769231,0.8717948717948718,0.8974358974358975,1.0,0.717948717948718]",0.4606937571849853,512,79.9403162710023,79960.75830078125,26.925215854998896,53.015100416003406,3.1185353185884357,3.1054331739996996,556850959047.9717,2330840423924114,2330840423903634,20480,27838714900,44716368,0,0,44796076,89512444,85.36571884155273,0.6101539090944519,7501.953125,0.1,
spike-all,cwr_star,spike,3,67,resnet18_cifar,0.01,"[0.1,0.05,0.01]",last_epoch_train_mean,0.0,0.1,0.0,6992521271772342,44716368,18,0,0.33197307462329206,0.147247119078105,0.10608345902463549,0.10608345902463549,-0.10608345902463549,2,0.10608345902463549,0.0,0.2703923456532073,0.0,0.0,0.0,0.9230769230769231,0.17647058823529413,"[0.9914529914529915,0.6858974358974359,0.5487179487179488,0.45726495726495725,0.39194139194139194,0.34294871794871795,0.30484330484330485,0.2846153846153846,0.2703962703962704,0.2462526766595289,0.22682445759368836,0.20840950639853748,0.1945392491467577,0.1824,0.17319277108433734,0.16358463726884778,0.15498652291105122,0.147247119078105]","[0.7521367521367521,0.9230769230769231,0.0,0.0,0.0,0.0,0.0,0.1282051282051282,0.0,0.0,0.0,0.0,0.0,0.0,0.0,0.0,0.0]","[-0.03418803418803418,-0.7179487179487181,0.8461538461538461,0.9743589743589743,-0.17948717948717952,0.8974358974358975,0.9230769230769231,0.6410256410256411,0.5384615384615385,0.9736842105263158,-0.025000000000000022,0.9,0.9487179487179487,0.9230769230769231,0.8974358974358975,0.8974358974358975,1.0,0.717948717948718]",0.6178993602239217,512,79.77293863400155,79798.11206054688,27.146189148999838,52.62674948500171,3.0956911461765713,3.1226049559991225,556850959047.9717,2330840423924114,2330840423903634,20480,27838714900,44716368,0,0,44796076,89512444,85.36571884155273,0.6099631280474722,7501.953125,0.1,
spike-all,cwr_star,spike,3,69,resnet18_cifar,0.1,"[0.1,0.05,0.01]",last_epoch_train_mean,3.702151452205342e-09,0.05,0.0,6992521271772342,44716368,18,0,0.2773532018675422,0.11523687580025609,0.4064724405281681,0.4064724405281681,-0.4064724405281681,2,0.4064724405281681,0.02564102564102564,0.46330625843647755,0.0,0.0,0.9829059829059829,1.0,0.6470588235294118,"[0.9829059829059829,0.6089743589743589,0.5025641025641026,0.41025641025641024,0.3076923076923077,0.27884615384615385,0.22507122507122507,0.2076923076923077,0.1864801864801865,0.18201284796573874,0.16962524654832348,0.15722120658135283,0.13993174061433447,0.136,0.13253012048192772,0.12802275960170698,0.12129380053908356,0.11523687580025609]","[0.9829059829059829,1.0,0.717948717948718,0.9743589743589743,1.0,0.02564102564102564,1.0,1.0,0.0,0.15789473684210525,0.0,0.0,0.02564102564102564,0.0,0.0,0.02564102564102564,0.0]","[0.008547008547008628,-0.3846153846153846,-0.05128205128205132,-0.02564102564102566,-0.02564102564102566,0.9743589743589743,-0.02564102564102566,-0.3076923076923077,-0.28205128205128205,0.7368421052631579,0.025000000000000022,0.8,0.8205128205128205,0.8461538461538461,0.7435897435897436,0.923076923076923,0.9230769230769231,0.8717948717948718]",0.36502161743389816,512,79.32073856699935,79345.71752929688,27.022486505000415,52.29825206199894,3.0763677683528785,3.1126737439990393,556850959047.9717,2330840423924114,2330840423903634,20480,27838714900,44716368,0,0,44796076,89512444,85.36571884155273,0.5679034378965796,7501.953125,0.05,
spike-all,cwr_star,spike,3,69,resnet18_cifar,0.05,"[0.1,0.05,0.01]",last_epoch_train_mean,0.0,0.05,0.0,6992521271772342,44716368,18,0,0.29545370538961835,0.13444302176696543,0.2514619883040936,0.2514619883040936,-0.2514619883040936,2,0.2514619883040936,0.0,0.4094845046879771,0.0,0.0,0.1794871794871795,1.0,0.47058823529411764,"[0.9743589743589743,0.6217948717948718,0.5025641025641026,0.43162393162393164,0.3516483516483517,0.3076923076923077,0.2849002849002849,0.23846153846153847,0.21678321678321677,0.20342612419700215,0.16962524654832348,0.15722120658135283,0.14846416382252559,0.1408,0.15060240963855423,0.1422475106685633,0.14150943396226415,0.13444302176696543]","[0.9401709401709402,1.0,0.02564102564102564,0.07692307692307693,1.0,0.0,0.1794871794871795,1.0,0.0,0.05263157894736842,0.0,0.0,0.0,0.0,0.0,0.0,0.0]","[0.017094017094017144,-0.3846153846153846,0.641025641025641,0.8717948717948718,-0.02564102564102566,1.0,0.7948717948717948,-0.3076923076923077,-0.28205128205128205,0.5526315789473684,0.17500000000000004,0.8,0.8461538461538461,0.8461538461538461,0.6153846153846154,0.9743589743589743,0.8717948717948718,0.8717948717948718]",0.4932254960763733,512,78.71013982900695,78736.32421875,26.204031729001144,52.506108100005804,3.0885945941179886,3.0804015720004827,556850959047.9717,2330840423924114,2330840423903634,20480,27838714900,44716368,0,0,44796076,89512444,85.36571884155273,0.6119840192053029,7501.953125,0.05,/nobackup/proj/disk/naiss2026-4-902/shared/yizhil/Avalanche/avalanche-master/joint_result_spike-all/cwr_star/order3/joint_spike_cwr_star__order-3__seed-069.json
spike-all,cwr_star,spike,3,69,resnet18_cifar,0.01,"[0.1,0.05,0.01]",last_epoch_train_mean,0.0,0.05,0.0,6992521271772342,44716368,18,0,0.3265775300760883,0.16389244558258642,0.15686274509803924,0.15686274509803924,-0.15686274509803924,2,0.15686274509803924,0.0,0.33981200858545607,0.0,0.0,0.0,1.0,0.23529411764705882,"[0.9658119658119658,0.6410256410256411,0.5128205128205128,0.42735042735042733,0.358974358974359,0.3141025641025641,0.2792022792022792,0.2512820512820513,0.2680652680652681,0.2462526766595289,0.25443786982248523,0.23217550274223034,0.2167235494880546,0.2032,0.19126506024096385,0.1806543385490754,0.1711590296495957,0.16389244558258642]","[0.6153846153846154,1.0,0.0,0.0,1.0,0.0,0.0,0.0,0.051282051282051266,0.0,0.0,0.0,0.0,0.0,0.0,0.0,0.0]","[0.02564102564102566,-0.3846153846153846,0.6666666666666666,0.9487179487179487,-0.02564102564102566,1.0,0.9743589743589743,-0.3076923076923077,0.28205128205128205,0.9210526315789473,0.17500000000000004,0.8,0.8461538461538461,0.8461538461538461,0.9230769230769231,0.9743589743589743,1.0,0.8717948717948718]",0.5853932373669216,512,80.34595972900388,80371.02880859375,27.339831387998856,53.006128341005024,3.118007549470884,3.1440495290007675,556850959047.9717,2330840423924114,2330840423903634,20480,27838714900,44716368,0,0,44796076,89512444,85.36571884155273,0.6001521997462423,7501.953125,0.05,
spike-all,cwr_star,spike,3,71,resnet18_cifar,0.1,"[0.1,0.05,0.01]",last_epoch_train_mean,7.700405431532096e-07,0.05,0.0,6992521271772342,44716368,18,0,0.30945658377430363,0.16901408450704225,0.40233124288851846,0.40233124288851846,-0.40233124288851846,2,0.40233124288851846,0.17948717948717952,0.42025771296137093,0.0,0.02564102564102566,0.9230769230769231,1.0,0.7647058823529411,"[0.9658119658119658,0.5512820512820513,0.49230769230769234,0.46153846153846156,0.3553113553113553,0.33974358974358976,0.24786324786324787,0.24871794871794872,0.20745920745920746,0.20770877944325483,0.1952662721893491,0.1846435100548446,0.20136518771331058,0.1888,0.18674698795180722,0.1806543385490754,0.18598382749326145,0.16901408450704225]","[0.9658119658119658,1.0,0.9230769230769231,0.8717948717948718,1.0,0.20512820512820512,1.0,0.1282051282051282,0.28205128205128205,0.0789473684210526,0.0,0.0,0.1794871794871795,0.0,0.02564102564102566,0.0,0.17948717948717952]","[0.02564102564102566,-0.33333333333333337,-0.05128205128205132,0.10256410256410253,-0.02564102564102566,0.7948717948717949,-0.3589743589743589,-0.10256410256410253,-0.3846153846153846,0.13157894736842113,0.07499999999999996,0.925,0.4358974358974359,0.9743589743589743,0.2564102564102564,0.8974358974358975,0.6666666666666666,0.9743589743589743]",0.2779652121757385,512,79.75510470699555,79781.48828125,27.10234193799988,52.65276276899567,3.0972213393526866,3.0971527179990517,556850959047.9717,2330840423924114,2330840423903634,20480,27838714900,44716368,0,0,44796076,89512444,85.36571884155273,0.5994864558314674,7501.953125,0.05,
spike-all,cwr_star,spike,3,71,resnet18_cifar,0.05,"[0.1,0.05,0.01]",last_epoch_train_mean,0.0,0.05,0.0,6992521271772342,44716368,18,0,0.2989662930698353,0.12163892445582586,0.26646952978222327,0.26646952978222327,-0.26646952978222327,2,0.26646952978222327,0.02564102564102564,0.40269831365678366,0.0,0.0,0.28205128205128205,1.0,0.5294117647058824,"[0.9914529914529915,0.6410256410256411,0.517948717948718,0.4358974358974359,0.3553113553113553,0.3141025641025641,0.2905982905982906,0.24102564102564103,0.21212121212121213,0.2012847965738758,0.1814595660749507,0.170018281535649,0.15699658703071673,0.1472,0.14156626506024098,0.1337126600284495,0.1280323450134771,0.12163892445582586]","[0.9145299145299146,1.0,0.20512820512820512,0.02564102564102564,1.0,0.0,0.28205128205128205,1.0,0.0,0.05263157894736842,0.050000000000000044,0.0,0.0,0.0,0.0,0.0,0.0]","[0.0,-0.33333333333333337,0.6666666666666667,0.9487179487179487,-0.02564102564102566,1.0,0.35897435897435903,-0.10256410256410253,-0.3846153846153846,0.42105263157894746,0.07499999999999996,0.925,0.6153846153846154,0.9743589743589743,0.46153846153846156,0.8974358974358975,0.9487179487179487,0.9743589743589743]",0.46783625730994155,512,79.54167753599904,79562.58715820312,26.967445522999697,52.574232012999346,3.0926018831176085,3.10304875699876,556850959047.9717,2330840423924114,2330840423903634,20480,27838714900,44716368,0,0,44796076,89512444,85.36571884155273,0.5189599282956655,7501.953125,0.05,/nobackup/proj/disk/naiss2026-4-902/shared/yizhil/Avalanche/avalanche-master/joint_result_spike-all/cwr_star/order3/joint_spike_cwr_star__order-3__seed-071.json
spike-all,cwr_star,spike,3,71,resnet18_cifar,0.01,"[0.1,0.05,0.01]",last_epoch_train_mean,0.0,0.05,0.0,6992521271772342,44716368,18,0,0.3343315438129058,0.16645326504481434,0.1533433886375063,0.1533433886375063,-0.1533433886375063,5,0.1533433886375063,0.0,0.3303286031481495,0.0,0.0,0.0,1.0,0.23529411764705882,"[0.9914529914529915,0.6730769230769231,0.5384615384615384,0.44871794871794873,0.36996336996337,0.32371794871794873,0.28774928774928776,0.258974358974359,0.26107226107226106,0.2398286937901499,0.2504930966469428,0.23217550274223034,0.2167235494880546,0.2032,0.19578313253012047,0.18492176386913228,0.1752021563342318,0.16645326504481434]","[0.6324786324786325,0.9230769230769231,0.0,0.0,1.0,0.0,0.0,0.05128205128205132,0.0,0.0,0.0,0.0,0.0,0.0,0.0,0.0,0.0]","[0.0,-0.2564102564102565,0.8717948717948718,0.9743589743589743,-0.02564102564102566,1.0,0.6410256410256411,-0.10256410256410253,0.25641025641025644,0.6578947368421053,0.15000000000000002,0.925,0.6153846153846154,0.9743589743589743,0.48717948717948717,0.8974358974358975,0.9743589743589743,0.9743589743589743]",0.5563858899385216,512,78.08377830200152,78102.76245117188,26.94413903900022,51.1396392630013,3.008214074294194,3.060609210000621,556850959047.9717,2330840423924114,2330840423903634,20480,27838714900,44716368,0,0,44796076,89512444,85.36571884155273,0.5947029526262443,7501.953125,0.05,
