exp_name,dataset,method,order,seed,lr,task,tasks,task_learning_flops,core_training_flops,learning_auxiliary_flops,cumulative_learning_flops,terminal_epoch_flops,terminal_epoch_samples,terminal_flops_per_sample,summary_file,log_file
spike-all,spike,tagfex,1,63,0.01,1,18,3243892533415310,3230446341138434,13446192276876,3243892533415310,174968511882598,483,362253647790.058,/nobackup/proj/disk/naiss2026-4-902/shared/yizhil/Avalanche/avalanche-master/search_result_spike-all/tagfex/order1/lr001/search_spike_tagfex__order-1__lr-001__seed-063__summary.json,/nobackup/proj/disk/naiss2026-4-902/shared/yizhil/Avalanche/avalanche-master/search_result_spike-all/tagfex/order1/lr001/log/search_spike_tagfex__order-1__lr-001__seed-063.log
spike-all,spike,tagfex,1,63,0.01,2,18,5910403530478955,5157071257917074,753332272561881,9154296063894265,329591904329705,644,511788671319.4177,/nobackup/proj/disk/naiss2026-4-902/shared/yizhil/Avalanche/avalanche-master/search_result_spike-all/tagfex/order1/lr001/search_spike_tagfex__order-1__lr-001__seed-063__summary.json,/nobackup/proj/disk/naiss2026-4-902/shared/yizhil/Avalanche/avalanche-master/search_result_spike-all/tagfex/order1/lr001/log/search_spike_tagfex__order-1__lr-001__seed-063.log
spike-all,spike,tagfex,1,63,0.01,3,18,8296702464787394,7333825034107556,962877430679838,17450998528681659,478624819292551,804,595304501607.6505,/nobackup/proj/disk/naiss2026-4-902/shared/yizhil/Avalanche/avalanche-master/search_result_spike-all/tagfex/order1/lr001/search_spike_tagfex__order-1__lr-001__seed-063__summary.json,/nobackup/proj/disk/naiss2026-4-902/shared/yizhil/Avalanche/avalanche-master/search_result_spike-all/tagfex/order1/lr001/log/search_spike_tagfex__order-1__lr-001__seed-063.log
spike-all,spike,tagfex,1,63,0.01,4,18,11059345108825524,9876787711364090,1182557397461434,28510343637507183,655027905733448,965,678785394542.4331,/nobackup/proj/disk/naiss2026-4-902/shared/yizhil/Avalanche/avalanche-master/search_result_spike-all/tagfex/order1/lr001/search_spike_tagfex__order-1__lr-001__seed-063__summary.json,/nobackup/proj/disk/naiss2026-4-902/shared/yizhil/Avalanche/avalanche-master/search_result_spike-all/tagfex/order1/lr001/log/search_spike_tagfex__order-1__lr-001__seed-063.log
spike-all,spike,tagfex,1,63,0.01,5,18,14189917379924684,12778716873157972,1411200506766712,42700261017431867,858391335385450,1126,762336887553.6857,/nobackup/proj/disk/naiss2026-4-902/shared/yizhil/Avalanche/avalanche-master/search_result_spike-all/tagfex/order1/lr001/search_spike_tagfex__order-1__lr-001__seed-063__summary.json,/nobackup/proj/disk/naiss2026-4-902/shared/yizhil/Avalanche/avalanche-master/search_result_spike-all/tagfex/order1/lr001/log/search_spike_tagfex__order-1__lr-001__seed-063.log
spike-all,spike,tagfex,1,63,0.01,6,18,17673706065709381,16026178637198790,1647527428510591,60373967083141248,1087767279489323,1286,845853249991.6975,/nobackup/proj/disk/naiss2026-4-902/shared/yizhil/Avalanche/avalanche-master/search_result_spike-all/tagfex/order1/lr001/search_spike_tagfex__order-1__lr-001__seed-063__summary.json,/nobackup/proj/disk/naiss2026-4-902/shared/yizhil/Avalanche/avalanche-master/search_result_spike-all/tagfex/order1/lr001/log/search_spike_tagfex__order-1__lr-001__seed-063.log
spike-all,spike,tagfex,1,63,0.01,7,18,21538356311669996,19644285432782156,1894070878887840,81912323394811244,1344797376533401,1447,929369299608.4319,/nobackup/proj/disk/naiss2026-4-902/shared/yizhil/Avalanche/avalanche-master/search_result_spike-all/tagfex/order1/lr001/search_spike_tagfex__order-1__lr-001__seed-063__summary.json,/nobackup/proj/disk/naiss2026-4-902/shared/yizhil/Avalanche/avalanche-master/search_result_spike-all/tagfex/order1/lr001/log/search_spike_tagfex__order-1__lr-001__seed-063.log
spike-all,spike,tagfex,1,63,0.01,8,18,25769239160542137,23619660008689878,2149579151852259,107681562555353381,1628665249569271,1608,1012851523363.9745,/nobackup/proj/disk/naiss2026-4-902/shared/yizhil/Avalanche/avalanche-master/search_result_spike-all/tagfex/order1/lr001/search_spike_tagfex__order-1__lr-001__seed-063__summary.json,/nobackup/proj/disk/naiss2026-4-902/shared/yizhil/Avalanche/avalanche-master/search_result_spike-all/tagfex/order1/lr001/log/search_spike_tagfex__order-1__lr-001__seed-063.log
spike-all,spike,tagfex,1,63,0.01,9,18,30369507124997492,27955456300714028,2414050824283464,138051069680350873,1939534705906102,1769,1096401755741.1543,/nobackup/proj/disk/naiss2026-4-902/shared/yizhil/Avalanche/avalanche-master/search_result_spike-all/tagfex/order1/lr001/search_spike_tagfex__order-1__lr-001__seed-063__summary.json,/nobackup/proj/disk/naiss2026-4-902/shared/yizhil/Avalanche/avalanche-master/search_result_spike-all/tagfex/order1/lr001/log/search_spike_tagfex__order-1__lr-001__seed-063.log
spike-all,spike,tagfex,1,63,0.01,10,18,35335897235324125,32648410079401486,2687487155922639,173386966915674998,2277241903368623,1930,1179918084646.9548,/nobackup/proj/disk/naiss2026-4-902/shared/yizhil/Avalanche/avalanche-master/search_result_spike-all/tagfex/order1/lr001/search_spike_tagfex__order-1__lr-001__seed-063__summary.json,/nobackup/proj/disk/naiss2026-4-902/shared/yizhil/Avalanche/avalanche-master/search_result_spike-all/tagfex/order1/lr001/log/search_spike_tagfex__order-1__lr-001__seed-063.log
spike-all,spike,tagfex,1,63,0.01,11,18,40639200043870544,37698098213981948,2941101829888596,214026166959545542,2613055815788651,2091,1249668013289.6465,/nobackup/proj/disk/naiss2026-4-902/shared/yizhil/Avalanche/avalanche-master/search_result_spike-all/tagfex/order1/lr001/search_spike_tagfex__order-1__lr-001__seed-063__summary.json,/nobackup/proj/disk/naiss2026-4-902/shared/yizhil/Avalanche/avalanche-master/search_result_spike-all/tagfex/order1/lr001/log/search_spike_tagfex__order-1__lr-001__seed-063.log
spike-all,spike,tagfex,1,63,0.01,12,18,44222282104380670,41156514223843606,3065767880537064,258248449063926212,2848172424184012,2150,1324731360085.587,/nobackup/proj/disk/naiss2026-4-902/shared/yizhil/Avalanche/avalanche-master/search_result_spike-all/tagfex/order1/lr001/search_spike_tagfex__order-1__lr-001__seed-063__summary.json,/nobackup/proj/disk/naiss2026-4-902/shared/yizhil/Avalanche/avalanche-master/search_result_spike-all/tagfex/order1/lr001/log/search_spike_tagfex__order-1__lr-001__seed-063.log
spike-all,spike,tagfex,1,63,0.01,13,18,46656975927682228,43530659350542052,3126316577140176,304905424991608440,3028473403640888,2149,1409247744830.567,/nobackup/proj/disk/naiss2026-4-902/shared/yizhil/Avalanche/avalanche-master/search_result_spike-all/tagfex/order1/lr001/search_spike_tagfex__order-1__lr-001__seed-063__summary.json,/nobackup/proj/disk/naiss2026-4-902/shared/yizhil/Avalanche/avalanche-master/search_result_spike-all/tagfex/order1/lr001/log/search_spike_tagfex__order-1__lr-001__seed-063.log
spike-all,spike,tagfex,1,63,0.01,14,18,49268728102115839,46073228382041978,3195499720073861,354174153093724279,3217378603098989,2156,1492290632235.1526,/nobackup/proj/disk/naiss2026-4-902/shared/yizhil/Avalanche/avalanche-master/search_result_spike-all/tagfex/order1/lr001/search_spike_tagfex__order-1__lr-001__seed-063__summary.json,/nobackup/proj/disk/naiss2026-4-902/shared/yizhil/Avalanche/avalanche-master/search_result_spike-all/tagfex/order1/lr001/log/search_spike_tagfex__order-1__lr-001__seed-063.log
spike-all,spike,tagfex,1,63,0.01,15,18,51843266157284476,48586768947866408,3256497209418068,406017419251008755,3398746004382340,2161,1572765388423.1096,/nobackup/proj/disk/naiss2026-4-902/shared/yizhil/Avalanche/avalanche-master/search_result_spike-all/tagfex/order1/lr001/search_spike_tagfex__order-1__lr-001__seed-063__summary.json,/nobackup/proj/disk/naiss2026-4-902/shared/yizhil/Avalanche/avalanche-master/search_result_spike-all/tagfex/order1/lr001/log/search_spike_tagfex__order-1__lr-001__seed-063.log
spike-all,spike,tagfex,1,63,0.01,16,18,54065816146355348,50756737153840478,3309078992514870,460083235397364103,3570432172138694,2151,1659894082816.687,/nobackup/proj/disk/naiss2026-4-902/shared/yizhil/Avalanche/avalanche-master/search_result_spike-all/tagfex/order1/lr001/search_spike_tagfex__order-1__lr-001__seed-063__summary.json,/nobackup/proj/disk/naiss2026-4-902/shared/yizhil/Avalanche/avalanche-master/search_result_spike-all/tagfex/order1/lr001/log/search_spike_tagfex__order-1__lr-001__seed-063.log
spike-all,spike,tagfex,1,63,0.01,17,18,56726536474817628,53350556530042620,3375979944775008,516809771872181731,3758512997413284,2159,1740858266518.427,/nobackup/proj/disk/naiss2026-4-902/shared/yizhil/Avalanche/avalanche-master/search_result_spike-all/tagfex/order1/lr001/search_spike_tagfex__order-1__lr-001__seed-063__summary.json,/nobackup/proj/disk/naiss2026-4-902/shared/yizhil/Avalanche/avalanche-master/search_result_spike-all/tagfex/order1/lr001/log/search_spike_tagfex__order-1__lr-001__seed-063.log
spike-all,spike,tagfex,1,63,0.01,18,18,59111246561175064,55676500720413106,3434745840761958,575921018433356795,3936349569457806,2156,1825765106427.5537,/nobackup/proj/disk/naiss2026-4-902/shared/yizhil/Avalanche/avalanche-master/search_result_spike-all/tagfex/order1/lr001/search_spike_tagfex__order-1__lr-001__seed-063__summary.json,/nobackup/proj/disk/naiss2026-4-902/shared/yizhil/Avalanche/avalanche-master/search_result_spike-all/tagfex/order1/lr001/log/search_spike_tagfex__order-1__lr-001__seed-063.log
spike-all,spike,tagfex,1,63,0.05,1,18,3243892533415310,3230446341138434,13446192276876,3243892533415310,174968511882598,483,362253647790.058,/nobackup/proj/disk/naiss2026-4-902/shared/yizhil/Avalanche/avalanche-master/search_result_spike-all/tagfex/order1/lr005/search_spike_tagfex__order-1__lr-005__seed-063__summary.json,/nobackup/proj/disk/naiss2026-4-902/shared/yizhil/Avalanche/avalanche-master/search_result_spike-all/tagfex/order1/lr005/log/search_spike_tagfex__order-1__lr-005__seed-063.log
spike-all,spike,tagfex,1,63,0.05,2,18,5910403530478955,5157071257917074,753332272561881,9154296063894265,329591904329705,644,511788671319.4177,/nobackup/proj/disk/naiss2026-4-902/shared/yizhil/Avalanche/avalanche-master/search_result_spike-all/tagfex/order1/lr005/search_spike_tagfex__order-1__lr-005__seed-063__summary.json,/nobackup/proj/disk/naiss2026-4-902/shared/yizhil/Avalanche/avalanche-master/search_result_spike-all/tagfex/order1/lr005/log/search_spike_tagfex__order-1__lr-005__seed-063.log
spike-all,spike,tagfex,1,63,0.05,3,18,8296702464787394,7333825034107556,962877430679838,17450998528681659,478624819292551,804,595304501607.6505,/nobackup/proj/disk/naiss2026-4-902/shared/yizhil/Avalanche/avalanche-master/search_result_spike-all/tagfex/order1/lr005/search_spike_tagfex__order-1__lr-005__seed-063__summary.json,/nobackup/proj/disk/naiss2026-4-902/shared/yizhil/Avalanche/avalanche-master/search_result_spike-all/tagfex/order1/lr005/log/search_spike_tagfex__order-1__lr-005__seed-063.log
spike-all,spike,tagfex,1,63,0.05,4,18,11059345108825422,9876787711363988,1182557397461434,28510343637507081,655027905733448,965,678785394542.4331,/nobackup/proj/disk/naiss2026-4-902/shared/yizhil/Avalanche/avalanche-master/search_result_spike-all/tagfex/order1/lr005/search_spike_tagfex__order-1__lr-005__seed-063__summary.json,/nobackup/proj/disk/naiss2026-4-902/shared/yizhil/Avalanche/avalanche-master/search_result_spike-all/tagfex/order1/lr005/log/search_spike_tagfex__order-1__lr-005__seed-063.log
spike-all,spike,tagfex,1,63,0.05,5,18,14189917379924684,12778716873157972,1411200506766712,42700261017431765,858391335385450,1126,762336887553.6857,/nobackup/proj/disk/naiss2026-4-902/shared/yizhil/Avalanche/avalanche-master/search_result_spike-all/tagfex/order1/lr005/search_spike_tagfex__order-1__lr-005__seed-063__summary.json,/nobackup/proj/disk/naiss2026-4-902/shared/yizhil/Avalanche/avalanche-master/search_result_spike-all/tagfex/order1/lr005/log/search_spike_tagfex__order-1__lr-005__seed-063.log
spike-all,spike,tagfex,1,63,0.05,6,18,17673706065709381,16026178637198790,1647527428510591,60373967083141146,1087767279489323,1286,845853249991.6975,/nobackup/proj/disk/naiss2026-4-902/shared/yizhil/Avalanche/avalanche-master/search_result_spike-all/tagfex/order1/lr005/search_spike_tagfex__order-1__lr-005__seed-063__summary.json,/nobackup/proj/disk/naiss2026-4-902/shared/yizhil/Avalanche/avalanche-master/search_result_spike-all/tagfex/order1/lr005/log/search_spike_tagfex__order-1__lr-005__seed-063.log
spike-all,spike,tagfex,1,63,0.05,7,18,21538356311669996,19644285432782156,1894070878887840,81912323394811142,1344797376533401,1447,929369299608.4319,/nobackup/proj/disk/naiss2026-4-902/shared/yizhil/Avalanche/avalanche-master/search_result_spike-all/tagfex/order1/lr005/search_spike_tagfex__order-1__lr-005__seed-063__summary.json,/nobackup/proj/disk/naiss2026-4-902/shared/yizhil/Avalanche/avalanche-master/search_result_spike-all/tagfex/order1/lr005/log/search_spike_tagfex__order-1__lr-005__seed-063.log
spike-all,spike,tagfex,1,63,0.05,8,18,25769239160542137,23619660008689878,2149579151852259,107681562555353279,1628665249569271,1608,1012851523363.9745,/nobackup/proj/disk/naiss2026-4-902/shared/yizhil/Avalanche/avalanche-master/search_result_spike-all/tagfex/order1/lr005/search_spike_tagfex__order-1__lr-005__seed-063__summary.json,/nobackup/proj/disk/naiss2026-4-902/shared/yizhil/Avalanche/avalanche-master/search_result_spike-all/tagfex/order1/lr005/log/search_spike_tagfex__order-1__lr-005__seed-063.log
spike-all,spike,tagfex,1,63,0.05,9,18,30369507124997492,27955456300714028,2414050824283464,138051069680350771,1939534705906102,1769,1096401755741.1543,/nobackup/proj/disk/naiss2026-4-902/shared/yizhil/Avalanche/avalanche-master/search_result_spike-all/tagfex/order1/lr005/search_spike_tagfex__order-1__lr-005__seed-063__summary.json,/nobackup/proj/disk/naiss2026-4-902/shared/yizhil/Avalanche/avalanche-master/search_result_spike-all/tagfex/order1/lr005/log/search_spike_tagfex__order-1__lr-005__seed-063.log
spike-all,spike,tagfex,1,63,0.05,10,18,35335897235324125,32648410079401486,2687487155922639,173386966915674896,2277241903368623,1930,1179918084646.9548,/nobackup/proj/disk/naiss2026-4-902/shared/yizhil/Avalanche/avalanche-master/search_result_spike-all/tagfex/order1/lr005/search_spike_tagfex__order-1__lr-005__seed-063__summary.json,/nobackup/proj/disk/naiss2026-4-902/shared/yizhil/Avalanche/avalanche-master/search_result_spike-all/tagfex/order1/lr005/log/search_spike_tagfex__order-1__lr-005__seed-063.log
spike-all,spike,tagfex,1,63,0.05,11,18,40639200043870544,37698098213981948,2941101829888596,214026166959545440,2613055815788651,2091,1249668013289.6465,/nobackup/proj/disk/naiss2026-4-902/shared/yizhil/Avalanche/avalanche-master/search_result_spike-all/tagfex/order1/lr005/search_spike_tagfex__order-1__lr-005__seed-063__summary.json,/nobackup/proj/disk/naiss2026-4-902/shared/yizhil/Avalanche/avalanche-master/search_result_spike-all/tagfex/order1/lr005/log/search_spike_tagfex__order-1__lr-005__seed-063.log
spike-all,spike,tagfex,1,63,0.05,12,18,44222282104380670,41156514223843606,3065767880537064,258248449063926110,2848172424184012,2150,1324731360085.587,/nobackup/proj/disk/naiss2026-4-902/shared/yizhil/Avalanche/avalanche-master/search_result_spike-all/tagfex/order1/lr005/search_spike_tagfex__order-1__lr-005__seed-063__summary.json,/nobackup/proj/disk/naiss2026-4-902/shared/yizhil/Avalanche/avalanche-master/search_result_spike-all/tagfex/order1/lr005/log/search_spike_tagfex__order-1__lr-005__seed-063.log
spike-all,spike,tagfex,1,63,0.05,13,18,46656975927682228,43530659350542052,3126316577140176,304905424991608338,3028473403640888,2149,1409247744830.567,/nobackup/proj/disk/naiss2026-4-902/shared/yizhil/Avalanche/avalanche-master/search_result_spike-all/tagfex/order1/lr005/search_spike_tagfex__order-1__lr-005__seed-063__summary.json,/nobackup/proj/disk/naiss2026-4-902/shared/yizhil/Avalanche/avalanche-master/search_result_spike-all/tagfex/order1/lr005/log/search_spike_tagfex__order-1__lr-005__seed-063.log
spike-all,spike,tagfex,1,63,0.05,14,18,49268728102115839,46073228382041978,3195499720073861,354174153093724177,3217378603098989,2156,1492290632235.1526,/nobackup/proj/disk/naiss2026-4-902/shared/yizhil/Avalanche/avalanche-master/search_result_spike-all/tagfex/order1/lr005/search_spike_tagfex__order-1__lr-005__seed-063__summary.json,/nobackup/proj/disk/naiss2026-4-902/shared/yizhil/Avalanche/avalanche-master/search_result_spike-all/tagfex/order1/lr005/log/search_spike_tagfex__order-1__lr-005__seed-063.log
spike-all,spike,tagfex,1,63,0.05,15,18,51843266157284476,48586768947866408,3256497209418068,406017419251008653,3398746004382340,2161,1572765388423.1096,/nobackup/proj/disk/naiss2026-4-902/shared/yizhil/Avalanche/avalanche-master/search_result_spike-all/tagfex/order1/lr005/search_spike_tagfex__order-1__lr-005__seed-063__summary.json,/nobackup/proj/disk/naiss2026-4-902/shared/yizhil/Avalanche/avalanche-master/search_result_spike-all/tagfex/order1/lr005/log/search_spike_tagfex__order-1__lr-005__seed-063.log
spike-all,spike,tagfex,1,63,0.05,16,18,54065816146355348,50756737153840478,3309078992514870,460083235397364001,3570432172138694,2151,1659894082816.687,/nobackup/proj/disk/naiss2026-4-902/shared/yizhil/Avalanche/avalanche-master/search_result_spike-all/tagfex/order1/lr005/search_spike_tagfex__order-1__lr-005__seed-063__summary.json,/nobackup/proj/disk/naiss2026-4-902/shared/yizhil/Avalanche/avalanche-master/search_result_spike-all/tagfex/order1/lr005/log/search_spike_tagfex__order-1__lr-005__seed-063.log
spike-all,spike,tagfex,1,63,0.05,17,18,56726536474817628,53350556530042620,3375979944775008,516809771872181629,3758512997413284,2159,1740858266518.427,/nobackup/proj/disk/naiss2026-4-902/shared/yizhil/Avalanche/avalanche-master/search_result_spike-all/tagfex/order1/lr005/search_spike_tagfex__order-1__lr-005__seed-063__summary.json,/nobackup/proj/disk/naiss2026-4-902/shared/yizhil/Avalanche/avalanche-master/search_result_spike-all/tagfex/order1/lr005/log/search_spike_tagfex__order-1__lr-005__seed-063.log
spike-all,spike,tagfex,1,63,0.05,18,18,59111246561175064,55676500720413106,3434745840761958,575921018433356693,3936349569457806,2156,1825765106427.5537,/nobackup/proj/disk/naiss2026-4-902/shared/yizhil/Avalanche/avalanche-master/search_result_spike-all/tagfex/order1/lr005/search_spike_tagfex__order-1__lr-005__seed-063__summary.json,/nobackup/proj/disk/naiss2026-4-902/shared/yizhil/Avalanche/avalanche-master/search_result_spike-all/tagfex/order1/lr005/log/search_spike_tagfex__order-1__lr-005__seed-063.log
spike-all,spike,tagfex,1,63,0.1,1,18,3243892533415310,3230446341138434,13446192276876,3243892533415310,174968511882598,483,362253647790.058,/nobackup/proj/disk/naiss2026-4-902/shared/yizhil/Avalanche/avalanche-master/search_result_spike-all/tagfex/order1/lr01/search_spike_tagfex__order-1__lr-01__seed-063__summary.json,/nobackup/proj/disk/naiss2026-4-902/shared/yizhil/Avalanche/avalanche-master/search_result_spike-all/tagfex/order1/lr01/log/search_spike_tagfex__order-1__lr-01__seed-063.log
spike-all,spike,tagfex,1,63,0.1,2,18,5910403530478955,5157071257917074,753332272561881,9154296063894265,329591904329705,644,511788671319.4177,/nobackup/proj/disk/naiss2026-4-902/shared/yizhil/Avalanche/avalanche-master/search_result_spike-all/tagfex/order1/lr01/search_spike_tagfex__order-1__lr-01__seed-063__summary.json,/nobackup/proj/disk/naiss2026-4-902/shared/yizhil/Avalanche/avalanche-master/search_result_spike-all/tagfex/order1/lr01/log/search_spike_tagfex__order-1__lr-01__seed-063.log
spike-all,spike,tagfex,1,63,0.1,3,18,8296702464787394,7333825034107556,962877430679838,17450998528681659,478624819292551,804,595304501607.6505,/nobackup/proj/disk/naiss2026-4-902/shared/yizhil/Avalanche/avalanche-master/search_result_spike-all/tagfex/order1/lr01/search_spike_tagfex__order-1__lr-01__seed-063__summary.json,/nobackup/proj/disk/naiss2026-4-902/shared/yizhil/Avalanche/avalanche-master/search_result_spike-all/tagfex/order1/lr01/log/search_spike_tagfex__order-1__lr-01__seed-063.log
spike-all,spike,tagfex,1,63,0.1,4,18,11059345108825524,9876787711364090,1182557397461434,28510343637507183,655027905733448,965,678785394542.4331,/nobackup/proj/disk/naiss2026-4-902/shared/yizhil/Avalanche/avalanche-master/search_result_spike-all/tagfex/order1/lr01/search_spike_tagfex__order-1__lr-01__seed-063__summary.json,/nobackup/proj/disk/naiss2026-4-902/shared/yizhil/Avalanche/avalanche-master/search_result_spike-all/tagfex/order1/lr01/log/search_spike_tagfex__order-1__lr-01__seed-063.log
spike-all,spike,tagfex,1,63,0.1,5,18,14189917379924684,12778716873157972,1411200506766712,42700261017431867,858391335385450,1126,762336887553.6857,/nobackup/proj/disk/naiss2026-4-902/shared/yizhil/Avalanche/avalanche-master/search_result_spike-all/tagfex/order1/lr01/search_spike_tagfex__order-1__lr-01__seed-063__summary.json,/nobackup/proj/disk/naiss2026-4-902/shared/yizhil/Avalanche/avalanche-master/search_result_spike-all/tagfex/order1/lr01/log/search_spike_tagfex__order-1__lr-01__seed-063.log
spike-all,spike,tagfex,1,63,0.1,6,18,17673706065709381,16026178637198790,1647527428510591,60373967083141248,1087767279489323,1286,845853249991.6975,/nobackup/proj/disk/naiss2026-4-902/shared/yizhil/Avalanche/avalanche-master/search_result_spike-all/tagfex/order1/lr01/search_spike_tagfex__order-1__lr-01__seed-063__summary.json,/nobackup/proj/disk/naiss2026-4-902/shared/yizhil/Avalanche/avalanche-master/search_result_spike-all/tagfex/order1/lr01/log/search_spike_tagfex__order-1__lr-01__seed-063.log
spike-all,spike,tagfex,1,63,0.1,7,18,21538356311669996,19644285432782156,1894070878887840,81912323394811244,1344797376533401,1447,929369299608.4319,/nobackup/proj/disk/naiss2026-4-902/shared/yizhil/Avalanche/avalanche-master/search_result_spike-all/tagfex/order1/lr01/search_spike_tagfex__order-1__lr-01__seed-063__summary.json,/nobackup/proj/disk/naiss2026-4-902/shared/yizhil/Avalanche/avalanche-master/search_result_spike-all/tagfex/order1/lr01/log/search_spike_tagfex__order-1__lr-01__seed-063.log
spike-all,spike,tagfex,1,63,0.1,8,18,25769239160542137,23619660008689878,2149579151852259,107681562555353381,1628665249569271,1608,1012851523363.9745,/nobackup/proj/disk/naiss2026-4-902/shared/yizhil/Avalanche/avalanche-master/search_result_spike-all/tagfex/order1/lr01/search_spike_tagfex__order-1__lr-01__seed-063__summary.json,/nobackup/proj/disk/naiss2026-4-902/shared/yizhil/Avalanche/avalanche-master/search_result_spike-all/tagfex/order1/lr01/log/search_spike_tagfex__order-1__lr-01__seed-063.log
spike-all,spike,tagfex,1,63,0.1,9,18,30369507124997492,27955456300714028,2414050824283464,138051069680350873,1939534705906102,1769,1096401755741.1543,/nobackup/proj/disk/naiss2026-4-902/shared/yizhil/Avalanche/avalanche-master/search_result_spike-all/tagfex/order1/lr01/search_spike_tagfex__order-1__lr-01__seed-063__summary.json,/nobackup/proj/disk/naiss2026-4-902/shared/yizhil/Avalanche/avalanche-master/search_result_spike-all/tagfex/order1/lr01/log/search_spike_tagfex__order-1__lr-01__seed-063.log
spike-all,spike,tagfex,1,63,0.1,10,18,35335897235324125,32648410079401486,2687487155922639,173386966915674998,2277241903368623,1930,1179918084646.9548,/nobackup/proj/disk/naiss2026-4-902/shared/yizhil/Avalanche/avalanche-master/search_result_spike-all/tagfex/order1/lr01/search_spike_tagfex__order-1__lr-01__seed-063__summary.json,/nobackup/proj/disk/naiss2026-4-902/shared/yizhil/Avalanche/avalanche-master/search_result_spike-all/tagfex/order1/lr01/log/search_spike_tagfex__order-1__lr-01__seed-063.log
spike-all,spike,tagfex,1,63,0.1,11,18,40639200043870544,37698098213981948,2941101829888596,214026166959545542,2613055815788651,2091,1249668013289.6465,/nobackup/proj/disk/naiss2026-4-902/shared/yizhil/Avalanche/avalanche-master/search_result_spike-all/tagfex/order1/lr01/search_spike_tagfex__order-1__lr-01__seed-063__summary.json,/nobackup/proj/disk/naiss2026-4-902/shared/yizhil/Avalanche/avalanche-master/search_result_spike-all/tagfex/order1/lr01/log/search_spike_tagfex__order-1__lr-01__seed-063.log
spike-all,spike,tagfex,1,63,0.1,12,18,44222282104380670,41156514223843606,3065767880537064,258248449063926212,2848172424184012,2150,1324731360085.587,/nobackup/proj/disk/naiss2026-4-902/shared/yizhil/Avalanche/avalanche-master/search_result_spike-all/tagfex/order1/lr01/search_spike_tagfex__order-1__lr-01__seed-063__summary.json,/nobackup/proj/disk/naiss2026-4-902/shared/yizhil/Avalanche/avalanche-master/search_result_spike-all/tagfex/order1/lr01/log/search_spike_tagfex__order-1__lr-01__seed-063.log
spike-all,spike,tagfex,1,63,0.1,13,18,46656975927682228,43530659350542052,3126316577140176,304905424991608440,3028473403640888,2149,1409247744830.567,/nobackup/proj/disk/naiss2026-4-902/shared/yizhil/Avalanche/avalanche-master/search_result_spike-all/tagfex/order1/lr01/search_spike_tagfex__order-1__lr-01__seed-063__summary.json,/nobackup/proj/disk/naiss2026-4-902/shared/yizhil/Avalanche/avalanche-master/search_result_spike-all/tagfex/order1/lr01/log/search_spike_tagfex__order-1__lr-01__seed-063.log
spike-all,spike,tagfex,1,63,0.1,14,18,49268728102115839,46073228382041978,3195499720073861,354174153093724279,3217378603098989,2156,1492290632235.1526,/nobackup/proj/disk/naiss2026-4-902/shared/yizhil/Avalanche/avalanche-master/search_result_spike-all/tagfex/order1/lr01/search_spike_tagfex__order-1__lr-01__seed-063__summary.json,/nobackup/proj/disk/naiss2026-4-902/shared/yizhil/Avalanche/avalanche-master/search_result_spike-all/tagfex/order1/lr01/log/search_spike_tagfex__order-1__lr-01__seed-063.log
spike-all,spike,tagfex,1,63,0.1,15,18,51843266157284476,48586768947866408,3256497209418068,406017419251008755,3398746004382340,2161,1572765388423.1096,/nobackup/proj/disk/naiss2026-4-902/shared/yizhil/Avalanche/avalanche-master/search_result_spike-all/tagfex/order1/lr01/search_spike_tagfex__order-1__lr-01__seed-063__summary.json,/nobackup/proj/disk/naiss2026-4-902/shared/yizhil/Avalanche/avalanche-master/search_result_spike-all/tagfex/order1/lr01/log/search_spike_tagfex__order-1__lr-01__seed-063.log
spike-all,spike,tagfex,1,63,0.1,16,18,54065816146355348,50756737153840478,3309078992514870,460083235397364103,3570432172138694,2151,1659894082816.687,/nobackup/proj/disk/naiss2026-4-902/shared/yizhil/Avalanche/avalanche-master/search_result_spike-all/tagfex/order1/lr01/search_spike_tagfex__order-1__lr-01__seed-063__summary.json,/nobackup/proj/disk/naiss2026-4-902/shared/yizhil/Avalanche/avalanche-master/search_result_spike-all/tagfex/order1/lr01/log/search_spike_tagfex__order-1__lr-01__seed-063.log
spike-all,spike,tagfex,1,63,0.1,17,18,56726536474817628,53350556530042620,3375979944775008,516809771872181731,3758512997413284,2159,1740858266518.427,/nobackup/proj/disk/naiss2026-4-902/shared/yizhil/Avalanche/avalanche-master/search_result_spike-all/tagfex/order1/lr01/search_spike_tagfex__order-1__lr-01__seed-063__summary.json,/nobackup/proj/disk/naiss2026-4-902/shared/yizhil/Avalanche/avalanche-master/search_result_spike-all/tagfex/order1/lr01/log/search_spike_tagfex__order-1__lr-01__seed-063.log
spike-all,spike,tagfex,1,63,0.1,18,18,59111246561175064,55676500720413106,3434745840761958,575921018433356795,3936349569457806,2156,1825765106427.5537,/nobackup/proj/disk/naiss2026-4-902/shared/yizhil/Avalanche/avalanche-master/search_result_spike-all/tagfex/order1/lr01/search_spike_tagfex__order-1__lr-01__seed-063__summary.json,/nobackup/proj/disk/naiss2026-4-902/shared/yizhil/Avalanche/avalanche-master/search_result_spike-all/tagfex/order1/lr01/log/search_spike_tagfex__order-1__lr-01__seed-063.log
spike-all,spike,tagfex,1,65,0.01,1,18,3243892533415310,3230446341138434,13446192276876,3243892533415310,174968511882598,483,362253647790.058,/nobackup/proj/disk/naiss2026-4-902/shared/yizhil/Avalanche/avalanche-master/search_result_spike-all/tagfex/order1/lr001/search_spike_tagfex__order-1__lr-001__seed-065__summary.json,/nobackup/proj/disk/naiss2026-4-902/shared/yizhil/Avalanche/avalanche-master/search_result_spike-all/tagfex/order1/lr001/log/search_spike_tagfex__order-1__lr-001__seed-065.log
spike-all,spike,tagfex,1,65,0.01,2,18,5910376099888443,5157043827326562,753332272561881,9154268633303753,329564473739193,644,511746077234.7717,/nobackup/proj/disk/naiss2026-4-902/shared/yizhil/Avalanche/avalanche-master/search_result_spike-all/tagfex/order1/lr001/search_spike_tagfex__order-1__lr-001__seed-065__summary.json,/nobackup/proj/disk/naiss2026-4-902/shared/yizhil/Avalanche/avalanche-master/search_result_spike-all/tagfex/order1/lr001/log/search_spike_tagfex__order-1__lr-001__seed-065.log
spike-all,spike,tagfex,1,65,0.01,3,18,8296702464787394,7333825034107556,962877430679838,17450971098091147,478624819292551,804,595304501607.6505,/nobackup/proj/disk/naiss2026-4-902/shared/yizhil/Avalanche/avalanche-master/search_result_spike-all/tagfex/order1/lr001/search_spike_tagfex__order-1__lr-001__seed-065__summary.json,/nobackup/proj/disk/naiss2026-4-902/shared/yizhil/Avalanche/avalanche-master/search_result_spike-all/tagfex/order1/lr001/log/search_spike_tagfex__order-1__lr-001__seed-065.log
spike-all,spike,tagfex,1,65,0.01,4,18,11059242250020810,9876684852559376,1182557397461434,28510213348111957,655062192001686,965,678820924354.0787,/nobackup/proj/disk/naiss2026-4-902/shared/yizhil/Avalanche/avalanche-master/search_result_spike-all/tagfex/order1/lr001/search_spike_tagfex__order-1__lr-001__seed-065__summary.json,/nobackup/proj/disk/naiss2026-4-902/shared/yizhil/Avalanche/avalanche-master/search_result_spike-all/tagfex/order1/lr001/log/search_spike_tagfex__order-1__lr-001__seed-065.log
spike-all,spike,tagfex,1,65,0.01,5,18,14189917379924684,12778716873157972,1411200506766712,42700130728036641,858391335385450,1126,762336887553.6857,/nobackup/proj/disk/naiss2026-4-902/shared/yizhil/Avalanche/avalanche-master/search_result_spike-all/tagfex/order1/lr001/search_spike_tagfex__order-1__lr-001__seed-065__summary.json,/nobackup/proj/disk/naiss2026-4-902/shared/yizhil/Avalanche/avalanche-master/search_result_spike-all/tagfex/order1/lr001/log/search_spike_tagfex__order-1__lr-001__seed-065.log
spike-all,spike,tagfex,1,65,0.01,6,18,17673582639871327,16026055211360736,1647527428510591,60373713367907968,1087726137543351,1286,845821257809.7598,/nobackup/proj/disk/naiss2026-4-902/shared/yizhil/Avalanche/avalanche-master/search_result_spike-all/tagfex/order1/lr001/search_spike_tagfex__order-1__lr-001__seed-065__summary.json,/nobackup/proj/disk/naiss2026-4-902/shared/yizhil/Avalanche/avalanche-master/search_result_spike-all/tagfex/order1/lr001/log/search_spike_tagfex__order-1__lr-001__seed-065.log
spike-all,spike,tagfex,1,65,0.01,7,18,21538356311669996,19644285432782156,1894070878887840,81912069679577964,1344797376533401,1447,929369299608.4319,/nobackup/proj/disk/naiss2026-4-902/shared/yizhil/Avalanche/avalanche-master/search_result_spike-all/tagfex/order1/lr001/search_spike_tagfex__order-1__lr-001__seed-065__summary.json,/nobackup/proj/disk/naiss2026-4-902/shared/yizhil/Avalanche/avalanche-master/search_result_spike-all/tagfex/order1/lr001/log/search_spike_tagfex__order-1__lr-001__seed-065.log
spike-all,spike,tagfex,1,65,0.01,8,18,25769239160542137,23619660008689878,2149579151852259,107681308840120101,1628665249569271,1608,1012851523363.9745,/nobackup/proj/disk/naiss2026-4-902/shared/yizhil/Avalanche/avalanche-master/search_result_spike-all/tagfex/order1/lr001/search_spike_tagfex__order-1__lr-001__seed-065__summary.json,/nobackup/proj/disk/naiss2026-4-902/shared/yizhil/Avalanche/avalanche-master/search_result_spike-all/tagfex/order1/lr001/log/search_spike_tagfex__order-1__lr-001__seed-065.log
spike-all,spike,tagfex,1,65,0.01,9,18,30369068353743724,27955017529460260,2414050824283464,138050377193863825,1939534705906102,1769,1096401755741.1543,/nobackup/proj/disk/naiss2026-4-902/shared/yizhil/Avalanche/avalanche-master/search_result_spike-all/tagfex/order1/lr001/search_spike_tagfex__order-1__lr-001__seed-065__summary.json,/nobackup/proj/disk/naiss2026-4-902/shared/yizhil/Avalanche/avalanche-master/search_result_spike-all/tagfex/order1/lr001/log/search_spike_tagfex__order-1__lr-001__seed-065.log
spike-all,spike,tagfex,1,65,0.01,10,18,35335828670667217,32648341514744578,2687487155922639,173386205864531042,2277241903368623,1930,1179918084646.9548,/nobackup/proj/disk/naiss2026-4-902/shared/yizhil/Avalanche/avalanche-master/search_result_spike-all/tagfex/order1/lr001/search_spike_tagfex__order-1__lr-001__seed-065__summary.json,/nobackup/proj/disk/naiss2026-4-902/shared/yizhil/Avalanche/avalanche-master/search_result_spike-all/tagfex/order1/lr001/log/search_spike_tagfex__order-1__lr-001__seed-065.log
spike-all,spike,tagfex,1,65,0.01,11,18,40640667190422232,37699565360533636,2941101829888596,214026873054953274,2613055815788651,2091,1249668013289.6465,/nobackup/proj/disk/naiss2026-4-902/shared/yizhil/Avalanche/avalanche-master/search_result_spike-all/tagfex/order1/lr001/search_spike_tagfex__order-1__lr-001__seed-065__summary.json,/nobackup/proj/disk/naiss2026-4-902/shared/yizhil/Avalanche/avalanche-master/search_result_spike-all/tagfex/order1/lr001/log/search_spike_tagfex__order-1__lr-001__seed-065.log
spike-all,spike,tagfex,1,65,0.01,12,18,44222720875634822,41156952995097758,3065767880537064,258249593930588096,2848172424184012,2150,1324731360085.587,/nobackup/proj/disk/naiss2026-4-902/shared/yizhil/Avalanche/avalanche-master/search_result_spike-all/tagfex/order1/lr001/search_spike_tagfex__order-1__lr-001__seed-065__summary.json,/nobackup/proj/disk/naiss2026-4-902/shared/yizhil/Avalanche/avalanche-master/search_result_spike-all/tagfex/order1/lr001/log/search_spike_tagfex__order-1__lr-001__seed-065.log
spike-all,spike,tagfex,1,65,0.01,13,18,46657853470190788,43531536893050612,3126316577140176,304907447400778884,3028473403640888,2149,1409247744830.567,/nobackup/proj/disk/naiss2026-4-902/shared/yizhil/Avalanche/avalanche-master/search_result_spike-all/tagfex/order1/lr001/search_spike_tagfex__order-1__lr-001__seed-065__summary.json,/nobackup/proj/disk/naiss2026-4-902/shared/yizhil/Avalanche/avalanche-master/search_result_spike-all/tagfex/order1/lr001/log/search_spike_tagfex__order-1__lr-001__seed-065.log
spike-all,spike,tagfex,1,65,0.01,14,18,49268590988561239,46073091268487378,3195499720073861,354176038389340123,3217378603098989,2156,1492290632235.1526,/nobackup/proj/disk/naiss2026-4-902/shared/yizhil/Avalanche/avalanche-master/search_result_spike-all/tagfex/order1/lr001/search_spike_tagfex__order-1__lr-001__seed-065__summary.json,/nobackup/proj/disk/naiss2026-4-902/shared/yizhil/Avalanche/avalanche-master/search_result_spike-all/tagfex/order1/lr001/log/search_spike_tagfex__order-1__lr-001__seed-065.log
spike-all,spike,tagfex,1,65,0.01,15,18,51844582471048084,48588085261630016,3256497209418068,406020620860388207,3398746004382340,2161,1572765388423.1096,/nobackup/proj/disk/naiss2026-4-902/shared/yizhil/Avalanche/avalanche-master/search_result_spike-all/tagfex/order1/lr001/search_spike_tagfex__order-1__lr-001__seed-065__summary.json,/nobackup/proj/disk/naiss2026-4-902/shared/yizhil/Avalanche/avalanche-master/search_result_spike-all/tagfex/order1/lr001/log/search_spike_tagfex__order-1__lr-001__seed-065.log
spike-all,spike,tagfex,1,65,0.01,16,18,54065987538298698,50756908545783828,3309078992514870,460086608398686905,3570432172138694,2151,1659894082816.687,/nobackup/proj/disk/naiss2026-4-902/shared/yizhil/Avalanche/avalanche-master/search_result_spike-all/tagfex/order1/lr001/search_spike_tagfex__order-1__lr-001__seed-065__summary.json,/nobackup/proj/disk/naiss2026-4-902/shared/yizhil/Avalanche/avalanche-master/search_result_spike-all/tagfex/order1/lr001/log/search_spike_tagfex__order-1__lr-001__seed-065.log
spike-all,spike,tagfex,1,65,0.01,17,18,56725658932308044,53349678987533036,3375979944775008,516812267330994949,3758512997413284,2159,1740858266518.427,/nobackup/proj/disk/naiss2026-4-902/shared/yizhil/Avalanche/avalanche-master/search_result_spike-all/tagfex/order1/lr001/search_spike_tagfex__order-1__lr-001__seed-065__summary.json,/nobackup/proj/disk/naiss2026-4-902/shared/yizhil/Avalanche/avalanche-master/search_result_spike-all/tagfex/order1/lr001/log/search_spike_tagfex__order-1__lr-001__seed-065.log
spike-all,spike,tagfex,1,65,0.01,18,18,59110231905110464,55675486064348506,3434745840761958,575922499236105413,3936349569457806,2156,1825765106427.5537,/nobackup/proj/disk/naiss2026-4-902/shared/yizhil/Avalanche/avalanche-master/search_result_spike-all/tagfex/order1/lr001/search_spike_tagfex__order-1__lr-001__seed-065__summary.json,/nobackup/proj/disk/naiss2026-4-902/shared/yizhil/Avalanche/avalanche-master/search_result_spike-all/tagfex/order1/lr001/log/search_spike_tagfex__order-1__lr-001__seed-065.log
spike-all,spike,tagfex,1,65,0.05,1,18,3243892533415310,3230446341138434,13446192276876,3243892533415310,174968511882598,483,362253647790.058,/nobackup/proj/disk/naiss2026-4-902/shared/yizhil/Avalanche/avalanche-master/search_result_spike-all/tagfex/order1/lr005/search_spike_tagfex__order-1__lr-005__seed-065__summary.json,/nobackup/proj/disk/naiss2026-4-902/shared/yizhil/Avalanche/avalanche-master/search_result_spike-all/tagfex/order1/lr005/log/search_spike_tagfex__order-1__lr-005__seed-065.log
spike-all,spike,tagfex,1,65,0.05,2,18,5910376099888443,5157043827326562,753332272561881,9154268633303753,329564473739193,644,511746077234.7717,/nobackup/proj/disk/naiss2026-4-902/shared/yizhil/Avalanche/avalanche-master/search_result_spike-all/tagfex/order1/lr005/search_spike_tagfex__order-1__lr-005__seed-065__summary.json,/nobackup/proj/disk/naiss2026-4-902/shared/yizhil/Avalanche/avalanche-master/search_result_spike-all/tagfex/order1/lr005/log/search_spike_tagfex__order-1__lr-005__seed-065.log
spike-all,spike,tagfex,1,65,0.05,3,18,8296702464787394,7333825034107556,962877430679838,17450971098091147,478624819292551,804,595304501607.6505,/nobackup/proj/disk/naiss2026-4-902/shared/yizhil/Avalanche/avalanche-master/search_result_spike-all/tagfex/order1/lr005/search_spike_tagfex__order-1__lr-005__seed-065__summary.json,/nobackup/proj/disk/naiss2026-4-902/shared/yizhil/Avalanche/avalanche-master/search_result_spike-all/tagfex/order1/lr005/log/search_spike_tagfex__order-1__lr-005__seed-065.log
spike-all,spike,tagfex,1,65,0.05,4,18,11059242250020810,9876684852559376,1182557397461434,28510213348111957,655062192001686,965,678820924354.0787,/nobackup/proj/disk/naiss2026-4-902/shared/yizhil/Avalanche/avalanche-master/search_result_spike-all/tagfex/order1/lr005/search_spike_tagfex__order-1__lr-005__seed-065__summary.json,/nobackup/proj/disk/naiss2026-4-902/shared/yizhil/Avalanche/avalanche-master/search_result_spike-all/tagfex/order1/lr005/log/search_spike_tagfex__order-1__lr-005__seed-065.log
spike-all,spike,tagfex,1,65,0.05,5,18,14189917379924684,12778716873157972,1411200506766712,42700130728036641,858391335385450,1126,762336887553.6857,/nobackup/proj/disk/naiss2026-4-902/shared/yizhil/Avalanche/avalanche-master/search_result_spike-all/tagfex/order1/lr005/search_spike_tagfex__order-1__lr-005__seed-065__summary.json,/nobackup/proj/disk/naiss2026-4-902/shared/yizhil/Avalanche/avalanche-master/search_result_spike-all/tagfex/order1/lr005/log/search_spike_tagfex__order-1__lr-005__seed-065.log
spike-all,spike,tagfex,1,65,0.05,6,18,17673582639871465,16026055211360874,1647527428510591,60373713367908106,1087726137543351,1286,845821257809.7598,/nobackup/proj/disk/naiss2026-4-902/shared/yizhil/Avalanche/avalanche-master/search_result_spike-all/tagfex/order1/lr005/search_spike_tagfex__order-1__lr-005__seed-065__summary.json,/nobackup/proj/disk/naiss2026-4-902/shared/yizhil/Avalanche/avalanche-master/search_result_spike-all/tagfex/order1/lr005/log/search_spike_tagfex__order-1__lr-005__seed-065.log
spike-all,spike,tagfex,1,65,0.05,7,18,21538356311669996,19644285432782156,1894070878887840,81912069679578102,1344797376533401,1447,929369299608.4319,/nobackup/proj/disk/naiss2026-4-902/shared/yizhil/Avalanche/avalanche-master/search_result_spike-all/tagfex/order1/lr005/search_spike_tagfex__order-1__lr-005__seed-065__summary.json,/nobackup/proj/disk/naiss2026-4-902/shared/yizhil/Avalanche/avalanche-master/search_result_spike-all/tagfex/order1/lr005/log/search_spike_tagfex__order-1__lr-005__seed-065.log
spike-all,spike,tagfex,1,65,0.05,8,18,25769239160542137,23619660008689878,2149579151852259,107681308840120239,1628665249569271,1608,1012851523363.9745,/nobackup/proj/disk/naiss2026-4-902/shared/yizhil/Avalanche/avalanche-master/search_result_spike-all/tagfex/order1/lr005/search_spike_tagfex__order-1__lr-005__seed-065__summary.json,/nobackup/proj/disk/naiss2026-4-902/shared/yizhil/Avalanche/avalanche-master/search_result_spike-all/tagfex/order1/lr005/log/search_spike_tagfex__order-1__lr-005__seed-065.log
spike-all,spike,tagfex,1,65,0.05,9,18,30369068353743724,27955017529460260,2414050824283464,138050377193863963,1939534705906102,1769,1096401755741.1543,/nobackup/proj/disk/naiss2026-4-902/shared/yizhil/Avalanche/avalanche-master/search_result_spike-all/tagfex/order1/lr005/search_spike_tagfex__order-1__lr-005__seed-065__summary.json,/nobackup/proj/disk/naiss2026-4-902/shared/yizhil/Avalanche/avalanche-master/search_result_spike-all/tagfex/order1/lr005/log/search_spike_tagfex__order-1__lr-005__seed-065.log
spike-all,spike,tagfex,1,65,0.05,10,18,35335828670667217,32648341514744578,2687487155922639,173386205864531180,2277241903368623,1930,1179918084646.9548,/nobackup/proj/disk/naiss2026-4-902/shared/yizhil/Avalanche/avalanche-master/search_result_spike-all/tagfex/order1/lr005/search_spike_tagfex__order-1__lr-005__seed-065__summary.json,/nobackup/proj/disk/naiss2026-4-902/shared/yizhil/Avalanche/avalanche-master/search_result_spike-all/tagfex/order1/lr005/log/search_spike_tagfex__order-1__lr-005__seed-065.log
spike-all,spike,tagfex,1,65,0.05,11,18,40640667190422232,37699565360533636,2941101829888596,214026873054953412,2613055815788651,2091,1249668013289.6465,/nobackup/proj/disk/naiss2026-4-902/shared/yizhil/Avalanche/avalanche-master/search_result_spike-all/tagfex/order1/lr005/search_spike_tagfex__order-1__lr-005__seed-065__summary.json,/nobackup/proj/disk/naiss2026-4-902/shared/yizhil/Avalanche/avalanche-master/search_result_spike-all/tagfex/order1/lr005/log/search_spike_tagfex__order-1__lr-005__seed-065.log
spike-all,spike,tagfex,1,65,0.05,12,18,44222720875634822,41156952995097758,3065767880537064,258249593930588234,2848172424184012,2150,1324731360085.587,/nobackup/proj/disk/naiss2026-4-902/shared/yizhil/Avalanche/avalanche-master/search_result_spike-all/tagfex/order1/lr005/search_spike_tagfex__order-1__lr-005__seed-065__summary.json,/nobackup/proj/disk/naiss2026-4-902/shared/yizhil/Avalanche/avalanche-master/search_result_spike-all/tagfex/order1/lr005/log/search_spike_tagfex__order-1__lr-005__seed-065.log
spike-all,spike,tagfex,1,65,0.05,13,18,46657853470190788,43531536893050612,3126316577140176,304907447400779022,3028473403640888,2149,1409247744830.567,/nobackup/proj/disk/naiss2026-4-902/shared/yizhil/Avalanche/avalanche-master/search_result_spike-all/tagfex/order1/lr005/search_spike_tagfex__order-1__lr-005__seed-065__summary.json,/nobackup/proj/disk/naiss2026-4-902/shared/yizhil/Avalanche/avalanche-master/search_result_spike-all/tagfex/order1/lr005/log/search_spike_tagfex__order-1__lr-005__seed-065.log
spike-all,spike,tagfex,1,65,0.05,14,18,49268590988561239,46073091268487378,3195499720073861,354176038389340261,3217378603098989,2156,1492290632235.1526,/nobackup/proj/disk/naiss2026-4-902/shared/yizhil/Avalanche/avalanche-master/search_result_spike-all/tagfex/order1/lr005/search_spike_tagfex__order-1__lr-005__seed-065__summary.json,/nobackup/proj/disk/naiss2026-4-902/shared/yizhil/Avalanche/avalanche-master/search_result_spike-all/tagfex/order1/lr005/log/search_spike_tagfex__order-1__lr-005__seed-065.log
spike-all,spike,tagfex,1,65,0.05,15,18,51844582471048084,48588085261630016,3256497209418068,406020620860388345,3398746004382340,2161,1572765388423.1096,/nobackup/proj/disk/naiss2026-4-902/shared/yizhil/Avalanche/avalanche-master/search_result_spike-all/tagfex/order1/lr005/search_spike_tagfex__order-1__lr-005__seed-065__summary.json,/nobackup/proj/disk/naiss2026-4-902/shared/yizhil/Avalanche/avalanche-master/search_result_spike-all/tagfex/order1/lr005/log/search_spike_tagfex__order-1__lr-005__seed-065.log
spike-all,spike,tagfex,1,65,0.05,16,18,54065987538298698,50756908545783828,3309078992514870,460086608398687043,3570432172138694,2151,1659894082816.687,/nobackup/proj/disk/naiss2026-4-902/shared/yizhil/Avalanche/avalanche-master/search_result_spike-all/tagfex/order1/lr005/search_spike_tagfex__order-1__lr-005__seed-065__summary.json,/nobackup/proj/disk/naiss2026-4-902/shared/yizhil/Avalanche/avalanche-master/search_result_spike-all/tagfex/order1/lr005/log/search_spike_tagfex__order-1__lr-005__seed-065.log
spike-all,spike,tagfex,1,65,0.05,17,18,56725658932308044,53349678987533036,3375979944775008,516812267330995087,3758512997413284,2159,1740858266518.427,/nobackup/proj/disk/naiss2026-4-902/shared/yizhil/Avalanche/avalanche-master/search_result_spike-all/tagfex/order1/lr005/search_spike_tagfex__order-1__lr-005__seed-065__summary.json,/nobackup/proj/disk/naiss2026-4-902/shared/yizhil/Avalanche/avalanche-master/search_result_spike-all/tagfex/order1/lr005/log/search_spike_tagfex__order-1__lr-005__seed-065.log
spike-all,spike,tagfex,1,65,0.05,18,18,59110231905110464,55675486064348506,3434745840761958,575922499236105551,3936349569457806,2156,1825765106427.5537,/nobackup/proj/disk/naiss2026-4-902/shared/yizhil/Avalanche/avalanche-master/search_result_spike-all/tagfex/order1/lr005/search_spike_tagfex__order-1__lr-005__seed-065__summary.json,/nobackup/proj/disk/naiss2026-4-902/shared/yizhil/Avalanche/avalanche-master/search_result_spike-all/tagfex/order1/lr005/log/search_spike_tagfex__order-1__lr-005__seed-065.log
spike-all,spike,tagfex,1,65,0.1,1,18,3243892533415310,3230446341138434,13446192276876,3243892533415310,174968511882598,483,362253647790.058,/nobackup/proj/disk/naiss2026-4-902/shared/yizhil/Avalanche/avalanche-master/search_result_spike-all/tagfex/order1/lr01/search_spike_tagfex__order-1__lr-01__seed-065__summary.json,/nobackup/proj/disk/naiss2026-4-902/shared/yizhil/Avalanche/avalanche-master/search_result_spike-all/tagfex/order1/lr01/log/search_spike_tagfex__order-1__lr-01__seed-065.log
spike-all,spike,tagfex,1,65,0.1,2,18,5910376099888443,5157043827326562,753332272561881,9154268633303753,329564473739193,644,511746077234.7717,/nobackup/proj/disk/naiss2026-4-902/shared/yizhil/Avalanche/avalanche-master/search_result_spike-all/tagfex/order1/lr01/search_spike_tagfex__order-1__lr-01__seed-065__summary.json,/nobackup/proj/disk/naiss2026-4-902/shared/yizhil/Avalanche/avalanche-master/search_result_spike-all/tagfex/order1/lr01/log/search_spike_tagfex__order-1__lr-01__seed-065.log
spike-all,spike,tagfex,1,65,0.1,3,18,8296702464787394,7333825034107556,962877430679838,17450971098091147,478624819292551,804,595304501607.6505,/nobackup/proj/disk/naiss2026-4-902/shared/yizhil/Avalanche/avalanche-master/search_result_spike-all/tagfex/order1/lr01/search_spike_tagfex__order-1__lr-01__seed-065__summary.json,/nobackup/proj/disk/naiss2026-4-902/shared/yizhil/Avalanche/avalanche-master/search_result_spike-all/tagfex/order1/lr01/log/search_spike_tagfex__order-1__lr-01__seed-065.log
spike-all,spike,tagfex,1,65,0.1,4,18,11059242250020810,9876684852559376,1182557397461434,28510213348111957,655062192001686,965,678820924354.0787,/nobackup/proj/disk/naiss2026-4-902/shared/yizhil/Avalanche/avalanche-master/search_result_spike-all/tagfex/order1/lr01/search_spike_tagfex__order-1__lr-01__seed-065__summary.json,/nobackup/proj/disk/naiss2026-4-902/shared/yizhil/Avalanche/avalanche-master/search_result_spike-all/tagfex/order1/lr01/log/search_spike_tagfex__order-1__lr-01__seed-065.log
spike-all,spike,tagfex,1,65,0.1,5,18,14189917379924684,12778716873157972,1411200506766712,42700130728036641,858391335385450,1126,762336887553.6857,/nobackup/proj/disk/naiss2026-4-902/shared/yizhil/Avalanche/avalanche-master/search_result_spike-all/tagfex/order1/lr01/search_spike_tagfex__order-1__lr-01__seed-065__summary.json,/nobackup/proj/disk/naiss2026-4-902/shared/yizhil/Avalanche/avalanche-master/search_result_spike-all/tagfex/order1/lr01/log/search_spike_tagfex__order-1__lr-01__seed-065.log
spike-all,spike,tagfex,1,65,0.1,6,18,17673582639871465,16026055211360874,1647527428510591,60373713367908106,1087726137543351,1286,845821257809.7598,/nobackup/proj/disk/naiss2026-4-902/shared/yizhil/Avalanche/avalanche-master/search_result_spike-all/tagfex/order1/lr01/search_spike_tagfex__order-1__lr-01__seed-065__summary.json,/nobackup/proj/disk/naiss2026-4-902/shared/yizhil/Avalanche/avalanche-master/search_result_spike-all/tagfex/order1/lr01/log/search_spike_tagfex__order-1__lr-01__seed-065.log
spike-all,spike,tagfex,1,65,0.1,7,18,21538356311669996,19644285432782156,1894070878887840,81912069679578102,1344797376533401,1447,929369299608.4319,/nobackup/proj/disk/naiss2026-4-902/shared/yizhil/Avalanche/avalanche-master/search_result_spike-all/tagfex/order1/lr01/search_spike_tagfex__order-1__lr-01__seed-065__summary.json,/nobackup/proj/disk/naiss2026-4-902/shared/yizhil/Avalanche/avalanche-master/search_result_spike-all/tagfex/order1/lr01/log/search_spike_tagfex__order-1__lr-01__seed-065.log
spike-all,spike,tagfex,1,65,0.1,8,18,25769239160542137,23619660008689878,2149579151852259,107681308840120239,1628665249569271,1608,1012851523363.9745,/nobackup/proj/disk/naiss2026-4-902/shared/yizhil/Avalanche/avalanche-master/search_result_spike-all/tagfex/order1/lr01/search_spike_tagfex__order-1__lr-01__seed-065__summary.json,/nobackup/proj/disk/naiss2026-4-902/shared/yizhil/Avalanche/avalanche-master/search_result_spike-all/tagfex/order1/lr01/log/search_spike_tagfex__order-1__lr-01__seed-065.log
spike-all,spike,tagfex,1,65,0.1,9,18,30369068353743724,27955017529460260,2414050824283464,138050377193863963,1939534705906102,1769,1096401755741.1543,/nobackup/proj/disk/naiss2026-4-902/shared/yizhil/Avalanche/avalanche-master/search_result_spike-all/tagfex/order1/lr01/search_spike_tagfex__order-1__lr-01__seed-065__summary.json,/nobackup/proj/disk/naiss2026-4-902/shared/yizhil/Avalanche/avalanche-master/search_result_spike-all/tagfex/order1/lr01/log/search_spike_tagfex__order-1__lr-01__seed-065.log
spike-all,spike,tagfex,1,65,0.1,10,18,35335828670667217,32648341514744578,2687487155922639,173386205864531180,2277241903368623,1930,1179918084646.9548,/nobackup/proj/disk/naiss2026-4-902/shared/yizhil/Avalanche/avalanche-master/search_result_spike-all/tagfex/order1/lr01/search_spike_tagfex__order-1__lr-01__seed-065__summary.json,/nobackup/proj/disk/naiss2026-4-902/shared/yizhil/Avalanche/avalanche-master/search_result_spike-all/tagfex/order1/lr01/log/search_spike_tagfex__order-1__lr-01__seed-065.log
spike-all,spike,tagfex,1,65,0.1,11,18,40640667190422232,37699565360533636,2941101829888596,214026873054953412,2613055815788651,2091,1249668013289.6465,/nobackup/proj/disk/naiss2026-4-902/shared/yizhil/Avalanche/avalanche-master/search_result_spike-all/tagfex/order1/lr01/search_spike_tagfex__order-1__lr-01__seed-065__summary.json,/nobackup/proj/disk/naiss2026-4-902/shared/yizhil/Avalanche/avalanche-master/search_result_spike-all/tagfex/order1/lr01/log/search_spike_tagfex__order-1__lr-01__seed-065.log
spike-all,spike,tagfex,1,65,0.1,12,18,44222720875634822,41156952995097758,3065767880537064,258249593930588234,2848172424184012,2150,1324731360085.587,/nobackup/proj/disk/naiss2026-4-902/shared/yizhil/Avalanche/avalanche-master/search_result_spike-all/tagfex/order1/lr01/search_spike_tagfex__order-1__lr-01__seed-065__summary.json,/nobackup/proj/disk/naiss2026-4-902/shared/yizhil/Avalanche/avalanche-master/search_result_spike-all/tagfex/order1/lr01/log/search_spike_tagfex__order-1__lr-01__seed-065.log
spike-all,spike,tagfex,1,65,0.1,13,18,46657853470190788,43531536893050612,3126316577140176,304907447400779022,3028473403640888,2149,1409247744830.567,/nobackup/proj/disk/naiss2026-4-902/shared/yizhil/Avalanche/avalanche-master/search_result_spike-all/tagfex/order1/lr01/search_spike_tagfex__order-1__lr-01__seed-065__summary.json,/nobackup/proj/disk/naiss2026-4-902/shared/yizhil/Avalanche/avalanche-master/search_result_spike-all/tagfex/order1/lr01/log/search_spike_tagfex__order-1__lr-01__seed-065.log
spike-all,spike,tagfex,1,65,0.1,14,18,49268590988561239,46073091268487378,3195499720073861,354176038389340261,3217378603098989,2156,1492290632235.1526,/nobackup/proj/disk/naiss2026-4-902/shared/yizhil/Avalanche/avalanche-master/search_result_spike-all/tagfex/order1/lr01/search_spike_tagfex__order-1__lr-01__seed-065__summary.json,/nobackup/proj/disk/naiss2026-4-902/shared/yizhil/Avalanche/avalanche-master/search_result_spike-all/tagfex/order1/lr01/log/search_spike_tagfex__order-1__lr-01__seed-065.log
spike-all,spike,tagfex,1,65,0.1,15,18,51844582471048084,48588085261630016,3256497209418068,406020620860388345,3398746004382340,2161,1572765388423.1096,/nobackup/proj/disk/naiss2026-4-902/shared/yizhil/Avalanche/avalanche-master/search_result_spike-all/tagfex/order1/lr01/search_spike_tagfex__order-1__lr-01__seed-065__summary.json,/nobackup/proj/disk/naiss2026-4-902/shared/yizhil/Avalanche/avalanche-master/search_result_spike-all/tagfex/order1/lr01/log/search_spike_tagfex__order-1__lr-01__seed-065.log
spike-all,spike,tagfex,1,65,0.1,16,18,54065987538298698,50756908545783828,3309078992514870,460086608398687043,3570432172138694,2151,1659894082816.687,/nobackup/proj/disk/naiss2026-4-902/shared/yizhil/Avalanche/avalanche-master/search_result_spike-all/tagfex/order1/lr01/search_spike_tagfex__order-1__lr-01__seed-065__summary.json,/nobackup/proj/disk/naiss2026-4-902/shared/yizhil/Avalanche/avalanche-master/search_result_spike-all/tagfex/order1/lr01/log/search_spike_tagfex__order-1__lr-01__seed-065.log
spike-all,spike,tagfex,1,65,0.1,17,18,56725658932308044,53349678987533036,3375979944775008,516812267330995087,3758512997413284,2159,1740858266518.427,/nobackup/proj/disk/naiss2026-4-902/shared/yizhil/Avalanche/avalanche-master/search_result_spike-all/tagfex/order1/lr01/search_spike_tagfex__order-1__lr-01__seed-065__summary.json,/nobackup/proj/disk/naiss2026-4-902/shared/yizhil/Avalanche/avalanche-master/search_result_spike-all/tagfex/order1/lr01/log/search_spike_tagfex__order-1__lr-01__seed-065.log
spike-all,spike,tagfex,1,65,0.1,18,18,59110231905110464,55675486064348506,3434745840761958,575922499236105551,3936349569457806,2156,1825765106427.5537,/nobackup/proj/disk/naiss2026-4-902/shared/yizhil/Avalanche/avalanche-master/search_result_spike-all/tagfex/order1/lr01/search_spike_tagfex__order-1__lr-01__seed-065__summary.json,/nobackup/proj/disk/naiss2026-4-902/shared/yizhil/Avalanche/avalanche-master/search_result_spike-all/tagfex/order1/lr01/log/search_spike_tagfex__order-1__lr-01__seed-065.log
spike-all,spike,tagfex,1,67,0.01,1,18,3243892533415310,3230446341138434,13446192276876,3243892533415310,174968511882598,483,362253647790.058,/nobackup/proj/disk/naiss2026-4-902/shared/yizhil/Avalanche/avalanche-master/search_result_spike-all/tagfex/order1/lr001/search_spike_tagfex__order-1__lr-001__seed-067__summary.json,/nobackup/proj/disk/naiss2026-4-902/shared/yizhil/Avalanche/avalanche-master/search_result_spike-all/tagfex/order1/lr001/log/search_spike_tagfex__order-1__lr-001__seed-067.log
spike-all,spike,tagfex,1,67,0.01,2,18,5910376099888443,5157043827326562,753332272561881,9154268633303753,329591904329705,644,511788671319.4177,/nobackup/proj/disk/naiss2026-4-902/shared/yizhil/Avalanche/avalanche-master/search_result_spike-all/tagfex/order1/lr001/search_spike_tagfex__order-1__lr-001__seed-067__summary.json,/nobackup/proj/disk/naiss2026-4-902/shared/yizhil/Avalanche/avalanche-master/search_result_spike-all/tagfex/order1/lr001/log/search_spike_tagfex__order-1__lr-001__seed-067.log
spike-all,spike,tagfex,1,67,0.01,3,18,8296702464787394,7333825034107556,962877430679838,17450971098091147,478624819292551,804,595304501607.6505,/nobackup/proj/disk/naiss2026-4-902/shared/yizhil/Avalanche/avalanche-master/search_result_spike-all/tagfex/order1/lr001/search_spike_tagfex__order-1__lr-001__seed-067__summary.json,/nobackup/proj/disk/naiss2026-4-902/shared/yizhil/Avalanche/avalanche-master/search_result_spike-all/tagfex/order1/lr001/log/search_spike_tagfex__order-1__lr-001__seed-067.log
spike-all,spike,tagfex,1,67,0.01,4,18,11059207963752572,9876650566291138,1182557397461434,28510179061843719,655027905733448,965,678785394542.4331,/nobackup/proj/disk/naiss2026-4-902/shared/yizhil/Avalanche/avalanche-master/search_result_spike-all/tagfex/order1/lr001/search_spike_tagfex__order-1__lr-001__seed-067__summary.json,/nobackup/proj/disk/naiss2026-4-902/shared/yizhil/Avalanche/avalanche-master/search_result_spike-all/tagfex/order1/lr001/log/search_spike_tagfex__order-1__lr-001__seed-067.log
spike-all,spike,tagfex,1,67,0.01,5,18,14189917379924684,12778716873157972,1411200506766712,42700096441768403,858391335385450,1126,762336887553.6857,/nobackup/proj/disk/naiss2026-4-902/shared/yizhil/Avalanche/avalanche-master/search_result_spike-all/tagfex/order1/lr001/search_spike_tagfex__order-1__lr-001__seed-067__summary.json,/nobackup/proj/disk/naiss2026-4-902/shared/yizhil/Avalanche/avalanche-master/search_result_spike-all/tagfex/order1/lr001/log/search_spike_tagfex__order-1__lr-001__seed-067.log
spike-all,spike,tagfex,1,67,0.01,6,18,17673747207655353,16026219779144762,1647527428510591,60373843649423756,1087767279489323,1286,845853249991.6975,/nobackup/proj/disk/naiss2026-4-902/shared/yizhil/Avalanche/avalanche-master/search_result_spike-all/tagfex/order1/lr001/search_spike_tagfex__order-1__lr-001__seed-067__summary.json,/nobackup/proj/disk/naiss2026-4-902/shared/yizhil/Avalanche/avalanche-master/search_result_spike-all/tagfex/order1/lr001/log/search_spike_tagfex__order-1__lr-001__seed-067.log
spike-all,spike,tagfex,1,67,0.01,7,18,21538356311669996,19644285432782156,1894070878887840,81912199961093752,1344797376533401,1447,929369299608.4319,/nobackup/proj/disk/naiss2026-4-902/shared/yizhil/Avalanche/avalanche-master/search_result_spike-all/tagfex/order1/lr001/search_spike_tagfex__order-1__lr-001__seed-067__summary.json,/nobackup/proj/disk/naiss2026-4-902/shared/yizhil/Avalanche/avalanche-master/search_result_spike-all/tagfex/order1/lr001/log/search_spike_tagfex__order-1__lr-001__seed-067.log
spike-all,spike,tagfex,1,67,0.01,8,18,25769677931795777,23620098779943518,2149579151852259,107681877892889529,1628665249569271,1608,1012851523363.9745,/nobackup/proj/disk/naiss2026-4-902/shared/yizhil/Avalanche/avalanche-master/search_result_spike-all/tagfex/order1/lr001/search_spike_tagfex__order-1__lr-001__seed-067__summary.json,/nobackup/proj/disk/naiss2026-4-902/shared/yizhil/Avalanche/avalanche-master/search_result_spike-all/tagfex/order1/lr001/log/search_spike_tagfex__order-1__lr-001__seed-067.log
spike-all,spike,tagfex,1,67,0.01,9,18,30368629582489956,27954578758206492,2414050824283464,138050507475379485,1939534705906102,1769,1096401755741.1543,/nobackup/proj/disk/naiss2026-4-902/shared/yizhil/Avalanche/avalanche-master/search_result_spike-all/tagfex/order1/lr001/search_spike_tagfex__order-1__lr-001__seed-067__summary.json,/nobackup/proj/disk/naiss2026-4-902/shared/yizhil/Avalanche/avalanche-master/search_result_spike-all/tagfex/order1/lr001/log/search_spike_tagfex__order-1__lr-001__seed-067.log
spike-all,spike,tagfex,1,67,0.01,10,18,35335321334756413,32647834178833774,2687487155922639,173385828810135898,2277241903368623,1930,1179918084646.9548,/nobackup/proj/disk/naiss2026-4-902/shared/yizhil/Avalanche/avalanche-master/search_result_spike-all/tagfex/order1/lr001/search_spike_tagfex__order-1__lr-001__seed-067__summary.json,/nobackup/proj/disk/naiss2026-4-902/shared/yizhil/Avalanche/avalanche-master/search_result_spike-all/tagfex/order1/lr001/log/search_spike_tagfex__order-1__lr-001__seed-067.log
spike-all,spike,tagfex,1,67,0.01,11,18,40640228419168208,37699126589279612,2941101829888596,214026057229304106,2612617044534627,2091,1249458175291.548,/nobackup/proj/disk/naiss2026-4-902/shared/yizhil/Avalanche/avalanche-master/search_result_spike-all/tagfex/order1/lr001/search_spike_tagfex__order-1__lr-001__seed-067__summary.json,/nobackup/proj/disk/naiss2026-4-902/shared/yizhil/Avalanche/avalanche-master/search_result_spike-all/tagfex/order1/lr001/log/search_spike_tagfex__order-1__lr-001__seed-067.log
spike-all,spike,tagfex,1,67,0.01,12,18,44221226314251490,41155458433714426,3065767880537064,258247283543555596,2847733652929860,2150,1324527280432.493,/nobackup/proj/disk/naiss2026-4-902/shared/yizhil/Avalanche/avalanche-master/search_result_spike-all/tagfex/order1/lr001/search_spike_tagfex__order-1__lr-001__seed-067__summary.json,/nobackup/proj/disk/naiss2026-4-902/shared/yizhil/Avalanche/avalanche-master/search_result_spike-all/tagfex/order1/lr001/log/search_spike_tagfex__order-1__lr-001__seed-067.log
spike-all,spike,tagfex,1,67,0.01,13,18,46658107138146412,43531790561006236,3126316577140176,304905390681702008,3028473403640888,2149,1409247744830.567,/nobackup/proj/disk/naiss2026-4-902/shared/yizhil/Avalanche/avalanche-master/search_result_spike-all/tagfex/order1/lr001/search_spike_tagfex__order-1__lr-001__seed-067__summary.json,/nobackup/proj/disk/naiss2026-4-902/shared/yizhil/Avalanche/avalanche-master/search_result_spike-all/tagfex/order1/lr001/log/search_spike_tagfex__order-1__lr-001__seed-067.log
spike-all,spike,tagfex,1,67,0.01,14,18,49267713446052423,46072213725978562,3195499720073861,354173104127754431,3217378603098989,2156,1492290632235.1526,/nobackup/proj/disk/naiss2026-4-902/shared/yizhil/Avalanche/avalanche-master/search_result_spike-all/tagfex/order1/lr001/search_spike_tagfex__order-1__lr-001__seed-067__summary.json,/nobackup/proj/disk/naiss2026-4-902/shared/yizhil/Avalanche/avalanche-master/search_result_spike-all/tagfex/order1/lr001/log/search_spike_tagfex__order-1__lr-001__seed-067.log
spike-all,spike,tagfex,1,67,0.01,15,18,51843266157284476,48586768947866408,3256497209418068,406016370285038907,3398307233127804,2161,1572562347583.4355,/nobackup/proj/disk/naiss2026-4-902/shared/yizhil/Avalanche/avalanche-master/search_result_spike-all/tagfex/order1/lr001/search_spike_tagfex__order-1__lr-001__seed-067__summary.json,/nobackup/proj/disk/naiss2026-4-902/shared/yizhil/Avalanche/avalanche-master/search_result_spike-all/tagfex/order1/lr001/log/search_spike_tagfex__order-1__lr-001__seed-067.log
spike-all,spike,tagfex,1,67,0.01,16,18,54065109995789370,50756031003274500,3309078992514870,460081480280828277,3570432172138694,2151,1659894082816.687,/nobackup/proj/disk/naiss2026-4-902/shared/yizhil/Avalanche/avalanche-master/search_result_spike-all/tagfex/order1/lr001/search_spike_tagfex__order-1__lr-001__seed-067__summary.json,/nobackup/proj/disk/naiss2026-4-902/shared/yizhil/Avalanche/avalanche-master/search_result_spike-all/tagfex/order1/lr001/log/search_spike_tagfex__order-1__lr-001__seed-067.log
spike-all,spike,tagfex,1,67,0.01,17,18,56725336707574764,53349356762799756,3375979944775008,516806816988403041,3758074226158492,2159,1740655037590.779,/nobackup/proj/disk/naiss2026-4-902/shared/yizhil/Avalanche/avalanche-master/search_result_spike-all/tagfex/order1/lr001/search_spike_tagfex__order-1__lr-001__seed-067__summary.json,/nobackup/proj/disk/naiss2026-4-902/shared/yizhil/Avalanche/avalanche-master/search_result_spike-all/tagfex/order1/lr001/log/search_spike_tagfex__order-1__lr-001__seed-067.log
spike-all,spike,tagfex,1,67,0.01,18,18,59113303303894904,55678557463132946,3434745840761958,575920120292297945,3936788340712726,2156,1825968618141.3386,/nobackup/proj/disk/naiss2026-4-902/shared/yizhil/Avalanche/avalanche-master/search_result_spike-all/tagfex/order1/lr001/search_spike_tagfex__order-1__lr-001__seed-067__summary.json,/nobackup/proj/disk/naiss2026-4-902/shared/yizhil/Avalanche/avalanche-master/search_result_spike-all/tagfex/order1/lr001/log/search_spike_tagfex__order-1__lr-001__seed-067.log
spike-all,spike,tagfex,1,67,0.05,1,18,3243892533415310,3230446341138434,13446192276876,3243892533415310,174968511882598,483,362253647790.058,/nobackup/proj/disk/naiss2026-4-902/shared/yizhil/Avalanche/avalanche-master/search_result_spike-all/tagfex/order1/lr005/search_spike_tagfex__order-1__lr-005__seed-067__summary.json,/nobackup/proj/disk/naiss2026-4-902/shared/yizhil/Avalanche/avalanche-master/search_result_spike-all/tagfex/order1/lr005/log/search_spike_tagfex__order-1__lr-005__seed-067.log
spike-all,spike,tagfex,1,67,0.05,2,18,5910376099888443,5157043827326562,753332272561881,9154268633303753,329591904329705,644,511788671319.4177,/nobackup/proj/disk/naiss2026-4-902/shared/yizhil/Avalanche/avalanche-master/search_result_spike-all/tagfex/order1/lr005/search_spike_tagfex__order-1__lr-005__seed-067__summary.json,/nobackup/proj/disk/naiss2026-4-902/shared/yizhil/Avalanche/avalanche-master/search_result_spike-all/tagfex/order1/lr005/log/search_spike_tagfex__order-1__lr-005__seed-067.log
spike-all,spike,tagfex,1,67,0.05,3,18,8296702464787394,7333825034107556,962877430679838,17450971098091147,478624819292551,804,595304501607.6505,/nobackup/proj/disk/naiss2026-4-902/shared/yizhil/Avalanche/avalanche-master/search_result_spike-all/tagfex/order1/lr005/search_spike_tagfex__order-1__lr-005__seed-067__summary.json,/nobackup/proj/disk/naiss2026-4-902/shared/yizhil/Avalanche/avalanche-master/search_result_spike-all/tagfex/order1/lr005/log/search_spike_tagfex__order-1__lr-005__seed-067.log
spike-all,spike,tagfex,1,67,0.05,4,18,11059207963752572,9876650566291138,1182557397461434,28510179061843719,655027905733448,965,678785394542.4331,/nobackup/proj/disk/naiss2026-4-902/shared/yizhil/Avalanche/avalanche-master/search_result_spike-all/tagfex/order1/lr005/search_spike_tagfex__order-1__lr-005__seed-067__summary.json,/nobackup/proj/disk/naiss2026-4-902/shared/yizhil/Avalanche/avalanche-master/search_result_spike-all/tagfex/order1/lr005/log/search_spike_tagfex__order-1__lr-005__seed-067.log
spike-all,spike,tagfex,1,67,0.05,5,18,14189917379924684,12778716873157972,1411200506766712,42700096441768403,858391335385450,1126,762336887553.6857,/nobackup/proj/disk/naiss2026-4-902/shared/yizhil/Avalanche/avalanche-master/search_result_spike-all/tagfex/order1/lr005/search_spike_tagfex__order-1__lr-005__seed-067__summary.json,/nobackup/proj/disk/naiss2026-4-902/shared/yizhil/Avalanche/avalanche-master/search_result_spike-all/tagfex/order1/lr005/log/search_spike_tagfex__order-1__lr-005__seed-067.log
spike-all,spike,tagfex,1,67,0.05,6,18,17673747207655353,16026219779144762,1647527428510591,60373843649423756,1087767279489323,1286,845853249991.6975,/nobackup/proj/disk/naiss2026-4-902/shared/yizhil/Avalanche/avalanche-master/search_result_spike-all/tagfex/order1/lr005/search_spike_tagfex__order-1__lr-005__seed-067__summary.json,/nobackup/proj/disk/naiss2026-4-902/shared/yizhil/Avalanche/avalanche-master/search_result_spike-all/tagfex/order1/lr005/log/search_spike_tagfex__order-1__lr-005__seed-067.log
spike-all,spike,tagfex,1,67,0.05,7,18,21538356311669996,19644285432782156,1894070878887840,81912199961093752,1344797376533401,1447,929369299608.4319,/nobackup/proj/disk/naiss2026-4-902/shared/yizhil/Avalanche/avalanche-master/search_result_spike-all/tagfex/order1/lr005/search_spike_tagfex__order-1__lr-005__seed-067__summary.json,/nobackup/proj/disk/naiss2026-4-902/shared/yizhil/Avalanche/avalanche-master/search_result_spike-all/tagfex/order1/lr005/log/search_spike_tagfex__order-1__lr-005__seed-067.log
spike-all,spike,tagfex,1,67,0.05,8,18,25769677931795777,23620098779943518,2149579151852259,107681877892889529,1628665249569271,1608,1012851523363.9745,/nobackup/proj/disk/naiss2026-4-902/shared/yizhil/Avalanche/avalanche-master/search_result_spike-all/tagfex/order1/lr005/search_spike_tagfex__order-1__lr-005__seed-067__summary.json,/nobackup/proj/disk/naiss2026-4-902/shared/yizhil/Avalanche/avalanche-master/search_result_spike-all/tagfex/order1/lr005/log/search_spike_tagfex__order-1__lr-005__seed-067.log
spike-all,spike,tagfex,1,67,0.05,9,18,30368629582489956,27954578758206492,2414050824283464,138050507475379485,1939534705906102,1769,1096401755741.1543,/nobackup/proj/disk/naiss2026-4-902/shared/yizhil/Avalanche/avalanche-master/search_result_spike-all/tagfex/order1/lr005/search_spike_tagfex__order-1__lr-005__seed-067__summary.json,/nobackup/proj/disk/naiss2026-4-902/shared/yizhil/Avalanche/avalanche-master/search_result_spike-all/tagfex/order1/lr005/log/search_spike_tagfex__order-1__lr-005__seed-067.log
spike-all,spike,tagfex,1,67,0.05,10,18,35335321334756413,32647834178833774,2687487155922639,173385828810135898,2277241903368623,1930,1179918084646.9548,/nobackup/proj/disk/naiss2026-4-902/shared/yizhil/Avalanche/avalanche-master/search_result_spike-all/tagfex/order1/lr005/search_spike_tagfex__order-1__lr-005__seed-067__summary.json,/nobackup/proj/disk/naiss2026-4-902/shared/yizhil/Avalanche/avalanche-master/search_result_spike-all/tagfex/order1/lr005/log/search_spike_tagfex__order-1__lr-005__seed-067.log
spike-all,spike,tagfex,1,67,0.05,11,18,40640228419168208,37699126589279612,2941101829888596,214026057229304106,2612617044534627,2091,1249458175291.548,/nobackup/proj/disk/naiss2026-4-902/shared/yizhil/Avalanche/avalanche-master/search_result_spike-all/tagfex/order1/lr005/search_spike_tagfex__order-1__lr-005__seed-067__summary.json,/nobackup/proj/disk/naiss2026-4-902/shared/yizhil/Avalanche/avalanche-master/search_result_spike-all/tagfex/order1/lr005/log/search_spike_tagfex__order-1__lr-005__seed-067.log
spike-all,spike,tagfex,1,67,0.05,12,18,44221226314251490,41155458433714426,3065767880537064,258247283543555596,2847733652929860,2150,1324527280432.493,/nobackup/proj/disk/naiss2026-4-902/shared/yizhil/Avalanche/avalanche-master/search_result_spike-all/tagfex/order1/lr005/search_spike_tagfex__order-1__lr-005__seed-067__summary.json,/nobackup/proj/disk/naiss2026-4-902/shared/yizhil/Avalanche/avalanche-master/search_result_spike-all/tagfex/order1/lr005/log/search_spike_tagfex__order-1__lr-005__seed-067.log
spike-all,spike,tagfex,1,67,0.05,13,18,46658107138146412,43531790561006236,3126316577140176,304905390681702008,3028473403640888,2149,1409247744830.567,/nobackup/proj/disk/naiss2026-4-902/shared/yizhil/Avalanche/avalanche-master/search_result_spike-all/tagfex/order1/lr005/search_spike_tagfex__order-1__lr-005__seed-067__summary.json,/nobackup/proj/disk/naiss2026-4-902/shared/yizhil/Avalanche/avalanche-master/search_result_spike-all/tagfex/order1/lr005/log/search_spike_tagfex__order-1__lr-005__seed-067.log
spike-all,spike,tagfex,1,67,0.05,14,18,49267713446052423,46072213725978562,3195499720073861,354173104127754431,3217378603098989,2156,1492290632235.1526,/nobackup/proj/disk/naiss2026-4-902/shared/yizhil/Avalanche/avalanche-master/search_result_spike-all/tagfex/order1/lr005/search_spike_tagfex__order-1__lr-005__seed-067__summary.json,/nobackup/proj/disk/naiss2026-4-902/shared/yizhil/Avalanche/avalanche-master/search_result_spike-all/tagfex/order1/lr005/log/search_spike_tagfex__order-1__lr-005__seed-067.log
spike-all,spike,tagfex,1,67,0.05,15,18,51843266157284476,48586768947866408,3256497209418068,406016370285038907,3398307233127804,2161,1572562347583.4355,/nobackup/proj/disk/naiss2026-4-902/shared/yizhil/Avalanche/avalanche-master/search_result_spike-all/tagfex/order1/lr005/search_spike_tagfex__order-1__lr-005__seed-067__summary.json,/nobackup/proj/disk/naiss2026-4-902/shared/yizhil/Avalanche/avalanche-master/search_result_spike-all/tagfex/order1/lr005/log/search_spike_tagfex__order-1__lr-005__seed-067.log
spike-all,spike,tagfex,1,67,0.05,16,18,54065109995789370,50756031003274500,3309078992514870,460081480280828277,3570432172138694,2151,1659894082816.687,/nobackup/proj/disk/naiss2026-4-902/shared/yizhil/Avalanche/avalanche-master/search_result_spike-all/tagfex/order1/lr005/search_spike_tagfex__order-1__lr-005__seed-067__summary.json,/nobackup/proj/disk/naiss2026-4-902/shared/yizhil/Avalanche/avalanche-master/search_result_spike-all/tagfex/order1/lr005/log/search_spike_tagfex__order-1__lr-005__seed-067.log
spike-all,spike,tagfex,1,67,0.05,17,18,56725336707574764,53349356762799756,3375979944775008,516806816988403041,3758074226158492,2159,1740655037590.779,/nobackup/proj/disk/naiss2026-4-902/shared/yizhil/Avalanche/avalanche-master/search_result_spike-all/tagfex/order1/lr005/search_spike_tagfex__order-1__lr-005__seed-067__summary.json,/nobackup/proj/disk/naiss2026-4-902/shared/yizhil/Avalanche/avalanche-master/search_result_spike-all/tagfex/order1/lr005/log/search_spike_tagfex__order-1__lr-005__seed-067.log
spike-all,spike,tagfex,1,67,0.05,18,18,59113303303894904,55678557463132946,3434745840761958,575920120292297945,3936788340712726,2156,1825968618141.3386,/nobackup/proj/disk/naiss2026-4-902/shared/yizhil/Avalanche/avalanche-master/search_result_spike-all/tagfex/order1/lr005/search_spike_tagfex__order-1__lr-005__seed-067__summary.json,/nobackup/proj/disk/naiss2026-4-902/shared/yizhil/Avalanche/avalanche-master/search_result_spike-all/tagfex/order1/lr005/log/search_spike_tagfex__order-1__lr-005__seed-067.log
spike-all,spike,tagfex,1,67,0.1,1,18,3243892533415310,3230446341138434,13446192276876,3243892533415310,174968511882598,483,362253647790.058,/nobackup/proj/disk/naiss2026-4-902/shared/yizhil/Avalanche/avalanche-master/search_result_spike-all/tagfex/order1/lr01/search_spike_tagfex__order-1__lr-01__seed-067__summary.json,/nobackup/proj/disk/naiss2026-4-902/shared/yizhil/Avalanche/avalanche-master/search_result_spike-all/tagfex/order1/lr01/log/search_spike_tagfex__order-1__lr-01__seed-067.log
spike-all,spike,tagfex,1,67,0.1,2,18,5910376099888443,5157043827326562,753332272561881,9154268633303753,329591904329705,644,511788671319.4177,/nobackup/proj/disk/naiss2026-4-902/shared/yizhil/Avalanche/avalanche-master/search_result_spike-all/tagfex/order1/lr01/search_spike_tagfex__order-1__lr-01__seed-067__summary.json,/nobackup/proj/disk/naiss2026-4-902/shared/yizhil/Avalanche/avalanche-master/search_result_spike-all/tagfex/order1/lr01/log/search_spike_tagfex__order-1__lr-01__seed-067.log
spike-all,spike,tagfex,1,67,0.1,3,18,8296702464787394,7333825034107556,962877430679838,17450971098091147,478624819292551,804,595304501607.6505,/nobackup/proj/disk/naiss2026-4-902/shared/yizhil/Avalanche/avalanche-master/search_result_spike-all/tagfex/order1/lr01/search_spike_tagfex__order-1__lr-01__seed-067__summary.json,/nobackup/proj/disk/naiss2026-4-902/shared/yizhil/Avalanche/avalanche-master/search_result_spike-all/tagfex/order1/lr01/log/search_spike_tagfex__order-1__lr-01__seed-067.log
spike-all,spike,tagfex,1,67,0.1,4,18,11059207963752572,9876650566291138,1182557397461434,28510179061843719,655027905733448,965,678785394542.4331,/nobackup/proj/disk/naiss2026-4-902/shared/yizhil/Avalanche/avalanche-master/search_result_spike-all/tagfex/order1/lr01/search_spike_tagfex__order-1__lr-01__seed-067__summary.json,/nobackup/proj/disk/naiss2026-4-902/shared/yizhil/Avalanche/avalanche-master/search_result_spike-all/tagfex/order1/lr01/log/search_spike_tagfex__order-1__lr-01__seed-067.log
spike-all,spike,tagfex,1,67,0.1,5,18,14189917379924684,12778716873157972,1411200506766712,42700096441768403,858391335385450,1126,762336887553.6857,/nobackup/proj/disk/naiss2026-4-902/shared/yizhil/Avalanche/avalanche-master/search_result_spike-all/tagfex/order1/lr01/search_spike_tagfex__order-1__lr-01__seed-067__summary.json,/nobackup/proj/disk/naiss2026-4-902/shared/yizhil/Avalanche/avalanche-master/search_result_spike-all/tagfex/order1/lr01/log/search_spike_tagfex__order-1__lr-01__seed-067.log
spike-all,spike,tagfex,1,67,0.1,6,18,17673747207655353,16026219779144762,1647527428510591,60373843649423756,1087767279489323,1286,845853249991.6975,/nobackup/proj/disk/naiss2026-4-902/shared/yizhil/Avalanche/avalanche-master/search_result_spike-all/tagfex/order1/lr01/search_spike_tagfex__order-1__lr-01__seed-067__summary.json,/nobackup/proj/disk/naiss2026-4-902/shared/yizhil/Avalanche/avalanche-master/search_result_spike-all/tagfex/order1/lr01/log/search_spike_tagfex__order-1__lr-01__seed-067.log
spike-all,spike,tagfex,1,67,0.1,7,18,21538356311669996,19644285432782156,1894070878887840,81912199961093752,1344797376533401,1447,929369299608.4319,/nobackup/proj/disk/naiss2026-4-902/shared/yizhil/Avalanche/avalanche-master/search_result_spike-all/tagfex/order1/lr01/search_spike_tagfex__order-1__lr-01__seed-067__summary.json,/nobackup/proj/disk/naiss2026-4-902/shared/yizhil/Avalanche/avalanche-master/search_result_spike-all/tagfex/order1/lr01/log/search_spike_tagfex__order-1__lr-01__seed-067.log
spike-all,spike,tagfex,1,67,0.1,8,18,25769677931795777,23620098779943518,2149579151852259,107681877892889529,1628665249569271,1608,1012851523363.9745,/nobackup/proj/disk/naiss2026-4-902/shared/yizhil/Avalanche/avalanche-master/search_result_spike-all/tagfex/order1/lr01/search_spike_tagfex__order-1__lr-01__seed-067__summary.json,/nobackup/proj/disk/naiss2026-4-902/shared/yizhil/Avalanche/avalanche-master/search_result_spike-all/tagfex/order1/lr01/log/search_spike_tagfex__order-1__lr-01__seed-067.log
spike-all,spike,tagfex,1,67,0.1,9,18,30368629582489956,27954578758206492,2414050824283464,138050507475379485,1939534705906102,1769,1096401755741.1543,/nobackup/proj/disk/naiss2026-4-902/shared/yizhil/Avalanche/avalanche-master/search_result_spike-all/tagfex/order1/lr01/search_spike_tagfex__order-1__lr-01__seed-067__summary.json,/nobackup/proj/disk/naiss2026-4-902/shared/yizhil/Avalanche/avalanche-master/search_result_spike-all/tagfex/order1/lr01/log/search_spike_tagfex__order-1__lr-01__seed-067.log
spike-all,spike,tagfex,1,67,0.1,10,18,35335321334756413,32647834178833774,2687487155922639,173385828810135898,2277241903368623,1930,1179918084646.9548,/nobackup/proj/disk/naiss2026-4-902/shared/yizhil/Avalanche/avalanche-master/search_result_spike-all/tagfex/order1/lr01/search_spike_tagfex__order-1__lr-01__seed-067__summary.json,/nobackup/proj/disk/naiss2026-4-902/shared/yizhil/Avalanche/avalanche-master/search_result_spike-all/tagfex/order1/lr01/log/search_spike_tagfex__order-1__lr-01__seed-067.log
spike-all,spike,tagfex,1,67,0.1,11,18,40640228419168208,37699126589279612,2941101829888596,214026057229304106,2612617044534627,2091,1249458175291.548,/nobackup/proj/disk/naiss2026-4-902/shared/yizhil/Avalanche/avalanche-master/search_result_spike-all/tagfex/order1/lr01/search_spike_tagfex__order-1__lr-01__seed-067__summary.json,/nobackup/proj/disk/naiss2026-4-902/shared/yizhil/Avalanche/avalanche-master/search_result_spike-all/tagfex/order1/lr01/log/search_spike_tagfex__order-1__lr-01__seed-067.log
spike-all,spike,tagfex,1,67,0.1,12,18,44221226314251490,41155458433714426,3065767880537064,258247283543555596,2847733652929860,2150,1324527280432.493,/nobackup/proj/disk/naiss2026-4-902/shared/yizhil/Avalanche/avalanche-master/search_result_spike-all/tagfex/order1/lr01/search_spike_tagfex__order-1__lr-01__seed-067__summary.json,/nobackup/proj/disk/naiss2026-4-902/shared/yizhil/Avalanche/avalanche-master/search_result_spike-all/tagfex/order1/lr01/log/search_spike_tagfex__order-1__lr-01__seed-067.log
spike-all,spike,tagfex,1,67,0.1,13,18,46658107138146412,43531790561006236,3126316577140176,304905390681702008,3028473403640888,2149,1409247744830.567,/nobackup/proj/disk/naiss2026-4-902/shared/yizhil/Avalanche/avalanche-master/search_result_spike-all/tagfex/order1/lr01/search_spike_tagfex__order-1__lr-01__seed-067__summary.json,/nobackup/proj/disk/naiss2026-4-902/shared/yizhil/Avalanche/avalanche-master/search_result_spike-all/tagfex/order1/lr01/log/search_spike_tagfex__order-1__lr-01__seed-067.log
spike-all,spike,tagfex,1,67,0.1,14,18,49267713446052423,46072213725978562,3195499720073861,354173104127754431,3217378603098989,2156,1492290632235.1526,/nobackup/proj/disk/naiss2026-4-902/shared/yizhil/Avalanche/avalanche-master/search_result_spike-all/tagfex/order1/lr01/search_spike_tagfex__order-1__lr-01__seed-067__summary.json,/nobackup/proj/disk/naiss2026-4-902/shared/yizhil/Avalanche/avalanche-master/search_result_spike-all/tagfex/order1/lr01/log/search_spike_tagfex__order-1__lr-01__seed-067.log
spike-all,spike,tagfex,1,67,0.1,15,18,51843266157284476,48586768947866408,3256497209418068,406016370285038907,3398307233127804,2161,1572562347583.4355,/nobackup/proj/disk/naiss2026-4-902/shared/yizhil/Avalanche/avalanche-master/search_result_spike-all/tagfex/order1/lr01/search_spike_tagfex__order-1__lr-01__seed-067__summary.json,/nobackup/proj/disk/naiss2026-4-902/shared/yizhil/Avalanche/avalanche-master/search_result_spike-all/tagfex/order1/lr01/log/search_spike_tagfex__order-1__lr-01__seed-067.log
spike-all,spike,tagfex,1,67,0.1,16,18,54065109995789370,50756031003274500,3309078992514870,460081480280828277,3570432172138694,2151,1659894082816.687,/nobackup/proj/disk/naiss2026-4-902/shared/yizhil/Avalanche/avalanche-master/search_result_spike-all/tagfex/order1/lr01/search_spike_tagfex__order-1__lr-01__seed-067__summary.json,/nobackup/proj/disk/naiss2026-4-902/shared/yizhil/Avalanche/avalanche-master/search_result_spike-all/tagfex/order1/lr01/log/search_spike_tagfex__order-1__lr-01__seed-067.log
spike-all,spike,tagfex,1,67,0.1,17,18,56725336707574764,53349356762799756,3375979944775008,516806816988403041,3758074226158492,2159,1740655037590.779,/nobackup/proj/disk/naiss2026-4-902/shared/yizhil/Avalanche/avalanche-master/search_result_spike-all/tagfex/order1/lr01/search_spike_tagfex__order-1__lr-01__seed-067__summary.json,/nobackup/proj/disk/naiss2026-4-902/shared/yizhil/Avalanche/avalanche-master/search_result_spike-all/tagfex/order1/lr01/log/search_spike_tagfex__order-1__lr-01__seed-067.log
spike-all,spike,tagfex,1,67,0.1,18,18,59113303303894904,55678557463132946,3434745840761958,575920120292297945,3936788340712726,2156,1825968618141.3386,/nobackup/proj/disk/naiss2026-4-902/shared/yizhil/Avalanche/avalanche-master/search_result_spike-all/tagfex/order1/lr01/search_spike_tagfex__order-1__lr-01__seed-067__summary.json,/nobackup/proj/disk/naiss2026-4-902/shared/yizhil/Avalanche/avalanche-master/search_result_spike-all/tagfex/order1/lr01/log/search_spike_tagfex__order-1__lr-01__seed-067.log
spike-all,spike,tagfex,1,69,0.01,1,18,3243892533415310,3230446341138434,13446192276876,3243892533415310,174968511882598,483,362253647790.058,/nobackup/proj/disk/naiss2026-4-902/shared/yizhil/Avalanche/avalanche-master/search_result_spike-all/tagfex/order1/lr001/search_spike_tagfex__order-1__lr-001__seed-069__summary.json,/nobackup/proj/disk/naiss2026-4-902/shared/yizhil/Avalanche/avalanche-master/search_result_spike-all/tagfex/order1/lr001/log/search_spike_tagfex__order-1__lr-001__seed-069.log
spike-all,spike,tagfex,1,69,0.01,2,18,5910403530478955,5157071257917074,753332272561881,9154296063894265,329591904329705,644,511788671319.4177,/nobackup/proj/disk/naiss2026-4-902/shared/yizhil/Avalanche/avalanche-master/search_result_spike-all/tagfex/order1/lr001/search_spike_tagfex__order-1__lr-001__seed-069__summary.json,/nobackup/proj/disk/naiss2026-4-902/shared/yizhil/Avalanche/avalanche-master/search_result_spike-all/tagfex/order1/lr001/log/search_spike_tagfex__order-1__lr-001__seed-069.log
spike-all,spike,tagfex,1,69,0.01,3,18,8296702464787394,7333825034107556,962877430679838,17450998528681659,478624819292551,804,595304501607.6505,/nobackup/proj/disk/naiss2026-4-902/shared/yizhil/Avalanche/avalanche-master/search_result_spike-all/tagfex/order1/lr001/search_spike_tagfex__order-1__lr-001__seed-069__summary.json,/nobackup/proj/disk/naiss2026-4-902/shared/yizhil/Avalanche/avalanche-master/search_result_spike-all/tagfex/order1/lr001/log/search_spike_tagfex__order-1__lr-001__seed-069.log
spike-all,spike,tagfex,1,69,0.01,4,18,11059310822557184,9876753425095750,1182557397461434,28510309351238843,655062192001686,965,678820924354.0787,/nobackup/proj/disk/naiss2026-4-902/shared/yizhil/Avalanche/avalanche-master/search_result_spike-all/tagfex/order1/lr001/search_spike_tagfex__order-1__lr-001__seed-069__summary.json,/nobackup/proj/disk/naiss2026-4-902/shared/yizhil/Avalanche/avalanche-master/search_result_spike-all/tagfex/order1/lr001/log/search_spike_tagfex__order-1__lr-001__seed-069.log
spike-all,spike,tagfex,1,69,0.01,5,18,14189917379924684,12778716873157972,1411200506766712,42700226731163527,858391335385450,1126,762336887553.6857,/nobackup/proj/disk/naiss2026-4-902/shared/yizhil/Avalanche/avalanche-master/search_result_spike-all/tagfex/order1/lr001/search_spike_tagfex__order-1__lr-001__seed-069__summary.json,/nobackup/proj/disk/naiss2026-4-902/shared/yizhil/Avalanche/avalanche-master/search_result_spike-all/tagfex/order1/lr001/log/search_spike_tagfex__order-1__lr-001__seed-069.log
spike-all,spike,tagfex,1,69,0.01,6,18,17673582639871465,16026055211360874,1647527428510591,60373809371034992,1087726137543351,1286,845821257809.7598,/nobackup/proj/disk/naiss2026-4-902/shared/yizhil/Avalanche/avalanche-master/search_result_spike-all/tagfex/order1/lr001/search_spike_tagfex__order-1__lr-001__seed-069__summary.json,/nobackup/proj/disk/naiss2026-4-902/shared/yizhil/Avalanche/avalanche-master/search_result_spike-all/tagfex/order1/lr001/log/search_spike_tagfex__order-1__lr-001__seed-069.log
spike-all,spike,tagfex,1,69,0.01,7,18,21537917540416484,19643846661528644,1894070878887840,81911726911451476,1344797376533401,1447,929369299608.4319,/nobackup/proj/disk/naiss2026-4-902/shared/yizhil/Avalanche/avalanche-master/search_result_spike-all/tagfex/order1/lr001/search_spike_tagfex__order-1__lr-001__seed-069__summary.json,/nobackup/proj/disk/naiss2026-4-902/shared/yizhil/Avalanche/avalanche-master/search_result_spike-all/tagfex/order1/lr001/log/search_spike_tagfex__order-1__lr-001__seed-069.log
spike-all,spike,tagfex,1,69,0.01,8,18,25769897345001505,23620318193149246,2149579151852259,107681624256452981,1628665249569271,1608,1012851523363.9745,/nobackup/proj/disk/naiss2026-4-902/shared/yizhil/Avalanche/avalanche-master/search_result_spike-all/tagfex/order1/lr001/search_spike_tagfex__order-1__lr-001__seed-069__summary.json,/nobackup/proj/disk/naiss2026-4-902/shared/yizhil/Avalanche/avalanche-master/search_result_spike-all/tagfex/order1/lr001/log/search_spike_tagfex__order-1__lr-001__seed-069.log
spike-all,spike,tagfex,1,69,0.01,9,18,30368787263077516,27954736438794052,2414050824283464,138050411519530497,1939534705906102,1769,1096401755741.1543,/nobackup/proj/disk/naiss2026-4-902/shared/yizhil/Avalanche/avalanche-master/search_result_spike-all/tagfex/order1/lr001/search_spike_tagfex__order-1__lr-001__seed-069__summary.json,/nobackup/proj/disk/naiss2026-4-902/shared/yizhil/Avalanche/avalanche-master/search_result_spike-all/tagfex/order1/lr001/log/search_spike_tagfex__order-1__lr-001__seed-069.log
spike-all,spike,tagfex,1,69,0.01,10,18,35335156822130149,32647669666207510,2687487155922639,173385568341660646,2277173338711715,1930,1179882558917.987,/nobackup/proj/disk/naiss2026-4-902/shared/yizhil/Avalanche/avalanche-master/search_result_spike-all/tagfex/order1/lr001/search_spike_tagfex__order-1__lr-001__seed-069__summary.json,/nobackup/proj/disk/naiss2026-4-902/shared/yizhil/Avalanche/avalanche-master/search_result_spike-all/tagfex/order1/lr001/log/search_spike_tagfex__order-1__lr-001__seed-069.log
spike-all,spike,tagfex,1,69,0.01,11,18,40640228419168208,37699126589279612,2941101829888596,214025796760828854,2613055815788651,2091,1249668013289.6465,/nobackup/proj/disk/naiss2026-4-902/shared/yizhil/Avalanche/avalanche-master/search_result_spike-all/tagfex/order1/lr001/search_spike_tagfex__order-1__lr-001__seed-069__summary.json,/nobackup/proj/disk/naiss2026-4-902/shared/yizhil/Avalanche/avalanche-master/search_result_spike-all/tagfex/order1/lr001/log/search_spike_tagfex__order-1__lr-001__seed-069.log
spike-all,spike,tagfex,1,69,0.01,12,18,44222364380393070,41156596499856006,3065767880537064,258248161141221924,2847733652929860,2150,1324527280432.493,/nobackup/proj/disk/naiss2026-4-902/shared/yizhil/Avalanche/avalanche-master/search_result_spike-all/tagfex/order1/lr001/search_spike_tagfex__order-1__lr-001__seed-069__summary.json,/nobackup/proj/disk/naiss2026-4-902/shared/yizhil/Avalanche/avalanche-master/search_result_spike-all/tagfex/order1/lr001/log/search_spike_tagfex__order-1__lr-001__seed-069.log
spike-all,spike,tagfex,1,69,0.01,13,18,46658038573489444,43531721996349268,3126316577140176,304906199714711368,3027780964430984,2149,1408925530214.511,/nobackup/proj/disk/naiss2026-4-902/shared/yizhil/Avalanche/avalanche-master/search_result_spike-all/tagfex/order1/lr001/search_spike_tagfex__order-1__lr-001__seed-069__summary.json,/nobackup/proj/disk/naiss2026-4-902/shared/yizhil/Avalanche/avalanche-master/search_result_spike-all/tagfex/order1/lr001/log/search_spike_tagfex__order-1__lr-001__seed-069.log
spike-all,spike,tagfex,1,69,0.01,14,18,49267713446052423,46072213725978562,3195499720073861,354173913160763791,3217378603098989,2156,1492290632235.1526,/nobackup/proj/disk/naiss2026-4-902/shared/yizhil/Avalanche/avalanche-master/search_result_spike-all/tagfex/order1/lr001/search_spike_tagfex__order-1__lr-001__seed-069__summary.json,/nobackup/proj/disk/naiss2026-4-902/shared/yizhil/Avalanche/avalanche-master/search_result_spike-all/tagfex/order1/lr001/log/search_spike_tagfex__order-1__lr-001__seed-069.log
spike-all,spike,tagfex,1,69,0.01,15,18,51842388614775404,48585891405357336,3256497209418068,406016301775539195,3398746004382340,2161,1572765388423.1096,/nobackup/proj/disk/naiss2026-4-902/shared/yizhil/Avalanche/avalanche-master/search_result_spike-all/tagfex/order1/lr001/search_spike_tagfex__order-1__lr-001__seed-069__summary.json,/nobackup/proj/disk/naiss2026-4-902/shared/yizhil/Avalanche/avalanche-master/search_result_spike-all/tagfex/order1/lr001/log/search_spike_tagfex__order-1__lr-001__seed-069.log
spike-all,spike,tagfex,1,69,0.01,16,18,54067303852062690,50758224859547820,3309078992514870,460083605627601885,3570432172138694,2151,1659894082816.687,/nobackup/proj/disk/naiss2026-4-902/shared/yizhil/Avalanche/avalanche-master/search_result_spike-all/tagfex/order1/lr001/search_spike_tagfex__order-1__lr-001__seed-069__summary.json,/nobackup/proj/disk/naiss2026-4-902/shared/yizhil/Avalanche/avalanche-master/search_result_spike-all/tagfex/order1/lr001/log/search_spike_tagfex__order-1__lr-001__seed-069.log
spike-all,spike,tagfex,1,69,0.01,17,18,56724897936319972,53348917991544964,3375979944775008,516808503563921857,3758512997413284,2159,1740858266518.427,/nobackup/proj/disk/naiss2026-4-902/shared/yizhil/Avalanche/avalanche-master/search_result_spike-all/tagfex/order1/lr001/search_spike_tagfex__order-1__lr-001__seed-069__summary.json,/nobackup/proj/disk/naiss2026-4-902/shared/yizhil/Avalanche/avalanche-master/search_result_spike-all/tagfex/order1/lr001/log/search_spike_tagfex__order-1__lr-001__seed-069.log
spike-all,spike,tagfex,1,69,0.01,18,18,59110807789920144,55676061949158186,3434745840761958,575919311353842001,3936349569457806,2156,1825765106427.5537,/nobackup/proj/disk/naiss2026-4-902/shared/yizhil/Avalanche/avalanche-master/search_result_spike-all/tagfex/order1/lr001/search_spike_tagfex__order-1__lr-001__seed-069__summary.json,/nobackup/proj/disk/naiss2026-4-902/shared/yizhil/Avalanche/avalanche-master/search_result_spike-all/tagfex/order1/lr001/log/search_spike_tagfex__order-1__lr-001__seed-069.log
spike-all,spike,tagfex,1,69,0.05,1,18,3243892533415310,3230446341138434,13446192276876,3243892533415310,174968511882598,483,362253647790.058,/nobackup/proj/disk/naiss2026-4-902/shared/yizhil/Avalanche/avalanche-master/search_result_spike-all/tagfex/order1/lr005/search_spike_tagfex__order-1__lr-005__seed-069__summary.json,/nobackup/proj/disk/naiss2026-4-902/shared/yizhil/Avalanche/avalanche-master/search_result_spike-all/tagfex/order1/lr005/log/search_spike_tagfex__order-1__lr-005__seed-069.log
spike-all,spike,tagfex,1,69,0.05,2,18,5910403530478955,5157071257917074,753332272561881,9154296063894265,329591904329705,644,511788671319.4177,/nobackup/proj/disk/naiss2026-4-902/shared/yizhil/Avalanche/avalanche-master/search_result_spike-all/tagfex/order1/lr005/search_spike_tagfex__order-1__lr-005__seed-069__summary.json,/nobackup/proj/disk/naiss2026-4-902/shared/yizhil/Avalanche/avalanche-master/search_result_spike-all/tagfex/order1/lr005/log/search_spike_tagfex__order-1__lr-005__seed-069.log
spike-all,spike,tagfex,1,69,0.05,3,18,8296702464787394,7333825034107556,962877430679838,17450998528681659,478624819292551,804,595304501607.6505,/nobackup/proj/disk/naiss2026-4-902/shared/yizhil/Avalanche/avalanche-master/search_result_spike-all/tagfex/order1/lr005/search_spike_tagfex__order-1__lr-005__seed-069__summary.json,/nobackup/proj/disk/naiss2026-4-902/shared/yizhil/Avalanche/avalanche-master/search_result_spike-all/tagfex/order1/lr005/log/search_spike_tagfex__order-1__lr-005__seed-069.log
spike-all,spike,tagfex,1,69,0.05,4,18,11059310822557286,9876753425095852,1182557397461434,28510309351238945,655062192001686,965,678820924354.0787,/nobackup/proj/disk/naiss2026-4-902/shared/yizhil/Avalanche/avalanche-master/search_result_spike-all/tagfex/order1/lr005/search_spike_tagfex__order-1__lr-005__seed-069__summary.json,/nobackup/proj/disk/naiss2026-4-902/shared/yizhil/Avalanche/avalanche-master/search_result_spike-all/tagfex/order1/lr005/log/search_spike_tagfex__order-1__lr-005__seed-069.log
spike-all,spike,tagfex,1,69,0.05,5,18,14189917379924684,12778716873157972,1411200506766712,42700226731163629,858391335385450,1126,762336887553.6857,/nobackup/proj/disk/naiss2026-4-902/shared/yizhil/Avalanche/avalanche-master/search_result_spike-all/tagfex/order1/lr005/search_spike_tagfex__order-1__lr-005__seed-069__summary.json,/nobackup/proj/disk/naiss2026-4-902/shared/yizhil/Avalanche/avalanche-master/search_result_spike-all/tagfex/order1/lr005/log/search_spike_tagfex__order-1__lr-005__seed-069.log
spike-all,spike,tagfex,1,69,0.05,6,18,17673582639871465,16026055211360874,1647527428510591,60373809371035094,1087726137543351,1286,845821257809.7598,/nobackup/proj/disk/naiss2026-4-902/shared/yizhil/Avalanche/avalanche-master/search_result_spike-all/tagfex/order1/lr005/search_spike_tagfex__order-1__lr-005__seed-069__summary.json,/nobackup/proj/disk/naiss2026-4-902/shared/yizhil/Avalanche/avalanche-master/search_result_spike-all/tagfex/order1/lr005/log/search_spike_tagfex__order-1__lr-005__seed-069.log
spike-all,spike,tagfex,1,69,0.05,7,18,21537917540416484,19643846661528644,1894070878887840,81911726911451578,1344797376533401,1447,929369299608.4319,/nobackup/proj/disk/naiss2026-4-902/shared/yizhil/Avalanche/avalanche-master/search_result_spike-all/tagfex/order1/lr005/search_spike_tagfex__order-1__lr-005__seed-069__summary.json,/nobackup/proj/disk/naiss2026-4-902/shared/yizhil/Avalanche/avalanche-master/search_result_spike-all/tagfex/order1/lr005/log/search_spike_tagfex__order-1__lr-005__seed-069.log
spike-all,spike,tagfex,1,69,0.05,8,18,25769897345001505,23620318193149246,2149579151852259,107681624256453083,1628665249569271,1608,1012851523363.9745,/nobackup/proj/disk/naiss2026-4-902/shared/yizhil/Avalanche/avalanche-master/search_result_spike-all/tagfex/order1/lr005/search_spike_tagfex__order-1__lr-005__seed-069__summary.json,/nobackup/proj/disk/naiss2026-4-902/shared/yizhil/Avalanche/avalanche-master/search_result_spike-all/tagfex/order1/lr005/log/search_spike_tagfex__order-1__lr-005__seed-069.log
spike-all,spike,tagfex,1,69,0.05,9,18,30368787263077516,27954736438794052,2414050824283464,138050411519530599,1939534705906102,1769,1096401755741.1543,/nobackup/proj/disk/naiss2026-4-902/shared/yizhil/Avalanche/avalanche-master/search_result_spike-all/tagfex/order1/lr005/search_spike_tagfex__order-1__lr-005__seed-069__summary.json,/nobackup/proj/disk/naiss2026-4-902/shared/yizhil/Avalanche/avalanche-master/search_result_spike-all/tagfex/order1/lr005/log/search_spike_tagfex__order-1__lr-005__seed-069.log
spike-all,spike,tagfex,1,69,0.05,10,18,35335156822130149,32647669666207510,2687487155922639,173385568341660748,2277173338711715,1930,1179882558917.987,/nobackup/proj/disk/naiss2026-4-902/shared/yizhil/Avalanche/avalanche-master/search_result_spike-all/tagfex/order1/lr005/search_spike_tagfex__order-1__lr-005__seed-069__summary.json,/nobackup/proj/disk/naiss2026-4-902/shared/yizhil/Avalanche/avalanche-master/search_result_spike-all/tagfex/order1/lr005/log/search_spike_tagfex__order-1__lr-005__seed-069.log
spike-all,spike,tagfex,1,69,0.05,11,18,40640228419168208,37699126589279612,2941101829888596,214025796760828956,2613055815788651,2091,1249668013289.6465,/nobackup/proj/disk/naiss2026-4-902/shared/yizhil/Avalanche/avalanche-master/search_result_spike-all/tagfex/order1/lr005/search_spike_tagfex__order-1__lr-005__seed-069__summary.json,/nobackup/proj/disk/naiss2026-4-902/shared/yizhil/Avalanche/avalanche-master/search_result_spike-all/tagfex/order1/lr005/log/search_spike_tagfex__order-1__lr-005__seed-069.log
spike-all,spike,tagfex,1,69,0.05,12,18,44222364380393070,41156596499856006,3065767880537064,258248161141222026,2847733652929860,2150,1324527280432.493,/nobackup/proj/disk/naiss2026-4-902/shared/yizhil/Avalanche/avalanche-master/search_result_spike-all/tagfex/order1/lr005/search_spike_tagfex__order-1__lr-005__seed-069__summary.json,/nobackup/proj/disk/naiss2026-4-902/shared/yizhil/Avalanche/avalanche-master/search_result_spike-all/tagfex/order1/lr005/log/search_spike_tagfex__order-1__lr-005__seed-069.log
spike-all,spike,tagfex,1,69,0.05,13,18,46658038573489444,43531721996349268,3126316577140176,304906199714711470,3027780964430984,2149,1408925530214.511,/nobackup/proj/disk/naiss2026-4-902/shared/yizhil/Avalanche/avalanche-master/search_result_spike-all/tagfex/order1/lr005/search_spike_tagfex__order-1__lr-005__seed-069__summary.json,/nobackup/proj/disk/naiss2026-4-902/shared/yizhil/Avalanche/avalanche-master/search_result_spike-all/tagfex/order1/lr005/log/search_spike_tagfex__order-1__lr-005__seed-069.log
spike-all,spike,tagfex,1,69,0.05,14,18,49267713446052423,46072213725978562,3195499720073861,354173913160763893,3217378603098989,2156,1492290632235.1526,/nobackup/proj/disk/naiss2026-4-902/shared/yizhil/Avalanche/avalanche-master/search_result_spike-all/tagfex/order1/lr005/search_spike_tagfex__order-1__lr-005__seed-069__summary.json,/nobackup/proj/disk/naiss2026-4-902/shared/yizhil/Avalanche/avalanche-master/search_result_spike-all/tagfex/order1/lr005/log/search_spike_tagfex__order-1__lr-005__seed-069.log
spike-all,spike,tagfex,1,69,0.05,15,18,51842388614775404,48585891405357336,3256497209418068,406016301775539297,3398746004382340,2161,1572765388423.1096,/nobackup/proj/disk/naiss2026-4-902/shared/yizhil/Avalanche/avalanche-master/search_result_spike-all/tagfex/order1/lr005/search_spike_tagfex__order-1__lr-005__seed-069__summary.json,/nobackup/proj/disk/naiss2026-4-902/shared/yizhil/Avalanche/avalanche-master/search_result_spike-all/tagfex/order1/lr005/log/search_spike_tagfex__order-1__lr-005__seed-069.log
spike-all,spike,tagfex,1,69,0.05,16,18,54067303852062690,50758224859547820,3309078992514870,460083605627601987,3570432172138694,2151,1659894082816.687,/nobackup/proj/disk/naiss2026-4-902/shared/yizhil/Avalanche/avalanche-master/search_result_spike-all/tagfex/order1/lr005/search_spike_tagfex__order-1__lr-005__seed-069__summary.json,/nobackup/proj/disk/naiss2026-4-902/shared/yizhil/Avalanche/avalanche-master/search_result_spike-all/tagfex/order1/lr005/log/search_spike_tagfex__order-1__lr-005__seed-069.log
spike-all,spike,tagfex,1,69,0.05,17,18,56724897936319972,53348917991544964,3375979944775008,516808503563921959,3758512997413284,2159,1740858266518.427,/nobackup/proj/disk/naiss2026-4-902/shared/yizhil/Avalanche/avalanche-master/search_result_spike-all/tagfex/order1/lr005/search_spike_tagfex__order-1__lr-005__seed-069__summary.json,/nobackup/proj/disk/naiss2026-4-902/shared/yizhil/Avalanche/avalanche-master/search_result_spike-all/tagfex/order1/lr005/log/search_spike_tagfex__order-1__lr-005__seed-069.log
spike-all,spike,tagfex,1,69,0.05,18,18,59110807789920144,55676061949158186,3434745840761958,575919311353842103,3936349569457806,2156,1825765106427.5537,/nobackup/proj/disk/naiss2026-4-902/shared/yizhil/Avalanche/avalanche-master/search_result_spike-all/tagfex/order1/lr005/search_spike_tagfex__order-1__lr-005__seed-069__summary.json,/nobackup/proj/disk/naiss2026-4-902/shared/yizhil/Avalanche/avalanche-master/search_result_spike-all/tagfex/order1/lr005/log/search_spike_tagfex__order-1__lr-005__seed-069.log
spike-all,spike,tagfex,1,69,0.1,1,18,3243892533415310,3230446341138434,13446192276876,3243892533415310,174968511882598,483,362253647790.058,/nobackup/proj/disk/naiss2026-4-902/shared/yizhil/Avalanche/avalanche-master/search_result_spike-all/tagfex/order1/lr01/search_spike_tagfex__order-1__lr-01__seed-069__summary.json,/nobackup/proj/disk/naiss2026-4-902/shared/yizhil/Avalanche/avalanche-master/search_result_spike-all/tagfex/order1/lr01/log/search_spike_tagfex__order-1__lr-01__seed-069.log
spike-all,spike,tagfex,1,69,0.1,2,18,5910403530478881,5157071257917000,753332272561881,9154296063894191,329591904329705,644,511788671319.4177,/nobackup/proj/disk/naiss2026-4-902/shared/yizhil/Avalanche/avalanche-master/search_result_spike-all/tagfex/order1/lr01/search_spike_tagfex__order-1__lr-01__seed-069__summary.json,/nobackup/proj/disk/naiss2026-4-902/shared/yizhil/Avalanche/avalanche-master/search_result_spike-all/tagfex/order1/lr01/log/search_spike_tagfex__order-1__lr-01__seed-069.log
spike-all,spike,tagfex,1,69,0.1,3,18,8296702464787394,7333825034107556,962877430679838,17450998528681585,478624819292551,804,595304501607.6505,/nobackup/proj/disk/naiss2026-4-902/shared/yizhil/Avalanche/avalanche-master/search_result_spike-all/tagfex/order1/lr01/search_spike_tagfex__order-1__lr-01__seed-069__summary.json,/nobackup/proj/disk/naiss2026-4-902/shared/yizhil/Avalanche/avalanche-master/search_result_spike-all/tagfex/order1/lr01/log/search_spike_tagfex__order-1__lr-01__seed-069.log
spike-all,spike,tagfex,1,69,0.1,4,18,11059310822557184,9876753425095750,1182557397461434,28510309351238769,655062192001686,965,678820924354.0787,/nobackup/proj/disk/naiss2026-4-902/shared/yizhil/Avalanche/avalanche-master/search_result_spike-all/tagfex/order1/lr01/search_spike_tagfex__order-1__lr-01__seed-069__summary.json,/nobackup/proj/disk/naiss2026-4-902/shared/yizhil/Avalanche/avalanche-master/search_result_spike-all/tagfex/order1/lr01/log/search_spike_tagfex__order-1__lr-01__seed-069.log
spike-all,spike,tagfex,1,69,0.1,5,18,14189917379924684,12778716873157972,1411200506766712,42700226731163453,858391335385450,1126,762336887553.6857,/nobackup/proj/disk/naiss2026-4-902/shared/yizhil/Avalanche/avalanche-master/search_result_spike-all/tagfex/order1/lr01/search_spike_tagfex__order-1__lr-01__seed-069__summary.json,/nobackup/proj/disk/naiss2026-4-902/shared/yizhil/Avalanche/avalanche-master/search_result_spike-all/tagfex/order1/lr01/log/search_spike_tagfex__order-1__lr-01__seed-069.log
spike-all,spike,tagfex,1,69,0.1,6,18,17673582639871465,16026055211360874,1647527428510591,60373809371034918,1087726137543351,1286,845821257809.7598,/nobackup/proj/disk/naiss2026-4-902/shared/yizhil/Avalanche/avalanche-master/search_result_spike-all/tagfex/order1/lr01/search_spike_tagfex__order-1__lr-01__seed-069__summary.json,/nobackup/proj/disk/naiss2026-4-902/shared/yizhil/Avalanche/avalanche-master/search_result_spike-all/tagfex/order1/lr01/log/search_spike_tagfex__order-1__lr-01__seed-069.log
spike-all,spike,tagfex,1,69,0.1,7,18,21537917540416484,19643846661528644,1894070878887840,81911726911451402,1344797376533401,1447,929369299608.4319,/nobackup/proj/disk/naiss2026-4-902/shared/yizhil/Avalanche/avalanche-master/search_result_spike-all/tagfex/order1/lr01/search_spike_tagfex__order-1__lr-01__seed-069__summary.json,/nobackup/proj/disk/naiss2026-4-902/shared/yizhil/Avalanche/avalanche-master/search_result_spike-all/tagfex/order1/lr01/log/search_spike_tagfex__order-1__lr-01__seed-069.log
spike-all,spike,tagfex,1,69,0.1,8,18,25769897345001505,23620318193149246,2149579151852259,107681624256452907,1628665249569271,1608,1012851523363.9745,/nobackup/proj/disk/naiss2026-4-902/shared/yizhil/Avalanche/avalanche-master/search_result_spike-all/tagfex/order1/lr01/search_spike_tagfex__order-1__lr-01__seed-069__summary.json,/nobackup/proj/disk/naiss2026-4-902/shared/yizhil/Avalanche/avalanche-master/search_result_spike-all/tagfex/order1/lr01/log/search_spike_tagfex__order-1__lr-01__seed-069.log
spike-all,spike,tagfex,1,69,0.1,9,18,30368787263077516,27954736438794052,2414050824283464,138050411519530423,1939534705906102,1769,1096401755741.1543,/nobackup/proj/disk/naiss2026-4-902/shared/yizhil/Avalanche/avalanche-master/search_result_spike-all/tagfex/order1/lr01/search_spike_tagfex__order-1__lr-01__seed-069__summary.json,/nobackup/proj/disk/naiss2026-4-902/shared/yizhil/Avalanche/avalanche-master/search_result_spike-all/tagfex/order1/lr01/log/search_spike_tagfex__order-1__lr-01__seed-069.log
spike-all,spike,tagfex,1,69,0.1,10,18,35335156822130149,32647669666207510,2687487155922639,173385568341660572,2277173338711715,1930,1179882558917.987,/nobackup/proj/disk/naiss2026-4-902/shared/yizhil/Avalanche/avalanche-master/search_result_spike-all/tagfex/order1/lr01/search_spike_tagfex__order-1__lr-01__seed-069__summary.json,/nobackup/proj/disk/naiss2026-4-902/shared/yizhil/Avalanche/avalanche-master/search_result_spike-all/tagfex/order1/lr01/log/search_spike_tagfex__order-1__lr-01__seed-069.log
spike-all,spike,tagfex,1,69,0.1,11,18,40640228419168208,37699126589279612,2941101829888596,214025796760828780,2613055815788651,2091,1249668013289.6465,/nobackup/proj/disk/naiss2026-4-902/shared/yizhil/Avalanche/avalanche-master/search_result_spike-all/tagfex/order1/lr01/search_spike_tagfex__order-1__lr-01__seed-069__summary.json,/nobackup/proj/disk/naiss2026-4-902/shared/yizhil/Avalanche/avalanche-master/search_result_spike-all/tagfex/order1/lr01/log/search_spike_tagfex__order-1__lr-01__seed-069.log
spike-all,spike,tagfex,1,69,0.1,12,18,44222364380393070,41156596499856006,3065767880537064,258248161141221850,2847733652929860,2150,1324527280432.493,/nobackup/proj/disk/naiss2026-4-902/shared/yizhil/Avalanche/avalanche-master/search_result_spike-all/tagfex/order1/lr01/search_spike_tagfex__order-1__lr-01__seed-069__summary.json,/nobackup/proj/disk/naiss2026-4-902/shared/yizhil/Avalanche/avalanche-master/search_result_spike-all/tagfex/order1/lr01/log/search_spike_tagfex__order-1__lr-01__seed-069.log
spike-all,spike,tagfex,1,69,0.1,13,18,46658038573489444,43531721996349268,3126316577140176,304906199714711294,3027780964430984,2149,1408925530214.511,/nobackup/proj/disk/naiss2026-4-902/shared/yizhil/Avalanche/avalanche-master/search_result_spike-all/tagfex/order1/lr01/search_spike_tagfex__order-1__lr-01__seed-069__summary.json,/nobackup/proj/disk/naiss2026-4-902/shared/yizhil/Avalanche/avalanche-master/search_result_spike-all/tagfex/order1/lr01/log/search_spike_tagfex__order-1__lr-01__seed-069.log
spike-all,spike,tagfex,1,69,0.1,14,18,49267713446052423,46072213725978562,3195499720073861,354173913160763717,3217378603098989,2156,1492290632235.1526,/nobackup/proj/disk/naiss2026-4-902/shared/yizhil/Avalanche/avalanche-master/search_result_spike-all/tagfex/order1/lr01/search_spike_tagfex__order-1__lr-01__seed-069__summary.json,/nobackup/proj/disk/naiss2026-4-902/shared/yizhil/Avalanche/avalanche-master/search_result_spike-all/tagfex/order1/lr01/log/search_spike_tagfex__order-1__lr-01__seed-069.log
spike-all,spike,tagfex,1,69,0.1,15,18,51842388614775404,48585891405357336,3256497209418068,406016301775539121,3398746004382340,2161,1572765388423.1096,/nobackup/proj/disk/naiss2026-4-902/shared/yizhil/Avalanche/avalanche-master/search_result_spike-all/tagfex/order1/lr01/search_spike_tagfex__order-1__lr-01__seed-069__summary.json,/nobackup/proj/disk/naiss2026-4-902/shared/yizhil/Avalanche/avalanche-master/search_result_spike-all/tagfex/order1/lr01/log/search_spike_tagfex__order-1__lr-01__seed-069.log
spike-all,spike,tagfex,1,69,0.1,16,18,54067303852062690,50758224859547820,3309078992514870,460083605627601811,3570432172138694,2151,1659894082816.687,/nobackup/proj/disk/naiss2026-4-902/shared/yizhil/Avalanche/avalanche-master/search_result_spike-all/tagfex/order1/lr01/search_spike_tagfex__order-1__lr-01__seed-069__summary.json,/nobackup/proj/disk/naiss2026-4-902/shared/yizhil/Avalanche/avalanche-master/search_result_spike-all/tagfex/order1/lr01/log/search_spike_tagfex__order-1__lr-01__seed-069.log
spike-all,spike,tagfex,1,69,0.1,17,18,56724897936319972,53348917991544964,3375979944775008,516808503563921783,3758512997413284,2159,1740858266518.427,/nobackup/proj/disk/naiss2026-4-902/shared/yizhil/Avalanche/avalanche-master/search_result_spike-all/tagfex/order1/lr01/search_spike_tagfex__order-1__lr-01__seed-069__summary.json,/nobackup/proj/disk/naiss2026-4-902/shared/yizhil/Avalanche/avalanche-master/search_result_spike-all/tagfex/order1/lr01/log/search_spike_tagfex__order-1__lr-01__seed-069.log
spike-all,spike,tagfex,1,69,0.1,18,18,59110807789920144,55676061949158186,3434745840761958,575919311353841927,3936349569457806,2156,1825765106427.5537,/nobackup/proj/disk/naiss2026-4-902/shared/yizhil/Avalanche/avalanche-master/search_result_spike-all/tagfex/order1/lr01/search_spike_tagfex__order-1__lr-01__seed-069__summary.json,/nobackup/proj/disk/naiss2026-4-902/shared/yizhil/Avalanche/avalanche-master/search_result_spike-all/tagfex/order1/lr01/log/search_spike_tagfex__order-1__lr-01__seed-069.log
spike-all,spike,tagfex,1,71,0.01,1,18,3243892533415310,3230446341138434,13446192276876,3243892533415310,174968511882598,483,362253647790.058,/nobackup/proj/disk/naiss2026-4-902/shared/yizhil/Avalanche/avalanche-master/search_result_spike-all/tagfex/order1/lr001/search_spike_tagfex__order-1__lr-001__seed-071__summary.json,/nobackup/proj/disk/naiss2026-4-902/shared/yizhil/Avalanche/avalanche-master/search_result_spike-all/tagfex/order1/lr001/log/search_spike_tagfex__order-1__lr-001__seed-071.log
spike-all,spike,tagfex,1,71,0.01,2,18,5910376099888443,5157043827326562,753332272561881,9154268633303753,329591904329705,644,511788671319.4177,/nobackup/proj/disk/naiss2026-4-902/shared/yizhil/Avalanche/avalanche-master/search_result_spike-all/tagfex/order1/lr001/search_spike_tagfex__order-1__lr-001__seed-071__summary.json,/nobackup/proj/disk/naiss2026-4-902/shared/yizhil/Avalanche/avalanche-master/search_result_spike-all/tagfex/order1/lr001/log/search_spike_tagfex__order-1__lr-001__seed-071.log
spike-all,spike,tagfex,1,71,0.01,3,18,8296702464787394,7333825034107556,962877430679838,17450971098091147,478624819292551,804,595304501607.6505,/nobackup/proj/disk/naiss2026-4-902/shared/yizhil/Avalanche/avalanche-master/search_result_spike-all/tagfex/order1/lr001/search_spike_tagfex__order-1__lr-001__seed-071__summary.json,/nobackup/proj/disk/naiss2026-4-902/shared/yizhil/Avalanche/avalanche-master/search_result_spike-all/tagfex/order1/lr001/log/search_spike_tagfex__order-1__lr-001__seed-071.log
spike-all,spike,tagfex,1,71,0.01,4,18,11059242250020810,9876684852559376,1182557397461434,28510213348111957,655062192001686,965,678820924354.0787,/nobackup/proj/disk/naiss2026-4-902/shared/yizhil/Avalanche/avalanche-master/search_result_spike-all/tagfex/order1/lr001/search_spike_tagfex__order-1__lr-001__seed-071__summary.json,/nobackup/proj/disk/naiss2026-4-902/shared/yizhil/Avalanche/avalanche-master/search_result_spike-all/tagfex/order1/lr001/log/search_spike_tagfex__order-1__lr-001__seed-071.log
spike-all,spike,tagfex,1,71,0.01,5,18,14189917379924684,12778716873157972,1411200506766712,42700130728036641,858391335385450,1126,762336887553.6857,/nobackup/proj/disk/naiss2026-4-902/shared/yizhil/Avalanche/avalanche-master/search_result_spike-all/tagfex/order1/lr001/search_spike_tagfex__order-1__lr-001__seed-071__summary.json,/nobackup/proj/disk/naiss2026-4-902/shared/yizhil/Avalanche/avalanche-master/search_result_spike-all/tagfex/order1/lr001/log/search_spike_tagfex__order-1__lr-001__seed-071.log
spike-all,spike,tagfex,1,71,0.01,6,18,17673623781817437,16026096353306846,1647527428510591,60373754509854078,1087767279489323,1286,845853249991.6975,/nobackup/proj/disk/naiss2026-4-902/shared/yizhil/Avalanche/avalanche-master/search_result_spike-all/tagfex/order1/lr001/search_spike_tagfex__order-1__lr-001__seed-071__summary.json,/nobackup/proj/disk/naiss2026-4-902/shared/yizhil/Avalanche/avalanche-master/search_result_spike-all/tagfex/order1/lr001/log/search_spike_tagfex__order-1__lr-001__seed-071.log
spike-all,spike,tagfex,1,71,0.01,7,18,21538356311669996,19644285432782156,1894070878887840,81912110821524074,1344797376533401,1447,929369299608.4319,/nobackup/proj/disk/naiss2026-4-902/shared/yizhil/Avalanche/avalanche-master/search_result_spike-all/tagfex/order1/lr001/search_spike_tagfex__order-1__lr-001__seed-071__summary.json,/nobackup/proj/disk/naiss2026-4-902/shared/yizhil/Avalanche/avalanche-master/search_result_spike-all/tagfex/order1/lr001/log/search_spike_tagfex__order-1__lr-001__seed-071.log
spike-all,spike,tagfex,1,71,0.01,8,18,25769513371891481,23619934220039222,2149579151852259,107681624193415555,1628720102870703,1608,1012885636113.6212,/nobackup/proj/disk/naiss2026-4-902/shared/yizhil/Avalanche/avalanche-master/search_result_spike-all/tagfex/order1/lr001/search_spike_tagfex__order-1__lr-001__seed-071__summary.json,/nobackup/proj/disk/naiss2026-4-902/shared/yizhil/Avalanche/avalanche-master/search_result_spike-all/tagfex/order1/lr001/log/search_spike_tagfex__order-1__lr-001__seed-071.log
spike-all,spike,tagfex,1,71,0.01,9,18,30368506172411308,27954455348127844,2414050824283464,138050130365826863,1939534705906102,1769,1096401755741.1543,/nobackup/proj/disk/naiss2026-4-902/shared/yizhil/Avalanche/avalanche-master/search_result_spike-all/tagfex/order1/lr001/search_spike_tagfex__order-1__lr-001__seed-071__summary.json,/nobackup/proj/disk/naiss2026-4-902/shared/yizhil/Avalanche/avalanche-master/search_result_spike-all/tagfex/order1/lr001/log/search_spike_tagfex__order-1__lr-001__seed-071.log
spike-all,spike,tagfex,1,71,0.01,10,18,35335389899413321,32647902743490682,2687487155922639,173385520265240184,2277173338711715,1930,1179882558917.987,/nobackup/proj/disk/naiss2026-4-902/shared/yizhil/Avalanche/avalanche-master/search_result_spike-all/tagfex/order1/lr001/search_spike_tagfex__order-1__lr-001__seed-071__summary.json,/nobackup/proj/disk/naiss2026-4-902/shared/yizhil/Avalanche/avalanche-master/search_result_spike-all/tagfex/order1/lr001/log/search_spike_tagfex__order-1__lr-001__seed-071.log
spike-all,spike,tagfex,1,71,0.01,11,18,40640667190422232,37699565360533636,2941101829888596,214026187455662416,2613055815788651,2091,1249668013289.6465,/nobackup/proj/disk/naiss2026-4-902/shared/yizhil/Avalanche/avalanche-master/search_result_spike-all/tagfex/order1/lr001/search_spike_tagfex__order-1__lr-001__seed-071__summary.json,/nobackup/proj/disk/naiss2026-4-902/shared/yizhil/Avalanche/avalanche-master/search_result_spike-all/tagfex/order1/lr001/log/search_spike_tagfex__order-1__lr-001__seed-071.log
spike-all,spike,tagfex,1,71,0.01,12,18,44223420170522250,41157652289985186,3065767880537064,258249607626184666,2848172424184012,2150,1324731360085.587,/nobackup/proj/disk/naiss2026-4-902/shared/yizhil/Avalanche/avalanche-master/search_result_spike-all/tagfex/order1/lr001/search_spike_tagfex__order-1__lr-001__seed-071__summary.json,/nobackup/proj/disk/naiss2026-4-902/shared/yizhil/Avalanche/avalanche-master/search_result_spike-all/tagfex/order1/lr001/log/search_spike_tagfex__order-1__lr-001__seed-071.log
spike-all,spike,tagfex,1,71,0.01,13,18,46657161030980884,43530844453840708,3126316577140176,304906768657165550,3028473403640888,2149,1409247744830.567,/nobackup/proj/disk/naiss2026-4-902/shared/yizhil/Avalanche/avalanche-master/search_result_spike-all/tagfex/order1/lr001/search_spike_tagfex__order-1__lr-001__seed-071__summary.json,/nobackup/proj/disk/naiss2026-4-902/shared/yizhil/Avalanche/avalanche-master/search_result_spike-all/tagfex/order1/lr001/log/search_spike_tagfex__order-1__lr-001__seed-071.log
spike-all,spike,tagfex,1,71,0.01,14,18,49268289330861431,46072789610787570,3195499720073861,354175057988026981,3217378603098989,2156,1492290632235.1526,/nobackup/proj/disk/naiss2026-4-902/shared/yizhil/Avalanche/avalanche-master/search_result_spike-all/tagfex/order1/lr001/search_spike_tagfex__order-1__lr-001__seed-071__summary.json,/nobackup/proj/disk/naiss2026-4-902/shared/yizhil/Avalanche/avalanche-master/search_result_spike-all/tagfex/order1/lr001/log/search_spike_tagfex__order-1__lr-001__seed-071.log
spike-all,spike,tagfex,1,71,0.01,15,18,51844582471048084,48588085261630016,3256497209418068,406019640459075065,3398746004382340,2161,1572765388423.1096,/nobackup/proj/disk/naiss2026-4-902/shared/yizhil/Avalanche/avalanche-master/search_result_spike-all/tagfex/order1/lr001/search_spike_tagfex__order-1__lr-001__seed-071__summary.json,/nobackup/proj/disk/naiss2026-4-902/shared/yizhil/Avalanche/avalanche-master/search_result_spike-all/tagfex/order1/lr001/log/search_spike_tagfex__order-1__lr-001__seed-071.log
spike-all,spike,tagfex,1,71,0.01,16,18,54064403845223392,50755324852708522,3309078992514870,460084044304298457,3570432172138694,2151,1659894082816.687,/nobackup/proj/disk/naiss2026-4-902/shared/yizhil/Avalanche/avalanche-master/search_result_spike-all/tagfex/order1/lr001/search_spike_tagfex__order-1__lr-001__seed-071__summary.json,/nobackup/proj/disk/naiss2026-4-902/shared/yizhil/Avalanche/avalanche-master/search_result_spike-all/tagfex/order1/lr001/log/search_spike_tagfex__order-1__lr-001__seed-071.log
spike-all,spike,tagfex,1,71,0.01,17,18,56725220161053252,53349240216278244,3375979944775008,516809264465351709,3758512997413284,2159,1740858266518.427,/nobackup/proj/disk/naiss2026-4-902/shared/yizhil/Avalanche/avalanche-master/search_result_spike-all/tagfex/order1/lr001/search_spike_tagfex__order-1__lr-001__seed-071__summary.json,/nobackup/proj/disk/naiss2026-4-902/shared/yizhil/Avalanche/avalanche-master/search_result_spike-all/tagfex/order1/lr001/log/search_spike_tagfex__order-1__lr-001__seed-071.log
spike-all,spike,tagfex,1,71,0.01,18,18,59110807789920144,55676061949158186,3434745840761958,575920072255271853,3936788340712726,2156,1825968618141.3386,/nobackup/proj/disk/naiss2026-4-902/shared/yizhil/Avalanche/avalanche-master/search_result_spike-all/tagfex/order1/lr001/search_spike_tagfex__order-1__lr-001__seed-071__summary.json,/nobackup/proj/disk/naiss2026-4-902/shared/yizhil/Avalanche/avalanche-master/search_result_spike-all/tagfex/order1/lr001/log/search_spike_tagfex__order-1__lr-001__seed-071.log
spike-all,spike,tagfex,1,71,0.05,1,18,3243892533415310,3230446341138434,13446192276876,3243892533415310,174968511882598,483,362253647790.058,/nobackup/proj/disk/naiss2026-4-902/shared/yizhil/Avalanche/avalanche-master/search_result_spike-all/tagfex/order1/lr005/search_spike_tagfex__order-1__lr-005__seed-071__summary.json,/nobackup/proj/disk/naiss2026-4-902/shared/yizhil/Avalanche/avalanche-master/search_result_spike-all/tagfex/order1/lr005/log/search_spike_tagfex__order-1__lr-005__seed-071.log
spike-all,spike,tagfex,1,71,0.05,2,18,5910376099888443,5157043827326562,753332272561881,9154268633303753,329591904329705,644,511788671319.4177,/nobackup/proj/disk/naiss2026-4-902/shared/yizhil/Avalanche/avalanche-master/search_result_spike-all/tagfex/order1/lr005/search_spike_tagfex__order-1__lr-005__seed-071__summary.json,/nobackup/proj/disk/naiss2026-4-902/shared/yizhil/Avalanche/avalanche-master/search_result_spike-all/tagfex/order1/lr005/log/search_spike_tagfex__order-1__lr-005__seed-071.log
spike-all,spike,tagfex,1,71,0.05,3,18,8296702464787394,7333825034107556,962877430679838,17450971098091147,478624819292551,804,595304501607.6505,/nobackup/proj/disk/naiss2026-4-902/shared/yizhil/Avalanche/avalanche-master/search_result_spike-all/tagfex/order1/lr005/search_spike_tagfex__order-1__lr-005__seed-071__summary.json,/nobackup/proj/disk/naiss2026-4-902/shared/yizhil/Avalanche/avalanche-master/search_result_spike-all/tagfex/order1/lr005/log/search_spike_tagfex__order-1__lr-005__seed-071.log
spike-all,spike,tagfex,1,71,0.05,4,18,11059242250020810,9876684852559376,1182557397461434,28510213348111957,655062192001686,965,678820924354.0787,/nobackup/proj/disk/naiss2026-4-902/shared/yizhil/Avalanche/avalanche-master/search_result_spike-all/tagfex/order1/lr005/search_spike_tagfex__order-1__lr-005__seed-071__summary.json,/nobackup/proj/disk/naiss2026-4-902/shared/yizhil/Avalanche/avalanche-master/search_result_spike-all/tagfex/order1/lr005/log/search_spike_tagfex__order-1__lr-005__seed-071.log
spike-all,spike,tagfex,1,71,0.05,5,18,14189917379924684,12778716873157972,1411200506766712,42700130728036641,858391335385450,1126,762336887553.6857,/nobackup/proj/disk/naiss2026-4-902/shared/yizhil/Avalanche/avalanche-master/search_result_spike-all/tagfex/order1/lr005/search_spike_tagfex__order-1__lr-005__seed-071__summary.json,/nobackup/proj/disk/naiss2026-4-902/shared/yizhil/Avalanche/avalanche-master/search_result_spike-all/tagfex/order1/lr005/log/search_spike_tagfex__order-1__lr-005__seed-071.log
spike-all,spike,tagfex,1,71,0.05,6,18,17673623781817437,16026096353306846,1647527428510591,60373754509854078,1087767279489323,1286,845853249991.6975,/nobackup/proj/disk/naiss2026-4-902/shared/yizhil/Avalanche/avalanche-master/search_result_spike-all/tagfex/order1/lr005/search_spike_tagfex__order-1__lr-005__seed-071__summary.json,/nobackup/proj/disk/naiss2026-4-902/shared/yizhil/Avalanche/avalanche-master/search_result_spike-all/tagfex/order1/lr005/log/search_spike_tagfex__order-1__lr-005__seed-071.log
spike-all,spike,tagfex,1,71,0.05,7,18,21538356311669996,19644285432782156,1894070878887840,81912110821524074,1344797376533401,1447,929369299608.4319,/nobackup/proj/disk/naiss2026-4-902/shared/yizhil/Avalanche/avalanche-master/search_result_spike-all/tagfex/order1/lr005/search_spike_tagfex__order-1__lr-005__seed-071__summary.json,/nobackup/proj/disk/naiss2026-4-902/shared/yizhil/Avalanche/avalanche-master/search_result_spike-all/tagfex/order1/lr005/log/search_spike_tagfex__order-1__lr-005__seed-071.log
spike-all,spike,tagfex,1,71,0.05,8,18,25769513371891481,23619934220039222,2149579151852259,107681624193415555,1628720102870703,1608,1012885636113.6212,/nobackup/proj/disk/naiss2026-4-902/shared/yizhil/Avalanche/avalanche-master/search_result_spike-all/tagfex/order1/lr005/search_spike_tagfex__order-1__lr-005__seed-071__summary.json,/nobackup/proj/disk/naiss2026-4-902/shared/yizhil/Avalanche/avalanche-master/search_result_spike-all/tagfex/order1/lr005/log/search_spike_tagfex__order-1__lr-005__seed-071.log
spike-all,spike,tagfex,1,71,0.05,9,18,30368506172411308,27954455348127844,2414050824283464,138050130365826863,1939534705906102,1769,1096401755741.1543,/nobackup/proj/disk/naiss2026-4-902/shared/yizhil/Avalanche/avalanche-master/search_result_spike-all/tagfex/order1/lr005/search_spike_tagfex__order-1__lr-005__seed-071__summary.json,/nobackup/proj/disk/naiss2026-4-902/shared/yizhil/Avalanche/avalanche-master/search_result_spike-all/tagfex/order1/lr005/log/search_spike_tagfex__order-1__lr-005__seed-071.log
spike-all,spike,tagfex,1,71,0.05,10,18,35335389899413321,32647902743490682,2687487155922639,173385520265240184,2277173338711715,1930,1179882558917.987,/nobackup/proj/disk/naiss2026-4-902/shared/yizhil/Avalanche/avalanche-master/search_result_spike-all/tagfex/order1/lr005/search_spike_tagfex__order-1__lr-005__seed-071__summary.json,/nobackup/proj/disk/naiss2026-4-902/shared/yizhil/Avalanche/avalanche-master/search_result_spike-all/tagfex/order1/lr005/log/search_spike_tagfex__order-1__lr-005__seed-071.log
spike-all,spike,tagfex,1,71,0.05,11,18,40640667190422232,37699565360533636,2941101829888596,214026187455662416,2613055815788651,2091,1249668013289.6465,/nobackup/proj/disk/naiss2026-4-902/shared/yizhil/Avalanche/avalanche-master/search_result_spike-all/tagfex/order1/lr005/search_spike_tagfex__order-1__lr-005__seed-071__summary.json,/nobackup/proj/disk/naiss2026-4-902/shared/yizhil/Avalanche/avalanche-master/search_result_spike-all/tagfex/order1/lr005/log/search_spike_tagfex__order-1__lr-005__seed-071.log
spike-all,spike,tagfex,1,71,0.05,12,18,44223420170522250,41157652289985186,3065767880537064,258249607626184666,2848172424184012,2150,1324731360085.587,/nobackup/proj/disk/naiss2026-4-902/shared/yizhil/Avalanche/avalanche-master/search_result_spike-all/tagfex/order1/lr005/search_spike_tagfex__order-1__lr-005__seed-071__summary.json,/nobackup/proj/disk/naiss2026-4-902/shared/yizhil/Avalanche/avalanche-master/search_result_spike-all/tagfex/order1/lr005/log/search_spike_tagfex__order-1__lr-005__seed-071.log
spike-all,spike,tagfex,1,71,0.05,13,18,46657161030980884,43530844453840708,3126316577140176,304906768657165550,3028473403640888,2149,1409247744830.567,/nobackup/proj/disk/naiss2026-4-902/shared/yizhil/Avalanche/avalanche-master/search_result_spike-all/tagfex/order1/lr005/search_spike_tagfex__order-1__lr-005__seed-071__summary.json,/nobackup/proj/disk/naiss2026-4-902/shared/yizhil/Avalanche/avalanche-master/search_result_spike-all/tagfex/order1/lr005/log/search_spike_tagfex__order-1__lr-005__seed-071.log
spike-all,spike,tagfex,1,71,0.05,14,18,49268289330861431,46072789610787570,3195499720073861,354175057988026981,3217378603098989,2156,1492290632235.1526,/nobackup/proj/disk/naiss2026-4-902/shared/yizhil/Avalanche/avalanche-master/search_result_spike-all/tagfex/order1/lr005/search_spike_tagfex__order-1__lr-005__seed-071__summary.json,/nobackup/proj/disk/naiss2026-4-902/shared/yizhil/Avalanche/avalanche-master/search_result_spike-all/tagfex/order1/lr005/log/search_spike_tagfex__order-1__lr-005__seed-071.log
spike-all,spike,tagfex,1,71,0.05,15,18,51844582471048084,48588085261630016,3256497209418068,406019640459075065,3398746004382340,2161,1572765388423.1096,/nobackup/proj/disk/naiss2026-4-902/shared/yizhil/Avalanche/avalanche-master/search_result_spike-all/tagfex/order1/lr005/search_spike_tagfex__order-1__lr-005__seed-071__summary.json,/nobackup/proj/disk/naiss2026-4-902/shared/yizhil/Avalanche/avalanche-master/search_result_spike-all/tagfex/order1/lr005/log/search_spike_tagfex__order-1__lr-005__seed-071.log
spike-all,spike,tagfex,1,71,0.05,16,18,54064403845223392,50755324852708522,3309078992514870,460084044304298457,3570432172138694,2151,1659894082816.687,/nobackup/proj/disk/naiss2026-4-902/shared/yizhil/Avalanche/avalanche-master/search_result_spike-all/tagfex/order1/lr005/search_spike_tagfex__order-1__lr-005__seed-071__summary.json,/nobackup/proj/disk/naiss2026-4-902/shared/yizhil/Avalanche/avalanche-master/search_result_spike-all/tagfex/order1/lr005/log/search_spike_tagfex__order-1__lr-005__seed-071.log
spike-all,spike,tagfex,1,71,0.05,17,18,56725220161053252,53349240216278244,3375979944775008,516809264465351709,3758512997413284,2159,1740858266518.427,/nobackup/proj/disk/naiss2026-4-902/shared/yizhil/Avalanche/avalanche-master/search_result_spike-all/tagfex/order1/lr005/search_spike_tagfex__order-1__lr-005__seed-071__summary.json,/nobackup/proj/disk/naiss2026-4-902/shared/yizhil/Avalanche/avalanche-master/search_result_spike-all/tagfex/order1/lr005/log/search_spike_tagfex__order-1__lr-005__seed-071.log
spike-all,spike,tagfex,1,71,0.05,18,18,59110807789920144,55676061949158186,3434745840761958,575920072255271853,3936788340712726,2156,1825968618141.3386,/nobackup/proj/disk/naiss2026-4-902/shared/yizhil/Avalanche/avalanche-master/search_result_spike-all/tagfex/order1/lr005/search_spike_tagfex__order-1__lr-005__seed-071__summary.json,/nobackup/proj/disk/naiss2026-4-902/shared/yizhil/Avalanche/avalanche-master/search_result_spike-all/tagfex/order1/lr005/log/search_spike_tagfex__order-1__lr-005__seed-071.log
spike-all,spike,tagfex,1,71,0.1,1,18,3243892533415310,3230446341138434,13446192276876,3243892533415310,174968511882598,483,362253647790.058,/nobackup/proj/disk/naiss2026-4-902/shared/yizhil/Avalanche/avalanche-master/search_result_spike-all/tagfex/order1/lr01/search_spike_tagfex__order-1__lr-01__seed-071__summary.json,/nobackup/proj/disk/naiss2026-4-902/shared/yizhil/Avalanche/avalanche-master/search_result_spike-all/tagfex/order1/lr01/log/search_spike_tagfex__order-1__lr-01__seed-071.log
spike-all,spike,tagfex,1,71,0.1,2,18,5910376099888443,5157043827326562,753332272561881,9154268633303753,329591904329705,644,511788671319.4177,/nobackup/proj/disk/naiss2026-4-902/shared/yizhil/Avalanche/avalanche-master/search_result_spike-all/tagfex/order1/lr01/search_spike_tagfex__order-1__lr-01__seed-071__summary.json,/nobackup/proj/disk/naiss2026-4-902/shared/yizhil/Avalanche/avalanche-master/search_result_spike-all/tagfex/order1/lr01/log/search_spike_tagfex__order-1__lr-01__seed-071.log
spike-all,spike,tagfex,1,71,0.1,3,18,8296702464787394,7333825034107556,962877430679838,17450971098091147,478624819292551,804,595304501607.6505,/nobackup/proj/disk/naiss2026-4-902/shared/yizhil/Avalanche/avalanche-master/search_result_spike-all/tagfex/order1/lr01/search_spike_tagfex__order-1__lr-01__seed-071__summary.json,/nobackup/proj/disk/naiss2026-4-902/shared/yizhil/Avalanche/avalanche-master/search_result_spike-all/tagfex/order1/lr01/log/search_spike_tagfex__order-1__lr-01__seed-071.log
spike-all,spike,tagfex,1,71,0.1,4,18,11059242250020708,9876684852559274,1182557397461434,28510213348111855,655062192001686,965,678820924354.0787,/nobackup/proj/disk/naiss2026-4-902/shared/yizhil/Avalanche/avalanche-master/search_result_spike-all/tagfex/order1/lr01/search_spike_tagfex__order-1__lr-01__seed-071__summary.json,/nobackup/proj/disk/naiss2026-4-902/shared/yizhil/Avalanche/avalanche-master/search_result_spike-all/tagfex/order1/lr01/log/search_spike_tagfex__order-1__lr-01__seed-071.log
spike-all,spike,tagfex,1,71,0.1,5,18,14189917379924684,12778716873157972,1411200506766712,42700130728036539,858391335385450,1126,762336887553.6857,/nobackup/proj/disk/naiss2026-4-902/shared/yizhil/Avalanche/avalanche-master/search_result_spike-all/tagfex/order1/lr01/search_spike_tagfex__order-1__lr-01__seed-071__summary.json,/nobackup/proj/disk/naiss2026-4-902/shared/yizhil/Avalanche/avalanche-master/search_result_spike-all/tagfex/order1/lr01/log/search_spike_tagfex__order-1__lr-01__seed-071.log
spike-all,spike,tagfex,1,71,0.1,6,18,17673623781817437,16026096353306846,1647527428510591,60373754509853976,1087767279489323,1286,845853249991.6975,/nobackup/proj/disk/naiss2026-4-902/shared/yizhil/Avalanche/avalanche-master/search_result_spike-all/tagfex/order1/lr01/search_spike_tagfex__order-1__lr-01__seed-071__summary.json,/nobackup/proj/disk/naiss2026-4-902/shared/yizhil/Avalanche/avalanche-master/search_result_spike-all/tagfex/order1/lr01/log/search_spike_tagfex__order-1__lr-01__seed-071.log
spike-all,spike,tagfex,1,71,0.1,7,18,21538356311669996,19644285432782156,1894070878887840,81912110821523972,1344797376533401,1447,929369299608.4319,/nobackup/proj/disk/naiss2026-4-902/shared/yizhil/Avalanche/avalanche-master/search_result_spike-all/tagfex/order1/lr01/search_spike_tagfex__order-1__lr-01__seed-071__summary.json,/nobackup/proj/disk/naiss2026-4-902/shared/yizhil/Avalanche/avalanche-master/search_result_spike-all/tagfex/order1/lr01/log/search_spike_tagfex__order-1__lr-01__seed-071.log
spike-all,spike,tagfex,1,71,0.1,8,18,25769513371891481,23619934220039222,2149579151852259,107681624193415453,1628720102870703,1608,1012885636113.6212,/nobackup/proj/disk/naiss2026-4-902/shared/yizhil/Avalanche/avalanche-master/search_result_spike-all/tagfex/order1/lr01/search_spike_tagfex__order-1__lr-01__seed-071__summary.json,/nobackup/proj/disk/naiss2026-4-902/shared/yizhil/Avalanche/avalanche-master/search_result_spike-all/tagfex/order1/lr01/log/search_spike_tagfex__order-1__lr-01__seed-071.log
spike-all,spike,tagfex,1,71,0.1,9,18,30368506172411308,27954455348127844,2414050824283464,138050130365826761,1939534705906102,1769,1096401755741.1543,/nobackup/proj/disk/naiss2026-4-902/shared/yizhil/Avalanche/avalanche-master/search_result_spike-all/tagfex/order1/lr01/search_spike_tagfex__order-1__lr-01__seed-071__summary.json,/nobackup/proj/disk/naiss2026-4-902/shared/yizhil/Avalanche/avalanche-master/search_result_spike-all/tagfex/order1/lr01/log/search_spike_tagfex__order-1__lr-01__seed-071.log
spike-all,spike,tagfex,1,71,0.1,10,18,35335389899413321,32647902743490682,2687487155922639,173385520265240082,2277173338711715,1930,1179882558917.987,/nobackup/proj/disk/naiss2026-4-902/shared/yizhil/Avalanche/avalanche-master/search_result_spike-all/tagfex/order1/lr01/search_spike_tagfex__order-1__lr-01__seed-071__summary.json,/nobackup/proj/disk/naiss2026-4-902/shared/yizhil/Avalanche/avalanche-master/search_result_spike-all/tagfex/order1/lr01/log/search_spike_tagfex__order-1__lr-01__seed-071.log
spike-all,spike,tagfex,1,71,0.1,11,18,40640667190422232,37699565360533636,2941101829888596,214026187455662314,2613055815788651,2091,1249668013289.6465,/nobackup/proj/disk/naiss2026-4-902/shared/yizhil/Avalanche/avalanche-master/search_result_spike-all/tagfex/order1/lr01/search_spike_tagfex__order-1__lr-01__seed-071__summary.json,/nobackup/proj/disk/naiss2026-4-902/shared/yizhil/Avalanche/avalanche-master/search_result_spike-all/tagfex/order1/lr01/log/search_spike_tagfex__order-1__lr-01__seed-071.log
spike-all,spike,tagfex,1,71,0.1,12,18,44223420170522250,41157652289985186,3065767880537064,258249607626184564,2848172424184012,2150,1324731360085.587,/nobackup/proj/disk/naiss2026-4-902/shared/yizhil/Avalanche/avalanche-master/search_result_spike-all/tagfex/order1/lr01/search_spike_tagfex__order-1__lr-01__seed-071__summary.json,/nobackup/proj/disk/naiss2026-4-902/shared/yizhil/Avalanche/avalanche-master/search_result_spike-all/tagfex/order1/lr01/log/search_spike_tagfex__order-1__lr-01__seed-071.log
spike-all,spike,tagfex,1,71,0.1,13,18,46657161030980884,43530844453840708,3126316577140176,304906768657165448,3028473403640888,2149,1409247744830.567,/nobackup/proj/disk/naiss2026-4-902/shared/yizhil/Avalanche/avalanche-master/search_result_spike-all/tagfex/order1/lr01/search_spike_tagfex__order-1__lr-01__seed-071__summary.json,/nobackup/proj/disk/naiss2026-4-902/shared/yizhil/Avalanche/avalanche-master/search_result_spike-all/tagfex/order1/lr01/log/search_spike_tagfex__order-1__lr-01__seed-071.log
spike-all,spike,tagfex,1,71,0.1,14,18,49268289330861431,46072789610787570,3195499720073861,354175057988026879,3217378603098989,2156,1492290632235.1526,/nobackup/proj/disk/naiss2026-4-902/shared/yizhil/Avalanche/avalanche-master/search_result_spike-all/tagfex/order1/lr01/search_spike_tagfex__order-1__lr-01__seed-071__summary.json,/nobackup/proj/disk/naiss2026-4-902/shared/yizhil/Avalanche/avalanche-master/search_result_spike-all/tagfex/order1/lr01/log/search_spike_tagfex__order-1__lr-01__seed-071.log
spike-all,spike,tagfex,1,71,0.1,15,18,51844582471048084,48588085261630016,3256497209418068,406019640459074963,3398746004382340,2161,1572765388423.1096,/nobackup/proj/disk/naiss2026-4-902/shared/yizhil/Avalanche/avalanche-master/search_result_spike-all/tagfex/order1/lr01/search_spike_tagfex__order-1__lr-01__seed-071__summary.json,/nobackup/proj/disk/naiss2026-4-902/shared/yizhil/Avalanche/avalanche-master/search_result_spike-all/tagfex/order1/lr01/log/search_spike_tagfex__order-1__lr-01__seed-071.log
spike-all,spike,tagfex,1,71,0.1,16,18,54064403845223392,50755324852708522,3309078992514870,460084044304298355,3570432172138694,2151,1659894082816.687,/nobackup/proj/disk/naiss2026-4-902/shared/yizhil/Avalanche/avalanche-master/search_result_spike-all/tagfex/order1/lr01/search_spike_tagfex__order-1__lr-01__seed-071__summary.json,/nobackup/proj/disk/naiss2026-4-902/shared/yizhil/Avalanche/avalanche-master/search_result_spike-all/tagfex/order1/lr01/log/search_spike_tagfex__order-1__lr-01__seed-071.log
spike-all,spike,tagfex,1,71,0.1,17,18,56725220161053252,53349240216278244,3375979944775008,516809264465351607,3758512997413284,2159,1740858266518.427,/nobackup/proj/disk/naiss2026-4-902/shared/yizhil/Avalanche/avalanche-master/search_result_spike-all/tagfex/order1/lr01/search_spike_tagfex__order-1__lr-01__seed-071__summary.json,/nobackup/proj/disk/naiss2026-4-902/shared/yizhil/Avalanche/avalanche-master/search_result_spike-all/tagfex/order1/lr01/log/search_spike_tagfex__order-1__lr-01__seed-071.log
spike-all,spike,tagfex,1,71,0.1,18,18,59110807789920144,55676061949158186,3434745840761958,575920072255271751,3936788340712726,2156,1825968618141.3386,/nobackup/proj/disk/naiss2026-4-902/shared/yizhil/Avalanche/avalanche-master/search_result_spike-all/tagfex/order1/lr01/search_spike_tagfex__order-1__lr-01__seed-071__summary.json,/nobackup/proj/disk/naiss2026-4-902/shared/yizhil/Avalanche/avalanche-master/search_result_spike-all/tagfex/order1/lr01/log/search_spike_tagfex__order-1__lr-01__seed-071.log
spike-all,spike,tagfex,2,63,0.01,1,18,3250608639051466,3237134607659834,13474031391632,3250608639051466,175330764323424,484,362253645296.33057,/nobackup/proj/disk/naiss2026-4-902/shared/yizhil/Avalanche/avalanche-master/search_result_spike-all/tagfex/order2/lr001/search_spike_tagfex__order-2__lr-001__seed-063__summary.json,/nobackup/proj/disk/naiss2026-4-902/shared/yizhil/Avalanche/avalanche-master/search_result_spike-all/tagfex/order2/lr001/log/search_spike_tagfex__order-2__lr-001__seed-063.log
spike-all,spike,tagfex,2,63,0.01,2,18,5919608594860968,5165106587659194,754502007201774,9170217233912434,330069392888116,645,511735492849.79224,/nobackup/proj/disk/naiss2026-4-902/shared/yizhil/Avalanche/avalanche-master/search_result_spike-all/tagfex/order2/lr001/search_spike_tagfex__order-2__lr-001__seed-063__summary.json,/nobackup/proj/disk/naiss2026-4-902/shared/yizhil/Avalanche/avalanche-master/search_result_spike-all/tagfex/order2/lr001/log/search_spike_tagfex__order-2__lr-001__seed-063.log
spike-all,spike,tagfex,2,63,0.01,3,18,8307021735007104,7342946689025356,964075045981748,17477238968919538,479220123103011,805,595304500749.082,/nobackup/proj/disk/naiss2026-4-902/shared/yizhil/Avalanche/avalanche-master/search_result_spike-all/tagfex/order2/lr001/search_spike_tagfex__order-2__lr-001__seed-063__summary.json,/nobackup/proj/disk/naiss2026-4-902/shared/yizhil/Avalanche/avalanche-master/search_result_spike-all/tagfex/order2/lr001/log/search_spike_tagfex__order-2__lr-001__seed-063.log
spike-all,spike,tagfex,2,63,0.01,4,18,11070805525575507,9887022714753698,1183782810821809,28548044494495045,655740999515057,966,678820910471.0735,/nobackup/proj/disk/naiss2026-4-902/shared/yizhil/Avalanche/avalanche-master/search_result_spike-all/tagfex/order2/lr001/search_spike_tagfex__order-2__lr-001__seed-063__summary.json,/nobackup/proj/disk/naiss2026-4-902/shared/yizhil/Avalanche/avalanche-master/search_result_spike-all/tagfex/order2/lr001/log/search_spike_tagfex__order-2__lr-001__seed-063.log
spike-all,spike,tagfex,2,63,0.01,5,18,14202519441628732,12790065639524332,1412453802104400,42750563936123777,859153672312836,1127,762336887589.0293,/nobackup/proj/disk/naiss2026-4-902/shared/yizhil/Avalanche/avalanche-master/search_result_spike-all/tagfex/order2/lr001/search_spike_tagfex__order-2__lr-001__seed-063__summary.json,/nobackup/proj/disk/naiss2026-4-902/shared/yizhil/Avalanche/avalanche-master/search_result_spike-all/tagfex/order2/lr001/log/search_spike_tagfex__order-2__lr-001__seed-063.log
spike-all,spike,tagfex,2,63,0.01,6,18,17701233619562299,16051144003086378,1650089616475921,60451797555686076,1089458962881845,1288,845853232051.122,/nobackup/proj/disk/naiss2026-4-902/shared/yizhil/Avalanche/avalanche-master/search_result_spike-all/tagfex/order2/lr001/search_spike_tagfex__order-2__lr-001__seed-063__summary.json,/nobackup/proj/disk/naiss2026-4-902/shared/yizhil/Avalanche/avalanche-master/search_result_spike-all/tagfex/order2/lr001/log/search_spike_tagfex__order-2__lr-001__seed-063.log
spike-all,spike,tagfex,2,63,0.01,7,18,21553241154929390,19657861304859796,1895379850069594,82005038710615466,1345726743344777,1448,929369297890.0393,/nobackup/proj/disk/naiss2026-4-902/shared/yizhil/Avalanche/avalanche-master/search_result_spike-all/tagfex/order2/lr001/search_spike_tagfex__order-2__lr-001__seed-063__summary.json,/nobackup/proj/disk/naiss2026-4-902/shared/yizhil/Avalanche/avalanche-master/search_result_spike-all/tagfex/order2/lr001/log/search_spike_tagfex__order-2__lr-001__seed-063.log
spike-all,spike,tagfex,2,63,0.01,8,18,25785889052404110,23634973128414736,2150915923989374,107790927763019576,1629732976331102,1609,1012885628546.3655,/nobackup/proj/disk/naiss2026-4-902/shared/yizhil/Avalanche/avalanche-master/search_result_spike-all/tagfex/order2/lr001/search_spike_tagfex__order-2__lr-001__seed-063__summary.json,/nobackup/proj/disk/naiss2026-4-902/shared/yizhil/Avalanche/avalanche-master/search_result_spike-all/tagfex/order2/lr001/log/search_spike_tagfex__order-2__lr-001__seed-063.log
spike-all,spike,tagfex,2,63,0.01,9,18,30386674764613672,27971259286207588,2415415478406084,138177602527633248,1940631108837860,1770,1096401756405.5707,/nobackup/proj/disk/naiss2026-4-902/shared/yizhil/Avalanche/avalanche-master/search_result_spike-all/tagfex/order2/lr001/search_spike_tagfex__order-2__lr-001__seed-063__summary.json,/nobackup/proj/disk/naiss2026-4-902/shared/yizhil/Avalanche/avalanche-master/search_result_spike-all/tagfex/order2/lr001/log/search_spike_tagfex__order-2__lr-001__seed-063.log
spike-all,spike,tagfex,2,63,0.01,10,18,35354007184664424,32665127576548412,2688879608116012,173531609712297672,2278346389754678,1931,1179879021105.478,/nobackup/proj/disk/naiss2026-4-902/shared/yizhil/Avalanche/avalanche-master/search_result_spike-all/tagfex/order2/lr001/search_spike_tagfex__order-2__lr-001__seed-063__summary.json,/nobackup/proj/disk/naiss2026-4-902/shared/yizhil/Avalanche/avalanche-master/search_result_spike-all/tagfex/order2/lr001/log/search_spike_tagfex__order-2__lr-001__seed-063.log
spike-all,spike,tagfex,2,63,0.01,11,18,40659070969735504,37716855031471308,2942215938264196,214190680682033176,2614013026201993,2092,1249528215201.7175,/nobackup/proj/disk/naiss2026-4-902/shared/yizhil/Avalanche/avalanche-master/search_result_spike-all/tagfex/order2/lr001/search_spike_tagfex__order-2__lr-001__seed-063__summary.json,/nobackup/proj/disk/naiss2026-4-902/shared/yizhil/Avalanche/avalanche-master/search_result_spike-all/tagfex/order2/lr001/log/search_spike_tagfex__order-2__lr-001__seed-063.log
spike-all,spike,tagfex,2,63,0.01,12,18,44222282104380670,41156514223843606,3065767880537064,258412962786413846,2848172424184012,2150,1324731360085.587,/nobackup/proj/disk/naiss2026-4-902/shared/yizhil/Avalanche/avalanche-master/search_result_spike-all/tagfex/order2/lr001/search_spike_tagfex__order-2__lr-001__seed-063__summary.json,/nobackup/proj/disk/naiss2026-4-902/shared/yizhil/Avalanche/avalanche-master/search_result_spike-all/tagfex/order2/lr001/log/search_spike_tagfex__order-2__lr-001__seed-063.log
spike-all,spike,tagfex,2,63,0.01,13,18,46656975927682228,43530659350542052,3126316577140176,305069938714096074,3028473403640888,2149,1409247744830.567,/nobackup/proj/disk/naiss2026-4-902/shared/yizhil/Avalanche/avalanche-master/search_result_spike-all/tagfex/order2/lr001/search_spike_tagfex__order-2__lr-001__seed-063__summary.json,/nobackup/proj/disk/naiss2026-4-902/shared/yizhil/Avalanche/avalanche-master/search_result_spike-all/tagfex/order2/lr001/log/search_spike_tagfex__order-2__lr-001__seed-063.log
spike-all,spike,tagfex,2,63,0.01,14,18,49268728102115839,46073228382041978,3195499720073861,354338666816211913,3217378603098989,2156,1492290632235.1526,/nobackup/proj/disk/naiss2026-4-902/shared/yizhil/Avalanche/avalanche-master/search_result_spike-all/tagfex/order2/lr001/search_spike_tagfex__order-2__lr-001__seed-063__summary.json,/nobackup/proj/disk/naiss2026-4-902/shared/yizhil/Avalanche/avalanche-master/search_result_spike-all/tagfex/order2/lr001/log/search_spike_tagfex__order-2__lr-001__seed-063.log
spike-all,spike,tagfex,2,63,0.01,15,18,51843266157284476,48586768947866408,3256497209418068,406181932973496389,3398746004382340,2161,1572765388423.1096,/nobackup/proj/disk/naiss2026-4-902/shared/yizhil/Avalanche/avalanche-master/search_result_spike-all/tagfex/order2/lr001/search_spike_tagfex__order-2__lr-001__seed-063__summary.json,/nobackup/proj/disk/naiss2026-4-902/shared/yizhil/Avalanche/avalanche-master/search_result_spike-all/tagfex/order2/lr001/log/search_spike_tagfex__order-2__lr-001__seed-063.log
spike-all,spike,tagfex,2,63,0.01,16,18,54040837045175053,50733317578464442,3307519466710611,460222770018671442,3568751151913199,2150,1659884256703.8135,/nobackup/proj/disk/naiss2026-4-902/shared/yizhil/Avalanche/avalanche-master/search_result_spike-all/tagfex/order2/lr001/search_spike_tagfex__order-2__lr-001__seed-063__summary.json,/nobackup/proj/disk/naiss2026-4-902/shared/yizhil/Avalanche/avalanche-master/search_result_spike-all/tagfex/order2/lr001/log/search_spike_tagfex__order-2__lr-001__seed-063.log
spike-all,spike,tagfex,2,63,0.01,17,18,56726536474817628,53350556530042620,3375979944775008,516949306493489070,3758512997413284,2159,1740858266518.427,/nobackup/proj/disk/naiss2026-4-902/shared/yizhil/Avalanche/avalanche-master/search_result_spike-all/tagfex/order2/lr001/search_spike_tagfex__order-2__lr-001__seed-063__summary.json,/nobackup/proj/disk/naiss2026-4-902/shared/yizhil/Avalanche/avalanche-master/search_result_spike-all/tagfex/order2/lr001/log/search_spike_tagfex__order-2__lr-001__seed-063.log
spike-all,spike,tagfex,2,63,0.01,18,18,59111246561175064,55676500720413106,3434745840761958,576060553054664134,3936349569457806,2156,1825765106427.5537,/nobackup/proj/disk/naiss2026-4-902/shared/yizhil/Avalanche/avalanche-master/search_result_spike-all/tagfex/order2/lr001/search_spike_tagfex__order-2__lr-001__seed-063__summary.json,/nobackup/proj/disk/naiss2026-4-902/shared/yizhil/Avalanche/avalanche-master/search_result_spike-all/tagfex/order2/lr001/log/search_spike_tagfex__order-2__lr-001__seed-063.log
spike-all,spike,tagfex,2,63,0.05,1,18,3250608639051466,3237134607659834,13474031391632,3250608639051466,175330764323424,484,362253645296.33057,/nobackup/proj/disk/naiss2026-4-902/shared/yizhil/Avalanche/avalanche-master/search_result_spike-all/tagfex/order2/lr005/search_spike_tagfex__order-2__lr-005__seed-063__summary.json,/nobackup/proj/disk/naiss2026-4-902/shared/yizhil/Avalanche/avalanche-master/search_result_spike-all/tagfex/order2/lr005/log/search_spike_tagfex__order-2__lr-005__seed-063.log
spike-all,spike,tagfex,2,63,0.05,2,18,5919608594860968,5165106587659194,754502007201774,9170217233912434,330069392888116,645,511735492849.79224,/nobackup/proj/disk/naiss2026-4-902/shared/yizhil/Avalanche/avalanche-master/search_result_spike-all/tagfex/order2/lr005/search_spike_tagfex__order-2__lr-005__seed-063__summary.json,/nobackup/proj/disk/naiss2026-4-902/shared/yizhil/Avalanche/avalanche-master/search_result_spike-all/tagfex/order2/lr005/log/search_spike_tagfex__order-2__lr-005__seed-063.log
spike-all,spike,tagfex,2,63,0.05,3,18,8307021735007104,7342946689025356,964075045981748,17477238968919538,479220123103011,805,595304500749.082,/nobackup/proj/disk/naiss2026-4-902/shared/yizhil/Avalanche/avalanche-master/search_result_spike-all/tagfex/order2/lr005/search_spike_tagfex__order-2__lr-005__seed-063__summary.json,/nobackup/proj/disk/naiss2026-4-902/shared/yizhil/Avalanche/avalanche-master/search_result_spike-all/tagfex/order2/lr005/log/search_spike_tagfex__order-2__lr-005__seed-063.log
spike-all,spike,tagfex,2,63,0.05,4,18,11070805525575507,9887022714753698,1183782810821809,28548044494495045,655740999515057,966,678820910471.0735,/nobackup/proj/disk/naiss2026-4-902/shared/yizhil/Avalanche/avalanche-master/search_result_spike-all/tagfex/order2/lr005/search_spike_tagfex__order-2__lr-005__seed-063__summary.json,/nobackup/proj/disk/naiss2026-4-902/shared/yizhil/Avalanche/avalanche-master/search_result_spike-all/tagfex/order2/lr005/log/search_spike_tagfex__order-2__lr-005__seed-063.log
spike-all,spike,tagfex,2,63,0.05,5,18,14202519441628732,12790065639524332,1412453802104400,42750563936123777,859153672312836,1127,762336887589.0293,/nobackup/proj/disk/naiss2026-4-902/shared/yizhil/Avalanche/avalanche-master/search_result_spike-all/tagfex/order2/lr005/search_spike_tagfex__order-2__lr-005__seed-063__summary.json,/nobackup/proj/disk/naiss2026-4-902/shared/yizhil/Avalanche/avalanche-master/search_result_spike-all/tagfex/order2/lr005/log/search_spike_tagfex__order-2__lr-005__seed-063.log
spike-all,spike,tagfex,2,63,0.05,6,18,17701233619562299,16051144003086378,1650089616475921,60451797555686076,1089458962881845,1288,845853232051.122,/nobackup/proj/disk/naiss2026-4-902/shared/yizhil/Avalanche/avalanche-master/search_result_spike-all/tagfex/order2/lr005/search_spike_tagfex__order-2__lr-005__seed-063__summary.json,/nobackup/proj/disk/naiss2026-4-902/shared/yizhil/Avalanche/avalanche-master/search_result_spike-all/tagfex/order2/lr005/log/search_spike_tagfex__order-2__lr-005__seed-063.log
spike-all,spike,tagfex,2,63,0.05,7,18,21553241154929390,19657861304859796,1895379850069594,82005038710615466,1345726743344777,1448,929369297890.0393,/nobackup/proj/disk/naiss2026-4-902/shared/yizhil/Avalanche/avalanche-master/search_result_spike-all/tagfex/order2/lr005/search_spike_tagfex__order-2__lr-005__seed-063__summary.json,/nobackup/proj/disk/naiss2026-4-902/shared/yizhil/Avalanche/avalanche-master/search_result_spike-all/tagfex/order2/lr005/log/search_spike_tagfex__order-2__lr-005__seed-063.log
spike-all,spike,tagfex,2,63,0.05,8,18,25785889052404110,23634973128414736,2150915923989374,107790927763019576,1629732976331102,1609,1012885628546.3655,/nobackup/proj/disk/naiss2026-4-902/shared/yizhil/Avalanche/avalanche-master/search_result_spike-all/tagfex/order2/lr005/search_spike_tagfex__order-2__lr-005__seed-063__summary.json,/nobackup/proj/disk/naiss2026-4-902/shared/yizhil/Avalanche/avalanche-master/search_result_spike-all/tagfex/order2/lr005/log/search_spike_tagfex__order-2__lr-005__seed-063.log
spike-all,spike,tagfex,2,63,0.05,9,18,30386674764613672,27971259286207588,2415415478406084,138177602527633248,1940631108837860,1770,1096401756405.5707,/nobackup/proj/disk/naiss2026-4-902/shared/yizhil/Avalanche/avalanche-master/search_result_spike-all/tagfex/order2/lr005/search_spike_tagfex__order-2__lr-005__seed-063__summary.json,/nobackup/proj/disk/naiss2026-4-902/shared/yizhil/Avalanche/avalanche-master/search_result_spike-all/tagfex/order2/lr005/log/search_spike_tagfex__order-2__lr-005__seed-063.log
spike-all,spike,tagfex,2,63,0.05,10,18,35354007184664424,32665127576548412,2688879608116012,173531609712297672,2278346389754678,1931,1179879021105.478,/nobackup/proj/disk/naiss2026-4-902/shared/yizhil/Avalanche/avalanche-master/search_result_spike-all/tagfex/order2/lr005/search_spike_tagfex__order-2__lr-005__seed-063__summary.json,/nobackup/proj/disk/naiss2026-4-902/shared/yizhil/Avalanche/avalanche-master/search_result_spike-all/tagfex/order2/lr005/log/search_spike_tagfex__order-2__lr-005__seed-063.log
spike-all,spike,tagfex,2,63,0.05,11,18,40659070969735504,37716855031471308,2942215938264196,214190680682033176,2614013026201993,2092,1249528215201.7175,/nobackup/proj/disk/naiss2026-4-902/shared/yizhil/Avalanche/avalanche-master/search_result_spike-all/tagfex/order2/lr005/search_spike_tagfex__order-2__lr-005__seed-063__summary.json,/nobackup/proj/disk/naiss2026-4-902/shared/yizhil/Avalanche/avalanche-master/search_result_spike-all/tagfex/order2/lr005/log/search_spike_tagfex__order-2__lr-005__seed-063.log
spike-all,spike,tagfex,2,63,0.05,12,18,44222282104380670,41156514223843606,3065767880537064,258412962786413846,2848172424184012,2150,1324731360085.587,/nobackup/proj/disk/naiss2026-4-902/shared/yizhil/Avalanche/avalanche-master/search_result_spike-all/tagfex/order2/lr005/search_spike_tagfex__order-2__lr-005__seed-063__summary.json,/nobackup/proj/disk/naiss2026-4-902/shared/yizhil/Avalanche/avalanche-master/search_result_spike-all/tagfex/order2/lr005/log/search_spike_tagfex__order-2__lr-005__seed-063.log
spike-all,spike,tagfex,2,63,0.05,13,18,46656975927682228,43530659350542052,3126316577140176,305069938714096074,3028473403640888,2149,1409247744830.567,/nobackup/proj/disk/naiss2026-4-902/shared/yizhil/Avalanche/avalanche-master/search_result_spike-all/tagfex/order2/lr005/search_spike_tagfex__order-2__lr-005__seed-063__summary.json,/nobackup/proj/disk/naiss2026-4-902/shared/yizhil/Avalanche/avalanche-master/search_result_spike-all/tagfex/order2/lr005/log/search_spike_tagfex__order-2__lr-005__seed-063.log
spike-all,spike,tagfex,2,63,0.05,14,18,49268728102115839,46073228382041978,3195499720073861,354338666816211913,3217378603098989,2156,1492290632235.1526,/nobackup/proj/disk/naiss2026-4-902/shared/yizhil/Avalanche/avalanche-master/search_result_spike-all/tagfex/order2/lr005/search_spike_tagfex__order-2__lr-005__seed-063__summary.json,/nobackup/proj/disk/naiss2026-4-902/shared/yizhil/Avalanche/avalanche-master/search_result_spike-all/tagfex/order2/lr005/log/search_spike_tagfex__order-2__lr-005__seed-063.log
spike-all,spike,tagfex,2,63,0.05,15,18,51843266157284476,48586768947866408,3256497209418068,406181932973496389,3398746004382340,2161,1572765388423.1096,/nobackup/proj/disk/naiss2026-4-902/shared/yizhil/Avalanche/avalanche-master/search_result_spike-all/tagfex/order2/lr005/search_spike_tagfex__order-2__lr-005__seed-063__summary.json,/nobackup/proj/disk/naiss2026-4-902/shared/yizhil/Avalanche/avalanche-master/search_result_spike-all/tagfex/order2/lr005/log/search_spike_tagfex__order-2__lr-005__seed-063.log
spike-all,spike,tagfex,2,63,0.05,16,18,54040837045175053,50733317578464442,3307519466710611,460222770018671442,3568751151913199,2150,1659884256703.8135,/nobackup/proj/disk/naiss2026-4-902/shared/yizhil/Avalanche/avalanche-master/search_result_spike-all/tagfex/order2/lr005/search_spike_tagfex__order-2__lr-005__seed-063__summary.json,/nobackup/proj/disk/naiss2026-4-902/shared/yizhil/Avalanche/avalanche-master/search_result_spike-all/tagfex/order2/lr005/log/search_spike_tagfex__order-2__lr-005__seed-063.log
spike-all,spike,tagfex,2,63,0.05,17,18,56726536474817628,53350556530042620,3375979944775008,516949306493489070,3758512997413284,2159,1740858266518.427,/nobackup/proj/disk/naiss2026-4-902/shared/yizhil/Avalanche/avalanche-master/search_result_spike-all/tagfex/order2/lr005/search_spike_tagfex__order-2__lr-005__seed-063__summary.json,/nobackup/proj/disk/naiss2026-4-902/shared/yizhil/Avalanche/avalanche-master/search_result_spike-all/tagfex/order2/lr005/log/search_spike_tagfex__order-2__lr-005__seed-063.log
spike-all,spike,tagfex,2,63,0.05,18,18,59111246561175064,55676500720413106,3434745840761958,576060553054664134,3936349569457806,2156,1825765106427.5537,/nobackup/proj/disk/naiss2026-4-902/shared/yizhil/Avalanche/avalanche-master/search_result_spike-all/tagfex/order2/lr005/search_spike_tagfex__order-2__lr-005__seed-063__summary.json,/nobackup/proj/disk/naiss2026-4-902/shared/yizhil/Avalanche/avalanche-master/search_result_spike-all/tagfex/order2/lr005/log/search_spike_tagfex__order-2__lr-005__seed-063.log
spike-all,spike,tagfex,2,63,0.1,1,18,3250608639051466,3237134607659834,13474031391632,3250608639051466,175330764323424,484,362253645296.33057,/nobackup/proj/disk/naiss2026-4-902/shared/yizhil/Avalanche/avalanche-master/search_result_spike-all/tagfex/order2/lr01/search_spike_tagfex__order-2__lr-01__seed-063__summary.json,/nobackup/proj/disk/naiss2026-4-902/shared/yizhil/Avalanche/avalanche-master/search_result_spike-all/tagfex/order2/lr01/log/search_spike_tagfex__order-2__lr-01__seed-063.log
spike-all,spike,tagfex,2,63,0.1,2,18,5919608594860968,5165106587659194,754502007201774,9170217233912434,330069392888116,645,511735492849.79224,/nobackup/proj/disk/naiss2026-4-902/shared/yizhil/Avalanche/avalanche-master/search_result_spike-all/tagfex/order2/lr01/search_spike_tagfex__order-2__lr-01__seed-063__summary.json,/nobackup/proj/disk/naiss2026-4-902/shared/yizhil/Avalanche/avalanche-master/search_result_spike-all/tagfex/order2/lr01/log/search_spike_tagfex__order-2__lr-01__seed-063.log
spike-all,spike,tagfex,2,63,0.1,3,18,8307021735007104,7342946689025356,964075045981748,17477238968919538,479220123103011,805,595304500749.082,/nobackup/proj/disk/naiss2026-4-902/shared/yizhil/Avalanche/avalanche-master/search_result_spike-all/tagfex/order2/lr01/search_spike_tagfex__order-2__lr-01__seed-063__summary.json,/nobackup/proj/disk/naiss2026-4-902/shared/yizhil/Avalanche/avalanche-master/search_result_spike-all/tagfex/order2/lr01/log/search_spike_tagfex__order-2__lr-01__seed-063.log
spike-all,spike,tagfex,2,63,0.1,4,18,11070805525575507,9887022714753698,1183782810821809,28548044494495045,655740999515057,966,678820910471.0735,/nobackup/proj/disk/naiss2026-4-902/shared/yizhil/Avalanche/avalanche-master/search_result_spike-all/tagfex/order2/lr01/search_spike_tagfex__order-2__lr-01__seed-063__summary.json,/nobackup/proj/disk/naiss2026-4-902/shared/yizhil/Avalanche/avalanche-master/search_result_spike-all/tagfex/order2/lr01/log/search_spike_tagfex__order-2__lr-01__seed-063.log
spike-all,spike,tagfex,2,63,0.1,5,18,14202519441628732,12790065639524332,1412453802104400,42750563936123777,859153672312836,1127,762336887589.0293,/nobackup/proj/disk/naiss2026-4-902/shared/yizhil/Avalanche/avalanche-master/search_result_spike-all/tagfex/order2/lr01/search_spike_tagfex__order-2__lr-01__seed-063__summary.json,/nobackup/proj/disk/naiss2026-4-902/shared/yizhil/Avalanche/avalanche-master/search_result_spike-all/tagfex/order2/lr01/log/search_spike_tagfex__order-2__lr-01__seed-063.log
spike-all,spike,tagfex,2,63,0.1,6,18,17701233619562299,16051144003086378,1650089616475921,60451797555686076,1089458962881845,1288,845853232051.122,/nobackup/proj/disk/naiss2026-4-902/shared/yizhil/Avalanche/avalanche-master/search_result_spike-all/tagfex/order2/lr01/search_spike_tagfex__order-2__lr-01__seed-063__summary.json,/nobackup/proj/disk/naiss2026-4-902/shared/yizhil/Avalanche/avalanche-master/search_result_spike-all/tagfex/order2/lr01/log/search_spike_tagfex__order-2__lr-01__seed-063.log
spike-all,spike,tagfex,2,63,0.1,7,18,21553241154929390,19657861304859796,1895379850069594,82005038710615466,1345726743344777,1448,929369297890.0393,/nobackup/proj/disk/naiss2026-4-902/shared/yizhil/Avalanche/avalanche-master/search_result_spike-all/tagfex/order2/lr01/search_spike_tagfex__order-2__lr-01__seed-063__summary.json,/nobackup/proj/disk/naiss2026-4-902/shared/yizhil/Avalanche/avalanche-master/search_result_spike-all/tagfex/order2/lr01/log/search_spike_tagfex__order-2__lr-01__seed-063.log
spike-all,spike,tagfex,2,63,0.1,8,18,25785889052404110,23634973128414736,2150915923989374,107790927763019576,1629732976331102,1609,1012885628546.3655,/nobackup/proj/disk/naiss2026-4-902/shared/yizhil/Avalanche/avalanche-master/search_result_spike-all/tagfex/order2/lr01/search_spike_tagfex__order-2__lr-01__seed-063__summary.json,/nobackup/proj/disk/naiss2026-4-902/shared/yizhil/Avalanche/avalanche-master/search_result_spike-all/tagfex/order2/lr01/log/search_spike_tagfex__order-2__lr-01__seed-063.log
spike-all,spike,tagfex,2,63,0.1,9,18,30386674764613672,27971259286207588,2415415478406084,138177602527633248,1940631108837860,1770,1096401756405.5707,/nobackup/proj/disk/naiss2026-4-902/shared/yizhil/Avalanche/avalanche-master/search_result_spike-all/tagfex/order2/lr01/search_spike_tagfex__order-2__lr-01__seed-063__summary.json,/nobackup/proj/disk/naiss2026-4-902/shared/yizhil/Avalanche/avalanche-master/search_result_spike-all/tagfex/order2/lr01/log/search_spike_tagfex__order-2__lr-01__seed-063.log
spike-all,spike,tagfex,2,63,0.1,10,18,35354007184664424,32665127576548412,2688879608116012,173531609712297672,2278346389754678,1931,1179879021105.478,/nobackup/proj/disk/naiss2026-4-902/shared/yizhil/Avalanche/avalanche-master/search_result_spike-all/tagfex/order2/lr01/search_spike_tagfex__order-2__lr-01__seed-063__summary.json,/nobackup/proj/disk/naiss2026-4-902/shared/yizhil/Avalanche/avalanche-master/search_result_spike-all/tagfex/order2/lr01/log/search_spike_tagfex__order-2__lr-01__seed-063.log
spike-all,spike,tagfex,2,63,0.1,11,18,40659070969735504,37716855031471308,2942215938264196,214190680682033176,2614013026201993,2092,1249528215201.7175,/nobackup/proj/disk/naiss2026-4-902/shared/yizhil/Avalanche/avalanche-master/search_result_spike-all/tagfex/order2/lr01/search_spike_tagfex__order-2__lr-01__seed-063__summary.json,/nobackup/proj/disk/naiss2026-4-902/shared/yizhil/Avalanche/avalanche-master/search_result_spike-all/tagfex/order2/lr01/log/search_spike_tagfex__order-2__lr-01__seed-063.log
spike-all,spike,tagfex,2,63,0.1,12,18,44222282104380670,41156514223843606,3065767880537064,258412962786413846,2848172424184012,2150,1324731360085.587,/nobackup/proj/disk/naiss2026-4-902/shared/yizhil/Avalanche/avalanche-master/search_result_spike-all/tagfex/order2/lr01/search_spike_tagfex__order-2__lr-01__seed-063__summary.json,/nobackup/proj/disk/naiss2026-4-902/shared/yizhil/Avalanche/avalanche-master/search_result_spike-all/tagfex/order2/lr01/log/search_spike_tagfex__order-2__lr-01__seed-063.log
spike-all,spike,tagfex,2,63,0.1,13,18,46656975927682228,43530659350542052,3126316577140176,305069938714096074,3028473403640888,2149,1409247744830.567,/nobackup/proj/disk/naiss2026-4-902/shared/yizhil/Avalanche/avalanche-master/search_result_spike-all/tagfex/order2/lr01/search_spike_tagfex__order-2__lr-01__seed-063__summary.json,/nobackup/proj/disk/naiss2026-4-902/shared/yizhil/Avalanche/avalanche-master/search_result_spike-all/tagfex/order2/lr01/log/search_spike_tagfex__order-2__lr-01__seed-063.log
spike-all,spike,tagfex,2,63,0.1,14,18,49268728102115839,46073228382041978,3195499720073861,354338666816211913,3217378603098989,2156,1492290632235.1526,/nobackup/proj/disk/naiss2026-4-902/shared/yizhil/Avalanche/avalanche-master/search_result_spike-all/tagfex/order2/lr01/search_spike_tagfex__order-2__lr-01__seed-063__summary.json,/nobackup/proj/disk/naiss2026-4-902/shared/yizhil/Avalanche/avalanche-master/search_result_spike-all/tagfex/order2/lr01/log/search_spike_tagfex__order-2__lr-01__seed-063.log
spike-all,spike,tagfex,2,63,0.1,15,18,51843266157284476,48586768947866408,3256497209418068,406181932973496389,3398746004382340,2161,1572765388423.1096,/nobackup/proj/disk/naiss2026-4-902/shared/yizhil/Avalanche/avalanche-master/search_result_spike-all/tagfex/order2/lr01/search_spike_tagfex__order-2__lr-01__seed-063__summary.json,/nobackup/proj/disk/naiss2026-4-902/shared/yizhil/Avalanche/avalanche-master/search_result_spike-all/tagfex/order2/lr01/log/search_spike_tagfex__order-2__lr-01__seed-063.log
spike-all,spike,tagfex,2,63,0.1,16,18,54040837045175053,50733317578464442,3307519466710611,460222770018671442,3568751151913199,2150,1659884256703.8135,/nobackup/proj/disk/naiss2026-4-902/shared/yizhil/Avalanche/avalanche-master/search_result_spike-all/tagfex/order2/lr01/search_spike_tagfex__order-2__lr-01__seed-063__summary.json,/nobackup/proj/disk/naiss2026-4-902/shared/yizhil/Avalanche/avalanche-master/search_result_spike-all/tagfex/order2/lr01/log/search_spike_tagfex__order-2__lr-01__seed-063.log
spike-all,spike,tagfex,2,63,0.1,17,18,56726536474817628,53350556530042620,3375979944775008,516949306493489070,3758512997413284,2159,1740858266518.427,/nobackup/proj/disk/naiss2026-4-902/shared/yizhil/Avalanche/avalanche-master/search_result_spike-all/tagfex/order2/lr01/search_spike_tagfex__order-2__lr-01__seed-063__summary.json,/nobackup/proj/disk/naiss2026-4-902/shared/yizhil/Avalanche/avalanche-master/search_result_spike-all/tagfex/order2/lr01/log/search_spike_tagfex__order-2__lr-01__seed-063.log
spike-all,spike,tagfex,2,63,0.1,18,18,59111246561175064,55676500720413106,3434745840761958,576060553054664134,3936349569457806,2156,1825765106427.5537,/nobackup/proj/disk/naiss2026-4-902/shared/yizhil/Avalanche/avalanche-master/search_result_spike-all/tagfex/order2/lr01/search_spike_tagfex__order-2__lr-01__seed-063__summary.json,/nobackup/proj/disk/naiss2026-4-902/shared/yizhil/Avalanche/avalanche-master/search_result_spike-all/tagfex/order2/lr01/log/search_spike_tagfex__order-2__lr-01__seed-063.log
spike-all,spike,tagfex,2,65,0.01,1,18,3250608639051466,3237134607659834,13474031391632,3250608639051466,175330764323424,484,362253645296.33057,/nobackup/proj/disk/naiss2026-4-902/shared/yizhil/Avalanche/avalanche-master/search_result_spike-all/tagfex/order2/lr001/search_spike_tagfex__order-2__lr-001__seed-065__summary.json,/nobackup/proj/disk/naiss2026-4-902/shared/yizhil/Avalanche/avalanche-master/search_result_spike-all/tagfex/order2/lr001/log/search_spike_tagfex__order-2__lr-001__seed-065.log
spike-all,spike,tagfex,2,65,0.01,2,18,5919574308592750,5165072301390976,754502007201774,9170182947644216,330103679156334,645,511788649854.7814,/nobackup/proj/disk/naiss2026-4-902/shared/yizhil/Avalanche/avalanche-master/search_result_spike-all/tagfex/order2/lr001/search_spike_tagfex__order-2__lr-001__seed-065__summary.json,/nobackup/proj/disk/naiss2026-4-902/shared/yizhil/Avalanche/avalanche-master/search_result_spike-all/tagfex/order2/lr001/log/search_spike_tagfex__order-2__lr-001__seed-065.log
spike-all,spike,tagfex,2,65,0.01,3,18,8307021735007104,7342946689025356,964075045981748,17477204682651320,479220123103011,805,595304500749.082,/nobackup/proj/disk/naiss2026-4-902/shared/yizhil/Avalanche/avalanche-master/search_result_spike-all/tagfex/order2/lr001/search_spike_tagfex__order-2__lr-001__seed-065__summary.json,/nobackup/proj/disk/naiss2026-4-902/shared/yizhil/Avalanche/avalanche-master/search_result_spike-all/tagfex/order2/lr001/log/search_spike_tagfex__order-2__lr-001__seed-065.log
spike-all,spike,tagfex,2,65,0.01,4,18,11070805525575507,9887022714753698,1183782810821809,28548010208226827,655740999515057,966,678820910471.0735,/nobackup/proj/disk/naiss2026-4-902/shared/yizhil/Avalanche/avalanche-master/search_result_spike-all/tagfex/order2/lr001/search_spike_tagfex__order-2__lr-001__seed-065__summary.json,/nobackup/proj/disk/naiss2026-4-902/shared/yizhil/Avalanche/avalanche-master/search_result_spike-all/tagfex/order2/lr001/log/search_spike_tagfex__order-2__lr-001__seed-065.log
spike-all,spike,tagfex,2,65,0.01,5,18,14202519441628732,12790065639524332,1412453802104400,42750529649855559,859153672312836,1127,762336887589.0293,/nobackup/proj/disk/naiss2026-4-902/shared/yizhil/Avalanche/avalanche-master/search_result_spike-all/tagfex/order2/lr001/search_spike_tagfex__order-2__lr-001__seed-065__summary.json,/nobackup/proj/disk/naiss2026-4-902/shared/yizhil/Avalanche/avalanche-master/search_result_spike-all/tagfex/order2/lr001/log/search_spike_tagfex__order-2__lr-001__seed-065.log
spike-all,spike,tagfex,2,65,0.01,6,18,17701233619562299,16051144003086378,1650089616475921,60451763269417858,1089404109580445,1288,845810644084.1964,/nobackup/proj/disk/naiss2026-4-902/shared/yizhil/Avalanche/avalanche-master/search_result_spike-all/tagfex/order2/lr001/search_spike_tagfex__order-2__lr-001__seed-065__summary.json,/nobackup/proj/disk/naiss2026-4-902/shared/yizhil/Avalanche/avalanche-master/search_result_spike-all/tagfex/order2/lr001/log/search_spike_tagfex__order-2__lr-001__seed-065.log
spike-all,spike,tagfex,2,65,0.01,7,18,21553241154929390,19657861304859796,1895379850069594,82005004424347248,1345726743344777,1448,929369297890.0393,/nobackup/proj/disk/naiss2026-4-902/shared/yizhil/Avalanche/avalanche-master/search_result_spike-all/tagfex/order2/lr001/search_spike_tagfex__order-2__lr-001__seed-065__summary.json,/nobackup/proj/disk/naiss2026-4-902/shared/yizhil/Avalanche/avalanche-master/search_result_spike-all/tagfex/order2/lr001/log/search_spike_tagfex__order-2__lr-001__seed-065.log
spike-all,spike,tagfex,2,65,0.01,8,18,25784826382959380,23633910458970006,2150915923989374,107789830807306628,1629732976331102,1609,1012885628546.3655,/nobackup/proj/disk/naiss2026-4-902/shared/yizhil/Avalanche/avalanche-master/search_result_spike-all/tagfex/order2/lr001/search_spike_tagfex__order-2__lr-001__seed-065__summary.json,/nobackup/proj/disk/naiss2026-4-902/shared/yizhil/Avalanche/avalanche-master/search_result_spike-all/tagfex/order2/lr001/log/search_spike_tagfex__order-2__lr-001__seed-065.log
spike-all,spike,tagfex,2,65,0.01,9,18,30384919679598600,27969504201192516,2415415478406084,138174750486905228,1940631108837860,1770,1096401756405.5707,/nobackup/proj/disk/naiss2026-4-902/shared/yizhil/Avalanche/avalanche-master/search_result_spike-all/tagfex/order2/lr001/search_spike_tagfex__order-2__lr-001__seed-065__summary.json,/nobackup/proj/disk/naiss2026-4-902/shared/yizhil/Avalanche/avalanche-master/search_result_spike-all/tagfex/order2/lr001/log/search_spike_tagfex__order-2__lr-001__seed-065.log
spike-all,spike,tagfex,2,65,0.01,10,18,35354158025333684,32665278417217672,2688879608116012,173528908512238912,2278421810089308,1931,1179918078761.941,/nobackup/proj/disk/naiss2026-4-902/shared/yizhil/Avalanche/avalanche-master/search_result_spike-all/tagfex/order2/lr001/search_spike_tagfex__order-2__lr-001__seed-065__summary.json,/nobackup/proj/disk/naiss2026-4-902/shared/yizhil/Avalanche/avalanche-master/search_result_spike-all/tagfex/order2/lr001/log/search_spike_tagfex__order-2__lr-001__seed-065.log
spike-all,spike,tagfex,2,65,0.01,11,18,40659509740989528,37717293802725332,2942215938264196,214188418253228440,2613574254947969,2092,1249318477508.5894,/nobackup/proj/disk/naiss2026-4-902/shared/yizhil/Avalanche/avalanche-master/search_result_spike-all/tagfex/order2/lr001/search_spike_tagfex__order-2__lr-001__seed-065__summary.json,/nobackup/proj/disk/naiss2026-4-902/shared/yizhil/Avalanche/avalanche-master/search_result_spike-all/tagfex/order2/lr001/log/search_spike_tagfex__order-2__lr-001__seed-065.log
spike-all,spike,tagfex,2,65,0.01,12,18,44222720875634822,41156952995097758,3065767880537064,258411139128863262,2848172424184012,2150,1324731360085.587,/nobackup/proj/disk/naiss2026-4-902/shared/yizhil/Avalanche/avalanche-master/search_result_spike-all/tagfex/order2/lr001/search_spike_tagfex__order-2__lr-001__seed-065__summary.json,/nobackup/proj/disk/naiss2026-4-902/shared/yizhil/Avalanche/avalanche-master/search_result_spike-all/tagfex/order2/lr001/log/search_spike_tagfex__order-2__lr-001__seed-065.log
spike-all,spike,tagfex,2,65,0.01,13,18,46657853470190788,43531536893050612,3126316577140176,305068992599054050,3028473403640888,2149,1409247744830.567,/nobackup/proj/disk/naiss2026-4-902/shared/yizhil/Avalanche/avalanche-master/search_result_spike-all/tagfex/order2/lr001/search_spike_tagfex__order-2__lr-001__seed-065__summary.json,/nobackup/proj/disk/naiss2026-4-902/shared/yizhil/Avalanche/avalanche-master/search_result_spike-all/tagfex/order2/lr001/log/search_spike_tagfex__order-2__lr-001__seed-065.log
spike-all,spike,tagfex,2,65,0.01,14,18,49268590988561239,46073091268487378,3195499720073861,354337583587615289,3217378603098989,2156,1492290632235.1526,/nobackup/proj/disk/naiss2026-4-902/shared/yizhil/Avalanche/avalanche-master/search_result_spike-all/tagfex/order2/lr001/search_spike_tagfex__order-2__lr-001__seed-065__summary.json,/nobackup/proj/disk/naiss2026-4-902/shared/yizhil/Avalanche/avalanche-master/search_result_spike-all/tagfex/order2/lr001/log/search_spike_tagfex__order-2__lr-001__seed-065.log
spike-all,spike,tagfex,2,65,0.01,15,18,51844582471048084,48588085261630016,3256497209418068,406182166058663373,3398746004382340,2161,1572765388423.1096,/nobackup/proj/disk/naiss2026-4-902/shared/yizhil/Avalanche/avalanche-master/search_result_spike-all/tagfex/order2/lr001/search_spike_tagfex__order-2__lr-001__seed-065__summary.json,/nobackup/proj/disk/naiss2026-4-902/shared/yizhil/Avalanche/avalanche-master/search_result_spike-all/tagfex/order2/lr001/log/search_spike_tagfex__order-2__lr-001__seed-065.log
spike-all,spike,tagfex,2,65,0.01,16,18,54041536340063297,50734016873352686,3307519466710611,460223702398726670,3568751151913199,2150,1659884256703.8135,/nobackup/proj/disk/naiss2026-4-902/shared/yizhil/Avalanche/avalanche-master/search_result_spike-all/tagfex/order2/lr001/search_spike_tagfex__order-2__lr-001__seed-065__summary.json,/nobackup/proj/disk/naiss2026-4-902/shared/yizhil/Avalanche/avalanche-master/search_result_spike-all/tagfex/order2/lr001/log/search_spike_tagfex__order-2__lr-001__seed-065.log
spike-all,spike,tagfex,2,65,0.01,17,18,56725658932308044,53349678987533036,3375979944775008,516949361331034714,3758512997413284,2159,1740858266518.427,/nobackup/proj/disk/naiss2026-4-902/shared/yizhil/Avalanche/avalanche-master/search_result_spike-all/tagfex/order2/lr001/search_spike_tagfex__order-2__lr-001__seed-065__summary.json,/nobackup/proj/disk/naiss2026-4-902/shared/yizhil/Avalanche/avalanche-master/search_result_spike-all/tagfex/order2/lr001/log/search_spike_tagfex__order-2__lr-001__seed-065.log
spike-all,spike,tagfex,2,65,0.01,18,18,59110231905110464,55675486064348506,3434745840761958,576059593236145178,3936349569457806,2156,1825765106427.5537,/nobackup/proj/disk/naiss2026-4-902/shared/yizhil/Avalanche/avalanche-master/search_result_spike-all/tagfex/order2/lr001/search_spike_tagfex__order-2__lr-001__seed-065__summary.json,/nobackup/proj/disk/naiss2026-4-902/shared/yizhil/Avalanche/avalanche-master/search_result_spike-all/tagfex/order2/lr001/log/search_spike_tagfex__order-2__lr-001__seed-065.log
spike-all,spike,tagfex,2,65,0.05,1,18,3250608639051466,3237134607659834,13474031391632,3250608639051466,175330764323424,484,362253645296.33057,/nobackup/proj/disk/naiss2026-4-902/shared/yizhil/Avalanche/avalanche-master/search_result_spike-all/tagfex/order2/lr005/search_spike_tagfex__order-2__lr-005__seed-065__summary.json,/nobackup/proj/disk/naiss2026-4-902/shared/yizhil/Avalanche/avalanche-master/search_result_spike-all/tagfex/order2/lr005/log/search_spike_tagfex__order-2__lr-005__seed-065.log
spike-all,spike,tagfex,2,65,0.05,2,18,5919574308592750,5165072301390976,754502007201774,9170182947644216,330103679156334,645,511788649854.7814,/nobackup/proj/disk/naiss2026-4-902/shared/yizhil/Avalanche/avalanche-master/search_result_spike-all/tagfex/order2/lr005/search_spike_tagfex__order-2__lr-005__seed-065__summary.json,/nobackup/proj/disk/naiss2026-4-902/shared/yizhil/Avalanche/avalanche-master/search_result_spike-all/tagfex/order2/lr005/log/search_spike_tagfex__order-2__lr-005__seed-065.log
spike-all,spike,tagfex,2,65,0.05,3,18,8307021735007104,7342946689025356,964075045981748,17477204682651320,479220123103011,805,595304500749.082,/nobackup/proj/disk/naiss2026-4-902/shared/yizhil/Avalanche/avalanche-master/search_result_spike-all/tagfex/order2/lr005/search_spike_tagfex__order-2__lr-005__seed-065__summary.json,/nobackup/proj/disk/naiss2026-4-902/shared/yizhil/Avalanche/avalanche-master/search_result_spike-all/tagfex/order2/lr005/log/search_spike_tagfex__order-2__lr-005__seed-065.log
spike-all,spike,tagfex,2,65,0.05,4,18,11070805525575507,9887022714753698,1183782810821809,28548010208226827,655740999515057,966,678820910471.0735,/nobackup/proj/disk/naiss2026-4-902/shared/yizhil/Avalanche/avalanche-master/search_result_spike-all/tagfex/order2/lr005/search_spike_tagfex__order-2__lr-005__seed-065__summary.json,/nobackup/proj/disk/naiss2026-4-902/shared/yizhil/Avalanche/avalanche-master/search_result_spike-all/tagfex/order2/lr005/log/search_spike_tagfex__order-2__lr-005__seed-065.log
spike-all,spike,tagfex,2,65,0.05,5,18,14202519441628732,12790065639524332,1412453802104400,42750529649855559,859153672312836,1127,762336887589.0293,/nobackup/proj/disk/naiss2026-4-902/shared/yizhil/Avalanche/avalanche-master/search_result_spike-all/tagfex/order2/lr005/search_spike_tagfex__order-2__lr-005__seed-065__summary.json,/nobackup/proj/disk/naiss2026-4-902/shared/yizhil/Avalanche/avalanche-master/search_result_spike-all/tagfex/order2/lr005/log/search_spike_tagfex__order-2__lr-005__seed-065.log
spike-all,spike,tagfex,2,65,0.05,6,18,17701233619562299,16051144003086378,1650089616475921,60451763269417858,1089404109580445,1288,845810644084.1964,/nobackup/proj/disk/naiss2026-4-902/shared/yizhil/Avalanche/avalanche-master/search_result_spike-all/tagfex/order2/lr005/search_spike_tagfex__order-2__lr-005__seed-065__summary.json,/nobackup/proj/disk/naiss2026-4-902/shared/yizhil/Avalanche/avalanche-master/search_result_spike-all/tagfex/order2/lr005/log/search_spike_tagfex__order-2__lr-005__seed-065.log
spike-all,spike,tagfex,2,65,0.05,7,18,21553241154929390,19657861304859796,1895379850069594,82005004424347248,1345726743344777,1448,929369297890.0393,/nobackup/proj/disk/naiss2026-4-902/shared/yizhil/Avalanche/avalanche-master/search_result_spike-all/tagfex/order2/lr005/search_spike_tagfex__order-2__lr-005__seed-065__summary.json,/nobackup/proj/disk/naiss2026-4-902/shared/yizhil/Avalanche/avalanche-master/search_result_spike-all/tagfex/order2/lr005/log/search_spike_tagfex__order-2__lr-005__seed-065.log
spike-all,spike,tagfex,2,65,0.05,8,18,25784826382959380,23633910458970006,2150915923989374,107789830807306628,1629732976331102,1609,1012885628546.3655,/nobackup/proj/disk/naiss2026-4-902/shared/yizhil/Avalanche/avalanche-master/search_result_spike-all/tagfex/order2/lr005/search_spike_tagfex__order-2__lr-005__seed-065__summary.json,/nobackup/proj/disk/naiss2026-4-902/shared/yizhil/Avalanche/avalanche-master/search_result_spike-all/tagfex/order2/lr005/log/search_spike_tagfex__order-2__lr-005__seed-065.log
spike-all,spike,tagfex,2,65,0.05,9,18,30384919679598600,27969504201192516,2415415478406084,138174750486905228,1940631108837860,1770,1096401756405.5707,/nobackup/proj/disk/naiss2026-4-902/shared/yizhil/Avalanche/avalanche-master/search_result_spike-all/tagfex/order2/lr005/search_spike_tagfex__order-2__lr-005__seed-065__summary.json,/nobackup/proj/disk/naiss2026-4-902/shared/yizhil/Avalanche/avalanche-master/search_result_spike-all/tagfex/order2/lr005/log/search_spike_tagfex__order-2__lr-005__seed-065.log
spike-all,spike,tagfex,2,65,0.05,10,18,35354158025333684,32665278417217672,2688879608116012,173528908512238912,2278421810089308,1931,1179918078761.941,/nobackup/proj/disk/naiss2026-4-902/shared/yizhil/Avalanche/avalanche-master/search_result_spike-all/tagfex/order2/lr005/search_spike_tagfex__order-2__lr-005__seed-065__summary.json,/nobackup/proj/disk/naiss2026-4-902/shared/yizhil/Avalanche/avalanche-master/search_result_spike-all/tagfex/order2/lr005/log/search_spike_tagfex__order-2__lr-005__seed-065.log
spike-all,spike,tagfex,2,65,0.05,11,18,40659509740989528,37717293802725332,2942215938264196,214188418253228440,2613574254947969,2092,1249318477508.5894,/nobackup/proj/disk/naiss2026-4-902/shared/yizhil/Avalanche/avalanche-master/search_result_spike-all/tagfex/order2/lr005/search_spike_tagfex__order-2__lr-005__seed-065__summary.json,/nobackup/proj/disk/naiss2026-4-902/shared/yizhil/Avalanche/avalanche-master/search_result_spike-all/tagfex/order2/lr005/log/search_spike_tagfex__order-2__lr-005__seed-065.log
spike-all,spike,tagfex,2,65,0.05,12,18,44222720875634822,41156952995097758,3065767880537064,258411139128863262,2848172424184012,2150,1324731360085.587,/nobackup/proj/disk/naiss2026-4-902/shared/yizhil/Avalanche/avalanche-master/search_result_spike-all/tagfex/order2/lr005/search_spike_tagfex__order-2__lr-005__seed-065__summary.json,/nobackup/proj/disk/naiss2026-4-902/shared/yizhil/Avalanche/avalanche-master/search_result_spike-all/tagfex/order2/lr005/log/search_spike_tagfex__order-2__lr-005__seed-065.log
spike-all,spike,tagfex,2,65,0.05,13,18,46657853470190788,43531536893050612,3126316577140176,305068992599054050,3028473403640888,2149,1409247744830.567,/nobackup/proj/disk/naiss2026-4-902/shared/yizhil/Avalanche/avalanche-master/search_result_spike-all/tagfex/order2/lr005/search_spike_tagfex__order-2__lr-005__seed-065__summary.json,/nobackup/proj/disk/naiss2026-4-902/shared/yizhil/Avalanche/avalanche-master/search_result_spike-all/tagfex/order2/lr005/log/search_spike_tagfex__order-2__lr-005__seed-065.log
spike-all,spike,tagfex,2,65,0.05,14,18,49268590988561239,46073091268487378,3195499720073861,354337583587615289,3217378603098989,2156,1492290632235.1526,/nobackup/proj/disk/naiss2026-4-902/shared/yizhil/Avalanche/avalanche-master/search_result_spike-all/tagfex/order2/lr005/search_spike_tagfex__order-2__lr-005__seed-065__summary.json,/nobackup/proj/disk/naiss2026-4-902/shared/yizhil/Avalanche/avalanche-master/search_result_spike-all/tagfex/order2/lr005/log/search_spike_tagfex__order-2__lr-005__seed-065.log
spike-all,spike,tagfex,2,65,0.05,15,18,51844582471048084,48588085261630016,3256497209418068,406182166058663373,3398746004382340,2161,1572765388423.1096,/nobackup/proj/disk/naiss2026-4-902/shared/yizhil/Avalanche/avalanche-master/search_result_spike-all/tagfex/order2/lr005/search_spike_tagfex__order-2__lr-005__seed-065__summary.json,/nobackup/proj/disk/naiss2026-4-902/shared/yizhil/Avalanche/avalanche-master/search_result_spike-all/tagfex/order2/lr005/log/search_spike_tagfex__order-2__lr-005__seed-065.log
spike-all,spike,tagfex,2,65,0.05,16,18,54041536340063297,50734016873352686,3307519466710611,460223702398726670,3568751151913199,2150,1659884256703.8135,/nobackup/proj/disk/naiss2026-4-902/shared/yizhil/Avalanche/avalanche-master/search_result_spike-all/tagfex/order2/lr005/search_spike_tagfex__order-2__lr-005__seed-065__summary.json,/nobackup/proj/disk/naiss2026-4-902/shared/yizhil/Avalanche/avalanche-master/search_result_spike-all/tagfex/order2/lr005/log/search_spike_tagfex__order-2__lr-005__seed-065.log
spike-all,spike,tagfex,2,65,0.05,17,18,56725658932308044,53349678987533036,3375979944775008,516949361331034714,3758512997413284,2159,1740858266518.427,/nobackup/proj/disk/naiss2026-4-902/shared/yizhil/Avalanche/avalanche-master/search_result_spike-all/tagfex/order2/lr005/search_spike_tagfex__order-2__lr-005__seed-065__summary.json,/nobackup/proj/disk/naiss2026-4-902/shared/yizhil/Avalanche/avalanche-master/search_result_spike-all/tagfex/order2/lr005/log/search_spike_tagfex__order-2__lr-005__seed-065.log
spike-all,spike,tagfex,2,65,0.05,18,18,59110231905110464,55675486064348506,3434745840761958,576059593236145178,3936349569457806,2156,1825765106427.5537,/nobackup/proj/disk/naiss2026-4-902/shared/yizhil/Avalanche/avalanche-master/search_result_spike-all/tagfex/order2/lr005/search_spike_tagfex__order-2__lr-005__seed-065__summary.json,/nobackup/proj/disk/naiss2026-4-902/shared/yizhil/Avalanche/avalanche-master/search_result_spike-all/tagfex/order2/lr005/log/search_spike_tagfex__order-2__lr-005__seed-065.log
spike-all,spike,tagfex,2,65,0.1,1,18,3250608639051466,3237134607659834,13474031391632,3250608639051466,175330764323424,484,362253645296.33057,/nobackup/proj/disk/naiss2026-4-902/shared/yizhil/Avalanche/avalanche-master/search_result_spike-all/tagfex/order2/lr01/search_spike_tagfex__order-2__lr-01__seed-065__summary.json,/nobackup/proj/disk/naiss2026-4-902/shared/yizhil/Avalanche/avalanche-master/search_result_spike-all/tagfex/order2/lr01/log/search_spike_tagfex__order-2__lr-01__seed-065.log
spike-all,spike,tagfex,2,65,0.1,2,18,5919574308592750,5165072301390976,754502007201774,9170182947644216,330103679156334,645,511788649854.7814,/nobackup/proj/disk/naiss2026-4-902/shared/yizhil/Avalanche/avalanche-master/search_result_spike-all/tagfex/order2/lr01/search_spike_tagfex__order-2__lr-01__seed-065__summary.json,/nobackup/proj/disk/naiss2026-4-902/shared/yizhil/Avalanche/avalanche-master/search_result_spike-all/tagfex/order2/lr01/log/search_spike_tagfex__order-2__lr-01__seed-065.log
spike-all,spike,tagfex,2,65,0.1,3,18,8307021735007104,7342946689025356,964075045981748,17477204682651320,479220123103011,805,595304500749.082,/nobackup/proj/disk/naiss2026-4-902/shared/yizhil/Avalanche/avalanche-master/search_result_spike-all/tagfex/order2/lr01/search_spike_tagfex__order-2__lr-01__seed-065__summary.json,/nobackup/proj/disk/naiss2026-4-902/shared/yizhil/Avalanche/avalanche-master/search_result_spike-all/tagfex/order2/lr01/log/search_spike_tagfex__order-2__lr-01__seed-065.log
spike-all,spike,tagfex,2,65,0.1,4,18,11070805525575507,9887022714753698,1183782810821809,28548010208226827,655740999515057,966,678820910471.0735,/nobackup/proj/disk/naiss2026-4-902/shared/yizhil/Avalanche/avalanche-master/search_result_spike-all/tagfex/order2/lr01/search_spike_tagfex__order-2__lr-01__seed-065__summary.json,/nobackup/proj/disk/naiss2026-4-902/shared/yizhil/Avalanche/avalanche-master/search_result_spike-all/tagfex/order2/lr01/log/search_spike_tagfex__order-2__lr-01__seed-065.log
spike-all,spike,tagfex,2,65,0.1,5,18,14202519441628732,12790065639524332,1412453802104400,42750529649855559,859153672312836,1127,762336887589.0293,/nobackup/proj/disk/naiss2026-4-902/shared/yizhil/Avalanche/avalanche-master/search_result_spike-all/tagfex/order2/lr01/search_spike_tagfex__order-2__lr-01__seed-065__summary.json,/nobackup/proj/disk/naiss2026-4-902/shared/yizhil/Avalanche/avalanche-master/search_result_spike-all/tagfex/order2/lr01/log/search_spike_tagfex__order-2__lr-01__seed-065.log
spike-all,spike,tagfex,2,65,0.1,6,18,17701233619562299,16051144003086378,1650089616475921,60451763269417858,1089404109580445,1288,845810644084.1964,/nobackup/proj/disk/naiss2026-4-902/shared/yizhil/Avalanche/avalanche-master/search_result_spike-all/tagfex/order2/lr01/search_spike_tagfex__order-2__lr-01__seed-065__summary.json,/nobackup/proj/disk/naiss2026-4-902/shared/yizhil/Avalanche/avalanche-master/search_result_spike-all/tagfex/order2/lr01/log/search_spike_tagfex__order-2__lr-01__seed-065.log
spike-all,spike,tagfex,2,65,0.1,7,18,21553241154929390,19657861304859796,1895379850069594,82005004424347248,1345726743344777,1448,929369297890.0393,/nobackup/proj/disk/naiss2026-4-902/shared/yizhil/Avalanche/avalanche-master/search_result_spike-all/tagfex/order2/lr01/search_spike_tagfex__order-2__lr-01__seed-065__summary.json,/nobackup/proj/disk/naiss2026-4-902/shared/yizhil/Avalanche/avalanche-master/search_result_spike-all/tagfex/order2/lr01/log/search_spike_tagfex__order-2__lr-01__seed-065.log
spike-all,spike,tagfex,2,65,0.1,8,18,25784826382959380,23633910458970006,2150915923989374,107789830807306628,1629732976331102,1609,1012885628546.3655,/nobackup/proj/disk/naiss2026-4-902/shared/yizhil/Avalanche/avalanche-master/search_result_spike-all/tagfex/order2/lr01/search_spike_tagfex__order-2__lr-01__seed-065__summary.json,/nobackup/proj/disk/naiss2026-4-902/shared/yizhil/Avalanche/avalanche-master/search_result_spike-all/tagfex/order2/lr01/log/search_spike_tagfex__order-2__lr-01__seed-065.log
spike-all,spike,tagfex,2,65,0.1,9,18,30384919679598600,27969504201192516,2415415478406084,138174750486905228,1940631108837860,1770,1096401756405.5707,/nobackup/proj/disk/naiss2026-4-902/shared/yizhil/Avalanche/avalanche-master/search_result_spike-all/tagfex/order2/lr01/search_spike_tagfex__order-2__lr-01__seed-065__summary.json,/nobackup/proj/disk/naiss2026-4-902/shared/yizhil/Avalanche/avalanche-master/search_result_spike-all/tagfex/order2/lr01/log/search_spike_tagfex__order-2__lr-01__seed-065.log
spike-all,spike,tagfex,2,65,0.1,10,18,35354158025333684,32665278417217672,2688879608116012,173528908512238912,2278421810089308,1931,1179918078761.941,/nobackup/proj/disk/naiss2026-4-902/shared/yizhil/Avalanche/avalanche-master/search_result_spike-all/tagfex/order2/lr01/search_spike_tagfex__order-2__lr-01__seed-065__summary.json,/nobackup/proj/disk/naiss2026-4-902/shared/yizhil/Avalanche/avalanche-master/search_result_spike-all/tagfex/order2/lr01/log/search_spike_tagfex__order-2__lr-01__seed-065.log
spike-all,spike,tagfex,2,65,0.1,11,18,40659509740989528,37717293802725332,2942215938264196,214188418253228440,2613574254947969,2092,1249318477508.5894,/nobackup/proj/disk/naiss2026-4-902/shared/yizhil/Avalanche/avalanche-master/search_result_spike-all/tagfex/order2/lr01/search_spike_tagfex__order-2__lr-01__seed-065__summary.json,/nobackup/proj/disk/naiss2026-4-902/shared/yizhil/Avalanche/avalanche-master/search_result_spike-all/tagfex/order2/lr01/log/search_spike_tagfex__order-2__lr-01__seed-065.log
spike-all,spike,tagfex,2,65,0.1,12,18,44222720875634822,41156952995097758,3065767880537064,258411139128863262,2848172424184012,2150,1324731360085.587,/nobackup/proj/disk/naiss2026-4-902/shared/yizhil/Avalanche/avalanche-master/search_result_spike-all/tagfex/order2/lr01/search_spike_tagfex__order-2__lr-01__seed-065__summary.json,/nobackup/proj/disk/naiss2026-4-902/shared/yizhil/Avalanche/avalanche-master/search_result_spike-all/tagfex/order2/lr01/log/search_spike_tagfex__order-2__lr-01__seed-065.log
spike-all,spike,tagfex,2,65,0.1,13,18,46657853470190788,43531536893050612,3126316577140176,305068992599054050,3028473403640888,2149,1409247744830.567,/nobackup/proj/disk/naiss2026-4-902/shared/yizhil/Avalanche/avalanche-master/search_result_spike-all/tagfex/order2/lr01/search_spike_tagfex__order-2__lr-01__seed-065__summary.json,/nobackup/proj/disk/naiss2026-4-902/shared/yizhil/Avalanche/avalanche-master/search_result_spike-all/tagfex/order2/lr01/log/search_spike_tagfex__order-2__lr-01__seed-065.log
spike-all,spike,tagfex,2,65,0.1,14,18,49268590988561239,46073091268487378,3195499720073861,354337583587615289,3217378603098989,2156,1492290632235.1526,/nobackup/proj/disk/naiss2026-4-902/shared/yizhil/Avalanche/avalanche-master/search_result_spike-all/tagfex/order2/lr01/search_spike_tagfex__order-2__lr-01__seed-065__summary.json,/nobackup/proj/disk/naiss2026-4-902/shared/yizhil/Avalanche/avalanche-master/search_result_spike-all/tagfex/order2/lr01/log/search_spike_tagfex__order-2__lr-01__seed-065.log
spike-all,spike,tagfex,2,65,0.1,15,18,51844582471048084,48588085261630016,3256497209418068,406182166058663373,3398746004382340,2161,1572765388423.1096,/nobackup/proj/disk/naiss2026-4-902/shared/yizhil/Avalanche/avalanche-master/search_result_spike-all/tagfex/order2/lr01/search_spike_tagfex__order-2__lr-01__seed-065__summary.json,/nobackup/proj/disk/naiss2026-4-902/shared/yizhil/Avalanche/avalanche-master/search_result_spike-all/tagfex/order2/lr01/log/search_spike_tagfex__order-2__lr-01__seed-065.log
spike-all,spike,tagfex,2,65,0.1,16,18,54041536340063297,50734016873352686,3307519466710611,460223702398726670,3568751151913199,2150,1659884256703.8135,/nobackup/proj/disk/naiss2026-4-902/shared/yizhil/Avalanche/avalanche-master/search_result_spike-all/tagfex/order2/lr01/search_spike_tagfex__order-2__lr-01__seed-065__summary.json,/nobackup/proj/disk/naiss2026-4-902/shared/yizhil/Avalanche/avalanche-master/search_result_spike-all/tagfex/order2/lr01/log/search_spike_tagfex__order-2__lr-01__seed-065.log
spike-all,spike,tagfex,2,65,0.1,17,18,56725658932308044,53349678987533036,3375979944775008,516949361331034714,3758512997413284,2159,1740858266518.427,/nobackup/proj/disk/naiss2026-4-902/shared/yizhil/Avalanche/avalanche-master/search_result_spike-all/tagfex/order2/lr01/search_spike_tagfex__order-2__lr-01__seed-065__summary.json,/nobackup/proj/disk/naiss2026-4-902/shared/yizhil/Avalanche/avalanche-master/search_result_spike-all/tagfex/order2/lr01/log/search_spike_tagfex__order-2__lr-01__seed-065.log
spike-all,spike,tagfex,2,65,0.1,18,18,59110231905110464,55675486064348506,3434745840761958,576059593236145178,3936349569457806,2156,1825765106427.5537,/nobackup/proj/disk/naiss2026-4-902/shared/yizhil/Avalanche/avalanche-master/search_result_spike-all/tagfex/order2/lr01/search_spike_tagfex__order-2__lr-01__seed-065__summary.json,/nobackup/proj/disk/naiss2026-4-902/shared/yizhil/Avalanche/avalanche-master/search_result_spike-all/tagfex/order2/lr01/log/search_spike_tagfex__order-2__lr-01__seed-065.log
spike-all,spike,tagfex,2,67,0.01,1,18,3250608639051466,3237134607659834,13474031391632,3250608639051466,175330764323424,484,362253645296.33057,/nobackup/proj/disk/naiss2026-4-902/shared/yizhil/Avalanche/avalanche-master/search_result_spike-all/tagfex/order2/lr001/search_spike_tagfex__order-2__lr-001__seed-067__summary.json,/nobackup/proj/disk/naiss2026-4-902/shared/yizhil/Avalanche/avalanche-master/search_result_spike-all/tagfex/order2/lr001/log/search_spike_tagfex__order-2__lr-001__seed-067.log
spike-all,spike,tagfex,2,67,0.01,2,18,5919574308592750,5165072301390976,754502007201774,9170182947644216,330069392888116,645,511735492849.79224,/nobackup/proj/disk/naiss2026-4-902/shared/yizhil/Avalanche/avalanche-master/search_result_spike-all/tagfex/order2/lr001/search_spike_tagfex__order-2__lr-001__seed-067__summary.json,/nobackup/proj/disk/naiss2026-4-902/shared/yizhil/Avalanche/avalanche-master/search_result_spike-all/tagfex/order2/lr001/log/search_spike_tagfex__order-2__lr-001__seed-067.log
spike-all,spike,tagfex,2,67,0.01,3,18,8307021735007104,7342946689025356,964075045981748,17477204682651320,479220123103011,805,595304500749.082,/nobackup/proj/disk/naiss2026-4-902/shared/yizhil/Avalanche/avalanche-master/search_result_spike-all/tagfex/order2/lr001/search_spike_tagfex__order-2__lr-001__seed-067__summary.json,/nobackup/proj/disk/naiss2026-4-902/shared/yizhil/Avalanche/avalanche-master/search_result_spike-all/tagfex/order2/lr001/log/search_spike_tagfex__order-2__lr-001__seed-067.log
spike-all,spike,tagfex,2,67,0.01,4,18,11070805525575507,9887022714753698,1183782810821809,28548010208226827,655740999515057,966,678820910471.0735,/nobackup/proj/disk/naiss2026-4-902/shared/yizhil/Avalanche/avalanche-master/search_result_spike-all/tagfex/order2/lr001/search_spike_tagfex__order-2__lr-001__seed-067__summary.json,/nobackup/proj/disk/naiss2026-4-902/shared/yizhil/Avalanche/avalanche-master/search_result_spike-all/tagfex/order2/lr001/log/search_spike_tagfex__order-2__lr-001__seed-067.log
spike-all,spike,tagfex,2,67,0.01,5,18,14202519441628732,12790065639524332,1412453802104400,42750529649855559,859153672312836,1127,762336887589.0293,/nobackup/proj/disk/naiss2026-4-902/shared/yizhil/Avalanche/avalanche-master/search_result_spike-all/tagfex/order2/lr001/search_spike_tagfex__order-2__lr-001__seed-067__summary.json,/nobackup/proj/disk/naiss2026-4-902/shared/yizhil/Avalanche/avalanche-master/search_result_spike-all/tagfex/order2/lr001/log/search_spike_tagfex__order-2__lr-001__seed-067.log
spike-all,spike,tagfex,2,67,0.01,6,18,17701233619562299,16051144003086378,1650089616475921,60451763269417858,1089458962881845,1288,845853232051.122,/nobackup/proj/disk/naiss2026-4-902/shared/yizhil/Avalanche/avalanche-master/search_result_spike-all/tagfex/order2/lr001/search_spike_tagfex__order-2__lr-001__seed-067__summary.json,/nobackup/proj/disk/naiss2026-4-902/shared/yizhil/Avalanche/avalanche-master/search_result_spike-all/tagfex/order2/lr001/log/search_spike_tagfex__order-2__lr-001__seed-067.log
spike-all,spike,tagfex,2,67,0.01,7,18,21553241154929390,19657861304859796,1895379850069594,82005004424347248,1345726743344777,1448,929369297890.0393,/nobackup/proj/disk/naiss2026-4-902/shared/yizhil/Avalanche/avalanche-master/search_result_spike-all/tagfex/order2/lr001/search_spike_tagfex__order-2__lr-001__seed-067__summary.json,/nobackup/proj/disk/naiss2026-4-902/shared/yizhil/Avalanche/avalanche-master/search_result_spike-all/tagfex/order2/lr001/log/search_spike_tagfex__order-2__lr-001__seed-067.log
spike-all,spike,tagfex,2,67,0.01,8,18,25784764673980230,23633848749990856,2150915923989374,107789769098327478,1629732976331102,1609,1012885628546.3655,/nobackup/proj/disk/naiss2026-4-902/shared/yizhil/Avalanche/avalanche-master/search_result_spike-all/tagfex/order2/lr001/search_spike_tagfex__order-2__lr-001__seed-067__summary.json,/nobackup/proj/disk/naiss2026-4-902/shared/yizhil/Avalanche/avalanche-master/search_result_spike-all/tagfex/order2/lr001/log/search_spike_tagfex__order-2__lr-001__seed-067.log
spike-all,spike,tagfex,2,67,0.01,9,18,30386674764613672,27971259286207588,2415415478406084,138176443862941150,1940631108837860,1770,1096401756405.5707,/nobackup/proj/disk/naiss2026-4-902/shared/yizhil/Avalanche/avalanche-master/search_result_spike-all/tagfex/order2/lr001/search_spike_tagfex__order-2__lr-001__seed-067__summary.json,/nobackup/proj/disk/naiss2026-4-902/shared/yizhil/Avalanche/avalanche-master/search_result_spike-all/tagfex/order2/lr001/log/search_spike_tagfex__order-2__lr-001__seed-067.log
spike-all,spike,tagfex,2,67,0.01,10,18,35353431323495152,32664551715379140,2688879608116012,173529875186436302,2278421810089308,1931,1179918078761.941,/nobackup/proj/disk/naiss2026-4-902/shared/yizhil/Avalanche/avalanche-master/search_result_spike-all/tagfex/order2/lr001/search_spike_tagfex__order-2__lr-001__seed-067__summary.json,/nobackup/proj/disk/naiss2026-4-902/shared/yizhil/Avalanche/avalanche-master/search_result_spike-all/tagfex/order2/lr001/log/search_spike_tagfex__order-2__lr-001__seed-067.log
spike-all,spike,tagfex,2,67,0.01,11,18,40659372627435048,37717156689170852,2942215938264196,214189247813871350,2614013026201993,2092,1249528215201.7175,/nobackup/proj/disk/naiss2026-4-902/shared/yizhil/Avalanche/avalanche-master/search_result_spike-all/tagfex/order2/lr001/search_spike_tagfex__order-2__lr-001__seed-067__summary.json,/nobackup/proj/disk/naiss2026-4-902/shared/yizhil/Avalanche/avalanche-master/search_result_spike-all/tagfex/order2/lr001/log/search_spike_tagfex__order-2__lr-001__seed-067.log
spike-all,spike,tagfex,2,67,0.01,12,18,44221226314251490,41155458433714426,3065767880537064,258410474128122840,2847733652929860,2150,1324527280432.493,/nobackup/proj/disk/naiss2026-4-902/shared/yizhil/Avalanche/avalanche-master/search_result_spike-all/tagfex/order2/lr001/search_spike_tagfex__order-2__lr-001__seed-067__summary.json,/nobackup/proj/disk/naiss2026-4-902/shared/yizhil/Avalanche/avalanche-master/search_result_spike-all/tagfex/order2/lr001/log/search_spike_tagfex__order-2__lr-001__seed-067.log
spike-all,spike,tagfex,2,67,0.01,13,18,46658107138146412,43531790561006236,3126316577140176,305068581266269252,3028473403640888,2149,1409247744830.567,/nobackup/proj/disk/naiss2026-4-902/shared/yizhil/Avalanche/avalanche-master/search_result_spike-all/tagfex/order2/lr001/search_spike_tagfex__order-2__lr-001__seed-067__summary.json,/nobackup/proj/disk/naiss2026-4-902/shared/yizhil/Avalanche/avalanche-master/search_result_spike-all/tagfex/order2/lr001/log/search_spike_tagfex__order-2__lr-001__seed-067.log
spike-all,spike,tagfex,2,67,0.01,14,18,49267713446052423,46072213725978562,3195499720073861,354336294712321675,3217378603098989,2156,1492290632235.1526,/nobackup/proj/disk/naiss2026-4-902/shared/yizhil/Avalanche/avalanche-master/search_result_spike-all/tagfex/order2/lr001/search_spike_tagfex__order-2__lr-001__seed-067__summary.json,/nobackup/proj/disk/naiss2026-4-902/shared/yizhil/Avalanche/avalanche-master/search_result_spike-all/tagfex/order2/lr001/log/search_spike_tagfex__order-2__lr-001__seed-067.log
spike-all,spike,tagfex,2,67,0.01,15,18,51843266157284476,48586768947866408,3256497209418068,406179560869606151,3398307233127804,2161,1572562347583.4355,/nobackup/proj/disk/naiss2026-4-902/shared/yizhil/Avalanche/avalanche-master/search_result_spike-all/tagfex/order2/lr001/search_spike_tagfex__order-2__lr-001__seed-067__summary.json,/nobackup/proj/disk/naiss2026-4-902/shared/yizhil/Avalanche/avalanche-master/search_result_spike-all/tagfex/order2/lr001/log/search_spike_tagfex__order-2__lr-001__seed-067.log
spike-all,spike,tagfex,2,67,0.01,16,18,54042592130193709,50735072663483098,3307519466710611,460222152999799860,3568751151913199,2150,1659884256703.8135,/nobackup/proj/disk/naiss2026-4-902/shared/yizhil/Avalanche/avalanche-master/search_result_spike-all/tagfex/order2/lr001/search_spike_tagfex__order-2__lr-001__seed-067__summary.json,/nobackup/proj/disk/naiss2026-4-902/shared/yizhil/Avalanche/avalanche-master/search_result_spike-all/tagfex/order2/lr001/log/search_spike_tagfex__order-2__lr-001__seed-067.log
spike-all,spike,tagfex,2,67,0.01,17,18,56725336707574764,53349356762799756,3375979944775008,516947489707374624,3758074226158492,2159,1740655037590.779,/nobackup/proj/disk/naiss2026-4-902/shared/yizhil/Avalanche/avalanche-master/search_result_spike-all/tagfex/order2/lr001/search_spike_tagfex__order-2__lr-001__seed-067__summary.json,/nobackup/proj/disk/naiss2026-4-902/shared/yizhil/Avalanche/avalanche-master/search_result_spike-all/tagfex/order2/lr001/log/search_spike_tagfex__order-2__lr-001__seed-067.log
spike-all,spike,tagfex,2,67,0.01,18,18,59113303303894904,55678557463132946,3434745840761958,576060793011269528,3936788340712726,2156,1825968618141.3386,/nobackup/proj/disk/naiss2026-4-902/shared/yizhil/Avalanche/avalanche-master/search_result_spike-all/tagfex/order2/lr001/search_spike_tagfex__order-2__lr-001__seed-067__summary.json,/nobackup/proj/disk/naiss2026-4-902/shared/yizhil/Avalanche/avalanche-master/search_result_spike-all/tagfex/order2/lr001/log/search_spike_tagfex__order-2__lr-001__seed-067.log
spike-all,spike,tagfex,2,67,0.05,1,18,3250608639051466,3237134607659834,13474031391632,3250608639051466,175330764323424,484,362253645296.33057,/nobackup/proj/disk/naiss2026-4-902/shared/yizhil/Avalanche/avalanche-master/search_result_spike-all/tagfex/order2/lr005/search_spike_tagfex__order-2__lr-005__seed-067__summary.json,/nobackup/proj/disk/naiss2026-4-902/shared/yizhil/Avalanche/avalanche-master/search_result_spike-all/tagfex/order2/lr005/log/search_spike_tagfex__order-2__lr-005__seed-067.log
spike-all,spike,tagfex,2,67,0.05,2,18,5919574308592750,5165072301390976,754502007201774,9170182947644216,330069392888116,645,511735492849.79224,/nobackup/proj/disk/naiss2026-4-902/shared/yizhil/Avalanche/avalanche-master/search_result_spike-all/tagfex/order2/lr005/search_spike_tagfex__order-2__lr-005__seed-067__summary.json,/nobackup/proj/disk/naiss2026-4-902/shared/yizhil/Avalanche/avalanche-master/search_result_spike-all/tagfex/order2/lr005/log/search_spike_tagfex__order-2__lr-005__seed-067.log
spike-all,spike,tagfex,2,67,0.05,3,18,8307021735007104,7342946689025356,964075045981748,17477204682651320,479220123103011,805,595304500749.082,/nobackup/proj/disk/naiss2026-4-902/shared/yizhil/Avalanche/avalanche-master/search_result_spike-all/tagfex/order2/lr005/search_spike_tagfex__order-2__lr-005__seed-067__summary.json,/nobackup/proj/disk/naiss2026-4-902/shared/yizhil/Avalanche/avalanche-master/search_result_spike-all/tagfex/order2/lr005/log/search_spike_tagfex__order-2__lr-005__seed-067.log
spike-all,spike,tagfex,2,67,0.05,4,18,11070805525575507,9887022714753698,1183782810821809,28548010208226827,655740999515057,966,678820910471.0735,/nobackup/proj/disk/naiss2026-4-902/shared/yizhil/Avalanche/avalanche-master/search_result_spike-all/tagfex/order2/lr005/search_spike_tagfex__order-2__lr-005__seed-067__summary.json,/nobackup/proj/disk/naiss2026-4-902/shared/yizhil/Avalanche/avalanche-master/search_result_spike-all/tagfex/order2/lr005/log/search_spike_tagfex__order-2__lr-005__seed-067.log
spike-all,spike,tagfex,2,67,0.05,5,18,14202519441628732,12790065639524332,1412453802104400,42750529649855559,859153672312836,1127,762336887589.0293,/nobackup/proj/disk/naiss2026-4-902/shared/yizhil/Avalanche/avalanche-master/search_result_spike-all/tagfex/order2/lr005/search_spike_tagfex__order-2__lr-005__seed-067__summary.json,/nobackup/proj/disk/naiss2026-4-902/shared/yizhil/Avalanche/avalanche-master/search_result_spike-all/tagfex/order2/lr005/log/search_spike_tagfex__order-2__lr-005__seed-067.log
spike-all,spike,tagfex,2,67,0.05,6,18,17701233619562299,16051144003086378,1650089616475921,60451763269417858,1089458962881845,1288,845853232051.122,/nobackup/proj/disk/naiss2026-4-902/shared/yizhil/Avalanche/avalanche-master/search_result_spike-all/tagfex/order2/lr005/search_spike_tagfex__order-2__lr-005__seed-067__summary.json,/nobackup/proj/disk/naiss2026-4-902/shared/yizhil/Avalanche/avalanche-master/search_result_spike-all/tagfex/order2/lr005/log/search_spike_tagfex__order-2__lr-005__seed-067.log
spike-all,spike,tagfex,2,67,0.05,7,18,21553241154929390,19657861304859796,1895379850069594,82005004424347248,1345726743344777,1448,929369297890.0393,/nobackup/proj/disk/naiss2026-4-902/shared/yizhil/Avalanche/avalanche-master/search_result_spike-all/tagfex/order2/lr005/search_spike_tagfex__order-2__lr-005__seed-067__summary.json,/nobackup/proj/disk/naiss2026-4-902/shared/yizhil/Avalanche/avalanche-master/search_result_spike-all/tagfex/order2/lr005/log/search_spike_tagfex__order-2__lr-005__seed-067.log
spike-all,spike,tagfex,2,67,0.05,8,18,25784764673980230,23633848749990856,2150915923989374,107789769098327478,1629732976331102,1609,1012885628546.3655,/nobackup/proj/disk/naiss2026-4-902/shared/yizhil/Avalanche/avalanche-master/search_result_spike-all/tagfex/order2/lr005/search_spike_tagfex__order-2__lr-005__seed-067__summary.json,/nobackup/proj/disk/naiss2026-4-902/shared/yizhil/Avalanche/avalanche-master/search_result_spike-all/tagfex/order2/lr005/log/search_spike_tagfex__order-2__lr-005__seed-067.log
spike-all,spike,tagfex,2,67,0.05,9,18,30386674764613672,27971259286207588,2415415478406084,138176443862941150,1940631108837860,1770,1096401756405.5707,/nobackup/proj/disk/naiss2026-4-902/shared/yizhil/Avalanche/avalanche-master/search_result_spike-all/tagfex/order2/lr005/search_spike_tagfex__order-2__lr-005__seed-067__summary.json,/nobackup/proj/disk/naiss2026-4-902/shared/yizhil/Avalanche/avalanche-master/search_result_spike-all/tagfex/order2/lr005/log/search_spike_tagfex__order-2__lr-005__seed-067.log
spike-all,spike,tagfex,2,67,0.05,10,18,35353431323495152,32664551715379140,2688879608116012,173529875186436302,2278421810089308,1931,1179918078761.941,/nobackup/proj/disk/naiss2026-4-902/shared/yizhil/Avalanche/avalanche-master/search_result_spike-all/tagfex/order2/lr005/search_spike_tagfex__order-2__lr-005__seed-067__summary.json,/nobackup/proj/disk/naiss2026-4-902/shared/yizhil/Avalanche/avalanche-master/search_result_spike-all/tagfex/order2/lr005/log/search_spike_tagfex__order-2__lr-005__seed-067.log
spike-all,spike,tagfex,2,67,0.05,11,18,40659372627435048,37717156689170852,2942215938264196,214189247813871350,2614013026201993,2092,1249528215201.7175,/nobackup/proj/disk/naiss2026-4-902/shared/yizhil/Avalanche/avalanche-master/search_result_spike-all/tagfex/order2/lr005/search_spike_tagfex__order-2__lr-005__seed-067__summary.json,/nobackup/proj/disk/naiss2026-4-902/shared/yizhil/Avalanche/avalanche-master/search_result_spike-all/tagfex/order2/lr005/log/search_spike_tagfex__order-2__lr-005__seed-067.log
spike-all,spike,tagfex,2,67,0.05,12,18,44221226314251490,41155458433714426,3065767880537064,258410474128122840,2847733652929860,2150,1324527280432.493,/nobackup/proj/disk/naiss2026-4-902/shared/yizhil/Avalanche/avalanche-master/search_result_spike-all/tagfex/order2/lr005/search_spike_tagfex__order-2__lr-005__seed-067__summary.json,/nobackup/proj/disk/naiss2026-4-902/shared/yizhil/Avalanche/avalanche-master/search_result_spike-all/tagfex/order2/lr005/log/search_spike_tagfex__order-2__lr-005__seed-067.log
spike-all,spike,tagfex,2,67,0.05,13,18,46658107138146412,43531790561006236,3126316577140176,305068581266269252,3028473403640888,2149,1409247744830.567,/nobackup/proj/disk/naiss2026-4-902/shared/yizhil/Avalanche/avalanche-master/search_result_spike-all/tagfex/order2/lr005/search_spike_tagfex__order-2__lr-005__seed-067__summary.json,/nobackup/proj/disk/naiss2026-4-902/shared/yizhil/Avalanche/avalanche-master/search_result_spike-all/tagfex/order2/lr005/log/search_spike_tagfex__order-2__lr-005__seed-067.log
spike-all,spike,tagfex,2,67,0.05,14,18,49267713446052423,46072213725978562,3195499720073861,354336294712321675,3217378603098989,2156,1492290632235.1526,/nobackup/proj/disk/naiss2026-4-902/shared/yizhil/Avalanche/avalanche-master/search_result_spike-all/tagfex/order2/lr005/search_spike_tagfex__order-2__lr-005__seed-067__summary.json,/nobackup/proj/disk/naiss2026-4-902/shared/yizhil/Avalanche/avalanche-master/search_result_spike-all/tagfex/order2/lr005/log/search_spike_tagfex__order-2__lr-005__seed-067.log
spike-all,spike,tagfex,2,67,0.05,15,18,51843266157284476,48586768947866408,3256497209418068,406179560869606151,3398307233127804,2161,1572562347583.4355,/nobackup/proj/disk/naiss2026-4-902/shared/yizhil/Avalanche/avalanche-master/search_result_spike-all/tagfex/order2/lr005/search_spike_tagfex__order-2__lr-005__seed-067__summary.json,/nobackup/proj/disk/naiss2026-4-902/shared/yizhil/Avalanche/avalanche-master/search_result_spike-all/tagfex/order2/lr005/log/search_spike_tagfex__order-2__lr-005__seed-067.log
spike-all,spike,tagfex,2,67,0.05,16,18,54042592130193709,50735072663483098,3307519466710611,460222152999799860,3568751151913199,2150,1659884256703.8135,/nobackup/proj/disk/naiss2026-4-902/shared/yizhil/Avalanche/avalanche-master/search_result_spike-all/tagfex/order2/lr005/search_spike_tagfex__order-2__lr-005__seed-067__summary.json,/nobackup/proj/disk/naiss2026-4-902/shared/yizhil/Avalanche/avalanche-master/search_result_spike-all/tagfex/order2/lr005/log/search_spike_tagfex__order-2__lr-005__seed-067.log
spike-all,spike,tagfex,2,67,0.05,17,18,56725336707574764,53349356762799756,3375979944775008,516947489707374624,3758074226158492,2159,1740655037590.779,/nobackup/proj/disk/naiss2026-4-902/shared/yizhil/Avalanche/avalanche-master/search_result_spike-all/tagfex/order2/lr005/search_spike_tagfex__order-2__lr-005__seed-067__summary.json,/nobackup/proj/disk/naiss2026-4-902/shared/yizhil/Avalanche/avalanche-master/search_result_spike-all/tagfex/order2/lr005/log/search_spike_tagfex__order-2__lr-005__seed-067.log
spike-all,spike,tagfex,2,67,0.05,18,18,59113303303894904,55678557463132946,3434745840761958,576060793011269528,3936788340712726,2156,1825968618141.3386,/nobackup/proj/disk/naiss2026-4-902/shared/yizhil/Avalanche/avalanche-master/search_result_spike-all/tagfex/order2/lr005/search_spike_tagfex__order-2__lr-005__seed-067__summary.json,/nobackup/proj/disk/naiss2026-4-902/shared/yizhil/Avalanche/avalanche-master/search_result_spike-all/tagfex/order2/lr005/log/search_spike_tagfex__order-2__lr-005__seed-067.log
spike-all,spike,tagfex,2,67,0.1,1,18,3250608639051466,3237134607659834,13474031391632,3250608639051466,175330764323424,484,362253645296.33057,/nobackup/proj/disk/naiss2026-4-902/shared/yizhil/Avalanche/avalanche-master/search_result_spike-all/tagfex/order2/lr01/search_spike_tagfex__order-2__lr-01__seed-067__summary.json,/nobackup/proj/disk/naiss2026-4-902/shared/yizhil/Avalanche/avalanche-master/search_result_spike-all/tagfex/order2/lr01/log/search_spike_tagfex__order-2__lr-01__seed-067.log
spike-all,spike,tagfex,2,67,0.1,2,18,5919574308592628,5165072301390854,754502007201774,9170182947644094,330069392888116,645,511735492849.79224,/nobackup/proj/disk/naiss2026-4-902/shared/yizhil/Avalanche/avalanche-master/search_result_spike-all/tagfex/order2/lr01/search_spike_tagfex__order-2__lr-01__seed-067__summary.json,/nobackup/proj/disk/naiss2026-4-902/shared/yizhil/Avalanche/avalanche-master/search_result_spike-all/tagfex/order2/lr01/log/search_spike_tagfex__order-2__lr-01__seed-067.log
spike-all,spike,tagfex,2,67,0.1,3,18,8307021735007104,7342946689025356,964075045981748,17477204682651198,479220123103011,805,595304500749.082,/nobackup/proj/disk/naiss2026-4-902/shared/yizhil/Avalanche/avalanche-master/search_result_spike-all/tagfex/order2/lr01/search_spike_tagfex__order-2__lr-01__seed-067__summary.json,/nobackup/proj/disk/naiss2026-4-902/shared/yizhil/Avalanche/avalanche-master/search_result_spike-all/tagfex/order2/lr01/log/search_spike_tagfex__order-2__lr-01__seed-067.log
spike-all,spike,tagfex,2,67,0.1,4,18,11070805525575507,9887022714753698,1183782810821809,28548010208226705,655740999515057,966,678820910471.0735,/nobackup/proj/disk/naiss2026-4-902/shared/yizhil/Avalanche/avalanche-master/search_result_spike-all/tagfex/order2/lr01/search_spike_tagfex__order-2__lr-01__seed-067__summary.json,/nobackup/proj/disk/naiss2026-4-902/shared/yizhil/Avalanche/avalanche-master/search_result_spike-all/tagfex/order2/lr01/log/search_spike_tagfex__order-2__lr-01__seed-067.log
spike-all,spike,tagfex,2,67,0.1,5,18,14202519441628732,12790065639524332,1412453802104400,42750529649855437,859153672312836,1127,762336887589.0293,/nobackup/proj/disk/naiss2026-4-902/shared/yizhil/Avalanche/avalanche-master/search_result_spike-all/tagfex/order2/lr01/search_spike_tagfex__order-2__lr-01__seed-067__summary.json,/nobackup/proj/disk/naiss2026-4-902/shared/yizhil/Avalanche/avalanche-master/search_result_spike-all/tagfex/order2/lr01/log/search_spike_tagfex__order-2__lr-01__seed-067.log
spike-all,spike,tagfex,2,67,0.1,6,18,17701233619562299,16051144003086378,1650089616475921,60451763269417736,1089458962881845,1288,845853232051.122,/nobackup/proj/disk/naiss2026-4-902/shared/yizhil/Avalanche/avalanche-master/search_result_spike-all/tagfex/order2/lr01/search_spike_tagfex__order-2__lr-01__seed-067__summary.json,/nobackup/proj/disk/naiss2026-4-902/shared/yizhil/Avalanche/avalanche-master/search_result_spike-all/tagfex/order2/lr01/log/search_spike_tagfex__order-2__lr-01__seed-067.log
spike-all,spike,tagfex,2,67,0.1,7,18,21553241154929390,19657861304859796,1895379850069594,82005004424347126,1345726743344777,1448,929369297890.0393,/nobackup/proj/disk/naiss2026-4-902/shared/yizhil/Avalanche/avalanche-master/search_result_spike-all/tagfex/order2/lr01/search_spike_tagfex__order-2__lr-01__seed-067__summary.json,/nobackup/proj/disk/naiss2026-4-902/shared/yizhil/Avalanche/avalanche-master/search_result_spike-all/tagfex/order2/lr01/log/search_spike_tagfex__order-2__lr-01__seed-067.log
spike-all,spike,tagfex,2,67,0.1,8,18,25784764673980230,23633848749990856,2150915923989374,107789769098327356,1629732976331102,1609,1012885628546.3655,/nobackup/proj/disk/naiss2026-4-902/shared/yizhil/Avalanche/avalanche-master/search_result_spike-all/tagfex/order2/lr01/search_spike_tagfex__order-2__lr-01__seed-067__summary.json,/nobackup/proj/disk/naiss2026-4-902/shared/yizhil/Avalanche/avalanche-master/search_result_spike-all/tagfex/order2/lr01/log/search_spike_tagfex__order-2__lr-01__seed-067.log
spike-all,spike,tagfex,2,67,0.1,9,18,30386674764613672,27971259286207588,2415415478406084,138176443862941028,1940631108837860,1770,1096401756405.5707,/nobackup/proj/disk/naiss2026-4-902/shared/yizhil/Avalanche/avalanche-master/search_result_spike-all/tagfex/order2/lr01/search_spike_tagfex__order-2__lr-01__seed-067__summary.json,/nobackup/proj/disk/naiss2026-4-902/shared/yizhil/Avalanche/avalanche-master/search_result_spike-all/tagfex/order2/lr01/log/search_spike_tagfex__order-2__lr-01__seed-067.log
spike-all,spike,tagfex,2,67,0.1,10,18,35353431323495152,32664551715379140,2688879608116012,173529875186436180,2278421810089308,1931,1179918078761.941,/nobackup/proj/disk/naiss2026-4-902/shared/yizhil/Avalanche/avalanche-master/search_result_spike-all/tagfex/order2/lr01/search_spike_tagfex__order-2__lr-01__seed-067__summary.json,/nobackup/proj/disk/naiss2026-4-902/shared/yizhil/Avalanche/avalanche-master/search_result_spike-all/tagfex/order2/lr01/log/search_spike_tagfex__order-2__lr-01__seed-067.log
spike-all,spike,tagfex,2,67,0.1,11,18,40659372627435048,37717156689170852,2942215938264196,214189247813871228,2614013026201993,2092,1249528215201.7175,/nobackup/proj/disk/naiss2026-4-902/shared/yizhil/Avalanche/avalanche-master/search_result_spike-all/tagfex/order2/lr01/search_spike_tagfex__order-2__lr-01__seed-067__summary.json,/nobackup/proj/disk/naiss2026-4-902/shared/yizhil/Avalanche/avalanche-master/search_result_spike-all/tagfex/order2/lr01/log/search_spike_tagfex__order-2__lr-01__seed-067.log
spike-all,spike,tagfex,2,67,0.1,12,18,44221226314251490,41155458433714426,3065767880537064,258410474128122718,2847733652929860,2150,1324527280432.493,/nobackup/proj/disk/naiss2026-4-902/shared/yizhil/Avalanche/avalanche-master/search_result_spike-all/tagfex/order2/lr01/search_spike_tagfex__order-2__lr-01__seed-067__summary.json,/nobackup/proj/disk/naiss2026-4-902/shared/yizhil/Avalanche/avalanche-master/search_result_spike-all/tagfex/order2/lr01/log/search_spike_tagfex__order-2__lr-01__seed-067.log
spike-all,spike,tagfex,2,67,0.1,13,18,46658107138146412,43531790561006236,3126316577140176,305068581266269130,3028473403640888,2149,1409247744830.567,/nobackup/proj/disk/naiss2026-4-902/shared/yizhil/Avalanche/avalanche-master/search_result_spike-all/tagfex/order2/lr01/search_spike_tagfex__order-2__lr-01__seed-067__summary.json,/nobackup/proj/disk/naiss2026-4-902/shared/yizhil/Avalanche/avalanche-master/search_result_spike-all/tagfex/order2/lr01/log/search_spike_tagfex__order-2__lr-01__seed-067.log
spike-all,spike,tagfex,2,67,0.1,14,18,49267713446052423,46072213725978562,3195499720073861,354336294712321553,3217378603098989,2156,1492290632235.1526,/nobackup/proj/disk/naiss2026-4-902/shared/yizhil/Avalanche/avalanche-master/search_result_spike-all/tagfex/order2/lr01/search_spike_tagfex__order-2__lr-01__seed-067__summary.json,/nobackup/proj/disk/naiss2026-4-902/shared/yizhil/Avalanche/avalanche-master/search_result_spike-all/tagfex/order2/lr01/log/search_spike_tagfex__order-2__lr-01__seed-067.log
spike-all,spike,tagfex,2,67,0.1,15,18,51843266157284476,48586768947866408,3256497209418068,406179560869606029,3398307233127804,2161,1572562347583.4355,/nobackup/proj/disk/naiss2026-4-902/shared/yizhil/Avalanche/avalanche-master/search_result_spike-all/tagfex/order2/lr01/search_spike_tagfex__order-2__lr-01__seed-067__summary.json,/nobackup/proj/disk/naiss2026-4-902/shared/yizhil/Avalanche/avalanche-master/search_result_spike-all/tagfex/order2/lr01/log/search_spike_tagfex__order-2__lr-01__seed-067.log
spike-all,spike,tagfex,2,67,0.1,16,18,54042592130193709,50735072663483098,3307519466710611,460222152999799738,3568751151913199,2150,1659884256703.8135,/nobackup/proj/disk/naiss2026-4-902/shared/yizhil/Avalanche/avalanche-master/search_result_spike-all/tagfex/order2/lr01/search_spike_tagfex__order-2__lr-01__seed-067__summary.json,/nobackup/proj/disk/naiss2026-4-902/shared/yizhil/Avalanche/avalanche-master/search_result_spike-all/tagfex/order2/lr01/log/search_spike_tagfex__order-2__lr-01__seed-067.log
spike-all,spike,tagfex,2,67,0.1,17,18,56725336707574764,53349356762799756,3375979944775008,516947489707374502,3758074226158492,2159,1740655037590.779,/nobackup/proj/disk/naiss2026-4-902/shared/yizhil/Avalanche/avalanche-master/search_result_spike-all/tagfex/order2/lr01/search_spike_tagfex__order-2__lr-01__seed-067__summary.json,/nobackup/proj/disk/naiss2026-4-902/shared/yizhil/Avalanche/avalanche-master/search_result_spike-all/tagfex/order2/lr01/log/search_spike_tagfex__order-2__lr-01__seed-067.log
spike-all,spike,tagfex,2,67,0.1,18,18,59113303303894904,55678557463132946,3434745840761958,576060793011269406,3936788340712726,2156,1825968618141.3386,/nobackup/proj/disk/naiss2026-4-902/shared/yizhil/Avalanche/avalanche-master/search_result_spike-all/tagfex/order2/lr01/search_spike_tagfex__order-2__lr-01__seed-067__summary.json,/nobackup/proj/disk/naiss2026-4-902/shared/yizhil/Avalanche/avalanche-master/search_result_spike-all/tagfex/order2/lr01/log/search_spike_tagfex__order-2__lr-01__seed-067.log
spike-all,spike,tagfex,2,69,0.01,1,18,3250608639051466,3237134607659834,13474031391632,3250608639051466,175330764323424,484,362253645296.33057,/nobackup/proj/disk/naiss2026-4-902/shared/yizhil/Avalanche/avalanche-master/search_result_spike-all/tagfex/order2/lr001/search_spike_tagfex__order-2__lr-001__seed-069__summary.json,/nobackup/proj/disk/naiss2026-4-902/shared/yizhil/Avalanche/avalanche-master/search_result_spike-all/tagfex/order2/lr001/log/search_spike_tagfex__order-2__lr-001__seed-069.log
spike-all,spike,tagfex,2,69,0.01,2,18,5919574308592750,5165072301390976,754502007201774,9170182947644216,330103679156334,645,511788649854.7814,/nobackup/proj/disk/naiss2026-4-902/shared/yizhil/Avalanche/avalanche-master/search_result_spike-all/tagfex/order2/lr001/search_spike_tagfex__order-2__lr-001__seed-069__summary.json,/nobackup/proj/disk/naiss2026-4-902/shared/yizhil/Avalanche/avalanche-master/search_result_spike-all/tagfex/order2/lr001/log/search_spike_tagfex__order-2__lr-001__seed-069.log
spike-all,spike,tagfex,2,69,0.01,3,18,8307021735007104,7342946689025356,964075045981748,17477204682651320,479220123103011,805,595304500749.082,/nobackup/proj/disk/naiss2026-4-902/shared/yizhil/Avalanche/avalanche-master/search_result_spike-all/tagfex/order2/lr001/search_spike_tagfex__order-2__lr-001__seed-069__summary.json,/nobackup/proj/disk/naiss2026-4-902/shared/yizhil/Avalanche/avalanche-master/search_result_spike-all/tagfex/order2/lr001/log/search_spike_tagfex__order-2__lr-001__seed-069.log
spike-all,spike,tagfex,2,69,0.01,4,18,11070764383629559,9886981572807750,1183782810821809,28547969066280879,655740999515057,966,678820910471.0735,/nobackup/proj/disk/naiss2026-4-902/shared/yizhil/Avalanche/avalanche-master/search_result_spike-all/tagfex/order2/lr001/search_spike_tagfex__order-2__lr-001__seed-069__summary.json,/nobackup/proj/disk/naiss2026-4-902/shared/yizhil/Avalanche/avalanche-master/search_result_spike-all/tagfex/order2/lr001/log/search_spike_tagfex__order-2__lr-001__seed-069.log
spike-all,spike,tagfex,2,69,0.01,5,18,14202519441628732,12790065639524332,1412453802104400,42750488507909611,859153672312836,1127,762336887589.0293,/nobackup/proj/disk/naiss2026-4-902/shared/yizhil/Avalanche/avalanche-master/search_result_spike-all/tagfex/order2/lr001/search_spike_tagfex__order-2__lr-001__seed-069__summary.json,/nobackup/proj/disk/naiss2026-4-902/shared/yizhil/Avalanche/avalanche-master/search_result_spike-all/tagfex/order2/lr001/log/search_spike_tagfex__order-2__lr-001__seed-069.log
spike-all,spike,tagfex,2,69,0.01,6,18,17701288472863699,16051198856387778,1650089616475921,60451776980773310,1089458962881845,1288,845853232051.122,/nobackup/proj/disk/naiss2026-4-902/shared/yizhil/Avalanche/avalanche-master/search_result_spike-all/tagfex/order2/lr001/search_spike_tagfex__order-2__lr-001__seed-069__summary.json,/nobackup/proj/disk/naiss2026-4-902/shared/yizhil/Avalanche/avalanche-master/search_result_spike-all/tagfex/order2/lr001/log/search_spike_tagfex__order-2__lr-001__seed-069.log
spike-all,spike,tagfex,2,69,0.01,7,18,21553241154929390,19657861304859796,1895379850069594,82005018135702700,1345726743344777,1448,929369297890.0393,/nobackup/proj/disk/naiss2026-4-902/shared/yizhil/Avalanche/avalanche-master/search_result_spike-all/tagfex/order2/lr001/search_spike_tagfex__order-2__lr-001__seed-069__summary.json,/nobackup/proj/disk/naiss2026-4-902/shared/yizhil/Avalanche/avalanche-master/search_result_spike-all/tagfex/order2/lr001/log/search_spike_tagfex__order-2__lr-001__seed-069.log
spike-all,spike,tagfex,2,69,0.01,8,18,25785580507508360,23634664583518986,2150915923989374,107790598643211060,1629732976331102,1609,1012885628546.3655,/nobackup/proj/disk/naiss2026-4-902/shared/yizhil/Avalanche/avalanche-master/search_result_spike-all/tagfex/order2/lr001/search_spike_tagfex__order-2__lr-001__seed-069__summary.json,/nobackup/proj/disk/naiss2026-4-902/shared/yizhil/Avalanche/avalanche-master/search_result_spike-all/tagfex/order2/lr001/log/search_spike_tagfex__order-2__lr-001__seed-069.log
spike-all,spike,tagfex,2,69,0.01,9,18,30386674764613672,27971259286207588,2415415478406084,138177273407824732,1940631108837860,1770,1096401756405.5707,/nobackup/proj/disk/naiss2026-4-902/shared/yizhil/Avalanche/avalanche-master/search_result_spike-all/tagfex/order2/lr001/search_spike_tagfex__order-2__lr-001__seed-069__summary.json,/nobackup/proj/disk/naiss2026-4-902/shared/yizhil/Avalanche/avalanche-master/search_result_spike-all/tagfex/order2/lr001/log/search_spike_tagfex__order-2__lr-001__seed-069.log
spike-all,spike,tagfex,2,69,0.01,10,18,35353431323495152,32664551715379140,2688879608116012,173530704731319884,2278346389754678,1931,1179879021105.478,/nobackup/proj/disk/naiss2026-4-902/shared/yizhil/Avalanche/avalanche-master/search_result_spike-all/tagfex/order2/lr001/search_spike_tagfex__order-2__lr-001__seed-069__summary.json,/nobackup/proj/disk/naiss2026-4-902/shared/yizhil/Avalanche/avalanche-master/search_result_spike-all/tagfex/order2/lr001/log/search_spike_tagfex__order-2__lr-001__seed-069.log
spike-all,spike,tagfex,2,69,0.01,11,18,40660250169943096,37718034231678900,2942215938264196,214190954901262980,2614013026201993,2092,1249528215201.7175,/nobackup/proj/disk/naiss2026-4-902/shared/yizhil/Avalanche/avalanche-master/search_result_spike-all/tagfex/order2/lr001/search_spike_tagfex__order-2__lr-001__seed-069__summary.json,/nobackup/proj/disk/naiss2026-4-902/shared/yizhil/Avalanche/avalanche-master/search_result_spike-all/tagfex/order2/lr001/log/search_spike_tagfex__order-2__lr-001__seed-069.log
spike-all,spike,tagfex,2,69,0.01,12,18,44222364380393070,41156596499856006,3065767880537064,258413319281656050,2847733652929860,2150,1324527280432.493,/nobackup/proj/disk/naiss2026-4-902/shared/yizhil/Avalanche/avalanche-master/search_result_spike-all/tagfex/order2/lr001/search_spike_tagfex__order-2__lr-001__seed-069__summary.json,/nobackup/proj/disk/naiss2026-4-902/shared/yizhil/Avalanche/avalanche-master/search_result_spike-all/tagfex/order2/lr001/log/search_spike_tagfex__order-2__lr-001__seed-069.log
spike-all,spike,tagfex,2,69,0.01,13,18,46658038573489444,43531721996349268,3126316577140176,305071357855145494,3027780964430984,2149,1408925530214.511,/nobackup/proj/disk/naiss2026-4-902/shared/yizhil/Avalanche/avalanche-master/search_result_spike-all/tagfex/order2/lr001/search_spike_tagfex__order-2__lr-001__seed-069__summary.json,/nobackup/proj/disk/naiss2026-4-902/shared/yizhil/Avalanche/avalanche-master/search_result_spike-all/tagfex/order2/lr001/log/search_spike_tagfex__order-2__lr-001__seed-069.log
spike-all,spike,tagfex,2,69,0.01,14,18,49267713446052423,46072213725978562,3195499720073861,354339071301197917,3217378603098989,2156,1492290632235.1526,/nobackup/proj/disk/naiss2026-4-902/shared/yizhil/Avalanche/avalanche-master/search_result_spike-all/tagfex/order2/lr001/search_spike_tagfex__order-2__lr-001__seed-069__summary.json,/nobackup/proj/disk/naiss2026-4-902/shared/yizhil/Avalanche/avalanche-master/search_result_spike-all/tagfex/order2/lr001/log/search_spike_tagfex__order-2__lr-001__seed-069.log
spike-all,spike,tagfex,2,69,0.01,15,18,51842388614775404,48585891405357336,3256497209418068,406181459915973321,3398746004382340,2161,1572765388423.1096,/nobackup/proj/disk/naiss2026-4-902/shared/yizhil/Avalanche/avalanche-master/search_result_spike-all/tagfex/order2/lr001/search_spike_tagfex__order-2__lr-001__seed-069__summary.json,/nobackup/proj/disk/naiss2026-4-902/shared/yizhil/Avalanche/avalanche-master/search_result_spike-all/tagfex/order2/lr001/log/search_spike_tagfex__order-2__lr-001__seed-069.log
spike-all,spike,tagfex,2,69,0.01,16,18,54040398273920389,50732878807209778,3307519466710611,460221858189893710,3568751151913199,2150,1659884256703.8135,/nobackup/proj/disk/naiss2026-4-902/shared/yizhil/Avalanche/avalanche-master/search_result_spike-all/tagfex/order2/lr001/search_spike_tagfex__order-2__lr-001__seed-069__summary.json,/nobackup/proj/disk/naiss2026-4-902/shared/yizhil/Avalanche/avalanche-master/search_result_spike-all/tagfex/order2/lr001/log/search_spike_tagfex__order-2__lr-001__seed-069.log
spike-all,spike,tagfex,2,69,0.01,17,18,56724897936319972,53348917991544964,3375979944775008,516946756126213682,3758512997413284,2159,1740858266518.427,/nobackup/proj/disk/naiss2026-4-902/shared/yizhil/Avalanche/avalanche-master/search_result_spike-all/tagfex/order2/lr001/search_spike_tagfex__order-2__lr-001__seed-069__summary.json,/nobackup/proj/disk/naiss2026-4-902/shared/yizhil/Avalanche/avalanche-master/search_result_spike-all/tagfex/order2/lr001/log/search_spike_tagfex__order-2__lr-001__seed-069.log
spike-all,spike,tagfex,2,69,0.01,18,18,59110807789920144,55676061949158186,3434745840761958,576057563916133826,3936349569457806,2156,1825765106427.5537,/nobackup/proj/disk/naiss2026-4-902/shared/yizhil/Avalanche/avalanche-master/search_result_spike-all/tagfex/order2/lr001/search_spike_tagfex__order-2__lr-001__seed-069__summary.json,/nobackup/proj/disk/naiss2026-4-902/shared/yizhil/Avalanche/avalanche-master/search_result_spike-all/tagfex/order2/lr001/log/search_spike_tagfex__order-2__lr-001__seed-069.log
spike-all,spike,tagfex,2,69,0.05,1,18,3250608639051466,3237134607659834,13474031391632,3250608639051466,175330764323424,484,362253645296.33057,/nobackup/proj/disk/naiss2026-4-902/shared/yizhil/Avalanche/avalanche-master/search_result_spike-all/tagfex/order2/lr005/search_spike_tagfex__order-2__lr-005__seed-069__summary.json,/nobackup/proj/disk/naiss2026-4-902/shared/yizhil/Avalanche/avalanche-master/search_result_spike-all/tagfex/order2/lr005/log/search_spike_tagfex__order-2__lr-005__seed-069.log
spike-all,spike,tagfex,2,69,0.05,2,18,5919574308592466,5165072301390692,754502007201774,9170182947643932,330103679156334,645,511788649854.7814,/nobackup/proj/disk/naiss2026-4-902/shared/yizhil/Avalanche/avalanche-master/search_result_spike-all/tagfex/order2/lr005/search_spike_tagfex__order-2__lr-005__seed-069__summary.json,/nobackup/proj/disk/naiss2026-4-902/shared/yizhil/Avalanche/avalanche-master/search_result_spike-all/tagfex/order2/lr005/log/search_spike_tagfex__order-2__lr-005__seed-069.log
spike-all,spike,tagfex,2,69,0.05,3,18,8307021735007104,7342946689025356,964075045981748,17477204682651036,479220123103011,805,595304500749.082,/nobackup/proj/disk/naiss2026-4-902/shared/yizhil/Avalanche/avalanche-master/search_result_spike-all/tagfex/order2/lr005/search_spike_tagfex__order-2__lr-005__seed-069__summary.json,/nobackup/proj/disk/naiss2026-4-902/shared/yizhil/Avalanche/avalanche-master/search_result_spike-all/tagfex/order2/lr005/log/search_spike_tagfex__order-2__lr-005__seed-069.log
spike-all,spike,tagfex,2,69,0.05,4,18,11070764383629559,9886981572807750,1183782810821809,28547969066280595,655740999515057,966,678820910471.0735,/nobackup/proj/disk/naiss2026-4-902/shared/yizhil/Avalanche/avalanche-master/search_result_spike-all/tagfex/order2/lr005/search_spike_tagfex__order-2__lr-005__seed-069__summary.json,/nobackup/proj/disk/naiss2026-4-902/shared/yizhil/Avalanche/avalanche-master/search_result_spike-all/tagfex/order2/lr005/log/search_spike_tagfex__order-2__lr-005__seed-069.log
spike-all,spike,tagfex,2,69,0.05,5,18,14202519441628732,12790065639524332,1412453802104400,42750488507909327,859153672312836,1127,762336887589.0293,/nobackup/proj/disk/naiss2026-4-902/shared/yizhil/Avalanche/avalanche-master/search_result_spike-all/tagfex/order2/lr005/search_spike_tagfex__order-2__lr-005__seed-069__summary.json,/nobackup/proj/disk/naiss2026-4-902/shared/yizhil/Avalanche/avalanche-master/search_result_spike-all/tagfex/order2/lr005/log/search_spike_tagfex__order-2__lr-005__seed-069.log
spike-all,spike,tagfex,2,69,0.05,6,18,17701288472863699,16051198856387778,1650089616475921,60451776980773026,1089458962881845,1288,845853232051.122,/nobackup/proj/disk/naiss2026-4-902/shared/yizhil/Avalanche/avalanche-master/search_result_spike-all/tagfex/order2/lr005/search_spike_tagfex__order-2__lr-005__seed-069__summary.json,/nobackup/proj/disk/naiss2026-4-902/shared/yizhil/Avalanche/avalanche-master/search_result_spike-all/tagfex/order2/lr005/log/search_spike_tagfex__order-2__lr-005__seed-069.log
spike-all,spike,tagfex,2,69,0.05,7,18,21553241154929390,19657861304859796,1895379850069594,82005018135702416,1345726743344777,1448,929369297890.0393,/nobackup/proj/disk/naiss2026-4-902/shared/yizhil/Avalanche/avalanche-master/search_result_spike-all/tagfex/order2/lr005/search_spike_tagfex__order-2__lr-005__seed-069__summary.json,/nobackup/proj/disk/naiss2026-4-902/shared/yizhil/Avalanche/avalanche-master/search_result_spike-all/tagfex/order2/lr005/log/search_spike_tagfex__order-2__lr-005__seed-069.log
spike-all,spike,tagfex,2,69,0.05,8,18,25785580507508360,23634664583518986,2150915923989374,107790598643210776,1629732976331102,1609,1012885628546.3655,/nobackup/proj/disk/naiss2026-4-902/shared/yizhil/Avalanche/avalanche-master/search_result_spike-all/tagfex/order2/lr005/search_spike_tagfex__order-2__lr-005__seed-069__summary.json,/nobackup/proj/disk/naiss2026-4-902/shared/yizhil/Avalanche/avalanche-master/search_result_spike-all/tagfex/order2/lr005/log/search_spike_tagfex__order-2__lr-005__seed-069.log
spike-all,spike,tagfex,2,69,0.05,9,18,30386674764613672,27971259286207588,2415415478406084,138177273407824448,1940631108837860,1770,1096401756405.5707,/nobackup/proj/disk/naiss2026-4-902/shared/yizhil/Avalanche/avalanche-master/search_result_spike-all/tagfex/order2/lr005/search_spike_tagfex__order-2__lr-005__seed-069__summary.json,/nobackup/proj/disk/naiss2026-4-902/shared/yizhil/Avalanche/avalanche-master/search_result_spike-all/tagfex/order2/lr005/log/search_spike_tagfex__order-2__lr-005__seed-069.log
spike-all,spike,tagfex,2,69,0.05,10,18,35353431323495152,32664551715379140,2688879608116012,173530704731319600,2278346389754678,1931,1179879021105.478,/nobackup/proj/disk/naiss2026-4-902/shared/yizhil/Avalanche/avalanche-master/search_result_spike-all/tagfex/order2/lr005/search_spike_tagfex__order-2__lr-005__seed-069__summary.json,/nobackup/proj/disk/naiss2026-4-902/shared/yizhil/Avalanche/avalanche-master/search_result_spike-all/tagfex/order2/lr005/log/search_spike_tagfex__order-2__lr-005__seed-069.log
spike-all,spike,tagfex,2,69,0.05,11,18,40660250169943096,37718034231678900,2942215938264196,214190954901262696,2614013026201993,2092,1249528215201.7175,/nobackup/proj/disk/naiss2026-4-902/shared/yizhil/Avalanche/avalanche-master/search_result_spike-all/tagfex/order2/lr005/search_spike_tagfex__order-2__lr-005__seed-069__summary.json,/nobackup/proj/disk/naiss2026-4-902/shared/yizhil/Avalanche/avalanche-master/search_result_spike-all/tagfex/order2/lr005/log/search_spike_tagfex__order-2__lr-005__seed-069.log
spike-all,spike,tagfex,2,69,0.05,12,18,44222364380393070,41156596499856006,3065767880537064,258413319281655766,2847733652929860,2150,1324527280432.493,/nobackup/proj/disk/naiss2026-4-902/shared/yizhil/Avalanche/avalanche-master/search_result_spike-all/tagfex/order2/lr005/search_spike_tagfex__order-2__lr-005__seed-069__summary.json,/nobackup/proj/disk/naiss2026-4-902/shared/yizhil/Avalanche/avalanche-master/search_result_spike-all/tagfex/order2/lr005/log/search_spike_tagfex__order-2__lr-005__seed-069.log
spike-all,spike,tagfex,2,69,0.05,13,18,46658038573489444,43531721996349268,3126316577140176,305071357855145210,3027780964430984,2149,1408925530214.511,/nobackup/proj/disk/naiss2026-4-902/shared/yizhil/Avalanche/avalanche-master/search_result_spike-all/tagfex/order2/lr005/search_spike_tagfex__order-2__lr-005__seed-069__summary.json,/nobackup/proj/disk/naiss2026-4-902/shared/yizhil/Avalanche/avalanche-master/search_result_spike-all/tagfex/order2/lr005/log/search_spike_tagfex__order-2__lr-005__seed-069.log
spike-all,spike,tagfex,2,69,0.05,14,18,49267713446052423,46072213725978562,3195499720073861,354339071301197633,3217378603098989,2156,1492290632235.1526,/nobackup/proj/disk/naiss2026-4-902/shared/yizhil/Avalanche/avalanche-master/search_result_spike-all/tagfex/order2/lr005/search_spike_tagfex__order-2__lr-005__seed-069__summary.json,/nobackup/proj/disk/naiss2026-4-902/shared/yizhil/Avalanche/avalanche-master/search_result_spike-all/tagfex/order2/lr005/log/search_spike_tagfex__order-2__lr-005__seed-069.log
spike-all,spike,tagfex,2,69,0.05,15,18,51842388614775404,48585891405357336,3256497209418068,406181459915973037,3398746004382340,2161,1572765388423.1096,/nobackup/proj/disk/naiss2026-4-902/shared/yizhil/Avalanche/avalanche-master/search_result_spike-all/tagfex/order2/lr005/search_spike_tagfex__order-2__lr-005__seed-069__summary.json,/nobackup/proj/disk/naiss2026-4-902/shared/yizhil/Avalanche/avalanche-master/search_result_spike-all/tagfex/order2/lr005/log/search_spike_tagfex__order-2__lr-005__seed-069.log
spike-all,spike,tagfex,2,69,0.05,16,18,54040398273920389,50732878807209778,3307519466710611,460221858189893426,3568751151913199,2150,1659884256703.8135,/nobackup/proj/disk/naiss2026-4-902/shared/yizhil/Avalanche/avalanche-master/search_result_spike-all/tagfex/order2/lr005/search_spike_tagfex__order-2__lr-005__seed-069__summary.json,/nobackup/proj/disk/naiss2026-4-902/shared/yizhil/Avalanche/avalanche-master/search_result_spike-all/tagfex/order2/lr005/log/search_spike_tagfex__order-2__lr-005__seed-069.log
spike-all,spike,tagfex,2,69,0.05,17,18,56724897936319972,53348917991544964,3375979944775008,516946756126213398,3758512997413284,2159,1740858266518.427,/nobackup/proj/disk/naiss2026-4-902/shared/yizhil/Avalanche/avalanche-master/search_result_spike-all/tagfex/order2/lr005/search_spike_tagfex__order-2__lr-005__seed-069__summary.json,/nobackup/proj/disk/naiss2026-4-902/shared/yizhil/Avalanche/avalanche-master/search_result_spike-all/tagfex/order2/lr005/log/search_spike_tagfex__order-2__lr-005__seed-069.log
spike-all,spike,tagfex,2,69,0.05,18,18,59110807789920144,55676061949158186,3434745840761958,576057563916133542,3936349569457806,2156,1825765106427.5537,/nobackup/proj/disk/naiss2026-4-902/shared/yizhil/Avalanche/avalanche-master/search_result_spike-all/tagfex/order2/lr005/search_spike_tagfex__order-2__lr-005__seed-069__summary.json,/nobackup/proj/disk/naiss2026-4-902/shared/yizhil/Avalanche/avalanche-master/search_result_spike-all/tagfex/order2/lr005/log/search_spike_tagfex__order-2__lr-005__seed-069.log
spike-all,spike,tagfex,2,69,0.1,1,18,3250608639051466,3237134607659834,13474031391632,3250608639051466,175330764323424,484,362253645296.33057,/nobackup/proj/disk/naiss2026-4-902/shared/yizhil/Avalanche/avalanche-master/search_result_spike-all/tagfex/order2/lr01/search_spike_tagfex__order-2__lr-01__seed-069__summary.json,/nobackup/proj/disk/naiss2026-4-902/shared/yizhil/Avalanche/avalanche-master/search_result_spike-all/tagfex/order2/lr01/log/search_spike_tagfex__order-2__lr-01__seed-069.log
spike-all,spike,tagfex,2,69,0.1,2,18,5919574308592750,5165072301390976,754502007201774,9170182947644216,330103679156334,645,511788649854.7814,/nobackup/proj/disk/naiss2026-4-902/shared/yizhil/Avalanche/avalanche-master/search_result_spike-all/tagfex/order2/lr01/search_spike_tagfex__order-2__lr-01__seed-069__summary.json,/nobackup/proj/disk/naiss2026-4-902/shared/yizhil/Avalanche/avalanche-master/search_result_spike-all/tagfex/order2/lr01/log/search_spike_tagfex__order-2__lr-01__seed-069.log
spike-all,spike,tagfex,2,69,0.1,3,18,8307021735007104,7342946689025356,964075045981748,17477204682651320,479220123103011,805,595304500749.082,/nobackup/proj/disk/naiss2026-4-902/shared/yizhil/Avalanche/avalanche-master/search_result_spike-all/tagfex/order2/lr01/search_spike_tagfex__order-2__lr-01__seed-069__summary.json,/nobackup/proj/disk/naiss2026-4-902/shared/yizhil/Avalanche/avalanche-master/search_result_spike-all/tagfex/order2/lr01/log/search_spike_tagfex__order-2__lr-01__seed-069.log
spike-all,spike,tagfex,2,69,0.1,4,18,11070764383629559,9886981572807750,1183782810821809,28547969066280879,655740999515057,966,678820910471.0735,/nobackup/proj/disk/naiss2026-4-902/shared/yizhil/Avalanche/avalanche-master/search_result_spike-all/tagfex/order2/lr01/search_spike_tagfex__order-2__lr-01__seed-069__summary.json,/nobackup/proj/disk/naiss2026-4-902/shared/yizhil/Avalanche/avalanche-master/search_result_spike-all/tagfex/order2/lr01/log/search_spike_tagfex__order-2__lr-01__seed-069.log
spike-all,spike,tagfex,2,69,0.1,5,18,14202519441628732,12790065639524332,1412453802104400,42750488507909611,859153672312836,1127,762336887589.0293,/nobackup/proj/disk/naiss2026-4-902/shared/yizhil/Avalanche/avalanche-master/search_result_spike-all/tagfex/order2/lr01/search_spike_tagfex__order-2__lr-01__seed-069__summary.json,/nobackup/proj/disk/naiss2026-4-902/shared/yizhil/Avalanche/avalanche-master/search_result_spike-all/tagfex/order2/lr01/log/search_spike_tagfex__order-2__lr-01__seed-069.log
spike-all,spike,tagfex,2,69,0.1,6,18,17701288472863699,16051198856387778,1650089616475921,60451776980773310,1089458962881845,1288,845853232051.122,/nobackup/proj/disk/naiss2026-4-902/shared/yizhil/Avalanche/avalanche-master/search_result_spike-all/tagfex/order2/lr01/search_spike_tagfex__order-2__lr-01__seed-069__summary.json,/nobackup/proj/disk/naiss2026-4-902/shared/yizhil/Avalanche/avalanche-master/search_result_spike-all/tagfex/order2/lr01/log/search_spike_tagfex__order-2__lr-01__seed-069.log
spike-all,spike,tagfex,2,69,0.1,7,18,21553241154929390,19657861304859796,1895379850069594,82005018135702700,1345726743344777,1448,929369297890.0393,/nobackup/proj/disk/naiss2026-4-902/shared/yizhil/Avalanche/avalanche-master/search_result_spike-all/tagfex/order2/lr01/search_spike_tagfex__order-2__lr-01__seed-069__summary.json,/nobackup/proj/disk/naiss2026-4-902/shared/yizhil/Avalanche/avalanche-master/search_result_spike-all/tagfex/order2/lr01/log/search_spike_tagfex__order-2__lr-01__seed-069.log
spike-all,spike,tagfex,2,69,0.1,8,18,25785580507508360,23634664583518986,2150915923989374,107790598643211060,1629732976331102,1609,1012885628546.3655,/nobackup/proj/disk/naiss2026-4-902/shared/yizhil/Avalanche/avalanche-master/search_result_spike-all/tagfex/order2/lr01/search_spike_tagfex__order-2__lr-01__seed-069__summary.json,/nobackup/proj/disk/naiss2026-4-902/shared/yizhil/Avalanche/avalanche-master/search_result_spike-all/tagfex/order2/lr01/log/search_spike_tagfex__order-2__lr-01__seed-069.log
spike-all,spike,tagfex,2,69,0.1,9,18,30386674764613672,27971259286207588,2415415478406084,138177273407824732,1940631108837860,1770,1096401756405.5707,/nobackup/proj/disk/naiss2026-4-902/shared/yizhil/Avalanche/avalanche-master/search_result_spike-all/tagfex/order2/lr01/search_spike_tagfex__order-2__lr-01__seed-069__summary.json,/nobackup/proj/disk/naiss2026-4-902/shared/yizhil/Avalanche/avalanche-master/search_result_spike-all/tagfex/order2/lr01/log/search_spike_tagfex__order-2__lr-01__seed-069.log
spike-all,spike,tagfex,2,69,0.1,10,18,35353431323495152,32664551715379140,2688879608116012,173530704731319884,2278346389754678,1931,1179879021105.478,/nobackup/proj/disk/naiss2026-4-902/shared/yizhil/Avalanche/avalanche-master/search_result_spike-all/tagfex/order2/lr01/search_spike_tagfex__order-2__lr-01__seed-069__summary.json,/nobackup/proj/disk/naiss2026-4-902/shared/yizhil/Avalanche/avalanche-master/search_result_spike-all/tagfex/order2/lr01/log/search_spike_tagfex__order-2__lr-01__seed-069.log
spike-all,spike,tagfex,2,69,0.1,11,18,40660250169943096,37718034231678900,2942215938264196,214190954901262980,2614013026201993,2092,1249528215201.7175,/nobackup/proj/disk/naiss2026-4-902/shared/yizhil/Avalanche/avalanche-master/search_result_spike-all/tagfex/order2/lr01/search_spike_tagfex__order-2__lr-01__seed-069__summary.json,/nobackup/proj/disk/naiss2026-4-902/shared/yizhil/Avalanche/avalanche-master/search_result_spike-all/tagfex/order2/lr01/log/search_spike_tagfex__order-2__lr-01__seed-069.log
spike-all,spike,tagfex,2,69,0.1,12,18,44222364380393070,41156596499856006,3065767880537064,258413319281656050,2847733652929860,2150,1324527280432.493,/nobackup/proj/disk/naiss2026-4-902/shared/yizhil/Avalanche/avalanche-master/search_result_spike-all/tagfex/order2/lr01/search_spike_tagfex__order-2__lr-01__seed-069__summary.json,/nobackup/proj/disk/naiss2026-4-902/shared/yizhil/Avalanche/avalanche-master/search_result_spike-all/tagfex/order2/lr01/log/search_spike_tagfex__order-2__lr-01__seed-069.log
spike-all,spike,tagfex,2,69,0.1,13,18,46658038573489444,43531721996349268,3126316577140176,305071357855145494,3027780964430984,2149,1408925530214.511,/nobackup/proj/disk/naiss2026-4-902/shared/yizhil/Avalanche/avalanche-master/search_result_spike-all/tagfex/order2/lr01/search_spike_tagfex__order-2__lr-01__seed-069__summary.json,/nobackup/proj/disk/naiss2026-4-902/shared/yizhil/Avalanche/avalanche-master/search_result_spike-all/tagfex/order2/lr01/log/search_spike_tagfex__order-2__lr-01__seed-069.log
spike-all,spike,tagfex,2,69,0.1,14,18,49267713446052423,46072213725978562,3195499720073861,354339071301197917,3217378603098989,2156,1492290632235.1526,/nobackup/proj/disk/naiss2026-4-902/shared/yizhil/Avalanche/avalanche-master/search_result_spike-all/tagfex/order2/lr01/search_spike_tagfex__order-2__lr-01__seed-069__summary.json,/nobackup/proj/disk/naiss2026-4-902/shared/yizhil/Avalanche/avalanche-master/search_result_spike-all/tagfex/order2/lr01/log/search_spike_tagfex__order-2__lr-01__seed-069.log
spike-all,spike,tagfex,2,69,0.1,15,18,51842388614775404,48585891405357336,3256497209418068,406181459915973321,3398746004382340,2161,1572765388423.1096,/nobackup/proj/disk/naiss2026-4-902/shared/yizhil/Avalanche/avalanche-master/search_result_spike-all/tagfex/order2/lr01/search_spike_tagfex__order-2__lr-01__seed-069__summary.json,/nobackup/proj/disk/naiss2026-4-902/shared/yizhil/Avalanche/avalanche-master/search_result_spike-all/tagfex/order2/lr01/log/search_spike_tagfex__order-2__lr-01__seed-069.log
spike-all,spike,tagfex,2,69,0.1,16,18,54040398273920389,50732878807209778,3307519466710611,460221858189893710,3568751151913199,2150,1659884256703.8135,/nobackup/proj/disk/naiss2026-4-902/shared/yizhil/Avalanche/avalanche-master/search_result_spike-all/tagfex/order2/lr01/search_spike_tagfex__order-2__lr-01__seed-069__summary.json,/nobackup/proj/disk/naiss2026-4-902/shared/yizhil/Avalanche/avalanche-master/search_result_spike-all/tagfex/order2/lr01/log/search_spike_tagfex__order-2__lr-01__seed-069.log
spike-all,spike,tagfex,2,69,0.1,17,18,56724897936319972,53348917991544964,3375979944775008,516946756126213682,3758512997413284,2159,1740858266518.427,/nobackup/proj/disk/naiss2026-4-902/shared/yizhil/Avalanche/avalanche-master/search_result_spike-all/tagfex/order2/lr01/search_spike_tagfex__order-2__lr-01__seed-069__summary.json,/nobackup/proj/disk/naiss2026-4-902/shared/yizhil/Avalanche/avalanche-master/search_result_spike-all/tagfex/order2/lr01/log/search_spike_tagfex__order-2__lr-01__seed-069.log
spike-all,spike,tagfex,2,69,0.1,18,18,59110807789920144,55676061949158186,3434745840761958,576057563916133826,3936349569457806,2156,1825765106427.5537,/nobackup/proj/disk/naiss2026-4-902/shared/yizhil/Avalanche/avalanche-master/search_result_spike-all/tagfex/order2/lr01/search_spike_tagfex__order-2__lr-01__seed-069__summary.json,/nobackup/proj/disk/naiss2026-4-902/shared/yizhil/Avalanche/avalanche-master/search_result_spike-all/tagfex/order2/lr01/log/search_spike_tagfex__order-2__lr-01__seed-069.log
spike-all,spike,tagfex,2,71,0.01,1,18,3250608639051466,3237134607659834,13474031391632,3250608639051466,175330764323424,484,362253645296.33057,/nobackup/proj/disk/naiss2026-4-902/shared/yizhil/Avalanche/avalanche-master/search_result_spike-all/tagfex/order2/lr001/search_spike_tagfex__order-2__lr-001__seed-071__summary.json,/nobackup/proj/disk/naiss2026-4-902/shared/yizhil/Avalanche/avalanche-master/search_result_spike-all/tagfex/order2/lr001/log/search_spike_tagfex__order-2__lr-001__seed-071.log
spike-all,spike,tagfex,2,71,0.01,2,18,5919642881129186,5165140873927412,754502007201774,9170251520180652,330069392888116,645,511735492849.79224,/nobackup/proj/disk/naiss2026-4-902/shared/yizhil/Avalanche/avalanche-master/search_result_spike-all/tagfex/order2/lr001/search_spike_tagfex__order-2__lr-001__seed-071__summary.json,/nobackup/proj/disk/naiss2026-4-902/shared/yizhil/Avalanche/avalanche-master/search_result_spike-all/tagfex/order2/lr001/log/search_spike_tagfex__order-2__lr-001__seed-071.log
spike-all,spike,tagfex,2,71,0.01,3,18,8307021735007104,7342946689025356,964075045981748,17477273255187756,479220123103011,805,595304500749.082,/nobackup/proj/disk/naiss2026-4-902/shared/yizhil/Avalanche/avalanche-master/search_result_spike-all/tagfex/order2/lr001/search_spike_tagfex__order-2__lr-001__seed-071__summary.json,/nobackup/proj/disk/naiss2026-4-902/shared/yizhil/Avalanche/avalanche-master/search_result_spike-all/tagfex/order2/lr001/log/search_spike_tagfex__order-2__lr-001__seed-071.log
spike-all,spike,tagfex,2,71,0.01,4,18,11070764383629559,9886981572807750,1183782810821809,28548037638817315,655740999515057,966,678820910471.0735,/nobackup/proj/disk/naiss2026-4-902/shared/yizhil/Avalanche/avalanche-master/search_result_spike-all/tagfex/order2/lr001/search_spike_tagfex__order-2__lr-001__seed-071__summary.json,/nobackup/proj/disk/naiss2026-4-902/shared/yizhil/Avalanche/avalanche-master/search_result_spike-all/tagfex/order2/lr001/log/search_spike_tagfex__order-2__lr-001__seed-071.log
spike-all,spike,tagfex,2,71,0.01,5,18,14202519441628732,12790065639524332,1412453802104400,42750557080446047,859153672312836,1127,762336887589.0293,/nobackup/proj/disk/naiss2026-4-902/shared/yizhil/Avalanche/avalanche-master/search_result_spike-all/tagfex/order2/lr001/search_spike_tagfex__order-2__lr-001__seed-071__summary.json,/nobackup/proj/disk/naiss2026-4-902/shared/yizhil/Avalanche/avalanche-master/search_result_spike-all/tagfex/order2/lr001/log/search_spike_tagfex__order-2__lr-001__seed-071.log
spike-all,spike,tagfex,2,71,0.01,6,18,17701453032767899,16051363416291978,1650089616475921,60452010113213946,1089458962881845,1288,845853232051.122,/nobackup/proj/disk/naiss2026-4-902/shared/yizhil/Avalanche/avalanche-master/search_result_spike-all/tagfex/order2/lr001/search_spike_tagfex__order-2__lr-001__seed-071__summary.json,/nobackup/proj/disk/naiss2026-4-902/shared/yizhil/Avalanche/avalanche-master/search_result_spike-all/tagfex/order2/lr001/log/search_spike_tagfex__order-2__lr-001__seed-071.log
spike-all,spike,tagfex,2,71,0.01,7,18,21553241154929390,19657861304859796,1895379850069594,82005251268143336,1345726743344777,1448,929369297890.0393,/nobackup/proj/disk/naiss2026-4-902/shared/yizhil/Avalanche/avalanche-master/search_result_spike-all/tagfex/order2/lr001/search_spike_tagfex__order-2__lr-001__seed-071__summary.json,/nobackup/proj/disk/naiss2026-4-902/shared/yizhil/Avalanche/avalanche-master/search_result_spike-all/tagfex/order2/lr001/log/search_spike_tagfex__order-2__lr-001__seed-071.log
spike-all,spike,tagfex,2,71,0.01,8,18,25785642216487510,23634726292498136,2150915923989374,107790893484630846,1629732976331102,1609,1012885628546.3655,/nobackup/proj/disk/naiss2026-4-902/shared/yizhil/Avalanche/avalanche-master/search_result_spike-all/tagfex/order2/lr001/search_spike_tagfex__order-2__lr-001__seed-071__summary.json,/nobackup/proj/disk/naiss2026-4-902/shared/yizhil/Avalanche/avalanche-master/search_result_spike-all/tagfex/order2/lr001/log/search_spike_tagfex__order-2__lr-001__seed-071.log
spike-all,spike,tagfex,2,71,0.01,9,18,30385509275762208,27970093797356124,2415415478406084,138176402760393054,1940631108837860,1770,1096401756405.5707,/nobackup/proj/disk/naiss2026-4-902/shared/yizhil/Avalanche/avalanche-master/search_result_spike-all/tagfex/order2/lr001/search_spike_tagfex__order-2__lr-001__seed-071__summary.json,/nobackup/proj/disk/naiss2026-4-902/shared/yizhil/Avalanche/avalanche-master/search_result_spike-all/tagfex/order2/lr001/log/search_spike_tagfex__order-2__lr-001__seed-071.log
spike-all,spike,tagfex,2,71,0.01,10,18,35353280482825892,32664400874709880,2688879608116012,173529683243218946,2278346389754678,1931,1179879021105.478,/nobackup/proj/disk/naiss2026-4-902/shared/yizhil/Avalanche/avalanche-master/search_result_spike-all/tagfex/order2/lr001/search_spike_tagfex__order-2__lr-001__seed-071__summary.json,/nobackup/proj/disk/naiss2026-4-902/shared/yizhil/Avalanche/avalanche-master/search_result_spike-all/tagfex/order2/lr001/log/search_spike_tagfex__order-2__lr-001__seed-071.log
spike-all,spike,tagfex,2,71,0.01,11,18,40659811398689072,37717595460424876,2942215938264196,214189494641908018,2614013026201993,2092,1249528215201.7175,/nobackup/proj/disk/naiss2026-4-902/shared/yizhil/Avalanche/avalanche-master/search_result_spike-all/tagfex/order2/lr001/search_spike_tagfex__order-2__lr-001__seed-071__summary.json,/nobackup/proj/disk/naiss2026-4-902/shared/yizhil/Avalanche/avalanche-master/search_result_spike-all/tagfex/order2/lr001/log/search_spike_tagfex__order-2__lr-001__seed-071.log
spike-all,spike,tagfex,2,71,0.01,12,18,44223420170522250,41157652289985186,3065767880537064,258412914812430268,2848172424184012,2150,1324731360085.587,/nobackup/proj/disk/naiss2026-4-902/shared/yizhil/Avalanche/avalanche-master/search_result_spike-all/tagfex/order2/lr001/search_spike_tagfex__order-2__lr-001__seed-071__summary.json,/nobackup/proj/disk/naiss2026-4-902/shared/yizhil/Avalanche/avalanche-master/search_result_spike-all/tagfex/order2/lr001/log/search_spike_tagfex__order-2__lr-001__seed-071.log
spike-all,spike,tagfex,2,71,0.01,13,18,46657161030980884,43530844453840708,3126316577140176,305070075843411152,3028473403640888,2149,1409247744830.567,/nobackup/proj/disk/naiss2026-4-902/shared/yizhil/Avalanche/avalanche-master/search_result_spike-all/tagfex/order2/lr001/search_spike_tagfex__order-2__lr-001__seed-071__summary.json,/nobackup/proj/disk/naiss2026-4-902/shared/yizhil/Avalanche/avalanche-master/search_result_spike-all/tagfex/order2/lr001/log/search_spike_tagfex__order-2__lr-001__seed-071.log
spike-all,spike,tagfex,2,71,0.01,14,18,49268289330861431,46072789610787570,3195499720073861,354338365174272583,3217378603098989,2156,1492290632235.1526,/nobackup/proj/disk/naiss2026-4-902/shared/yizhil/Avalanche/avalanche-master/search_result_spike-all/tagfex/order2/lr001/search_spike_tagfex__order-2__lr-001__seed-071__summary.json,/nobackup/proj/disk/naiss2026-4-902/shared/yizhil/Avalanche/avalanche-master/search_result_spike-all/tagfex/order2/lr001/log/search_spike_tagfex__order-2__lr-001__seed-071.log
spike-all,spike,tagfex,2,71,0.01,15,18,51844582471048084,48588085261630016,3256497209418068,406182947645320667,3398746004382340,2161,1572765388423.1096,/nobackup/proj/disk/naiss2026-4-902/shared/yizhil/Avalanche/avalanche-master/search_result_spike-all/tagfex/order2/lr001/search_spike_tagfex__order-2__lr-001__seed-071__summary.json,/nobackup/proj/disk/naiss2026-4-902/shared/yizhil/Avalanche/avalanche-master/search_result_spike-all/tagfex/order2/lr001/log/search_spike_tagfex__order-2__lr-001__seed-071.log
spike-all,spike,tagfex,2,71,0.01,16,18,54040055474274313,50732536007563702,3307519466710611,460223003119594980,3568312380658535,2150,1659680177050.4814,/nobackup/proj/disk/naiss2026-4-902/shared/yizhil/Avalanche/avalanche-master/search_result_spike-all/tagfex/order2/lr001/search_spike_tagfex__order-2__lr-001__seed-071__summary.json,/nobackup/proj/disk/naiss2026-4-902/shared/yizhil/Avalanche/avalanche-master/search_result_spike-all/tagfex/order2/lr001/log/search_spike_tagfex__order-2__lr-001__seed-071.log
spike-all,spike,tagfex,2,71,0.01,17,18,56725220161053252,53349240216278244,3375979944775008,516948223280648232,3758512997413284,2159,1740858266518.427,/nobackup/proj/disk/naiss2026-4-902/shared/yizhil/Avalanche/avalanche-master/search_result_spike-all/tagfex/order2/lr001/search_spike_tagfex__order-2__lr-001__seed-071__summary.json,/nobackup/proj/disk/naiss2026-4-902/shared/yizhil/Avalanche/avalanche-master/search_result_spike-all/tagfex/order2/lr001/log/search_spike_tagfex__order-2__lr-001__seed-071.log
spike-all,spike,tagfex,2,71,0.01,18,18,59110807789920144,55676061949158186,3434745840761958,576059031070568376,3936788340712726,2156,1825968618141.3386,/nobackup/proj/disk/naiss2026-4-902/shared/yizhil/Avalanche/avalanche-master/search_result_spike-all/tagfex/order2/lr001/search_spike_tagfex__order-2__lr-001__seed-071__summary.json,/nobackup/proj/disk/naiss2026-4-902/shared/yizhil/Avalanche/avalanche-master/search_result_spike-all/tagfex/order2/lr001/log/search_spike_tagfex__order-2__lr-001__seed-071.log
spike-all,spike,tagfex,2,71,0.05,1,18,3250608639051466,3237134607659834,13474031391632,3250608639051466,175330764323424,484,362253645296.33057,/nobackup/proj/disk/naiss2026-4-902/shared/yizhil/Avalanche/avalanche-master/search_result_spike-all/tagfex/order2/lr005/search_spike_tagfex__order-2__lr-005__seed-071__summary.json,/nobackup/proj/disk/naiss2026-4-902/shared/yizhil/Avalanche/avalanche-master/search_result_spike-all/tagfex/order2/lr005/log/search_spike_tagfex__order-2__lr-005__seed-071.log
spike-all,spike,tagfex,2,71,0.05,2,18,5919642881129186,5165140873927412,754502007201774,9170251520180652,330069392888116,645,511735492849.79224,/nobackup/proj/disk/naiss2026-4-902/shared/yizhil/Avalanche/avalanche-master/search_result_spike-all/tagfex/order2/lr005/search_spike_tagfex__order-2__lr-005__seed-071__summary.json,/nobackup/proj/disk/naiss2026-4-902/shared/yizhil/Avalanche/avalanche-master/search_result_spike-all/tagfex/order2/lr005/log/search_spike_tagfex__order-2__lr-005__seed-071.log
spike-all,spike,tagfex,2,71,0.05,3,18,8307021735007104,7342946689025356,964075045981748,17477273255187756,479220123103011,805,595304500749.082,/nobackup/proj/disk/naiss2026-4-902/shared/yizhil/Avalanche/avalanche-master/search_result_spike-all/tagfex/order2/lr005/search_spike_tagfex__order-2__lr-005__seed-071__summary.json,/nobackup/proj/disk/naiss2026-4-902/shared/yizhil/Avalanche/avalanche-master/search_result_spike-all/tagfex/order2/lr005/log/search_spike_tagfex__order-2__lr-005__seed-071.log
spike-all,spike,tagfex,2,71,0.05,4,18,11070764383629559,9886981572807750,1183782810821809,28548037638817315,655740999515057,966,678820910471.0735,/nobackup/proj/disk/naiss2026-4-902/shared/yizhil/Avalanche/avalanche-master/search_result_spike-all/tagfex/order2/lr005/search_spike_tagfex__order-2__lr-005__seed-071__summary.json,/nobackup/proj/disk/naiss2026-4-902/shared/yizhil/Avalanche/avalanche-master/search_result_spike-all/tagfex/order2/lr005/log/search_spike_tagfex__order-2__lr-005__seed-071.log
spike-all,spike,tagfex,2,71,0.05,5,18,14202519441628732,12790065639524332,1412453802104400,42750557080446047,859153672312836,1127,762336887589.0293,/nobackup/proj/disk/naiss2026-4-902/shared/yizhil/Avalanche/avalanche-master/search_result_spike-all/tagfex/order2/lr005/search_spike_tagfex__order-2__lr-005__seed-071__summary.json,/nobackup/proj/disk/naiss2026-4-902/shared/yizhil/Avalanche/avalanche-master/search_result_spike-all/tagfex/order2/lr005/log/search_spike_tagfex__order-2__lr-005__seed-071.log
spike-all,spike,tagfex,2,71,0.05,6,18,17701453032767899,16051363416291978,1650089616475921,60452010113213946,1089458962881845,1288,845853232051.122,/nobackup/proj/disk/naiss2026-4-902/shared/yizhil/Avalanche/avalanche-master/search_result_spike-all/tagfex/order2/lr005/search_spike_tagfex__order-2__lr-005__seed-071__summary.json,/nobackup/proj/disk/naiss2026-4-902/shared/yizhil/Avalanche/avalanche-master/search_result_spike-all/tagfex/order2/lr005/log/search_spike_tagfex__order-2__lr-005__seed-071.log
spike-all,spike,tagfex,2,71,0.05,7,18,21553241154929390,19657861304859796,1895379850069594,82005251268143336,1345726743344777,1448,929369297890.0393,/nobackup/proj/disk/naiss2026-4-902/shared/yizhil/Avalanche/avalanche-master/search_result_spike-all/tagfex/order2/lr005/search_spike_tagfex__order-2__lr-005__seed-071__summary.json,/nobackup/proj/disk/naiss2026-4-902/shared/yizhil/Avalanche/avalanche-master/search_result_spike-all/tagfex/order2/lr005/log/search_spike_tagfex__order-2__lr-005__seed-071.log
spike-all,spike,tagfex,2,71,0.05,8,18,25785642216487510,23634726292498136,2150915923989374,107790893484630846,1629732976331102,1609,1012885628546.3655,/nobackup/proj/disk/naiss2026-4-902/shared/yizhil/Avalanche/avalanche-master/search_result_spike-all/tagfex/order2/lr005/search_spike_tagfex__order-2__lr-005__seed-071__summary.json,/nobackup/proj/disk/naiss2026-4-902/shared/yizhil/Avalanche/avalanche-master/search_result_spike-all/tagfex/order2/lr005/log/search_spike_tagfex__order-2__lr-005__seed-071.log
spike-all,spike,tagfex,2,71,0.05,9,18,30385509275762208,27970093797356124,2415415478406084,138176402760393054,1940631108837860,1770,1096401756405.5707,/nobackup/proj/disk/naiss2026-4-902/shared/yizhil/Avalanche/avalanche-master/search_result_spike-all/tagfex/order2/lr005/search_spike_tagfex__order-2__lr-005__seed-071__summary.json,/nobackup/proj/disk/naiss2026-4-902/shared/yizhil/Avalanche/avalanche-master/search_result_spike-all/tagfex/order2/lr005/log/search_spike_tagfex__order-2__lr-005__seed-071.log
spike-all,spike,tagfex,2,71,0.05,10,18,35353280482825892,32664400874709880,2688879608116012,173529683243218946,2278346389754678,1931,1179879021105.478,/nobackup/proj/disk/naiss2026-4-902/shared/yizhil/Avalanche/avalanche-master/search_result_spike-all/tagfex/order2/lr005/search_spike_tagfex__order-2__lr-005__seed-071__summary.json,/nobackup/proj/disk/naiss2026-4-902/shared/yizhil/Avalanche/avalanche-master/search_result_spike-all/tagfex/order2/lr005/log/search_spike_tagfex__order-2__lr-005__seed-071.log
spike-all,spike,tagfex,2,71,0.05,11,18,40659811398689072,37717595460424876,2942215938264196,214189494641908018,2614013026201993,2092,1249528215201.7175,/nobackup/proj/disk/naiss2026-4-902/shared/yizhil/Avalanche/avalanche-master/search_result_spike-all/tagfex/order2/lr005/search_spike_tagfex__order-2__lr-005__seed-071__summary.json,/nobackup/proj/disk/naiss2026-4-902/shared/yizhil/Avalanche/avalanche-master/search_result_spike-all/tagfex/order2/lr005/log/search_spike_tagfex__order-2__lr-005__seed-071.log
spike-all,spike,tagfex,2,71,0.05,12,18,44223420170522250,41157652289985186,3065767880537064,258412914812430268,2848172424184012,2150,1324731360085.587,/nobackup/proj/disk/naiss2026-4-902/shared/yizhil/Avalanche/avalanche-master/search_result_spike-all/tagfex/order2/lr005/search_spike_tagfex__order-2__lr-005__seed-071__summary.json,/nobackup/proj/disk/naiss2026-4-902/shared/yizhil/Avalanche/avalanche-master/search_result_spike-all/tagfex/order2/lr005/log/search_spike_tagfex__order-2__lr-005__seed-071.log
spike-all,spike,tagfex,2,71,0.05,13,18,46657161030980884,43530844453840708,3126316577140176,305070075843411152,3028473403640888,2149,1409247744830.567,/nobackup/proj/disk/naiss2026-4-902/shared/yizhil/Avalanche/avalanche-master/search_result_spike-all/tagfex/order2/lr005/search_spike_tagfex__order-2__lr-005__seed-071__summary.json,/nobackup/proj/disk/naiss2026-4-902/shared/yizhil/Avalanche/avalanche-master/search_result_spike-all/tagfex/order2/lr005/log/search_spike_tagfex__order-2__lr-005__seed-071.log
spike-all,spike,tagfex,2,71,0.05,14,18,49268289330861431,46072789610787570,3195499720073861,354338365174272583,3217378603098989,2156,1492290632235.1526,/nobackup/proj/disk/naiss2026-4-902/shared/yizhil/Avalanche/avalanche-master/search_result_spike-all/tagfex/order2/lr005/search_spike_tagfex__order-2__lr-005__seed-071__summary.json,/nobackup/proj/disk/naiss2026-4-902/shared/yizhil/Avalanche/avalanche-master/search_result_spike-all/tagfex/order2/lr005/log/search_spike_tagfex__order-2__lr-005__seed-071.log
spike-all,spike,tagfex,2,71,0.05,15,18,51844582471048084,48588085261630016,3256497209418068,406182947645320667,3398746004382340,2161,1572765388423.1096,/nobackup/proj/disk/naiss2026-4-902/shared/yizhil/Avalanche/avalanche-master/search_result_spike-all/tagfex/order2/lr005/search_spike_tagfex__order-2__lr-005__seed-071__summary.json,/nobackup/proj/disk/naiss2026-4-902/shared/yizhil/Avalanche/avalanche-master/search_result_spike-all/tagfex/order2/lr005/log/search_spike_tagfex__order-2__lr-005__seed-071.log
spike-all,spike,tagfex,2,71,0.05,16,18,54040055474274313,50732536007563702,3307519466710611,460223003119594980,3568312380658535,2150,1659680177050.4814,/nobackup/proj/disk/naiss2026-4-902/shared/yizhil/Avalanche/avalanche-master/search_result_spike-all/tagfex/order2/lr005/search_spike_tagfex__order-2__lr-005__seed-071__summary.json,/nobackup/proj/disk/naiss2026-4-902/shared/yizhil/Avalanche/avalanche-master/search_result_spike-all/tagfex/order2/lr005/log/search_spike_tagfex__order-2__lr-005__seed-071.log
spike-all,spike,tagfex,2,71,0.05,17,18,56725220161053252,53349240216278244,3375979944775008,516948223280648232,3758512997413284,2159,1740858266518.427,/nobackup/proj/disk/naiss2026-4-902/shared/yizhil/Avalanche/avalanche-master/search_result_spike-all/tagfex/order2/lr005/search_spike_tagfex__order-2__lr-005__seed-071__summary.json,/nobackup/proj/disk/naiss2026-4-902/shared/yizhil/Avalanche/avalanche-master/search_result_spike-all/tagfex/order2/lr005/log/search_spike_tagfex__order-2__lr-005__seed-071.log
spike-all,spike,tagfex,2,71,0.05,18,18,59110807789920144,55676061949158186,3434745840761958,576059031070568376,3936788340712726,2156,1825968618141.3386,/nobackup/proj/disk/naiss2026-4-902/shared/yizhil/Avalanche/avalanche-master/search_result_spike-all/tagfex/order2/lr005/search_spike_tagfex__order-2__lr-005__seed-071__summary.json,/nobackup/proj/disk/naiss2026-4-902/shared/yizhil/Avalanche/avalanche-master/search_result_spike-all/tagfex/order2/lr005/log/search_spike_tagfex__order-2__lr-005__seed-071.log
spike-all,spike,tagfex,2,71,0.1,1,18,3250608639051466,3237134607659834,13474031391632,3250608639051466,175330764323424,484,362253645296.33057,/nobackup/proj/disk/naiss2026-4-902/shared/yizhil/Avalanche/avalanche-master/search_result_spike-all/tagfex/order2/lr01/search_spike_tagfex__order-2__lr-01__seed-071__summary.json,/nobackup/proj/disk/naiss2026-4-902/shared/yizhil/Avalanche/avalanche-master/search_result_spike-all/tagfex/order2/lr01/log/search_spike_tagfex__order-2__lr-01__seed-071.log
spike-all,spike,tagfex,2,71,0.1,2,18,5919642881129186,5165140873927412,754502007201774,9170251520180652,330069392888116,645,511735492849.79224,/nobackup/proj/disk/naiss2026-4-902/shared/yizhil/Avalanche/avalanche-master/search_result_spike-all/tagfex/order2/lr01/search_spike_tagfex__order-2__lr-01__seed-071__summary.json,/nobackup/proj/disk/naiss2026-4-902/shared/yizhil/Avalanche/avalanche-master/search_result_spike-all/tagfex/order2/lr01/log/search_spike_tagfex__order-2__lr-01__seed-071.log
spike-all,spike,tagfex,2,71,0.1,3,18,8307021735007104,7342946689025356,964075045981748,17477273255187756,479220123103011,805,595304500749.082,/nobackup/proj/disk/naiss2026-4-902/shared/yizhil/Avalanche/avalanche-master/search_result_spike-all/tagfex/order2/lr01/search_spike_tagfex__order-2__lr-01__seed-071__summary.json,/nobackup/proj/disk/naiss2026-4-902/shared/yizhil/Avalanche/avalanche-master/search_result_spike-all/tagfex/order2/lr01/log/search_spike_tagfex__order-2__lr-01__seed-071.log
spike-all,spike,tagfex,2,71,0.1,4,18,11070764383629559,9886981572807750,1183782810821809,28548037638817315,655740999515057,966,678820910471.0735,/nobackup/proj/disk/naiss2026-4-902/shared/yizhil/Avalanche/avalanche-master/search_result_spike-all/tagfex/order2/lr01/search_spike_tagfex__order-2__lr-01__seed-071__summary.json,/nobackup/proj/disk/naiss2026-4-902/shared/yizhil/Avalanche/avalanche-master/search_result_spike-all/tagfex/order2/lr01/log/search_spike_tagfex__order-2__lr-01__seed-071.log
spike-all,spike,tagfex,2,71,0.1,5,18,14202519441628732,12790065639524332,1412453802104400,42750557080446047,859153672312836,1127,762336887589.0293,/nobackup/proj/disk/naiss2026-4-902/shared/yizhil/Avalanche/avalanche-master/search_result_spike-all/tagfex/order2/lr01/search_spike_tagfex__order-2__lr-01__seed-071__summary.json,/nobackup/proj/disk/naiss2026-4-902/shared/yizhil/Avalanche/avalanche-master/search_result_spike-all/tagfex/order2/lr01/log/search_spike_tagfex__order-2__lr-01__seed-071.log
spike-all,spike,tagfex,2,71,0.1,6,18,17701453032767899,16051363416291978,1650089616475921,60452010113213946,1089458962881845,1288,845853232051.122,/nobackup/proj/disk/naiss2026-4-902/shared/yizhil/Avalanche/avalanche-master/search_result_spike-all/tagfex/order2/lr01/search_spike_tagfex__order-2__lr-01__seed-071__summary.json,/nobackup/proj/disk/naiss2026-4-902/shared/yizhil/Avalanche/avalanche-master/search_result_spike-all/tagfex/order2/lr01/log/search_spike_tagfex__order-2__lr-01__seed-071.log
spike-all,spike,tagfex,2,71,0.1,7,18,21553241154929390,19657861304859796,1895379850069594,82005251268143336,1345726743344777,1448,929369297890.0393,/nobackup/proj/disk/naiss2026-4-902/shared/yizhil/Avalanche/avalanche-master/search_result_spike-all/tagfex/order2/lr01/search_spike_tagfex__order-2__lr-01__seed-071__summary.json,/nobackup/proj/disk/naiss2026-4-902/shared/yizhil/Avalanche/avalanche-master/search_result_spike-all/tagfex/order2/lr01/log/search_spike_tagfex__order-2__lr-01__seed-071.log
spike-all,spike,tagfex,2,71,0.1,8,18,25785642216487510,23634726292498136,2150915923989374,107790893484630846,1629732976331102,1609,1012885628546.3655,/nobackup/proj/disk/naiss2026-4-902/shared/yizhil/Avalanche/avalanche-master/search_result_spike-all/tagfex/order2/lr01/search_spike_tagfex__order-2__lr-01__seed-071__summary.json,/nobackup/proj/disk/naiss2026-4-902/shared/yizhil/Avalanche/avalanche-master/search_result_spike-all/tagfex/order2/lr01/log/search_spike_tagfex__order-2__lr-01__seed-071.log
spike-all,spike,tagfex,2,71,0.1,9,18,30385509275762208,27970093797356124,2415415478406084,138176402760393054,1940631108837860,1770,1096401756405.5707,/nobackup/proj/disk/naiss2026-4-902/shared/yizhil/Avalanche/avalanche-master/search_result_spike-all/tagfex/order2/lr01/search_spike_tagfex__order-2__lr-01__seed-071__summary.json,/nobackup/proj/disk/naiss2026-4-902/shared/yizhil/Avalanche/avalanche-master/search_result_spike-all/tagfex/order2/lr01/log/search_spike_tagfex__order-2__lr-01__seed-071.log
spike-all,spike,tagfex,2,71,0.1,10,18,35353280482825892,32664400874709880,2688879608116012,173529683243218946,2278346389754678,1931,1179879021105.478,/nobackup/proj/disk/naiss2026-4-902/shared/yizhil/Avalanche/avalanche-master/search_result_spike-all/tagfex/order2/lr01/search_spike_tagfex__order-2__lr-01__seed-071__summary.json,/nobackup/proj/disk/naiss2026-4-902/shared/yizhil/Avalanche/avalanche-master/search_result_spike-all/tagfex/order2/lr01/log/search_spike_tagfex__order-2__lr-01__seed-071.log
spike-all,spike,tagfex,2,71,0.1,11,18,40659811398689072,37717595460424876,2942215938264196,214189494641908018,2614013026201993,2092,1249528215201.7175,/nobackup/proj/disk/naiss2026-4-902/shared/yizhil/Avalanche/avalanche-master/search_result_spike-all/tagfex/order2/lr01/search_spike_tagfex__order-2__lr-01__seed-071__summary.json,/nobackup/proj/disk/naiss2026-4-902/shared/yizhil/Avalanche/avalanche-master/search_result_spike-all/tagfex/order2/lr01/log/search_spike_tagfex__order-2__lr-01__seed-071.log
spike-all,spike,tagfex,2,71,0.1,12,18,44223420170522250,41157652289985186,3065767880537064,258412914812430268,2848172424184012,2150,1324731360085.587,/nobackup/proj/disk/naiss2026-4-902/shared/yizhil/Avalanche/avalanche-master/search_result_spike-all/tagfex/order2/lr01/search_spike_tagfex__order-2__lr-01__seed-071__summary.json,/nobackup/proj/disk/naiss2026-4-902/shared/yizhil/Avalanche/avalanche-master/search_result_spike-all/tagfex/order2/lr01/log/search_spike_tagfex__order-2__lr-01__seed-071.log
spike-all,spike,tagfex,2,71,0.1,13,18,46657161030980884,43530844453840708,3126316577140176,305070075843411152,3028473403640888,2149,1409247744830.567,/nobackup/proj/disk/naiss2026-4-902/shared/yizhil/Avalanche/avalanche-master/search_result_spike-all/tagfex/order2/lr01/search_spike_tagfex__order-2__lr-01__seed-071__summary.json,/nobackup/proj/disk/naiss2026-4-902/shared/yizhil/Avalanche/avalanche-master/search_result_spike-all/tagfex/order2/lr01/log/search_spike_tagfex__order-2__lr-01__seed-071.log
spike-all,spike,tagfex,2,71,0.1,14,18,49268289330861431,46072789610787570,3195499720073861,354338365174272583,3217378603098989,2156,1492290632235.1526,/nobackup/proj/disk/naiss2026-4-902/shared/yizhil/Avalanche/avalanche-master/search_result_spike-all/tagfex/order2/lr01/search_spike_tagfex__order-2__lr-01__seed-071__summary.json,/nobackup/proj/disk/naiss2026-4-902/shared/yizhil/Avalanche/avalanche-master/search_result_spike-all/tagfex/order2/lr01/log/search_spike_tagfex__order-2__lr-01__seed-071.log
spike-all,spike,tagfex,2,71,0.1,15,18,51844582471048084,48588085261630016,3256497209418068,406182947645320667,3398746004382340,2161,1572765388423.1096,/nobackup/proj/disk/naiss2026-4-902/shared/yizhil/Avalanche/avalanche-master/search_result_spike-all/tagfex/order2/lr01/search_spike_tagfex__order-2__lr-01__seed-071__summary.json,/nobackup/proj/disk/naiss2026-4-902/shared/yizhil/Avalanche/avalanche-master/search_result_spike-all/tagfex/order2/lr01/log/search_spike_tagfex__order-2__lr-01__seed-071.log
spike-all,spike,tagfex,2,71,0.1,16,18,54040055474274313,50732536007563702,3307519466710611,460223003119594980,3568312380658535,2150,1659680177050.4814,/nobackup/proj/disk/naiss2026-4-902/shared/yizhil/Avalanche/avalanche-master/search_result_spike-all/tagfex/order2/lr01/search_spike_tagfex__order-2__lr-01__seed-071__summary.json,/nobackup/proj/disk/naiss2026-4-902/shared/yizhil/Avalanche/avalanche-master/search_result_spike-all/tagfex/order2/lr01/log/search_spike_tagfex__order-2__lr-01__seed-071.log
spike-all,spike,tagfex,2,71,0.1,17,18,56725220161053252,53349240216278244,3375979944775008,516948223280648232,3758512997413284,2159,1740858266518.427,/nobackup/proj/disk/naiss2026-4-902/shared/yizhil/Avalanche/avalanche-master/search_result_spike-all/tagfex/order2/lr01/search_spike_tagfex__order-2__lr-01__seed-071__summary.json,/nobackup/proj/disk/naiss2026-4-902/shared/yizhil/Avalanche/avalanche-master/search_result_spike-all/tagfex/order2/lr01/log/search_spike_tagfex__order-2__lr-01__seed-071.log
spike-all,spike,tagfex,2,71,0.1,18,18,59110807789920144,55676061949158186,3434745840761958,576059031070568376,3936788340712726,2156,1825968618141.3386,/nobackup/proj/disk/naiss2026-4-902/shared/yizhil/Avalanche/avalanche-master/search_result_spike-all/tagfex/order2/lr01/search_spike_tagfex__order-2__lr-01__seed-071__summary.json,/nobackup/proj/disk/naiss2026-4-902/shared/yizhil/Avalanche/avalanche-master/search_result_spike-all/tagfex/order2/lr01/log/search_spike_tagfex__order-2__lr-01__seed-071.log
spike-all,spike,tagfex,3,63,0.01,1,18,3243892533415310,3230446341138434,13446192276876,3243892533415310,174968511882598,483,362253647790.058,/nobackup/proj/disk/naiss2026-4-902/shared/yizhil/Avalanche/avalanche-master/search_result_spike-all/tagfex/order3/lr001/search_spike_tagfex__order-3__lr-001__seed-063__summary.json,/nobackup/proj/disk/naiss2026-4-902/shared/yizhil/Avalanche/avalanche-master/search_result_spike-all/tagfex/order3/lr001/log/search_spike_tagfex__order-3__lr-001__seed-063.log
spike-all,spike,tagfex,3,63,0.01,2,18,5910403530478955,5157071257917074,753332272561881,9154296063894265,329591904329705,644,511788671319.4177,/nobackup/proj/disk/naiss2026-4-902/shared/yizhil/Avalanche/avalanche-master/search_result_spike-all/tagfex/order3/lr001/search_spike_tagfex__order-3__lr-001__seed-063__summary.json,/nobackup/proj/disk/naiss2026-4-902/shared/yizhil/Avalanche/avalanche-master/search_result_spike-all/tagfex/order3/lr001/log/search_spike_tagfex__order-3__lr-001__seed-063.log
spike-all,spike,tagfex,3,63,0.01,3,18,8307021736246400,7342946689026636,964075047219764,17461317800140665,479220124341091,805,595304502287.0696,/nobackup/proj/disk/naiss2026-4-902/shared/yizhil/Avalanche/avalanche-master/search_result_spike-all/tagfex/order3/lr001/search_spike_tagfex__order-3__lr-001__seed-063__summary.json,/nobackup/proj/disk/naiss2026-4-902/shared/yizhil/Avalanche/avalanche-master/search_result_spike-all/tagfex/order3/lr001/log/search_spike_tagfex__order-3__lr-001__seed-063.log
spike-all,spike,tagfex,3,63,0.01,4,18,11070805525575507,9887022714753698,1183782810821809,28532123325716172,655740999515057,966,678820910471.0735,/nobackup/proj/disk/naiss2026-4-902/shared/yizhil/Avalanche/avalanche-master/search_result_spike-all/tagfex/order3/lr001/search_spike_tagfex__order-3__lr-001__seed-063__summary.json,/nobackup/proj/disk/naiss2026-4-902/shared/yizhil/Avalanche/avalanche-master/search_result_spike-all/tagfex/order3/lr001/log/search_spike_tagfex__order-3__lr-001__seed-063.log
spike-all,spike,tagfex,3,63,0.01,5,18,14202519441628732,12790065639524332,1412453802104400,42734642767344904,859153672312836,1127,762336887589.0293,/nobackup/proj/disk/naiss2026-4-902/shared/yizhil/Avalanche/avalanche-master/search_result_spike-all/tagfex/order3/lr001/search_spike_tagfex__order-3__lr-001__seed-063__summary.json,/nobackup/proj/disk/naiss2026-4-902/shared/yizhil/Avalanche/avalanche-master/search_result_spike-all/tagfex/order3/lr001/log/search_spike_tagfex__order-3__lr-001__seed-063.log
spike-all,spike,tagfex,3,63,0.01,6,18,17701233619562299,16051144003086378,1650089616475921,60435876386907203,1089458962881845,1288,845853232051.122,/nobackup/proj/disk/naiss2026-4-902/shared/yizhil/Avalanche/avalanche-master/search_result_spike-all/tagfex/order3/lr001/search_spike_tagfex__order-3__lr-001__seed-063__summary.json,/nobackup/proj/disk/naiss2026-4-902/shared/yizhil/Avalanche/avalanche-master/search_result_spike-all/tagfex/order3/lr001/log/search_spike_tagfex__order-3__lr-001__seed-063.log
spike-all,spike,tagfex,3,63,0.01,7,18,21567687240745480,19670998412405524,1896688828339956,82003563627652683,1346656116335201,1449,929369300438.372,/nobackup/proj/disk/naiss2026-4-902/shared/yizhil/Avalanche/avalanche-master/search_result_spike-all/tagfex/order3/lr001/search_spike_tagfex__order-3__lr-001__seed-063__summary.json,/nobackup/proj/disk/naiss2026-4-902/shared/yizhil/Avalanche/avalanche-master/search_result_spike-all/tagfex/order3/lr001/log/search_spike_tagfex__order-3__lr-001__seed-063.log
spike-all,spike,tagfex,3,63,0.01,8,18,25801510561240183,23649257863802494,2152252697437689,107805074188892866,1630745850193013,1610,1012885621237.8962,/nobackup/proj/disk/naiss2026-4-902/shared/yizhil/Avalanche/avalanche-master/search_result_spike-all/tagfex/order3/lr001/search_spike_tagfex__order-3__lr-001__seed-063__summary.json,/nobackup/proj/disk/naiss2026-4-902/shared/yizhil/Avalanche/avalanche-master/search_result_spike-all/tagfex/order3/lr001/log/search_spike_tagfex__order-3__lr-001__seed-063.log
spike-all,spike,tagfex,3,63,0.01,9,18,30402964869752556,27986184735912652,2416780133839904,138208039058645422,1941727512171130,1771,1096401757295.9514,/nobackup/proj/disk/naiss2026-4-902/shared/yizhil/Avalanche/avalanche-master/search_result_spike-all/tagfex/order3/lr001/search_spike_tagfex__order-3__lr-001__seed-063__summary.json,/nobackup/proj/disk/naiss2026-4-902/shared/yizhil/Avalanche/avalanche-master/search_result_spike-all/tagfex/order3/lr001/log/search_spike_tagfex__order-3__lr-001__seed-063.log
spike-all,spike,tagfex,3,63,0.01,10,18,35390151730653152,32698487210064474,2691664520588678,173598190789298574,2280692497197524,1933,1179871959233.0698,/nobackup/proj/disk/naiss2026-4-902/shared/yizhil/Avalanche/avalanche-master/search_result_spike-all/tagfex/order3/lr001/search_spike_tagfex__order-3__lr-001__seed-063__summary.json,/nobackup/proj/disk/naiss2026-4-902/shared/yizhil/Avalanche/avalanche-master/search_result_spike-all/tagfex/order3/lr001/log/search_spike_tagfex__order-3__lr-001__seed-063.log
spike-all,spike,tagfex,3,63,0.01,11,18,40677771842360970,37734748024525828,2943023817835142,214275962631659544,2614664006900929,2093,1249242239321.992,/nobackup/proj/disk/naiss2026-4-902/shared/yizhil/Avalanche/avalanche-master/search_result_spike-all/tagfex/order3/lr001/search_spike_tagfex__order-3__lr-001__seed-063__summary.json,/nobackup/proj/disk/naiss2026-4-902/shared/yizhil/Avalanche/avalanche-master/search_result_spike-all/tagfex/order3/lr001/log/search_spike_tagfex__order-3__lr-001__seed-063.log
spike-all,spike,tagfex,3,63,0.01,12,18,44200943032042689,41136623320905688,3064319711137001,258476905663702233,2846386698491441,2149,1324516844342.2249,/nobackup/proj/disk/naiss2026-4-902/shared/yizhil/Avalanche/avalanche-master/search_result_spike-all/tagfex/order3/lr001/search_spike_tagfex__order-3__lr-001__seed-063__summary.json,/nobackup/proj/disk/naiss2026-4-902/shared/yizhil/Avalanche/avalanche-master/search_result_spike-all/tagfex/order3/lr001/log/search_spike_tagfex__order-3__lr-001__seed-063.log
spike-all,spike,tagfex,3,63,0.01,13,18,46656975927682228,43530659350542052,3126316577140176,305133881591384461,3028473403640888,2149,1409247744830.567,/nobackup/proj/disk/naiss2026-4-902/shared/yizhil/Avalanche/avalanche-master/search_result_spike-all/tagfex/order3/lr001/search_spike_tagfex__order-3__lr-001__seed-063__summary.json,/nobackup/proj/disk/naiss2026-4-902/shared/yizhil/Avalanche/avalanche-master/search_result_spike-all/tagfex/order3/lr001/log/search_spike_tagfex__order-3__lr-001__seed-063.log
spike-all,spike,tagfex,3,63,0.01,14,18,49268728102115839,46073228382041978,3195499720073861,354402609693500300,3217378603098989,2156,1492290632235.1526,/nobackup/proj/disk/naiss2026-4-902/shared/yizhil/Avalanche/avalanche-master/search_result_spike-all/tagfex/order3/lr001/search_spike_tagfex__order-3__lr-001__seed-063__summary.json,/nobackup/proj/disk/naiss2026-4-902/shared/yizhil/Avalanche/avalanche-master/search_result_spike-all/tagfex/order3/lr001/log/search_spike_tagfex__order-3__lr-001__seed-063.log
spike-all,spike,tagfex,3,63,0.01,15,18,51843266157284476,48586768947866408,3256497209418068,406245875850784776,3398746004382340,2161,1572765388423.1096,/nobackup/proj/disk/naiss2026-4-902/shared/yizhil/Avalanche/avalanche-master/search_result_spike-all/tagfex/order3/lr001/search_spike_tagfex__order-3__lr-001__seed-063__summary.json,/nobackup/proj/disk/naiss2026-4-902/shared/yizhil/Avalanche/avalanche-master/search_result_spike-all/tagfex/order3/lr001/log/search_spike_tagfex__order-3__lr-001__seed-063.log
spike-all,spike,tagfex,3,63,0.01,16,18,54040837045175053,50733317578464442,3307519466710611,460286712895959829,3568751151913199,2150,1659884256703.8135,/nobackup/proj/disk/naiss2026-4-902/shared/yizhil/Avalanche/avalanche-master/search_result_spike-all/tagfex/order3/lr001/search_spike_tagfex__order-3__lr-001__seed-063__summary.json,/nobackup/proj/disk/naiss2026-4-902/shared/yizhil/Avalanche/avalanche-master/search_result_spike-all/tagfex/order3/lr001/log/search_spike_tagfex__order-3__lr-001__seed-063.log
spike-all,spike,tagfex,3,63,0.01,17,18,56726536474817628,53350556530042620,3375979944775008,517013249370777457,3758512997413284,2159,1740858266518.427,/nobackup/proj/disk/naiss2026-4-902/shared/yizhil/Avalanche/avalanche-master/search_result_spike-all/tagfex/order3/lr001/search_spike_tagfex__order-3__lr-001__seed-063__summary.json,/nobackup/proj/disk/naiss2026-4-902/shared/yizhil/Avalanche/avalanche-master/search_result_spike-all/tagfex/order3/lr001/log/search_spike_tagfex__order-3__lr-001__seed-063.log
spike-all,spike,tagfex,3,63,0.01,18,18,59111246561175064,55676500720413106,3434745840761958,576124495931952521,3936349569457806,2156,1825765106427.5537,/nobackup/proj/disk/naiss2026-4-902/shared/yizhil/Avalanche/avalanche-master/search_result_spike-all/tagfex/order3/lr001/search_spike_tagfex__order-3__lr-001__seed-063__summary.json,/nobackup/proj/disk/naiss2026-4-902/shared/yizhil/Avalanche/avalanche-master/search_result_spike-all/tagfex/order3/lr001/log/search_spike_tagfex__order-3__lr-001__seed-063.log
spike-all,spike,tagfex,3,63,0.05,1,18,3243892533415310,3230446341138434,13446192276876,3243892533415310,174968511882598,483,362253647790.058,/nobackup/proj/disk/naiss2026-4-902/shared/yizhil/Avalanche/avalanche-master/search_result_spike-all/tagfex/order3/lr005/search_spike_tagfex__order-3__lr-005__seed-063__summary.json,/nobackup/proj/disk/naiss2026-4-902/shared/yizhil/Avalanche/avalanche-master/search_result_spike-all/tagfex/order3/lr005/log/search_spike_tagfex__order-3__lr-005__seed-063.log
spike-all,spike,tagfex,3,63,0.05,2,18,5910403530478955,5157071257917074,753332272561881,9154296063894265,329591904329705,644,511788671319.4177,/nobackup/proj/disk/naiss2026-4-902/shared/yizhil/Avalanche/avalanche-master/search_result_spike-all/tagfex/order3/lr005/search_spike_tagfex__order-3__lr-005__seed-063__summary.json,/nobackup/proj/disk/naiss2026-4-902/shared/yizhil/Avalanche/avalanche-master/search_result_spike-all/tagfex/order3/lr005/log/search_spike_tagfex__order-3__lr-005__seed-063.log
spike-all,spike,tagfex,3,63,0.05,3,18,8307021736246400,7342946689026636,964075047219764,17461317800140665,479220124341091,805,595304502287.0696,/nobackup/proj/disk/naiss2026-4-902/shared/yizhil/Avalanche/avalanche-master/search_result_spike-all/tagfex/order3/lr005/search_spike_tagfex__order-3__lr-005__seed-063__summary.json,/nobackup/proj/disk/naiss2026-4-902/shared/yizhil/Avalanche/avalanche-master/search_result_spike-all/tagfex/order3/lr005/log/search_spike_tagfex__order-3__lr-005__seed-063.log
spike-all,spike,tagfex,3,63,0.05,4,18,11070805525575393,9887022714753584,1183782810821809,28532123325716058,655740999515057,966,678820910471.0735,/nobackup/proj/disk/naiss2026-4-902/shared/yizhil/Avalanche/avalanche-master/search_result_spike-all/tagfex/order3/lr005/search_spike_tagfex__order-3__lr-005__seed-063__summary.json,/nobackup/proj/disk/naiss2026-4-902/shared/yizhil/Avalanche/avalanche-master/search_result_spike-all/tagfex/order3/lr005/log/search_spike_tagfex__order-3__lr-005__seed-063.log
spike-all,spike,tagfex,3,63,0.05,5,18,14202519441628732,12790065639524332,1412453802104400,42734642767344790,859153672312836,1127,762336887589.0293,/nobackup/proj/disk/naiss2026-4-902/shared/yizhil/Avalanche/avalanche-master/search_result_spike-all/tagfex/order3/lr005/search_spike_tagfex__order-3__lr-005__seed-063__summary.json,/nobackup/proj/disk/naiss2026-4-902/shared/yizhil/Avalanche/avalanche-master/search_result_spike-all/tagfex/order3/lr005/log/search_spike_tagfex__order-3__lr-005__seed-063.log
spike-all,spike,tagfex,3,63,0.05,6,18,17701233619562299,16051144003086378,1650089616475921,60435876386907089,1089458962881845,1288,845853232051.122,/nobackup/proj/disk/naiss2026-4-902/shared/yizhil/Avalanche/avalanche-master/search_result_spike-all/tagfex/order3/lr005/search_spike_tagfex__order-3__lr-005__seed-063__summary.json,/nobackup/proj/disk/naiss2026-4-902/shared/yizhil/Avalanche/avalanche-master/search_result_spike-all/tagfex/order3/lr005/log/search_spike_tagfex__order-3__lr-005__seed-063.log
spike-all,spike,tagfex,3,63,0.05,7,18,21567687240745480,19670998412405524,1896688828339956,82003563627652569,1346656116335201,1449,929369300438.372,/nobackup/proj/disk/naiss2026-4-902/shared/yizhil/Avalanche/avalanche-master/search_result_spike-all/tagfex/order3/lr005/search_spike_tagfex__order-3__lr-005__seed-063__summary.json,/nobackup/proj/disk/naiss2026-4-902/shared/yizhil/Avalanche/avalanche-master/search_result_spike-all/tagfex/order3/lr005/log/search_spike_tagfex__order-3__lr-005__seed-063.log
spike-all,spike,tagfex,3,63,0.05,8,18,25801510561240183,23649257863802494,2152252697437689,107805074188892752,1630745850193013,1610,1012885621237.8962,/nobackup/proj/disk/naiss2026-4-902/shared/yizhil/Avalanche/avalanche-master/search_result_spike-all/tagfex/order3/lr005/search_spike_tagfex__order-3__lr-005__seed-063__summary.json,/nobackup/proj/disk/naiss2026-4-902/shared/yizhil/Avalanche/avalanche-master/search_result_spike-all/tagfex/order3/lr005/log/search_spike_tagfex__order-3__lr-005__seed-063.log
spike-all,spike,tagfex,3,63,0.05,9,18,30402964869752556,27986184735912652,2416780133839904,138208039058645308,1941727512171130,1771,1096401757295.9514,/nobackup/proj/disk/naiss2026-4-902/shared/yizhil/Avalanche/avalanche-master/search_result_spike-all/tagfex/order3/lr005/search_spike_tagfex__order-3__lr-005__seed-063__summary.json,/nobackup/proj/disk/naiss2026-4-902/shared/yizhil/Avalanche/avalanche-master/search_result_spike-all/tagfex/order3/lr005/log/search_spike_tagfex__order-3__lr-005__seed-063.log
spike-all,spike,tagfex,3,63,0.05,10,18,35390151730653152,32698487210064474,2691664520588678,173598190789298460,2280692497197524,1933,1179871959233.0698,/nobackup/proj/disk/naiss2026-4-902/shared/yizhil/Avalanche/avalanche-master/search_result_spike-all/tagfex/order3/lr005/search_spike_tagfex__order-3__lr-005__seed-063__summary.json,/nobackup/proj/disk/naiss2026-4-902/shared/yizhil/Avalanche/avalanche-master/search_result_spike-all/tagfex/order3/lr005/log/search_spike_tagfex__order-3__lr-005__seed-063.log
spike-all,spike,tagfex,3,63,0.05,11,18,40677771842360970,37734748024525828,2943023817835142,214275962631659430,2614664006900929,2093,1249242239321.992,/nobackup/proj/disk/naiss2026-4-902/shared/yizhil/Avalanche/avalanche-master/search_result_spike-all/tagfex/order3/lr005/search_spike_tagfex__order-3__lr-005__seed-063__summary.json,/nobackup/proj/disk/naiss2026-4-902/shared/yizhil/Avalanche/avalanche-master/search_result_spike-all/tagfex/order3/lr005/log/search_spike_tagfex__order-3__lr-005__seed-063.log
spike-all,spike,tagfex,3,63,0.05,12,18,44200943032042689,41136623320905688,3064319711137001,258476905663702119,2846386698491441,2149,1324516844342.2249,/nobackup/proj/disk/naiss2026-4-902/shared/yizhil/Avalanche/avalanche-master/search_result_spike-all/tagfex/order3/lr005/search_spike_tagfex__order-3__lr-005__seed-063__summary.json,/nobackup/proj/disk/naiss2026-4-902/shared/yizhil/Avalanche/avalanche-master/search_result_spike-all/tagfex/order3/lr005/log/search_spike_tagfex__order-3__lr-005__seed-063.log
spike-all,spike,tagfex,3,63,0.05,13,18,46656975927682228,43530659350542052,3126316577140176,305133881591384347,3028473403640888,2149,1409247744830.567,/nobackup/proj/disk/naiss2026-4-902/shared/yizhil/Avalanche/avalanche-master/search_result_spike-all/tagfex/order3/lr005/search_spike_tagfex__order-3__lr-005__seed-063__summary.json,/nobackup/proj/disk/naiss2026-4-902/shared/yizhil/Avalanche/avalanche-master/search_result_spike-all/tagfex/order3/lr005/log/search_spike_tagfex__order-3__lr-005__seed-063.log
spike-all,spike,tagfex,3,63,0.05,14,18,49268728102115839,46073228382041978,3195499720073861,354402609693500186,3217378603098989,2156,1492290632235.1526,/nobackup/proj/disk/naiss2026-4-902/shared/yizhil/Avalanche/avalanche-master/search_result_spike-all/tagfex/order3/lr005/search_spike_tagfex__order-3__lr-005__seed-063__summary.json,/nobackup/proj/disk/naiss2026-4-902/shared/yizhil/Avalanche/avalanche-master/search_result_spike-all/tagfex/order3/lr005/log/search_spike_tagfex__order-3__lr-005__seed-063.log
spike-all,spike,tagfex,3,63,0.05,15,18,51843266157284476,48586768947866408,3256497209418068,406245875850784662,3398746004382340,2161,1572765388423.1096,/nobackup/proj/disk/naiss2026-4-902/shared/yizhil/Avalanche/avalanche-master/search_result_spike-all/tagfex/order3/lr005/search_spike_tagfex__order-3__lr-005__seed-063__summary.json,/nobackup/proj/disk/naiss2026-4-902/shared/yizhil/Avalanche/avalanche-master/search_result_spike-all/tagfex/order3/lr005/log/search_spike_tagfex__order-3__lr-005__seed-063.log
spike-all,spike,tagfex,3,63,0.05,16,18,54040837045175053,50733317578464442,3307519466710611,460286712895959715,3568751151913199,2150,1659884256703.8135,/nobackup/proj/disk/naiss2026-4-902/shared/yizhil/Avalanche/avalanche-master/search_result_spike-all/tagfex/order3/lr005/search_spike_tagfex__order-3__lr-005__seed-063__summary.json,/nobackup/proj/disk/naiss2026-4-902/shared/yizhil/Avalanche/avalanche-master/search_result_spike-all/tagfex/order3/lr005/log/search_spike_tagfex__order-3__lr-005__seed-063.log
spike-all,spike,tagfex,3,63,0.05,17,18,56726536474817628,53350556530042620,3375979944775008,517013249370777343,3758512997413284,2159,1740858266518.427,/nobackup/proj/disk/naiss2026-4-902/shared/yizhil/Avalanche/avalanche-master/search_result_spike-all/tagfex/order3/lr005/search_spike_tagfex__order-3__lr-005__seed-063__summary.json,/nobackup/proj/disk/naiss2026-4-902/shared/yizhil/Avalanche/avalanche-master/search_result_spike-all/tagfex/order3/lr005/log/search_spike_tagfex__order-3__lr-005__seed-063.log
spike-all,spike,tagfex,3,63,0.05,18,18,59111246561175064,55676500720413106,3434745840761958,576124495931952407,3936349569457806,2156,1825765106427.5537,/nobackup/proj/disk/naiss2026-4-902/shared/yizhil/Avalanche/avalanche-master/search_result_spike-all/tagfex/order3/lr005/search_spike_tagfex__order-3__lr-005__seed-063__summary.json,/nobackup/proj/disk/naiss2026-4-902/shared/yizhil/Avalanche/avalanche-master/search_result_spike-all/tagfex/order3/lr005/log/search_spike_tagfex__order-3__lr-005__seed-063.log
spike-all,spike,tagfex,3,63,0.1,1,18,3243892533415310,3230446341138434,13446192276876,3243892533415310,174968511882598,483,362253647790.058,/nobackup/proj/disk/naiss2026-4-902/shared/yizhil/Avalanche/avalanche-master/search_result_spike-all/tagfex/order3/lr01/search_spike_tagfex__order-3__lr-01__seed-063__summary.json,/nobackup/proj/disk/naiss2026-4-902/shared/yizhil/Avalanche/avalanche-master/search_result_spike-all/tagfex/order3/lr01/log/search_spike_tagfex__order-3__lr-01__seed-063.log
spike-all,spike,tagfex,3,63,0.1,2,18,5910403530478955,5157071257917074,753332272561881,9154296063894265,329591904329705,644,511788671319.4177,/nobackup/proj/disk/naiss2026-4-902/shared/yizhil/Avalanche/avalanche-master/search_result_spike-all/tagfex/order3/lr01/search_spike_tagfex__order-3__lr-01__seed-063__summary.json,/nobackup/proj/disk/naiss2026-4-902/shared/yizhil/Avalanche/avalanche-master/search_result_spike-all/tagfex/order3/lr01/log/search_spike_tagfex__order-3__lr-01__seed-063.log
spike-all,spike,tagfex,3,63,0.1,3,18,8307021736246400,7342946689026636,964075047219764,17461317800140665,479220124341091,805,595304502287.0696,/nobackup/proj/disk/naiss2026-4-902/shared/yizhil/Avalanche/avalanche-master/search_result_spike-all/tagfex/order3/lr01/search_spike_tagfex__order-3__lr-01__seed-063__summary.json,/nobackup/proj/disk/naiss2026-4-902/shared/yizhil/Avalanche/avalanche-master/search_result_spike-all/tagfex/order3/lr01/log/search_spike_tagfex__order-3__lr-01__seed-063.log
spike-all,spike,tagfex,3,63,0.1,4,18,11070805525575507,9887022714753698,1183782810821809,28532123325716172,655740999515057,966,678820910471.0735,/nobackup/proj/disk/naiss2026-4-902/shared/yizhil/Avalanche/avalanche-master/search_result_spike-all/tagfex/order3/lr01/search_spike_tagfex__order-3__lr-01__seed-063__summary.json,/nobackup/proj/disk/naiss2026-4-902/shared/yizhil/Avalanche/avalanche-master/search_result_spike-all/tagfex/order3/lr01/log/search_spike_tagfex__order-3__lr-01__seed-063.log
spike-all,spike,tagfex,3,63,0.1,5,18,14202519441628732,12790065639524332,1412453802104400,42734642767344904,859153672312836,1127,762336887589.0293,/nobackup/proj/disk/naiss2026-4-902/shared/yizhil/Avalanche/avalanche-master/search_result_spike-all/tagfex/order3/lr01/search_spike_tagfex__order-3__lr-01__seed-063__summary.json,/nobackup/proj/disk/naiss2026-4-902/shared/yizhil/Avalanche/avalanche-master/search_result_spike-all/tagfex/order3/lr01/log/search_spike_tagfex__order-3__lr-01__seed-063.log
spike-all,spike,tagfex,3,63,0.1,6,18,17701233619562299,16051144003086378,1650089616475921,60435876386907203,1089458962881845,1288,845853232051.122,/nobackup/proj/disk/naiss2026-4-902/shared/yizhil/Avalanche/avalanche-master/search_result_spike-all/tagfex/order3/lr01/search_spike_tagfex__order-3__lr-01__seed-063__summary.json,/nobackup/proj/disk/naiss2026-4-902/shared/yizhil/Avalanche/avalanche-master/search_result_spike-all/tagfex/order3/lr01/log/search_spike_tagfex__order-3__lr-01__seed-063.log
spike-all,spike,tagfex,3,63,0.1,7,18,21567687240745480,19670998412405524,1896688828339956,82003563627652683,1346656116335201,1449,929369300438.372,/nobackup/proj/disk/naiss2026-4-902/shared/yizhil/Avalanche/avalanche-master/search_result_spike-all/tagfex/order3/lr01/search_spike_tagfex__order-3__lr-01__seed-063__summary.json,/nobackup/proj/disk/naiss2026-4-902/shared/yizhil/Avalanche/avalanche-master/search_result_spike-all/tagfex/order3/lr01/log/search_spike_tagfex__order-3__lr-01__seed-063.log
spike-all,spike,tagfex,3,63,0.1,8,18,25801510561240183,23649257863802494,2152252697437689,107805074188892866,1630745850193013,1610,1012885621237.8962,/nobackup/proj/disk/naiss2026-4-902/shared/yizhil/Avalanche/avalanche-master/search_result_spike-all/tagfex/order3/lr01/search_spike_tagfex__order-3__lr-01__seed-063__summary.json,/nobackup/proj/disk/naiss2026-4-902/shared/yizhil/Avalanche/avalanche-master/search_result_spike-all/tagfex/order3/lr01/log/search_spike_tagfex__order-3__lr-01__seed-063.log
spike-all,spike,tagfex,3,63,0.1,9,18,30402964869752556,27986184735912652,2416780133839904,138208039058645422,1941727512171130,1771,1096401757295.9514,/nobackup/proj/disk/naiss2026-4-902/shared/yizhil/Avalanche/avalanche-master/search_result_spike-all/tagfex/order3/lr01/search_spike_tagfex__order-3__lr-01__seed-063__summary.json,/nobackup/proj/disk/naiss2026-4-902/shared/yizhil/Avalanche/avalanche-master/search_result_spike-all/tagfex/order3/lr01/log/search_spike_tagfex__order-3__lr-01__seed-063.log
spike-all,spike,tagfex,3,63,0.1,10,18,35390151730653152,32698487210064474,2691664520588678,173598190789298574,2280692497197524,1933,1179871959233.0698,/nobackup/proj/disk/naiss2026-4-902/shared/yizhil/Avalanche/avalanche-master/search_result_spike-all/tagfex/order3/lr01/search_spike_tagfex__order-3__lr-01__seed-063__summary.json,/nobackup/proj/disk/naiss2026-4-902/shared/yizhil/Avalanche/avalanche-master/search_result_spike-all/tagfex/order3/lr01/log/search_spike_tagfex__order-3__lr-01__seed-063.log
spike-all,spike,tagfex,3,63,0.1,11,18,40677771842360970,37734748024525828,2943023817835142,214275962631659544,2614664006900929,2093,1249242239321.992,/nobackup/proj/disk/naiss2026-4-902/shared/yizhil/Avalanche/avalanche-master/search_result_spike-all/tagfex/order3/lr01/search_spike_tagfex__order-3__lr-01__seed-063__summary.json,/nobackup/proj/disk/naiss2026-4-902/shared/yizhil/Avalanche/avalanche-master/search_result_spike-all/tagfex/order3/lr01/log/search_spike_tagfex__order-3__lr-01__seed-063.log
spike-all,spike,tagfex,3,63,0.1,12,18,44200943032042689,41136623320905688,3064319711137001,258476905663702233,2846386698491441,2149,1324516844342.2249,/nobackup/proj/disk/naiss2026-4-902/shared/yizhil/Avalanche/avalanche-master/search_result_spike-all/tagfex/order3/lr01/search_spike_tagfex__order-3__lr-01__seed-063__summary.json,/nobackup/proj/disk/naiss2026-4-902/shared/yizhil/Avalanche/avalanche-master/search_result_spike-all/tagfex/order3/lr01/log/search_spike_tagfex__order-3__lr-01__seed-063.log
spike-all,spike,tagfex,3,63,0.1,13,18,46656975927682228,43530659350542052,3126316577140176,305133881591384461,3028473403640888,2149,1409247744830.567,/nobackup/proj/disk/naiss2026-4-902/shared/yizhil/Avalanche/avalanche-master/search_result_spike-all/tagfex/order3/lr01/search_spike_tagfex__order-3__lr-01__seed-063__summary.json,/nobackup/proj/disk/naiss2026-4-902/shared/yizhil/Avalanche/avalanche-master/search_result_spike-all/tagfex/order3/lr01/log/search_spike_tagfex__order-3__lr-01__seed-063.log
spike-all,spike,tagfex,3,63,0.1,14,18,49268728102115839,46073228382041978,3195499720073861,354402609693500300,3217378603098989,2156,1492290632235.1526,/nobackup/proj/disk/naiss2026-4-902/shared/yizhil/Avalanche/avalanche-master/search_result_spike-all/tagfex/order3/lr01/search_spike_tagfex__order-3__lr-01__seed-063__summary.json,/nobackup/proj/disk/naiss2026-4-902/shared/yizhil/Avalanche/avalanche-master/search_result_spike-all/tagfex/order3/lr01/log/search_spike_tagfex__order-3__lr-01__seed-063.log
spike-all,spike,tagfex,3,63,0.1,15,18,51843266157284476,48586768947866408,3256497209418068,406245875850784776,3398746004382340,2161,1572765388423.1096,/nobackup/proj/disk/naiss2026-4-902/shared/yizhil/Avalanche/avalanche-master/search_result_spike-all/tagfex/order3/lr01/search_spike_tagfex__order-3__lr-01__seed-063__summary.json,/nobackup/proj/disk/naiss2026-4-902/shared/yizhil/Avalanche/avalanche-master/search_result_spike-all/tagfex/order3/lr01/log/search_spike_tagfex__order-3__lr-01__seed-063.log
spike-all,spike,tagfex,3,63,0.1,16,18,54040837045175053,50733317578464442,3307519466710611,460286712895959829,3568751151913199,2150,1659884256703.8135,/nobackup/proj/disk/naiss2026-4-902/shared/yizhil/Avalanche/avalanche-master/search_result_spike-all/tagfex/order3/lr01/search_spike_tagfex__order-3__lr-01__seed-063__summary.json,/nobackup/proj/disk/naiss2026-4-902/shared/yizhil/Avalanche/avalanche-master/search_result_spike-all/tagfex/order3/lr01/log/search_spike_tagfex__order-3__lr-01__seed-063.log
spike-all,spike,tagfex,3,63,0.1,17,18,56726536474817628,53350556530042620,3375979944775008,517013249370777457,3758512997413284,2159,1740858266518.427,/nobackup/proj/disk/naiss2026-4-902/shared/yizhil/Avalanche/avalanche-master/search_result_spike-all/tagfex/order3/lr01/search_spike_tagfex__order-3__lr-01__seed-063__summary.json,/nobackup/proj/disk/naiss2026-4-902/shared/yizhil/Avalanche/avalanche-master/search_result_spike-all/tagfex/order3/lr01/log/search_spike_tagfex__order-3__lr-01__seed-063.log
spike-all,spike,tagfex,3,63,0.1,18,18,59111246561175064,55676500720413106,3434745840761958,576124495931952521,3936349569457806,2156,1825765106427.5537,/nobackup/proj/disk/naiss2026-4-902/shared/yizhil/Avalanche/avalanche-master/search_result_spike-all/tagfex/order3/lr01/search_spike_tagfex__order-3__lr-01__seed-063__summary.json,/nobackup/proj/disk/naiss2026-4-902/shared/yizhil/Avalanche/avalanche-master/search_result_spike-all/tagfex/order3/lr01/log/search_spike_tagfex__order-3__lr-01__seed-063.log
spike-all,spike,tagfex,3,65,0.01,1,18,3243892533415310,3230446341138434,13446192276876,3243892533415310,174968511882598,483,362253647790.058,/nobackup/proj/disk/naiss2026-4-902/shared/yizhil/Avalanche/avalanche-master/search_result_spike-all/tagfex/order3/lr001/search_spike_tagfex__order-3__lr-001__seed-065__summary.json,/nobackup/proj/disk/naiss2026-4-902/shared/yizhil/Avalanche/avalanche-master/search_result_spike-all/tagfex/order3/lr001/log/search_spike_tagfex__order-3__lr-001__seed-065.log
spike-all,spike,tagfex,3,65,0.01,2,18,5910376099888443,5157043827326562,753332272561881,9154268633303753,329564473739193,644,511746077234.7717,/nobackup/proj/disk/naiss2026-4-902/shared/yizhil/Avalanche/avalanche-master/search_result_spike-all/tagfex/order3/lr001/search_spike_tagfex__order-3__lr-001__seed-065__summary.json,/nobackup/proj/disk/naiss2026-4-902/shared/yizhil/Avalanche/avalanche-master/search_result_spike-all/tagfex/order3/lr001/log/search_spike_tagfex__order-3__lr-001__seed-065.log
spike-all,spike,tagfex,3,65,0.01,3,18,8307021736246400,7342946689026636,964075047219764,17461290369550153,479220124341091,805,595304502287.0696,/nobackup/proj/disk/naiss2026-4-902/shared/yizhil/Avalanche/avalanche-master/search_result_spike-all/tagfex/order3/lr001/search_spike_tagfex__order-3__lr-001__seed-065__summary.json,/nobackup/proj/disk/naiss2026-4-902/shared/yizhil/Avalanche/avalanche-master/search_result_spike-all/tagfex/order3/lr001/log/search_spike_tagfex__order-3__lr-001__seed-065.log
spike-all,spike,tagfex,3,65,0.01,4,18,11070805525575507,9887022714753698,1183782810821809,28532095895125660,655740999515057,966,678820910471.0735,/nobackup/proj/disk/naiss2026-4-902/shared/yizhil/Avalanche/avalanche-master/search_result_spike-all/tagfex/order3/lr001/search_spike_tagfex__order-3__lr-001__seed-065__summary.json,/nobackup/proj/disk/naiss2026-4-902/shared/yizhil/Avalanche/avalanche-master/search_result_spike-all/tagfex/order3/lr001/log/search_spike_tagfex__order-3__lr-001__seed-065.log
spike-all,spike,tagfex,3,65,0.01,5,18,14202519441628732,12790065639524332,1412453802104400,42734615336754392,859153672312836,1127,762336887589.0293,/nobackup/proj/disk/naiss2026-4-902/shared/yizhil/Avalanche/avalanche-master/search_result_spike-all/tagfex/order3/lr001/search_spike_tagfex__order-3__lr-001__seed-065__summary.json,/nobackup/proj/disk/naiss2026-4-902/shared/yizhil/Avalanche/avalanche-master/search_result_spike-all/tagfex/order3/lr001/log/search_spike_tagfex__order-3__lr-001__seed-065.log
spike-all,spike,tagfex,3,65,0.01,6,18,17701233619562299,16051144003086378,1650089616475921,60435848956316691,1089404109580445,1288,845810644084.1964,/nobackup/proj/disk/naiss2026-4-902/shared/yizhil/Avalanche/avalanche-master/search_result_spike-all/tagfex/order3/lr001/search_spike_tagfex__order-3__lr-001__seed-065__summary.json,/nobackup/proj/disk/naiss2026-4-902/shared/yizhil/Avalanche/avalanche-master/search_result_spike-all/tagfex/order3/lr001/log/search_spike_tagfex__order-3__lr-001__seed-065.log
spike-all,spike,tagfex,3,65,0.01,7,18,21567844921332948,19671156092992992,1896688828339956,82003693877649639,1346656116335201,1449,929369300438.372,/nobackup/proj/disk/naiss2026-4-902/shared/yizhil/Avalanche/avalanche-master/search_result_spike-all/tagfex/order3/lr001/search_spike_tagfex__order-3__lr-001__seed-065__summary.json,/nobackup/proj/disk/naiss2026-4-902/shared/yizhil/Avalanche/avalanche-master/search_result_spike-all/tagfex/order3/lr001/log/search_spike_tagfex__order-3__lr-001__seed-065.log
spike-all,spike,tagfex,3,65,0.01,8,18,25801812203180087,23649559505742398,2152252697437689,107805506080829726,1630677285536145,1610,1012843034494.5,/nobackup/proj/disk/naiss2026-4-902/shared/yizhil/Avalanche/avalanche-master/search_result_spike-all/tagfex/order3/lr001/search_spike_tagfex__order-3__lr-001__seed-065__summary.json,/nobackup/proj/disk/naiss2026-4-902/shared/yizhil/Avalanche/avalanche-master/search_result_spike-all/tagfex/order3/lr001/log/search_spike_tagfex__order-3__lr-001__seed-065.log
spike-all,spike,tagfex,3,65,0.01,9,18,30402670067730908,27985889933891004,2416780133839904,138208176148560634,1941727512171130,1771,1096401757295.9514,/nobackup/proj/disk/naiss2026-4-902/shared/yizhil/Avalanche/avalanche-master/search_result_spike-all/tagfex/order3/lr001/search_spike_tagfex__order-3__lr-001__seed-065__summary.json,/nobackup/proj/disk/naiss2026-4-902/shared/yizhil/Avalanche/avalanche-master/search_result_spike-all/tagfex/order3/lr001/log/search_spike_tagfex__order-3__lr-001__seed-065.log
spike-all,spike,tagfex,3,65,0.01,10,18,35389802091089330,32698137570500652,2691664520588678,173597978239649964,2280692497197524,1933,1179871959233.0698,/nobackup/proj/disk/naiss2026-4-902/shared/yizhil/Avalanche/avalanche-master/search_result_spike-all/tagfex/order3/lr001/search_spike_tagfex__order-3__lr-001__seed-065__summary.json,/nobackup/proj/disk/naiss2026-4-902/shared/yizhil/Avalanche/avalanche-master/search_result_spike-all/tagfex/order3/lr001/log/search_spike_tagfex__order-3__lr-001__seed-065.log
spike-all,spike,tagfex,3,65,0.01,11,18,40678210613614994,37735186795779852,2943023817835142,214276188853264958,2614664006900929,2093,1249242239321.992,/nobackup/proj/disk/naiss2026-4-902/shared/yizhil/Avalanche/avalanche-master/search_result_spike-all/tagfex/order3/lr001/search_spike_tagfex__order-3__lr-001__seed-065__summary.json,/nobackup/proj/disk/naiss2026-4-902/shared/yizhil/Avalanche/avalanche-master/search_result_spike-all/tagfex/order3/lr001/log/search_spike_tagfex__order-3__lr-001__seed-065.log
spike-all,spike,tagfex,3,65,0.01,12,18,44202835246373193,41138515535236192,3064319711137001,258479024099638151,2846825469745593,2149,1324721018960.2573,/nobackup/proj/disk/naiss2026-4-902/shared/yizhil/Avalanche/avalanche-master/search_result_spike-all/tagfex/order3/lr001/search_spike_tagfex__order-3__lr-001__seed-065__summary.json,/nobackup/proj/disk/naiss2026-4-902/shared/yizhil/Avalanche/avalanche-master/search_result_spike-all/tagfex/order3/lr001/log/search_spike_tagfex__order-3__lr-001__seed-065.log
spike-all,spike,tagfex,3,65,0.01,13,18,46657853470190788,43531536893050612,3126316577140176,305136877569828939,3028473403640888,2149,1409247744830.567,/nobackup/proj/disk/naiss2026-4-902/shared/yizhil/Avalanche/avalanche-master/search_result_spike-all/tagfex/order3/lr001/search_spike_tagfex__order-3__lr-001__seed-065__summary.json,/nobackup/proj/disk/naiss2026-4-902/shared/yizhil/Avalanche/avalanche-master/search_result_spike-all/tagfex/order3/lr001/log/search_spike_tagfex__order-3__lr-001__seed-065.log
spike-all,spike,tagfex,3,65,0.01,14,18,49268590988561239,46073091268487378,3195499720073861,354405468558390178,3217378603098989,2156,1492290632235.1526,/nobackup/proj/disk/naiss2026-4-902/shared/yizhil/Avalanche/avalanche-master/search_result_spike-all/tagfex/order3/lr001/search_spike_tagfex__order-3__lr-001__seed-065__summary.json,/nobackup/proj/disk/naiss2026-4-902/shared/yizhil/Avalanche/avalanche-master/search_result_spike-all/tagfex/order3/lr001/log/search_spike_tagfex__order-3__lr-001__seed-065.log
spike-all,spike,tagfex,3,65,0.01,15,18,51844582471048084,48588085261630016,3256497209418068,406250051029438262,3398746004382340,2161,1572765388423.1096,/nobackup/proj/disk/naiss2026-4-902/shared/yizhil/Avalanche/avalanche-master/search_result_spike-all/tagfex/order3/lr001/search_spike_tagfex__order-3__lr-001__seed-065__summary.json,/nobackup/proj/disk/naiss2026-4-902/shared/yizhil/Avalanche/avalanche-master/search_result_spike-all/tagfex/order3/lr001/log/search_spike_tagfex__order-3__lr-001__seed-065.log
spike-all,spike,tagfex,3,65,0.01,16,18,54041536340063297,50734016873352686,3307519466710611,460291587369501559,3568751151913199,2150,1659884256703.8135,/nobackup/proj/disk/naiss2026-4-902/shared/yizhil/Avalanche/avalanche-master/search_result_spike-all/tagfex/order3/lr001/search_spike_tagfex__order-3__lr-001__seed-065__summary.json,/nobackup/proj/disk/naiss2026-4-902/shared/yizhil/Avalanche/avalanche-master/search_result_spike-all/tagfex/order3/lr001/log/search_spike_tagfex__order-3__lr-001__seed-065.log
spike-all,spike,tagfex,3,65,0.01,17,18,56725658932308044,53349678987533036,3375979944775008,517017246301809603,3758512997413284,2159,1740858266518.427,/nobackup/proj/disk/naiss2026-4-902/shared/yizhil/Avalanche/avalanche-master/search_result_spike-all/tagfex/order3/lr001/search_spike_tagfex__order-3__lr-001__seed-065__summary.json,/nobackup/proj/disk/naiss2026-4-902/shared/yizhil/Avalanche/avalanche-master/search_result_spike-all/tagfex/order3/lr001/log/search_spike_tagfex__order-3__lr-001__seed-065.log
spike-all,spike,tagfex,3,65,0.01,18,18,59110231905110464,55675486064348506,3434745840761958,576127478206920067,3936349569457806,2156,1825765106427.5537,/nobackup/proj/disk/naiss2026-4-902/shared/yizhil/Avalanche/avalanche-master/search_result_spike-all/tagfex/order3/lr001/search_spike_tagfex__order-3__lr-001__seed-065__summary.json,/nobackup/proj/disk/naiss2026-4-902/shared/yizhil/Avalanche/avalanche-master/search_result_spike-all/tagfex/order3/lr001/log/search_spike_tagfex__order-3__lr-001__seed-065.log
spike-all,spike,tagfex,3,65,0.05,1,18,3243892533415310,3230446341138434,13446192276876,3243892533415310,174968511882598,483,362253647790.058,/nobackup/proj/disk/naiss2026-4-902/shared/yizhil/Avalanche/avalanche-master/search_result_spike-all/tagfex/order3/lr005/search_spike_tagfex__order-3__lr-005__seed-065__summary.json,/nobackup/proj/disk/naiss2026-4-902/shared/yizhil/Avalanche/avalanche-master/search_result_spike-all/tagfex/order3/lr005/log/search_spike_tagfex__order-3__lr-005__seed-065.log
spike-all,spike,tagfex,3,65,0.05,2,18,5910376099888443,5157043827326562,753332272561881,9154268633303753,329564473739193,644,511746077234.7717,/nobackup/proj/disk/naiss2026-4-902/shared/yizhil/Avalanche/avalanche-master/search_result_spike-all/tagfex/order3/lr005/search_spike_tagfex__order-3__lr-005__seed-065__summary.json,/nobackup/proj/disk/naiss2026-4-902/shared/yizhil/Avalanche/avalanche-master/search_result_spike-all/tagfex/order3/lr005/log/search_spike_tagfex__order-3__lr-005__seed-065.log
spike-all,spike,tagfex,3,65,0.05,3,18,8307021736246400,7342946689026636,964075047219764,17461290369550153,479220124341091,805,595304502287.0696,/nobackup/proj/disk/naiss2026-4-902/shared/yizhil/Avalanche/avalanche-master/search_result_spike-all/tagfex/order3/lr005/search_spike_tagfex__order-3__lr-005__seed-065__summary.json,/nobackup/proj/disk/naiss2026-4-902/shared/yizhil/Avalanche/avalanche-master/search_result_spike-all/tagfex/order3/lr005/log/search_spike_tagfex__order-3__lr-005__seed-065.log
spike-all,spike,tagfex,3,65,0.05,4,18,11070805525575507,9887022714753698,1183782810821809,28532095895125660,655740999515057,966,678820910471.0735,/nobackup/proj/disk/naiss2026-4-902/shared/yizhil/Avalanche/avalanche-master/search_result_spike-all/tagfex/order3/lr005/search_spike_tagfex__order-3__lr-005__seed-065__summary.json,/nobackup/proj/disk/naiss2026-4-902/shared/yizhil/Avalanche/avalanche-master/search_result_spike-all/tagfex/order3/lr005/log/search_spike_tagfex__order-3__lr-005__seed-065.log
spike-all,spike,tagfex,3,65,0.05,5,18,14202519441628732,12790065639524332,1412453802104400,42734615336754392,859153672312836,1127,762336887589.0293,/nobackup/proj/disk/naiss2026-4-902/shared/yizhil/Avalanche/avalanche-master/search_result_spike-all/tagfex/order3/lr005/search_spike_tagfex__order-3__lr-005__seed-065__summary.json,/nobackup/proj/disk/naiss2026-4-902/shared/yizhil/Avalanche/avalanche-master/search_result_spike-all/tagfex/order3/lr005/log/search_spike_tagfex__order-3__lr-005__seed-065.log
spike-all,spike,tagfex,3,65,0.05,6,18,17701233619562299,16051144003086378,1650089616475921,60435848956316691,1089404109580445,1288,845810644084.1964,/nobackup/proj/disk/naiss2026-4-902/shared/yizhil/Avalanche/avalanche-master/search_result_spike-all/tagfex/order3/lr005/search_spike_tagfex__order-3__lr-005__seed-065__summary.json,/nobackup/proj/disk/naiss2026-4-902/shared/yizhil/Avalanche/avalanche-master/search_result_spike-all/tagfex/order3/lr005/log/search_spike_tagfex__order-3__lr-005__seed-065.log
spike-all,spike,tagfex,3,65,0.05,7,18,21567844921332948,19671156092992992,1896688828339956,82003693877649639,1346656116335201,1449,929369300438.372,/nobackup/proj/disk/naiss2026-4-902/shared/yizhil/Avalanche/avalanche-master/search_result_spike-all/tagfex/order3/lr005/search_spike_tagfex__order-3__lr-005__seed-065__summary.json,/nobackup/proj/disk/naiss2026-4-902/shared/yizhil/Avalanche/avalanche-master/search_result_spike-all/tagfex/order3/lr005/log/search_spike_tagfex__order-3__lr-005__seed-065.log
spike-all,spike,tagfex,3,65,0.05,8,18,25801812203180087,23649559505742398,2152252697437689,107805506080829726,1630677285536145,1610,1012843034494.5,/nobackup/proj/disk/naiss2026-4-902/shared/yizhil/Avalanche/avalanche-master/search_result_spike-all/tagfex/order3/lr005/search_spike_tagfex__order-3__lr-005__seed-065__summary.json,/nobackup/proj/disk/naiss2026-4-902/shared/yizhil/Avalanche/avalanche-master/search_result_spike-all/tagfex/order3/lr005/log/search_spike_tagfex__order-3__lr-005__seed-065.log
spike-all,spike,tagfex,3,65,0.05,9,18,30402670067730908,27985889933891004,2416780133839904,138208176148560634,1941727512171130,1771,1096401757295.9514,/nobackup/proj/disk/naiss2026-4-902/shared/yizhil/Avalanche/avalanche-master/search_result_spike-all/tagfex/order3/lr005/search_spike_tagfex__order-3__lr-005__seed-065__summary.json,/nobackup/proj/disk/naiss2026-4-902/shared/yizhil/Avalanche/avalanche-master/search_result_spike-all/tagfex/order3/lr005/log/search_spike_tagfex__order-3__lr-005__seed-065.log
spike-all,spike,tagfex,3,65,0.05,10,18,35389802091089330,32698137570500652,2691664520588678,173597978239649964,2280692497197524,1933,1179871959233.0698,/nobackup/proj/disk/naiss2026-4-902/shared/yizhil/Avalanche/avalanche-master/search_result_spike-all/tagfex/order3/lr005/search_spike_tagfex__order-3__lr-005__seed-065__summary.json,/nobackup/proj/disk/naiss2026-4-902/shared/yizhil/Avalanche/avalanche-master/search_result_spike-all/tagfex/order3/lr005/log/search_spike_tagfex__order-3__lr-005__seed-065.log
spike-all,spike,tagfex,3,65,0.05,11,18,40678210613614994,37735186795779852,2943023817835142,214276188853264958,2614664006900929,2093,1249242239321.992,/nobackup/proj/disk/naiss2026-4-902/shared/yizhil/Avalanche/avalanche-master/search_result_spike-all/tagfex/order3/lr005/search_spike_tagfex__order-3__lr-005__seed-065__summary.json,/nobackup/proj/disk/naiss2026-4-902/shared/yizhil/Avalanche/avalanche-master/search_result_spike-all/tagfex/order3/lr005/log/search_spike_tagfex__order-3__lr-005__seed-065.log
spike-all,spike,tagfex,3,65,0.05,12,18,44202835246373193,41138515535236192,3064319711137001,258479024099638151,2846825469745593,2149,1324721018960.2573,/nobackup/proj/disk/naiss2026-4-902/shared/yizhil/Avalanche/avalanche-master/search_result_spike-all/tagfex/order3/lr005/search_spike_tagfex__order-3__lr-005__seed-065__summary.json,/nobackup/proj/disk/naiss2026-4-902/shared/yizhil/Avalanche/avalanche-master/search_result_spike-all/tagfex/order3/lr005/log/search_spike_tagfex__order-3__lr-005__seed-065.log
spike-all,spike,tagfex,3,65,0.05,13,18,46657853470190788,43531536893050612,3126316577140176,305136877569828939,3028473403640888,2149,1409247744830.567,/nobackup/proj/disk/naiss2026-4-902/shared/yizhil/Avalanche/avalanche-master/search_result_spike-all/tagfex/order3/lr005/search_spike_tagfex__order-3__lr-005__seed-065__summary.json,/nobackup/proj/disk/naiss2026-4-902/shared/yizhil/Avalanche/avalanche-master/search_result_spike-all/tagfex/order3/lr005/log/search_spike_tagfex__order-3__lr-005__seed-065.log
spike-all,spike,tagfex,3,65,0.05,14,18,49268590988561239,46073091268487378,3195499720073861,354405468558390178,3217378603098989,2156,1492290632235.1526,/nobackup/proj/disk/naiss2026-4-902/shared/yizhil/Avalanche/avalanche-master/search_result_spike-all/tagfex/order3/lr005/search_spike_tagfex__order-3__lr-005__seed-065__summary.json,/nobackup/proj/disk/naiss2026-4-902/shared/yizhil/Avalanche/avalanche-master/search_result_spike-all/tagfex/order3/lr005/log/search_spike_tagfex__order-3__lr-005__seed-065.log
spike-all,spike,tagfex,3,65,0.05,15,18,51844582471048084,48588085261630016,3256497209418068,406250051029438262,3398746004382340,2161,1572765388423.1096,/nobackup/proj/disk/naiss2026-4-902/shared/yizhil/Avalanche/avalanche-master/search_result_spike-all/tagfex/order3/lr005/search_spike_tagfex__order-3__lr-005__seed-065__summary.json,/nobackup/proj/disk/naiss2026-4-902/shared/yizhil/Avalanche/avalanche-master/search_result_spike-all/tagfex/order3/lr005/log/search_spike_tagfex__order-3__lr-005__seed-065.log
spike-all,spike,tagfex,3,65,0.05,16,18,54041536340063297,50734016873352686,3307519466710611,460291587369501559,3568751151913199,2150,1659884256703.8135,/nobackup/proj/disk/naiss2026-4-902/shared/yizhil/Avalanche/avalanche-master/search_result_spike-all/tagfex/order3/lr005/search_spike_tagfex__order-3__lr-005__seed-065__summary.json,/nobackup/proj/disk/naiss2026-4-902/shared/yizhil/Avalanche/avalanche-master/search_result_spike-all/tagfex/order3/lr005/log/search_spike_tagfex__order-3__lr-005__seed-065.log
spike-all,spike,tagfex,3,65,0.05,17,18,56725658932308044,53349678987533036,3375979944775008,517017246301809603,3758512997413284,2159,1740858266518.427,/nobackup/proj/disk/naiss2026-4-902/shared/yizhil/Avalanche/avalanche-master/search_result_spike-all/tagfex/order3/lr005/search_spike_tagfex__order-3__lr-005__seed-065__summary.json,/nobackup/proj/disk/naiss2026-4-902/shared/yizhil/Avalanche/avalanche-master/search_result_spike-all/tagfex/order3/lr005/log/search_spike_tagfex__order-3__lr-005__seed-065.log
spike-all,spike,tagfex,3,65,0.05,18,18,59110231905110464,55675486064348506,3434745840761958,576127478206920067,3936349569457806,2156,1825765106427.5537,/nobackup/proj/disk/naiss2026-4-902/shared/yizhil/Avalanche/avalanche-master/search_result_spike-all/tagfex/order3/lr005/search_spike_tagfex__order-3__lr-005__seed-065__summary.json,/nobackup/proj/disk/naiss2026-4-902/shared/yizhil/Avalanche/avalanche-master/search_result_spike-all/tagfex/order3/lr005/log/search_spike_tagfex__order-3__lr-005__seed-065.log
spike-all,spike,tagfex,3,65,0.1,1,18,3243892533415310,3230446341138434,13446192276876,3243892533415310,174968511882598,483,362253647790.058,/nobackup/proj/disk/naiss2026-4-902/shared/yizhil/Avalanche/avalanche-master/search_result_spike-all/tagfex/order3/lr01/search_spike_tagfex__order-3__lr-01__seed-065__summary.json,/nobackup/proj/disk/naiss2026-4-902/shared/yizhil/Avalanche/avalanche-master/search_result_spike-all/tagfex/order3/lr01/log/search_spike_tagfex__order-3__lr-01__seed-065.log
spike-all,spike,tagfex,3,65,0.1,2,18,5910376099888443,5157043827326562,753332272561881,9154268633303753,329564473739193,644,511746077234.7717,/nobackup/proj/disk/naiss2026-4-902/shared/yizhil/Avalanche/avalanche-master/search_result_spike-all/tagfex/order3/lr01/search_spike_tagfex__order-3__lr-01__seed-065__summary.json,/nobackup/proj/disk/naiss2026-4-902/shared/yizhil/Avalanche/avalanche-master/search_result_spike-all/tagfex/order3/lr01/log/search_spike_tagfex__order-3__lr-01__seed-065.log
spike-all,spike,tagfex,3,65,0.1,3,18,8307021736246400,7342946689026636,964075047219764,17461290369550153,479220124341091,805,595304502287.0696,/nobackup/proj/disk/naiss2026-4-902/shared/yizhil/Avalanche/avalanche-master/search_result_spike-all/tagfex/order3/lr01/search_spike_tagfex__order-3__lr-01__seed-065__summary.json,/nobackup/proj/disk/naiss2026-4-902/shared/yizhil/Avalanche/avalanche-master/search_result_spike-all/tagfex/order3/lr01/log/search_spike_tagfex__order-3__lr-01__seed-065.log
spike-all,spike,tagfex,3,65,0.1,4,18,11070805525575507,9887022714753698,1183782810821809,28532095895125660,655740999515057,966,678820910471.0735,/nobackup/proj/disk/naiss2026-4-902/shared/yizhil/Avalanche/avalanche-master/search_result_spike-all/tagfex/order3/lr01/search_spike_tagfex__order-3__lr-01__seed-065__summary.json,/nobackup/proj/disk/naiss2026-4-902/shared/yizhil/Avalanche/avalanche-master/search_result_spike-all/tagfex/order3/lr01/log/search_spike_tagfex__order-3__lr-01__seed-065.log
spike-all,spike,tagfex,3,65,0.1,5,18,14202519441628732,12790065639524332,1412453802104400,42734615336754392,859153672312836,1127,762336887589.0293,/nobackup/proj/disk/naiss2026-4-902/shared/yizhil/Avalanche/avalanche-master/search_result_spike-all/tagfex/order3/lr01/search_spike_tagfex__order-3__lr-01__seed-065__summary.json,/nobackup/proj/disk/naiss2026-4-902/shared/yizhil/Avalanche/avalanche-master/search_result_spike-all/tagfex/order3/lr01/log/search_spike_tagfex__order-3__lr-01__seed-065.log
spike-all,spike,tagfex,3,65,0.1,6,18,17701233619562299,16051144003086378,1650089616475921,60435848956316691,1089404109580445,1288,845810644084.1964,/nobackup/proj/disk/naiss2026-4-902/shared/yizhil/Avalanche/avalanche-master/search_result_spike-all/tagfex/order3/lr01/search_spike_tagfex__order-3__lr-01__seed-065__summary.json,/nobackup/proj/disk/naiss2026-4-902/shared/yizhil/Avalanche/avalanche-master/search_result_spike-all/tagfex/order3/lr01/log/search_spike_tagfex__order-3__lr-01__seed-065.log
spike-all,spike,tagfex,3,65,0.1,7,18,21567844921332948,19671156092992992,1896688828339956,82003693877649639,1346656116335201,1449,929369300438.372,/nobackup/proj/disk/naiss2026-4-902/shared/yizhil/Avalanche/avalanche-master/search_result_spike-all/tagfex/order3/lr01/search_spike_tagfex__order-3__lr-01__seed-065__summary.json,/nobackup/proj/disk/naiss2026-4-902/shared/yizhil/Avalanche/avalanche-master/search_result_spike-all/tagfex/order3/lr01/log/search_spike_tagfex__order-3__lr-01__seed-065.log
spike-all,spike,tagfex,3,65,0.1,8,18,25801812203180087,23649559505742398,2152252697437689,107805506080829726,1630677285536145,1610,1012843034494.5,/nobackup/proj/disk/naiss2026-4-902/shared/yizhil/Avalanche/avalanche-master/search_result_spike-all/tagfex/order3/lr01/search_spike_tagfex__order-3__lr-01__seed-065__summary.json,/nobackup/proj/disk/naiss2026-4-902/shared/yizhil/Avalanche/avalanche-master/search_result_spike-all/tagfex/order3/lr01/log/search_spike_tagfex__order-3__lr-01__seed-065.log
spike-all,spike,tagfex,3,65,0.1,9,18,30402670067730908,27985889933891004,2416780133839904,138208176148560634,1941727512171130,1771,1096401757295.9514,/nobackup/proj/disk/naiss2026-4-902/shared/yizhil/Avalanche/avalanche-master/search_result_spike-all/tagfex/order3/lr01/search_spike_tagfex__order-3__lr-01__seed-065__summary.json,/nobackup/proj/disk/naiss2026-4-902/shared/yizhil/Avalanche/avalanche-master/search_result_spike-all/tagfex/order3/lr01/log/search_spike_tagfex__order-3__lr-01__seed-065.log
spike-all,spike,tagfex,3,65,0.1,10,18,35389802091089330,32698137570500652,2691664520588678,173597978239649964,2280692497197524,1933,1179871959233.0698,/nobackup/proj/disk/naiss2026-4-902/shared/yizhil/Avalanche/avalanche-master/search_result_spike-all/tagfex/order3/lr01/search_spike_tagfex__order-3__lr-01__seed-065__summary.json,/nobackup/proj/disk/naiss2026-4-902/shared/yizhil/Avalanche/avalanche-master/search_result_spike-all/tagfex/order3/lr01/log/search_spike_tagfex__order-3__lr-01__seed-065.log
spike-all,spike,tagfex,3,65,0.1,11,18,40678210613614994,37735186795779852,2943023817835142,214276188853264958,2614664006900929,2093,1249242239321.992,/nobackup/proj/disk/naiss2026-4-902/shared/yizhil/Avalanche/avalanche-master/search_result_spike-all/tagfex/order3/lr01/search_spike_tagfex__order-3__lr-01__seed-065__summary.json,/nobackup/proj/disk/naiss2026-4-902/shared/yizhil/Avalanche/avalanche-master/search_result_spike-all/tagfex/order3/lr01/log/search_spike_tagfex__order-3__lr-01__seed-065.log
spike-all,spike,tagfex,3,65,0.1,12,18,44202835246373193,41138515535236192,3064319711137001,258479024099638151,2846825469745593,2149,1324721018960.2573,/nobackup/proj/disk/naiss2026-4-902/shared/yizhil/Avalanche/avalanche-master/search_result_spike-all/tagfex/order3/lr01/search_spike_tagfex__order-3__lr-01__seed-065__summary.json,/nobackup/proj/disk/naiss2026-4-902/shared/yizhil/Avalanche/avalanche-master/search_result_spike-all/tagfex/order3/lr01/log/search_spike_tagfex__order-3__lr-01__seed-065.log
spike-all,spike,tagfex,3,65,0.1,13,18,46657853470190788,43531536893050612,3126316577140176,305136877569828939,3028473403640888,2149,1409247744830.567,/nobackup/proj/disk/naiss2026-4-902/shared/yizhil/Avalanche/avalanche-master/search_result_spike-all/tagfex/order3/lr01/search_spike_tagfex__order-3__lr-01__seed-065__summary.json,/nobackup/proj/disk/naiss2026-4-902/shared/yizhil/Avalanche/avalanche-master/search_result_spike-all/tagfex/order3/lr01/log/search_spike_tagfex__order-3__lr-01__seed-065.log
spike-all,spike,tagfex,3,65,0.1,14,18,49268590988561239,46073091268487378,3195499720073861,354405468558390178,3217378603098989,2156,1492290632235.1526,/nobackup/proj/disk/naiss2026-4-902/shared/yizhil/Avalanche/avalanche-master/search_result_spike-all/tagfex/order3/lr01/search_spike_tagfex__order-3__lr-01__seed-065__summary.json,/nobackup/proj/disk/naiss2026-4-902/shared/yizhil/Avalanche/avalanche-master/search_result_spike-all/tagfex/order3/lr01/log/search_spike_tagfex__order-3__lr-01__seed-065.log
spike-all,spike,tagfex,3,65,0.1,15,18,51844582471048084,48588085261630016,3256497209418068,406250051029438262,3398746004382340,2161,1572765388423.1096,/nobackup/proj/disk/naiss2026-4-902/shared/yizhil/Avalanche/avalanche-master/search_result_spike-all/tagfex/order3/lr01/search_spike_tagfex__order-3__lr-01__seed-065__summary.json,/nobackup/proj/disk/naiss2026-4-902/shared/yizhil/Avalanche/avalanche-master/search_result_spike-all/tagfex/order3/lr01/log/search_spike_tagfex__order-3__lr-01__seed-065.log
spike-all,spike,tagfex,3,65,0.1,16,18,54041536340063297,50734016873352686,3307519466710611,460291587369501559,3568751151913199,2150,1659884256703.8135,/nobackup/proj/disk/naiss2026-4-902/shared/yizhil/Avalanche/avalanche-master/search_result_spike-all/tagfex/order3/lr01/search_spike_tagfex__order-3__lr-01__seed-065__summary.json,/nobackup/proj/disk/naiss2026-4-902/shared/yizhil/Avalanche/avalanche-master/search_result_spike-all/tagfex/order3/lr01/log/search_spike_tagfex__order-3__lr-01__seed-065.log
spike-all,spike,tagfex,3,65,0.1,17,18,56725658932308044,53349678987533036,3375979944775008,517017246301809603,3758512997413284,2159,1740858266518.427,/nobackup/proj/disk/naiss2026-4-902/shared/yizhil/Avalanche/avalanche-master/search_result_spike-all/tagfex/order3/lr01/search_spike_tagfex__order-3__lr-01__seed-065__summary.json,/nobackup/proj/disk/naiss2026-4-902/shared/yizhil/Avalanche/avalanche-master/search_result_spike-all/tagfex/order3/lr01/log/search_spike_tagfex__order-3__lr-01__seed-065.log
spike-all,spike,tagfex,3,65,0.1,18,18,59110231905110464,55675486064348506,3434745840761958,576127478206920067,3936349569457806,2156,1825765106427.5537,/nobackup/proj/disk/naiss2026-4-902/shared/yizhil/Avalanche/avalanche-master/search_result_spike-all/tagfex/order3/lr01/search_spike_tagfex__order-3__lr-01__seed-065__summary.json,/nobackup/proj/disk/naiss2026-4-902/shared/yizhil/Avalanche/avalanche-master/search_result_spike-all/tagfex/order3/lr01/log/search_spike_tagfex__order-3__lr-01__seed-065.log
spike-all,spike,tagfex,3,67,0.01,1,18,3243892533415310,3230446341138434,13446192276876,3243892533415310,174968511882598,483,362253647790.058,/nobackup/proj/disk/naiss2026-4-902/shared/yizhil/Avalanche/avalanche-master/search_result_spike-all/tagfex/order3/lr001/search_spike_tagfex__order-3__lr-001__seed-067__summary.json,/nobackup/proj/disk/naiss2026-4-902/shared/yizhil/Avalanche/avalanche-master/search_result_spike-all/tagfex/order3/lr001/log/search_spike_tagfex__order-3__lr-001__seed-067.log
spike-all,spike,tagfex,3,67,0.01,2,18,5910376099888443,5157043827326562,753332272561881,9154268633303753,329591904329705,644,511788671319.4177,/nobackup/proj/disk/naiss2026-4-902/shared/yizhil/Avalanche/avalanche-master/search_result_spike-all/tagfex/order3/lr001/search_spike_tagfex__order-3__lr-001__seed-067__summary.json,/nobackup/proj/disk/naiss2026-4-902/shared/yizhil/Avalanche/avalanche-master/search_result_spike-all/tagfex/order3/lr001/log/search_spike_tagfex__order-3__lr-001__seed-067.log
spike-all,spike,tagfex,3,67,0.01,3,18,8307021736246400,7342946689026636,964075047219764,17461290369550153,479220124341091,805,595304502287.0696,/nobackup/proj/disk/naiss2026-4-902/shared/yizhil/Avalanche/avalanche-master/search_result_spike-all/tagfex/order3/lr001/search_spike_tagfex__order-3__lr-001__seed-067__summary.json,/nobackup/proj/disk/naiss2026-4-902/shared/yizhil/Avalanche/avalanche-master/search_result_spike-all/tagfex/order3/lr001/log/search_spike_tagfex__order-3__lr-001__seed-067.log
spike-all,spike,tagfex,3,67,0.01,4,18,11070805525575507,9887022714753698,1183782810821809,28532095895125660,655740999515057,966,678820910471.0735,/nobackup/proj/disk/naiss2026-4-902/shared/yizhil/Avalanche/avalanche-master/search_result_spike-all/tagfex/order3/lr001/search_spike_tagfex__order-3__lr-001__seed-067__summary.json,/nobackup/proj/disk/naiss2026-4-902/shared/yizhil/Avalanche/avalanche-master/search_result_spike-all/tagfex/order3/lr001/log/search_spike_tagfex__order-3__lr-001__seed-067.log
spike-all,spike,tagfex,3,67,0.01,5,18,14202519441628732,12790065639524332,1412453802104400,42734615336754392,859153672312836,1127,762336887589.0293,/nobackup/proj/disk/naiss2026-4-902/shared/yizhil/Avalanche/avalanche-master/search_result_spike-all/tagfex/order3/lr001/search_spike_tagfex__order-3__lr-001__seed-067__summary.json,/nobackup/proj/disk/naiss2026-4-902/shared/yizhil/Avalanche/avalanche-master/search_result_spike-all/tagfex/order3/lr001/log/search_spike_tagfex__order-3__lr-001__seed-067.log
spike-all,spike,tagfex,3,67,0.01,6,18,17701233619562299,16051144003086378,1650089616475921,60435848956316691,1089458962881845,1288,845853232051.122,/nobackup/proj/disk/naiss2026-4-902/shared/yizhil/Avalanche/avalanche-master/search_result_spike-all/tagfex/order3/lr001/search_spike_tagfex__order-3__lr-001__seed-067__summary.json,/nobackup/proj/disk/naiss2026-4-902/shared/yizhil/Avalanche/avalanche-master/search_result_spike-all/tagfex/order3/lr001/log/search_spike_tagfex__order-3__lr-001__seed-067.log
spike-all,spike,tagfex,3,67,0.01,7,18,21568126011998992,19671437183659036,1896688828339956,82003974968315683,1346656116335201,1449,929369300438.372,/nobackup/proj/disk/naiss2026-4-902/shared/yizhil/Avalanche/avalanche-master/search_result_spike-all/tagfex/order3/lr001/search_spike_tagfex__order-3__lr-001__seed-067__summary.json,/nobackup/proj/disk/naiss2026-4-902/shared/yizhil/Avalanche/avalanche-master/search_result_spike-all/tagfex/order3/lr001/log/search_spike_tagfex__order-3__lr-001__seed-067.log
spike-all,spike,tagfex,3,67,0.01,8,18,25801304867269579,23649052169831890,2152252697437689,107805279835585262,1630745850193013,1610,1012885621237.8962,/nobackup/proj/disk/naiss2026-4-902/shared/yizhil/Avalanche/avalanche-master/search_result_spike-all/tagfex/order3/lr001/search_spike_tagfex__order-3__lr-001__seed-067__summary.json,/nobackup/proj/disk/naiss2026-4-902/shared/yizhil/Avalanche/avalanche-master/search_result_spike-all/tagfex/order3/lr001/log/search_spike_tagfex__order-3__lr-001__seed-067.log
spike-all,spike,tagfex,3,67,0.01,9,18,30403403641006324,27986623507166420,2416780133839904,138208683476591586,1941727512171130,1771,1096401757295.9514,/nobackup/proj/disk/naiss2026-4-902/shared/yizhil/Avalanche/avalanche-master/search_result_spike-all/tagfex/order3/lr001/search_spike_tagfex__order-3__lr-001__seed-067__summary.json,/nobackup/proj/disk/naiss2026-4-902/shared/yizhil/Avalanche/avalanche-master/search_result_spike-all/tagfex/order3/lr001/log/search_spike_tagfex__order-3__lr-001__seed-067.log
spike-all,spike,tagfex,3,67,0.01,10,18,35390329994033300,32698665473444622,2691664520588678,173599013470624886,2280781628887598,1933,1179918069781.4785,/nobackup/proj/disk/naiss2026-4-902/shared/yizhil/Avalanche/avalanche-master/search_result_spike-all/tagfex/order3/lr001/search_spike_tagfex__order-3__lr-001__seed-067__summary.json,/nobackup/proj/disk/naiss2026-4-902/shared/yizhil/Avalanche/avalanche-master/search_result_spike-all/tagfex/order3/lr001/log/search_spike_tagfex__order-3__lr-001__seed-067.log
spike-all,spike,tagfex,3,67,0.01,11,18,40677463328983702,37734439511148560,2943023817835142,214276476799608588,2614225235646905,2093,1249032601837.986,/nobackup/proj/disk/naiss2026-4-902/shared/yizhil/Avalanche/avalanche-master/search_result_spike-all/tagfex/order3/lr001/search_spike_tagfex__order-3__lr-001__seed-067__summary.json,/nobackup/proj/disk/naiss2026-4-902/shared/yizhil/Avalanche/avalanche-master/search_result_spike-all/tagfex/order3/lr001/log/search_spike_tagfex__order-3__lr-001__seed-067.log
spike-all,spike,tagfex,3,67,0.01,12,18,44202142807163491,41137823096026490,3064319711137001,258478619606772079,2846825469745593,2149,1324721018960.2573,/nobackup/proj/disk/naiss2026-4-902/shared/yizhil/Avalanche/avalanche-master/search_result_spike-all/tagfex/order3/lr001/search_spike_tagfex__order-3__lr-001__seed-067__summary.json,/nobackup/proj/disk/naiss2026-4-902/shared/yizhil/Avalanche/avalanche-master/search_result_spike-all/tagfex/order3/lr001/log/search_spike_tagfex__order-3__lr-001__seed-067.log
spike-all,spike,tagfex,3,67,0.01,13,18,46658107138146412,43531790561006236,3126316577140176,305136726744918491,3028473403640888,2149,1409247744830.567,/nobackup/proj/disk/naiss2026-4-902/shared/yizhil/Avalanche/avalanche-master/search_result_spike-all/tagfex/order3/lr001/search_spike_tagfex__order-3__lr-001__seed-067__summary.json,/nobackup/proj/disk/naiss2026-4-902/shared/yizhil/Avalanche/avalanche-master/search_result_spike-all/tagfex/order3/lr001/log/search_spike_tagfex__order-3__lr-001__seed-067.log
spike-all,spike,tagfex,3,67,0.01,14,18,49267713446052423,46072213725978562,3195499720073861,354404440190970914,3217378603098989,2156,1492290632235.1526,/nobackup/proj/disk/naiss2026-4-902/shared/yizhil/Avalanche/avalanche-master/search_result_spike-all/tagfex/order3/lr001/search_spike_tagfex__order-3__lr-001__seed-067__summary.json,/nobackup/proj/disk/naiss2026-4-902/shared/yizhil/Avalanche/avalanche-master/search_result_spike-all/tagfex/order3/lr001/log/search_spike_tagfex__order-3__lr-001__seed-067.log
spike-all,spike,tagfex,3,67,0.01,15,18,51843266157284476,48586768947866408,3256497209418068,406247706348255390,3398307233127804,2161,1572562347583.4355,/nobackup/proj/disk/naiss2026-4-902/shared/yizhil/Avalanche/avalanche-master/search_result_spike-all/tagfex/order3/lr001/search_spike_tagfex__order-3__lr-001__seed-067__summary.json,/nobackup/proj/disk/naiss2026-4-902/shared/yizhil/Avalanche/avalanche-master/search_result_spike-all/tagfex/order3/lr001/log/search_spike_tagfex__order-3__lr-001__seed-067.log
spike-all,spike,tagfex,3,67,0.01,16,18,54042592130193709,50735072663483098,3307519466710611,460290298478449099,3568751151913199,2150,1659884256703.8135,/nobackup/proj/disk/naiss2026-4-902/shared/yizhil/Avalanche/avalanche-master/search_result_spike-all/tagfex/order3/lr001/search_spike_tagfex__order-3__lr-001__seed-067__summary.json,/nobackup/proj/disk/naiss2026-4-902/shared/yizhil/Avalanche/avalanche-master/search_result_spike-all/tagfex/order3/lr001/log/search_spike_tagfex__order-3__lr-001__seed-067.log
spike-all,spike,tagfex,3,67,0.01,17,18,56725336707574764,53349356762799756,3375979944775008,517015635186023863,3758074226158492,2159,1740655037590.779,/nobackup/proj/disk/naiss2026-4-902/shared/yizhil/Avalanche/avalanche-master/search_result_spike-all/tagfex/order3/lr001/search_spike_tagfex__order-3__lr-001__seed-067__summary.json,/nobackup/proj/disk/naiss2026-4-902/shared/yizhil/Avalanche/avalanche-master/search_result_spike-all/tagfex/order3/lr001/log/search_spike_tagfex__order-3__lr-001__seed-067.log
spike-all,spike,tagfex,3,67,0.01,18,18,59113303303894904,55678557463132946,3434745840761958,576128938489918767,3936788340712726,2156,1825968618141.3386,/nobackup/proj/disk/naiss2026-4-902/shared/yizhil/Avalanche/avalanche-master/search_result_spike-all/tagfex/order3/lr001/search_spike_tagfex__order-3__lr-001__seed-067__summary.json,/nobackup/proj/disk/naiss2026-4-902/shared/yizhil/Avalanche/avalanche-master/search_result_spike-all/tagfex/order3/lr001/log/search_spike_tagfex__order-3__lr-001__seed-067.log
spike-all,spike,tagfex,3,67,0.05,1,18,3243892533415310,3230446341138434,13446192276876,3243892533415310,174968511882598,483,362253647790.058,/nobackup/proj/disk/naiss2026-4-902/shared/yizhil/Avalanche/avalanche-master/search_result_spike-all/tagfex/order3/lr005/search_spike_tagfex__order-3__lr-005__seed-067__summary.json,/nobackup/proj/disk/naiss2026-4-902/shared/yizhil/Avalanche/avalanche-master/search_result_spike-all/tagfex/order3/lr005/log/search_spike_tagfex__order-3__lr-005__seed-067.log
spike-all,spike,tagfex,3,67,0.05,2,18,5910376099888443,5157043827326562,753332272561881,9154268633303753,329591904329705,644,511788671319.4177,/nobackup/proj/disk/naiss2026-4-902/shared/yizhil/Avalanche/avalanche-master/search_result_spike-all/tagfex/order3/lr005/search_spike_tagfex__order-3__lr-005__seed-067__summary.json,/nobackup/proj/disk/naiss2026-4-902/shared/yizhil/Avalanche/avalanche-master/search_result_spike-all/tagfex/order3/lr005/log/search_spike_tagfex__order-3__lr-005__seed-067.log
spike-all,spike,tagfex,3,67,0.05,3,18,8307021736246400,7342946689026636,964075047219764,17461290369550153,479220124341091,805,595304502287.0696,/nobackup/proj/disk/naiss2026-4-902/shared/yizhil/Avalanche/avalanche-master/search_result_spike-all/tagfex/order3/lr005/search_spike_tagfex__order-3__lr-005__seed-067__summary.json,/nobackup/proj/disk/naiss2026-4-902/shared/yizhil/Avalanche/avalanche-master/search_result_spike-all/tagfex/order3/lr005/log/search_spike_tagfex__order-3__lr-005__seed-067.log
spike-all,spike,tagfex,3,67,0.05,4,18,11070805525575507,9887022714753698,1183782810821809,28532095895125660,655740999515057,966,678820910471.0735,/nobackup/proj/disk/naiss2026-4-902/shared/yizhil/Avalanche/avalanche-master/search_result_spike-all/tagfex/order3/lr005/search_spike_tagfex__order-3__lr-005__seed-067__summary.json,/nobackup/proj/disk/naiss2026-4-902/shared/yizhil/Avalanche/avalanche-master/search_result_spike-all/tagfex/order3/lr005/log/search_spike_tagfex__order-3__lr-005__seed-067.log
spike-all,spike,tagfex,3,67,0.05,5,18,14202519441628732,12790065639524332,1412453802104400,42734615336754392,859153672312836,1127,762336887589.0293,/nobackup/proj/disk/naiss2026-4-902/shared/yizhil/Avalanche/avalanche-master/search_result_spike-all/tagfex/order3/lr005/search_spike_tagfex__order-3__lr-005__seed-067__summary.json,/nobackup/proj/disk/naiss2026-4-902/shared/yizhil/Avalanche/avalanche-master/search_result_spike-all/tagfex/order3/lr005/log/search_spike_tagfex__order-3__lr-005__seed-067.log
spike-all,spike,tagfex,3,67,0.05,6,18,17701233619562299,16051144003086378,1650089616475921,60435848956316691,1089458962881845,1288,845853232051.122,/nobackup/proj/disk/naiss2026-4-902/shared/yizhil/Avalanche/avalanche-master/search_result_spike-all/tagfex/order3/lr005/search_spike_tagfex__order-3__lr-005__seed-067__summary.json,/nobackup/proj/disk/naiss2026-4-902/shared/yizhil/Avalanche/avalanche-master/search_result_spike-all/tagfex/order3/lr005/log/search_spike_tagfex__order-3__lr-005__seed-067.log
spike-all,spike,tagfex,3,67,0.05,7,18,21568126011998992,19671437183659036,1896688828339956,82003974968315683,1346656116335201,1449,929369300438.372,/nobackup/proj/disk/naiss2026-4-902/shared/yizhil/Avalanche/avalanche-master/search_result_spike-all/tagfex/order3/lr005/search_spike_tagfex__order-3__lr-005__seed-067__summary.json,/nobackup/proj/disk/naiss2026-4-902/shared/yizhil/Avalanche/avalanche-master/search_result_spike-all/tagfex/order3/lr005/log/search_spike_tagfex__order-3__lr-005__seed-067.log
spike-all,spike,tagfex,3,67,0.05,8,18,25801304867269579,23649052169831890,2152252697437689,107805279835585262,1630745850193013,1610,1012885621237.8962,/nobackup/proj/disk/naiss2026-4-902/shared/yizhil/Avalanche/avalanche-master/search_result_spike-all/tagfex/order3/lr005/search_spike_tagfex__order-3__lr-005__seed-067__summary.json,/nobackup/proj/disk/naiss2026-4-902/shared/yizhil/Avalanche/avalanche-master/search_result_spike-all/tagfex/order3/lr005/log/search_spike_tagfex__order-3__lr-005__seed-067.log
spike-all,spike,tagfex,3,67,0.05,9,18,30403403641006324,27986623507166420,2416780133839904,138208683476591586,1941727512171130,1771,1096401757295.9514,/nobackup/proj/disk/naiss2026-4-902/shared/yizhil/Avalanche/avalanche-master/search_result_spike-all/tagfex/order3/lr005/search_spike_tagfex__order-3__lr-005__seed-067__summary.json,/nobackup/proj/disk/naiss2026-4-902/shared/yizhil/Avalanche/avalanche-master/search_result_spike-all/tagfex/order3/lr005/log/search_spike_tagfex__order-3__lr-005__seed-067.log
spike-all,spike,tagfex,3,67,0.05,10,18,35390329994033300,32698665473444622,2691664520588678,173599013470624886,2280781628887598,1933,1179918069781.4785,/nobackup/proj/disk/naiss2026-4-902/shared/yizhil/Avalanche/avalanche-master/search_result_spike-all/tagfex/order3/lr005/search_spike_tagfex__order-3__lr-005__seed-067__summary.json,/nobackup/proj/disk/naiss2026-4-902/shared/yizhil/Avalanche/avalanche-master/search_result_spike-all/tagfex/order3/lr005/log/search_spike_tagfex__order-3__lr-005__seed-067.log
spike-all,spike,tagfex,3,67,0.05,11,18,40677463328983702,37734439511148560,2943023817835142,214276476799608588,2614225235646905,2093,1249032601837.986,/nobackup/proj/disk/naiss2026-4-902/shared/yizhil/Avalanche/avalanche-master/search_result_spike-all/tagfex/order3/lr005/search_spike_tagfex__order-3__lr-005__seed-067__summary.json,/nobackup/proj/disk/naiss2026-4-902/shared/yizhil/Avalanche/avalanche-master/search_result_spike-all/tagfex/order3/lr005/log/search_spike_tagfex__order-3__lr-005__seed-067.log
spike-all,spike,tagfex,3,67,0.05,12,18,44202142807163491,41137823096026490,3064319711137001,258478619606772079,2846825469745593,2149,1324721018960.2573,/nobackup/proj/disk/naiss2026-4-902/shared/yizhil/Avalanche/avalanche-master/search_result_spike-all/tagfex/order3/lr005/search_spike_tagfex__order-3__lr-005__seed-067__summary.json,/nobackup/proj/disk/naiss2026-4-902/shared/yizhil/Avalanche/avalanche-master/search_result_spike-all/tagfex/order3/lr005/log/search_spike_tagfex__order-3__lr-005__seed-067.log
spike-all,spike,tagfex,3,67,0.05,13,18,46658107138146412,43531790561006236,3126316577140176,305136726744918491,3028473403640888,2149,1409247744830.567,/nobackup/proj/disk/naiss2026-4-902/shared/yizhil/Avalanche/avalanche-master/search_result_spike-all/tagfex/order3/lr005/search_spike_tagfex__order-3__lr-005__seed-067__summary.json,/nobackup/proj/disk/naiss2026-4-902/shared/yizhil/Avalanche/avalanche-master/search_result_spike-all/tagfex/order3/lr005/log/search_spike_tagfex__order-3__lr-005__seed-067.log
spike-all,spike,tagfex,3,67,0.05,14,18,49267713446052423,46072213725978562,3195499720073861,354404440190970914,3217378603098989,2156,1492290632235.1526,/nobackup/proj/disk/naiss2026-4-902/shared/yizhil/Avalanche/avalanche-master/search_result_spike-all/tagfex/order3/lr005/search_spike_tagfex__order-3__lr-005__seed-067__summary.json,/nobackup/proj/disk/naiss2026-4-902/shared/yizhil/Avalanche/avalanche-master/search_result_spike-all/tagfex/order3/lr005/log/search_spike_tagfex__order-3__lr-005__seed-067.log
spike-all,spike,tagfex,3,67,0.05,15,18,51843266157284476,48586768947866408,3256497209418068,406247706348255390,3398307233127804,2161,1572562347583.4355,/nobackup/proj/disk/naiss2026-4-902/shared/yizhil/Avalanche/avalanche-master/search_result_spike-all/tagfex/order3/lr005/search_spike_tagfex__order-3__lr-005__seed-067__summary.json,/nobackup/proj/disk/naiss2026-4-902/shared/yizhil/Avalanche/avalanche-master/search_result_spike-all/tagfex/order3/lr005/log/search_spike_tagfex__order-3__lr-005__seed-067.log
spike-all,spike,tagfex,3,67,0.05,16,18,54042592130193709,50735072663483098,3307519466710611,460290298478449099,3568751151913199,2150,1659884256703.8135,/nobackup/proj/disk/naiss2026-4-902/shared/yizhil/Avalanche/avalanche-master/search_result_spike-all/tagfex/order3/lr005/search_spike_tagfex__order-3__lr-005__seed-067__summary.json,/nobackup/proj/disk/naiss2026-4-902/shared/yizhil/Avalanche/avalanche-master/search_result_spike-all/tagfex/order3/lr005/log/search_spike_tagfex__order-3__lr-005__seed-067.log
spike-all,spike,tagfex,3,67,0.05,17,18,56725336707574764,53349356762799756,3375979944775008,517015635186023863,3758074226158492,2159,1740655037590.779,/nobackup/proj/disk/naiss2026-4-902/shared/yizhil/Avalanche/avalanche-master/search_result_spike-all/tagfex/order3/lr005/search_spike_tagfex__order-3__lr-005__seed-067__summary.json,/nobackup/proj/disk/naiss2026-4-902/shared/yizhil/Avalanche/avalanche-master/search_result_spike-all/tagfex/order3/lr005/log/search_spike_tagfex__order-3__lr-005__seed-067.log
spike-all,spike,tagfex,3,67,0.05,18,18,59113303303894904,55678557463132946,3434745840761958,576128938489918767,3936788340712726,2156,1825968618141.3386,/nobackup/proj/disk/naiss2026-4-902/shared/yizhil/Avalanche/avalanche-master/search_result_spike-all/tagfex/order3/lr005/search_spike_tagfex__order-3__lr-005__seed-067__summary.json,/nobackup/proj/disk/naiss2026-4-902/shared/yizhil/Avalanche/avalanche-master/search_result_spike-all/tagfex/order3/lr005/log/search_spike_tagfex__order-3__lr-005__seed-067.log
spike-all,spike,tagfex,3,67,0.1,1,18,3243892533415310,3230446341138434,13446192276876,3243892533415310,174968511882598,483,362253647790.058,/nobackup/proj/disk/naiss2026-4-902/shared/yizhil/Avalanche/avalanche-master/search_result_spike-all/tagfex/order3/lr01/search_spike_tagfex__order-3__lr-01__seed-067__summary.json,/nobackup/proj/disk/naiss2026-4-902/shared/yizhil/Avalanche/avalanche-master/search_result_spike-all/tagfex/order3/lr01/log/search_spike_tagfex__order-3__lr-01__seed-067.log
spike-all,spike,tagfex,3,67,0.1,2,18,5910376099888443,5157043827326562,753332272561881,9154268633303753,329591904329705,644,511788671319.4177,/nobackup/proj/disk/naiss2026-4-902/shared/yizhil/Avalanche/avalanche-master/search_result_spike-all/tagfex/order3/lr01/search_spike_tagfex__order-3__lr-01__seed-067__summary.json,/nobackup/proj/disk/naiss2026-4-902/shared/yizhil/Avalanche/avalanche-master/search_result_spike-all/tagfex/order3/lr01/log/search_spike_tagfex__order-3__lr-01__seed-067.log
spike-all,spike,tagfex,3,67,0.1,3,18,8307021736246400,7342946689026636,964075047219764,17461290369550153,479220124341091,805,595304502287.0696,/nobackup/proj/disk/naiss2026-4-902/shared/yizhil/Avalanche/avalanche-master/search_result_spike-all/tagfex/order3/lr01/search_spike_tagfex__order-3__lr-01__seed-067__summary.json,/nobackup/proj/disk/naiss2026-4-902/shared/yizhil/Avalanche/avalanche-master/search_result_spike-all/tagfex/order3/lr01/log/search_spike_tagfex__order-3__lr-01__seed-067.log
spike-all,spike,tagfex,3,67,0.1,4,18,11070805525575507,9887022714753698,1183782810821809,28532095895125660,655740999515057,966,678820910471.0735,/nobackup/proj/disk/naiss2026-4-902/shared/yizhil/Avalanche/avalanche-master/search_result_spike-all/tagfex/order3/lr01/search_spike_tagfex__order-3__lr-01__seed-067__summary.json,/nobackup/proj/disk/naiss2026-4-902/shared/yizhil/Avalanche/avalanche-master/search_result_spike-all/tagfex/order3/lr01/log/search_spike_tagfex__order-3__lr-01__seed-067.log
spike-all,spike,tagfex,3,67,0.1,5,18,14202519441628732,12790065639524332,1412453802104400,42734615336754392,859153672312836,1127,762336887589.0293,/nobackup/proj/disk/naiss2026-4-902/shared/yizhil/Avalanche/avalanche-master/search_result_spike-all/tagfex/order3/lr01/search_spike_tagfex__order-3__lr-01__seed-067__summary.json,/nobackup/proj/disk/naiss2026-4-902/shared/yizhil/Avalanche/avalanche-master/search_result_spike-all/tagfex/order3/lr01/log/search_spike_tagfex__order-3__lr-01__seed-067.log
spike-all,spike,tagfex,3,67,0.1,6,18,17701233619562299,16051144003086378,1650089616475921,60435848956316691,1089458962881845,1288,845853232051.122,/nobackup/proj/disk/naiss2026-4-902/shared/yizhil/Avalanche/avalanche-master/search_result_spike-all/tagfex/order3/lr01/search_spike_tagfex__order-3__lr-01__seed-067__summary.json,/nobackup/proj/disk/naiss2026-4-902/shared/yizhil/Avalanche/avalanche-master/search_result_spike-all/tagfex/order3/lr01/log/search_spike_tagfex__order-3__lr-01__seed-067.log
spike-all,spike,tagfex,3,67,0.1,7,18,21568126011998992,19671437183659036,1896688828339956,82003974968315683,1346656116335201,1449,929369300438.372,/nobackup/proj/disk/naiss2026-4-902/shared/yizhil/Avalanche/avalanche-master/search_result_spike-all/tagfex/order3/lr01/search_spike_tagfex__order-3__lr-01__seed-067__summary.json,/nobackup/proj/disk/naiss2026-4-902/shared/yizhil/Avalanche/avalanche-master/search_result_spike-all/tagfex/order3/lr01/log/search_spike_tagfex__order-3__lr-01__seed-067.log
spike-all,spike,tagfex,3,67,0.1,8,18,25801304867269579,23649052169831890,2152252697437689,107805279835585262,1630745850193013,1610,1012885621237.8962,/nobackup/proj/disk/naiss2026-4-902/shared/yizhil/Avalanche/avalanche-master/search_result_spike-all/tagfex/order3/lr01/search_spike_tagfex__order-3__lr-01__seed-067__summary.json,/nobackup/proj/disk/naiss2026-4-902/shared/yizhil/Avalanche/avalanche-master/search_result_spike-all/tagfex/order3/lr01/log/search_spike_tagfex__order-3__lr-01__seed-067.log
spike-all,spike,tagfex,3,67,0.1,9,18,30403403641006324,27986623507166420,2416780133839904,138208683476591586,1941727512171130,1771,1096401757295.9514,/nobackup/proj/disk/naiss2026-4-902/shared/yizhil/Avalanche/avalanche-master/search_result_spike-all/tagfex/order3/lr01/search_spike_tagfex__order-3__lr-01__seed-067__summary.json,/nobackup/proj/disk/naiss2026-4-902/shared/yizhil/Avalanche/avalanche-master/search_result_spike-all/tagfex/order3/lr01/log/search_spike_tagfex__order-3__lr-01__seed-067.log
spike-all,spike,tagfex,3,67,0.1,10,18,35390329994033300,32698665473444622,2691664520588678,173599013470624886,2280781628887598,1933,1179918069781.4785,/nobackup/proj/disk/naiss2026-4-902/shared/yizhil/Avalanche/avalanche-master/search_result_spike-all/tagfex/order3/lr01/search_spike_tagfex__order-3__lr-01__seed-067__summary.json,/nobackup/proj/disk/naiss2026-4-902/shared/yizhil/Avalanche/avalanche-master/search_result_spike-all/tagfex/order3/lr01/log/search_spike_tagfex__order-3__lr-01__seed-067.log
spike-all,spike,tagfex,3,67,0.1,11,18,40677463328983702,37734439511148560,2943023817835142,214276476799608588,2614225235646905,2093,1249032601837.986,/nobackup/proj/disk/naiss2026-4-902/shared/yizhil/Avalanche/avalanche-master/search_result_spike-all/tagfex/order3/lr01/search_spike_tagfex__order-3__lr-01__seed-067__summary.json,/nobackup/proj/disk/naiss2026-4-902/shared/yizhil/Avalanche/avalanche-master/search_result_spike-all/tagfex/order3/lr01/log/search_spike_tagfex__order-3__lr-01__seed-067.log
spike-all,spike,tagfex,3,67,0.1,12,18,44202142807163491,41137823096026490,3064319711137001,258478619606772079,2846825469745593,2149,1324721018960.2573,/nobackup/proj/disk/naiss2026-4-902/shared/yizhil/Avalanche/avalanche-master/search_result_spike-all/tagfex/order3/lr01/search_spike_tagfex__order-3__lr-01__seed-067__summary.json,/nobackup/proj/disk/naiss2026-4-902/shared/yizhil/Avalanche/avalanche-master/search_result_spike-all/tagfex/order3/lr01/log/search_spike_tagfex__order-3__lr-01__seed-067.log
spike-all,spike,tagfex,3,67,0.1,13,18,46658107138146412,43531790561006236,3126316577140176,305136726744918491,3028473403640888,2149,1409247744830.567,/nobackup/proj/disk/naiss2026-4-902/shared/yizhil/Avalanche/avalanche-master/search_result_spike-all/tagfex/order3/lr01/search_spike_tagfex__order-3__lr-01__seed-067__summary.json,/nobackup/proj/disk/naiss2026-4-902/shared/yizhil/Avalanche/avalanche-master/search_result_spike-all/tagfex/order3/lr01/log/search_spike_tagfex__order-3__lr-01__seed-067.log
spike-all,spike,tagfex,3,67,0.1,14,18,49267713446052423,46072213725978562,3195499720073861,354404440190970914,3217378603098989,2156,1492290632235.1526,/nobackup/proj/disk/naiss2026-4-902/shared/yizhil/Avalanche/avalanche-master/search_result_spike-all/tagfex/order3/lr01/search_spike_tagfex__order-3__lr-01__seed-067__summary.json,/nobackup/proj/disk/naiss2026-4-902/shared/yizhil/Avalanche/avalanche-master/search_result_spike-all/tagfex/order3/lr01/log/search_spike_tagfex__order-3__lr-01__seed-067.log
spike-all,spike,tagfex,3,67,0.1,15,18,51843266157284476,48586768947866408,3256497209418068,406247706348255390,3398307233127804,2161,1572562347583.4355,/nobackup/proj/disk/naiss2026-4-902/shared/yizhil/Avalanche/avalanche-master/search_result_spike-all/tagfex/order3/lr01/search_spike_tagfex__order-3__lr-01__seed-067__summary.json,/nobackup/proj/disk/naiss2026-4-902/shared/yizhil/Avalanche/avalanche-master/search_result_spike-all/tagfex/order3/lr01/log/search_spike_tagfex__order-3__lr-01__seed-067.log
spike-all,spike,tagfex,3,67,0.1,16,18,54042592130193709,50735072663483098,3307519466710611,460290298478449099,3568751151913199,2150,1659884256703.8135,/nobackup/proj/disk/naiss2026-4-902/shared/yizhil/Avalanche/avalanche-master/search_result_spike-all/tagfex/order3/lr01/search_spike_tagfex__order-3__lr-01__seed-067__summary.json,/nobackup/proj/disk/naiss2026-4-902/shared/yizhil/Avalanche/avalanche-master/search_result_spike-all/tagfex/order3/lr01/log/search_spike_tagfex__order-3__lr-01__seed-067.log
spike-all,spike,tagfex,3,67,0.1,17,18,56725336707574764,53349356762799756,3375979944775008,517015635186023863,3758074226158492,2159,1740655037590.779,/nobackup/proj/disk/naiss2026-4-902/shared/yizhil/Avalanche/avalanche-master/search_result_spike-all/tagfex/order3/lr01/search_spike_tagfex__order-3__lr-01__seed-067__summary.json,/nobackup/proj/disk/naiss2026-4-902/shared/yizhil/Avalanche/avalanche-master/search_result_spike-all/tagfex/order3/lr01/log/search_spike_tagfex__order-3__lr-01__seed-067.log
spike-all,spike,tagfex,3,67,0.1,18,18,59113303303894904,55678557463132946,3434745840761958,576128938489918767,3936788340712726,2156,1825968618141.3386,/nobackup/proj/disk/naiss2026-4-902/shared/yizhil/Avalanche/avalanche-master/search_result_spike-all/tagfex/order3/lr01/search_spike_tagfex__order-3__lr-01__seed-067__summary.json,/nobackup/proj/disk/naiss2026-4-902/shared/yizhil/Avalanche/avalanche-master/search_result_spike-all/tagfex/order3/lr01/log/search_spike_tagfex__order-3__lr-01__seed-067.log
spike-all,spike,tagfex,3,69,0.01,1,18,3243892533415310,3230446341138434,13446192276876,3243892533415310,174968511882598,483,362253647790.058,/nobackup/proj/disk/naiss2026-4-902/shared/yizhil/Avalanche/avalanche-master/search_result_spike-all/tagfex/order3/lr001/search_spike_tagfex__order-3__lr-001__seed-069__summary.json,/nobackup/proj/disk/naiss2026-4-902/shared/yizhil/Avalanche/avalanche-master/search_result_spike-all/tagfex/order3/lr001/log/search_spike_tagfex__order-3__lr-001__seed-069.log
spike-all,spike,tagfex,3,69,0.01,2,18,5910403530478955,5157071257917074,753332272561881,9154296063894265,329591904329705,644,511788671319.4177,/nobackup/proj/disk/naiss2026-4-902/shared/yizhil/Avalanche/avalanche-master/search_result_spike-all/tagfex/order3/lr001/search_spike_tagfex__order-3__lr-001__seed-069__summary.json,/nobackup/proj/disk/naiss2026-4-902/shared/yizhil/Avalanche/avalanche-master/search_result_spike-all/tagfex/order3/lr001/log/search_spike_tagfex__order-3__lr-001__seed-069.log
spike-all,spike,tagfex,3,69,0.01,3,18,8307021736246400,7342946689026636,964075047219764,17461317800140665,479220124341091,805,595304502287.0696,/nobackup/proj/disk/naiss2026-4-902/shared/yizhil/Avalanche/avalanche-master/search_result_spike-all/tagfex/order3/lr001/search_spike_tagfex__order-3__lr-001__seed-069__summary.json,/nobackup/proj/disk/naiss2026-4-902/shared/yizhil/Avalanche/avalanche-master/search_result_spike-all/tagfex/order3/lr001/log/search_spike_tagfex__order-3__lr-001__seed-069.log
spike-all,spike,tagfex,3,69,0.01,4,18,11070764383629559,9886981572807750,1183782810821809,28532082183770224,655740999515057,966,678820910471.0735,/nobackup/proj/disk/naiss2026-4-902/shared/yizhil/Avalanche/avalanche-master/search_result_spike-all/tagfex/order3/lr001/search_spike_tagfex__order-3__lr-001__seed-069__summary.json,/nobackup/proj/disk/naiss2026-4-902/shared/yizhil/Avalanche/avalanche-master/search_result_spike-all/tagfex/order3/lr001/log/search_spike_tagfex__order-3__lr-001__seed-069.log
spike-all,spike,tagfex,3,69,0.01,5,18,14202519441628732,12790065639524332,1412453802104400,42734601625398956,859153672312836,1127,762336887589.0293,/nobackup/proj/disk/naiss2026-4-902/shared/yizhil/Avalanche/avalanche-master/search_result_spike-all/tagfex/order3/lr001/search_spike_tagfex__order-3__lr-001__seed-069__summary.json,/nobackup/proj/disk/naiss2026-4-902/shared/yizhil/Avalanche/avalanche-master/search_result_spike-all/tagfex/order3/lr001/log/search_spike_tagfex__order-3__lr-001__seed-069.log
spike-all,spike,tagfex,3,69,0.01,6,18,17701288472863699,16051198856387778,1650089616475921,60435890098262655,1089458962881845,1288,845853232051.122,/nobackup/proj/disk/naiss2026-4-902/shared/yizhil/Avalanche/avalanche-master/search_result_spike-all/tagfex/order3/lr001/search_spike_tagfex__order-3__lr-001__seed-069__summary.json,/nobackup/proj/disk/naiss2026-4-902/shared/yizhil/Avalanche/avalanche-master/search_result_spike-all/tagfex/order3/lr001/log/search_spike_tagfex__order-3__lr-001__seed-069.log
spike-all,spike,tagfex,3,69,0.01,7,18,21567844921332948,19671156092992992,1896688828339956,82003735019595603,1346656116335201,1449,929369300438.372,/nobackup/proj/disk/naiss2026-4-902/shared/yizhil/Avalanche/avalanche-master/search_result_spike-all/tagfex/order3/lr001/search_spike_tagfex__order-3__lr-001__seed-069__summary.json,/nobackup/proj/disk/naiss2026-4-902/shared/yizhil/Avalanche/avalanche-master/search_result_spike-all/tagfex/order3/lr001/log/search_spike_tagfex__order-3__lr-001__seed-069.log
spike-all,spike,tagfex,3,69,0.01,8,18,25801236302612711,23648983605175022,2152252697437689,107804971322208314,1630745850193013,1610,1012885621237.8962,/nobackup/proj/disk/naiss2026-4-902/shared/yizhil/Avalanche/avalanche-master/search_result_spike-all/tagfex/order3/lr001/search_spike_tagfex__order-3__lr-001__seed-069__summary.json,/nobackup/proj/disk/naiss2026-4-902/shared/yizhil/Avalanche/avalanche-master/search_result_spike-all/tagfex/order3/lr001/log/search_spike_tagfex__order-3__lr-001__seed-069.log
spike-all,spike,tagfex,3,69,0.01,9,18,30402964869752556,27986184735912652,2416780133839904,138207936191960870,1941727512171130,1771,1096401757295.9514,/nobackup/proj/disk/naiss2026-4-902/shared/yizhil/Avalanche/avalanche-master/search_result_spike-all/tagfex/order3/lr001/search_spike_tagfex__order-3__lr-001__seed-069__summary.json,/nobackup/proj/disk/naiss2026-4-902/shared/yizhil/Avalanche/avalanche-master/search_result_spike-all/tagfex/order3/lr001/log/search_spike_tagfex__order-3__lr-001__seed-069.log
spike-all,spike,tagfex,3,69,0.01,10,18,35389274188145360,32697609667556682,2691664520588678,173597210380106230,2280781628887598,1933,1179918069781.4785,/nobackup/proj/disk/naiss2026-4-902/shared/yizhil/Avalanche/avalanche-master/search_result_spike-all/tagfex/order3/lr001/search_spike_tagfex__order-3__lr-001__seed-069__summary.json,/nobackup/proj/disk/naiss2026-4-902/shared/yizhil/Avalanche/avalanche-master/search_result_spike-all/tagfex/order3/lr001/log/search_spike_tagfex__order-3__lr-001__seed-069.log
spike-all,spike,tagfex,3,69,0.01,11,18,40679218413999798,37736194596164656,2943023817835142,214276428794106028,2614664006900929,2093,1249242239321.992,/nobackup/proj/disk/naiss2026-4-902/shared/yizhil/Avalanche/avalanche-master/search_result_spike-all/tagfex/order3/lr001/search_spike_tagfex__order-3__lr-001__seed-069__summary.json,/nobackup/proj/disk/naiss2026-4-902/shared/yizhil/Avalanche/avalanche-master/search_result_spike-all/tagfex/order3/lr001/log/search_spike_tagfex__order-3__lr-001__seed-069.log
spike-all,spike,tagfex,3,69,0.01,12,18,44201265264655187,41136945553518186,3064319711137001,258477694058761215,2846386698491441,2149,1324516844342.2249,/nobackup/proj/disk/naiss2026-4-902/shared/yizhil/Avalanche/avalanche-master/search_result_spike-all/tagfex/order3/lr001/search_spike_tagfex__order-3__lr-001__seed-069__summary.json,/nobackup/proj/disk/naiss2026-4-902/shared/yizhil/Avalanche/avalanche-master/search_result_spike-all/tagfex/order3/lr001/log/search_spike_tagfex__order-3__lr-001__seed-069.log
spike-all,spike,tagfex,3,69,0.01,13,18,46658038573489444,43531721996349268,3126316577140176,305135732632250659,3027780964430984,2149,1408925530214.511,/nobackup/proj/disk/naiss2026-4-902/shared/yizhil/Avalanche/avalanche-master/search_result_spike-all/tagfex/order3/lr001/search_spike_tagfex__order-3__lr-001__seed-069__summary.json,/nobackup/proj/disk/naiss2026-4-902/shared/yizhil/Avalanche/avalanche-master/search_result_spike-all/tagfex/order3/lr001/log/search_spike_tagfex__order-3__lr-001__seed-069.log
spike-all,spike,tagfex,3,69,0.01,14,18,49267713446052423,46072213725978562,3195499720073861,354403446078303082,3217378603098989,2156,1492290632235.1526,/nobackup/proj/disk/naiss2026-4-902/shared/yizhil/Avalanche/avalanche-master/search_result_spike-all/tagfex/order3/lr001/search_spike_tagfex__order-3__lr-001__seed-069__summary.json,/nobackup/proj/disk/naiss2026-4-902/shared/yizhil/Avalanche/avalanche-master/search_result_spike-all/tagfex/order3/lr001/log/search_spike_tagfex__order-3__lr-001__seed-069.log
spike-all,spike,tagfex,3,69,0.01,15,18,51842388614775404,48585891405357336,3256497209418068,406245834693078486,3398746004382340,2161,1572765388423.1096,/nobackup/proj/disk/naiss2026-4-902/shared/yizhil/Avalanche/avalanche-master/search_result_spike-all/tagfex/order3/lr001/search_spike_tagfex__order-3__lr-001__seed-069__summary.json,/nobackup/proj/disk/naiss2026-4-902/shared/yizhil/Avalanche/avalanche-master/search_result_spike-all/tagfex/order3/lr001/log/search_spike_tagfex__order-3__lr-001__seed-069.log
spike-all,spike,tagfex,3,69,0.01,16,18,54040398273920389,50732878807209778,3307519466710611,460286232966998875,3568751151913199,2150,1659884256703.8135,/nobackup/proj/disk/naiss2026-4-902/shared/yizhil/Avalanche/avalanche-master/search_result_spike-all/tagfex/order3/lr001/search_spike_tagfex__order-3__lr-001__seed-069__summary.json,/nobackup/proj/disk/naiss2026-4-902/shared/yizhil/Avalanche/avalanche-master/search_result_spike-all/tagfex/order3/lr001/log/search_spike_tagfex__order-3__lr-001__seed-069.log
spike-all,spike,tagfex,3,69,0.01,17,18,56724897936319972,53348917991544964,3375979944775008,517011130903318847,3758512997413284,2159,1740858266518.427,/nobackup/proj/disk/naiss2026-4-902/shared/yizhil/Avalanche/avalanche-master/search_result_spike-all/tagfex/order3/lr001/search_spike_tagfex__order-3__lr-001__seed-069__summary.json,/nobackup/proj/disk/naiss2026-4-902/shared/yizhil/Avalanche/avalanche-master/search_result_spike-all/tagfex/order3/lr001/log/search_spike_tagfex__order-3__lr-001__seed-069.log
spike-all,spike,tagfex,3,69,0.01,18,18,59110807789920144,55676061949158186,3434745840761958,576121938693238991,3936349569457806,2156,1825765106427.5537,/nobackup/proj/disk/naiss2026-4-902/shared/yizhil/Avalanche/avalanche-master/search_result_spike-all/tagfex/order3/lr001/search_spike_tagfex__order-3__lr-001__seed-069__summary.json,/nobackup/proj/disk/naiss2026-4-902/shared/yizhil/Avalanche/avalanche-master/search_result_spike-all/tagfex/order3/lr001/log/search_spike_tagfex__order-3__lr-001__seed-069.log
spike-all,spike,tagfex,3,69,0.05,1,18,3243892533415310,3230446341138434,13446192276876,3243892533415310,174968511882598,483,362253647790.058,/nobackup/proj/disk/naiss2026-4-902/shared/yizhil/Avalanche/avalanche-master/search_result_spike-all/tagfex/order3/lr005/search_spike_tagfex__order-3__lr-005__seed-069__summary.json,/nobackup/proj/disk/naiss2026-4-902/shared/yizhil/Avalanche/avalanche-master/search_result_spike-all/tagfex/order3/lr005/log/search_spike_tagfex__order-3__lr-005__seed-069.log
spike-all,spike,tagfex,3,69,0.05,2,18,5910403530478955,5157071257917074,753332272561881,9154296063894265,329591904329705,644,511788671319.4177,/nobackup/proj/disk/naiss2026-4-902/shared/yizhil/Avalanche/avalanche-master/search_result_spike-all/tagfex/order3/lr005/search_spike_tagfex__order-3__lr-005__seed-069__summary.json,/nobackup/proj/disk/naiss2026-4-902/shared/yizhil/Avalanche/avalanche-master/search_result_spike-all/tagfex/order3/lr005/log/search_spike_tagfex__order-3__lr-005__seed-069.log
spike-all,spike,tagfex,3,69,0.05,3,18,8307021736246400,7342946689026636,964075047219764,17461317800140665,479220124341091,805,595304502287.0696,/nobackup/proj/disk/naiss2026-4-902/shared/yizhil/Avalanche/avalanche-master/search_result_spike-all/tagfex/order3/lr005/search_spike_tagfex__order-3__lr-005__seed-069__summary.json,/nobackup/proj/disk/naiss2026-4-902/shared/yizhil/Avalanche/avalanche-master/search_result_spike-all/tagfex/order3/lr005/log/search_spike_tagfex__order-3__lr-005__seed-069.log
spike-all,spike,tagfex,3,69,0.05,4,18,11070764383629559,9886981572807750,1183782810821809,28532082183770224,655740999515057,966,678820910471.0735,/nobackup/proj/disk/naiss2026-4-902/shared/yizhil/Avalanche/avalanche-master/search_result_spike-all/tagfex/order3/lr005/search_spike_tagfex__order-3__lr-005__seed-069__summary.json,/nobackup/proj/disk/naiss2026-4-902/shared/yizhil/Avalanche/avalanche-master/search_result_spike-all/tagfex/order3/lr005/log/search_spike_tagfex__order-3__lr-005__seed-069.log
spike-all,spike,tagfex,3,69,0.05,5,18,14202519441628732,12790065639524332,1412453802104400,42734601625398956,859153672312836,1127,762336887589.0293,/nobackup/proj/disk/naiss2026-4-902/shared/yizhil/Avalanche/avalanche-master/search_result_spike-all/tagfex/order3/lr005/search_spike_tagfex__order-3__lr-005__seed-069__summary.json,/nobackup/proj/disk/naiss2026-4-902/shared/yizhil/Avalanche/avalanche-master/search_result_spike-all/tagfex/order3/lr005/log/search_spike_tagfex__order-3__lr-005__seed-069.log
spike-all,spike,tagfex,3,69,0.05,6,18,17701288472863699,16051198856387778,1650089616475921,60435890098262655,1089458962881845,1288,845853232051.122,/nobackup/proj/disk/naiss2026-4-902/shared/yizhil/Avalanche/avalanche-master/search_result_spike-all/tagfex/order3/lr005/search_spike_tagfex__order-3__lr-005__seed-069__summary.json,/nobackup/proj/disk/naiss2026-4-902/shared/yizhil/Avalanche/avalanche-master/search_result_spike-all/tagfex/order3/lr005/log/search_spike_tagfex__order-3__lr-005__seed-069.log
spike-all,spike,tagfex,3,69,0.05,7,18,21567844921332948,19671156092992992,1896688828339956,82003735019595603,1346656116335201,1449,929369300438.372,/nobackup/proj/disk/naiss2026-4-902/shared/yizhil/Avalanche/avalanche-master/search_result_spike-all/tagfex/order3/lr005/search_spike_tagfex__order-3__lr-005__seed-069__summary.json,/nobackup/proj/disk/naiss2026-4-902/shared/yizhil/Avalanche/avalanche-master/search_result_spike-all/tagfex/order3/lr005/log/search_spike_tagfex__order-3__lr-005__seed-069.log
spike-all,spike,tagfex,3,69,0.05,8,18,25801236302612711,23648983605175022,2152252697437689,107804971322208314,1630745850193013,1610,1012885621237.8962,/nobackup/proj/disk/naiss2026-4-902/shared/yizhil/Avalanche/avalanche-master/search_result_spike-all/tagfex/order3/lr005/search_spike_tagfex__order-3__lr-005__seed-069__summary.json,/nobackup/proj/disk/naiss2026-4-902/shared/yizhil/Avalanche/avalanche-master/search_result_spike-all/tagfex/order3/lr005/log/search_spike_tagfex__order-3__lr-005__seed-069.log
spike-all,spike,tagfex,3,69,0.05,9,18,30402964869752556,27986184735912652,2416780133839904,138207936191960870,1941727512171130,1771,1096401757295.9514,/nobackup/proj/disk/naiss2026-4-902/shared/yizhil/Avalanche/avalanche-master/search_result_spike-all/tagfex/order3/lr005/search_spike_tagfex__order-3__lr-005__seed-069__summary.json,/nobackup/proj/disk/naiss2026-4-902/shared/yizhil/Avalanche/avalanche-master/search_result_spike-all/tagfex/order3/lr005/log/search_spike_tagfex__order-3__lr-005__seed-069.log
spike-all,spike,tagfex,3,69,0.05,10,18,35389274188145360,32697609667556682,2691664520588678,173597210380106230,2280781628887598,1933,1179918069781.4785,/nobackup/proj/disk/naiss2026-4-902/shared/yizhil/Avalanche/avalanche-master/search_result_spike-all/tagfex/order3/lr005/search_spike_tagfex__order-3__lr-005__seed-069__summary.json,/nobackup/proj/disk/naiss2026-4-902/shared/yizhil/Avalanche/avalanche-master/search_result_spike-all/tagfex/order3/lr005/log/search_spike_tagfex__order-3__lr-005__seed-069.log
spike-all,spike,tagfex,3,69,0.05,11,18,40679218413999798,37736194596164656,2943023817835142,214276428794106028,2614664006900929,2093,1249242239321.992,/nobackup/proj/disk/naiss2026-4-902/shared/yizhil/Avalanche/avalanche-master/search_result_spike-all/tagfex/order3/lr005/search_spike_tagfex__order-3__lr-005__seed-069__summary.json,/nobackup/proj/disk/naiss2026-4-902/shared/yizhil/Avalanche/avalanche-master/search_result_spike-all/tagfex/order3/lr005/log/search_spike_tagfex__order-3__lr-005__seed-069.log
spike-all,spike,tagfex,3,69,0.05,12,18,44201265264655187,41136945553518186,3064319711137001,258477694058761215,2846386698491441,2149,1324516844342.2249,/nobackup/proj/disk/naiss2026-4-902/shared/yizhil/Avalanche/avalanche-master/search_result_spike-all/tagfex/order3/lr005/search_spike_tagfex__order-3__lr-005__seed-069__summary.json,/nobackup/proj/disk/naiss2026-4-902/shared/yizhil/Avalanche/avalanche-master/search_result_spike-all/tagfex/order3/lr005/log/search_spike_tagfex__order-3__lr-005__seed-069.log
spike-all,spike,tagfex,3,69,0.05,13,18,46658038573489444,43531721996349268,3126316577140176,305135732632250659,3027780964430984,2149,1408925530214.511,/nobackup/proj/disk/naiss2026-4-902/shared/yizhil/Avalanche/avalanche-master/search_result_spike-all/tagfex/order3/lr005/search_spike_tagfex__order-3__lr-005__seed-069__summary.json,/nobackup/proj/disk/naiss2026-4-902/shared/yizhil/Avalanche/avalanche-master/search_result_spike-all/tagfex/order3/lr005/log/search_spike_tagfex__order-3__lr-005__seed-069.log
spike-all,spike,tagfex,3,69,0.05,14,18,49267713446052423,46072213725978562,3195499720073861,354403446078303082,3217378603098989,2156,1492290632235.1526,/nobackup/proj/disk/naiss2026-4-902/shared/yizhil/Avalanche/avalanche-master/search_result_spike-all/tagfex/order3/lr005/search_spike_tagfex__order-3__lr-005__seed-069__summary.json,/nobackup/proj/disk/naiss2026-4-902/shared/yizhil/Avalanche/avalanche-master/search_result_spike-all/tagfex/order3/lr005/log/search_spike_tagfex__order-3__lr-005__seed-069.log
spike-all,spike,tagfex,3,69,0.05,15,18,51842388614775404,48585891405357336,3256497209418068,406245834693078486,3398746004382340,2161,1572765388423.1096,/nobackup/proj/disk/naiss2026-4-902/shared/yizhil/Avalanche/avalanche-master/search_result_spike-all/tagfex/order3/lr005/search_spike_tagfex__order-3__lr-005__seed-069__summary.json,/nobackup/proj/disk/naiss2026-4-902/shared/yizhil/Avalanche/avalanche-master/search_result_spike-all/tagfex/order3/lr005/log/search_spike_tagfex__order-3__lr-005__seed-069.log
spike-all,spike,tagfex,3,69,0.05,16,18,54040398273920389,50732878807209778,3307519466710611,460286232966998875,3568751151913199,2150,1659884256703.8135,/nobackup/proj/disk/naiss2026-4-902/shared/yizhil/Avalanche/avalanche-master/search_result_spike-all/tagfex/order3/lr005/search_spike_tagfex__order-3__lr-005__seed-069__summary.json,/nobackup/proj/disk/naiss2026-4-902/shared/yizhil/Avalanche/avalanche-master/search_result_spike-all/tagfex/order3/lr005/log/search_spike_tagfex__order-3__lr-005__seed-069.log
spike-all,spike,tagfex,3,69,0.05,17,18,56724897936319972,53348917991544964,3375979944775008,517011130903318847,3758512997413284,2159,1740858266518.427,/nobackup/proj/disk/naiss2026-4-902/shared/yizhil/Avalanche/avalanche-master/search_result_spike-all/tagfex/order3/lr005/search_spike_tagfex__order-3__lr-005__seed-069__summary.json,/nobackup/proj/disk/naiss2026-4-902/shared/yizhil/Avalanche/avalanche-master/search_result_spike-all/tagfex/order3/lr005/log/search_spike_tagfex__order-3__lr-005__seed-069.log
spike-all,spike,tagfex,3,69,0.05,18,18,59110807789920144,55676061949158186,3434745840761958,576121938693238991,3936349569457806,2156,1825765106427.5537,/nobackup/proj/disk/naiss2026-4-902/shared/yizhil/Avalanche/avalanche-master/search_result_spike-all/tagfex/order3/lr005/search_spike_tagfex__order-3__lr-005__seed-069__summary.json,/nobackup/proj/disk/naiss2026-4-902/shared/yizhil/Avalanche/avalanche-master/search_result_spike-all/tagfex/order3/lr005/log/search_spike_tagfex__order-3__lr-005__seed-069.log
spike-all,spike,tagfex,3,69,0.1,1,18,3243892533415310,3230446341138434,13446192276876,3243892533415310,174968511882598,483,362253647790.058,/nobackup/proj/disk/naiss2026-4-902/shared/yizhil/Avalanche/avalanche-master/search_result_spike-all/tagfex/order3/lr01/search_spike_tagfex__order-3__lr-01__seed-069__summary.json,/nobackup/proj/disk/naiss2026-4-902/shared/yizhil/Avalanche/avalanche-master/search_result_spike-all/tagfex/order3/lr01/log/search_spike_tagfex__order-3__lr-01__seed-069.log
spike-all,spike,tagfex,3,69,0.1,2,18,5910403530478955,5157071257917074,753332272561881,9154296063894265,329591904329705,644,511788671319.4177,/nobackup/proj/disk/naiss2026-4-902/shared/yizhil/Avalanche/avalanche-master/search_result_spike-all/tagfex/order3/lr01/search_spike_tagfex__order-3__lr-01__seed-069__summary.json,/nobackup/proj/disk/naiss2026-4-902/shared/yizhil/Avalanche/avalanche-master/search_result_spike-all/tagfex/order3/lr01/log/search_spike_tagfex__order-3__lr-01__seed-069.log
spike-all,spike,tagfex,3,69,0.1,3,18,8307021736246400,7342946689026636,964075047219764,17461317800140665,479220124341091,805,595304502287.0696,/nobackup/proj/disk/naiss2026-4-902/shared/yizhil/Avalanche/avalanche-master/search_result_spike-all/tagfex/order3/lr01/search_spike_tagfex__order-3__lr-01__seed-069__summary.json,/nobackup/proj/disk/naiss2026-4-902/shared/yizhil/Avalanche/avalanche-master/search_result_spike-all/tagfex/order3/lr01/log/search_spike_tagfex__order-3__lr-01__seed-069.log
spike-all,spike,tagfex,3,69,0.1,4,18,11070764383629559,9886981572807750,1183782810821809,28532082183770224,655740999515057,966,678820910471.0735,/nobackup/proj/disk/naiss2026-4-902/shared/yizhil/Avalanche/avalanche-master/search_result_spike-all/tagfex/order3/lr01/search_spike_tagfex__order-3__lr-01__seed-069__summary.json,/nobackup/proj/disk/naiss2026-4-902/shared/yizhil/Avalanche/avalanche-master/search_result_spike-all/tagfex/order3/lr01/log/search_spike_tagfex__order-3__lr-01__seed-069.log
spike-all,spike,tagfex,3,69,0.1,5,18,14202519441628732,12790065639524332,1412453802104400,42734601625398956,859153672312836,1127,762336887589.0293,/nobackup/proj/disk/naiss2026-4-902/shared/yizhil/Avalanche/avalanche-master/search_result_spike-all/tagfex/order3/lr01/search_spike_tagfex__order-3__lr-01__seed-069__summary.json,/nobackup/proj/disk/naiss2026-4-902/shared/yizhil/Avalanche/avalanche-master/search_result_spike-all/tagfex/order3/lr01/log/search_spike_tagfex__order-3__lr-01__seed-069.log
spike-all,spike,tagfex,3,69,0.1,6,18,17701288472863699,16051198856387778,1650089616475921,60435890098262655,1089458962881845,1288,845853232051.122,/nobackup/proj/disk/naiss2026-4-902/shared/yizhil/Avalanche/avalanche-master/search_result_spike-all/tagfex/order3/lr01/search_spike_tagfex__order-3__lr-01__seed-069__summary.json,/nobackup/proj/disk/naiss2026-4-902/shared/yizhil/Avalanche/avalanche-master/search_result_spike-all/tagfex/order3/lr01/log/search_spike_tagfex__order-3__lr-01__seed-069.log
spike-all,spike,tagfex,3,69,0.1,7,18,21567844921332948,19671156092992992,1896688828339956,82003735019595603,1346656116335201,1449,929369300438.372,/nobackup/proj/disk/naiss2026-4-902/shared/yizhil/Avalanche/avalanche-master/search_result_spike-all/tagfex/order3/lr01/search_spike_tagfex__order-3__lr-01__seed-069__summary.json,/nobackup/proj/disk/naiss2026-4-902/shared/yizhil/Avalanche/avalanche-master/search_result_spike-all/tagfex/order3/lr01/log/search_spike_tagfex__order-3__lr-01__seed-069.log
spike-all,spike,tagfex,3,69,0.1,8,18,25801236302612711,23648983605175022,2152252697437689,107804971322208314,1630745850193013,1610,1012885621237.8962,/nobackup/proj/disk/naiss2026-4-902/shared/yizhil/Avalanche/avalanche-master/search_result_spike-all/tagfex/order3/lr01/search_spike_tagfex__order-3__lr-01__seed-069__summary.json,/nobackup/proj/disk/naiss2026-4-902/shared/yizhil/Avalanche/avalanche-master/search_result_spike-all/tagfex/order3/lr01/log/search_spike_tagfex__order-3__lr-01__seed-069.log
spike-all,spike,tagfex,3,69,0.1,9,18,30402964869752556,27986184735912652,2416780133839904,138207936191960870,1941727512171130,1771,1096401757295.9514,/nobackup/proj/disk/naiss2026-4-902/shared/yizhil/Avalanche/avalanche-master/search_result_spike-all/tagfex/order3/lr01/search_spike_tagfex__order-3__lr-01__seed-069__summary.json,/nobackup/proj/disk/naiss2026-4-902/shared/yizhil/Avalanche/avalanche-master/search_result_spike-all/tagfex/order3/lr01/log/search_spike_tagfex__order-3__lr-01__seed-069.log
spike-all,spike,tagfex,3,69,0.1,10,18,35389274188145360,32697609667556682,2691664520588678,173597210380106230,2280781628887598,1933,1179918069781.4785,/nobackup/proj/disk/naiss2026-4-902/shared/yizhil/Avalanche/avalanche-master/search_result_spike-all/tagfex/order3/lr01/search_spike_tagfex__order-3__lr-01__seed-069__summary.json,/nobackup/proj/disk/naiss2026-4-902/shared/yizhil/Avalanche/avalanche-master/search_result_spike-all/tagfex/order3/lr01/log/search_spike_tagfex__order-3__lr-01__seed-069.log
spike-all,spike,tagfex,3,69,0.1,11,18,40679218413999798,37736194596164656,2943023817835142,214276428794106028,2614664006900929,2093,1249242239321.992,/nobackup/proj/disk/naiss2026-4-902/shared/yizhil/Avalanche/avalanche-master/search_result_spike-all/tagfex/order3/lr01/search_spike_tagfex__order-3__lr-01__seed-069__summary.json,/nobackup/proj/disk/naiss2026-4-902/shared/yizhil/Avalanche/avalanche-master/search_result_spike-all/tagfex/order3/lr01/log/search_spike_tagfex__order-3__lr-01__seed-069.log
spike-all,spike,tagfex,3,69,0.1,12,18,44201265264655187,41136945553518186,3064319711137001,258477694058761215,2846386698491441,2149,1324516844342.2249,/nobackup/proj/disk/naiss2026-4-902/shared/yizhil/Avalanche/avalanche-master/search_result_spike-all/tagfex/order3/lr01/search_spike_tagfex__order-3__lr-01__seed-069__summary.json,/nobackup/proj/disk/naiss2026-4-902/shared/yizhil/Avalanche/avalanche-master/search_result_spike-all/tagfex/order3/lr01/log/search_spike_tagfex__order-3__lr-01__seed-069.log
spike-all,spike,tagfex,3,69,0.1,13,18,46658038573489444,43531721996349268,3126316577140176,305135732632250659,3027780964430984,2149,1408925530214.511,/nobackup/proj/disk/naiss2026-4-902/shared/yizhil/Avalanche/avalanche-master/search_result_spike-all/tagfex/order3/lr01/search_spike_tagfex__order-3__lr-01__seed-069__summary.json,/nobackup/proj/disk/naiss2026-4-902/shared/yizhil/Avalanche/avalanche-master/search_result_spike-all/tagfex/order3/lr01/log/search_spike_tagfex__order-3__lr-01__seed-069.log
spike-all,spike,tagfex,3,69,0.1,14,18,49267713446052423,46072213725978562,3195499720073861,354403446078303082,3217378603098989,2156,1492290632235.1526,/nobackup/proj/disk/naiss2026-4-902/shared/yizhil/Avalanche/avalanche-master/search_result_spike-all/tagfex/order3/lr01/search_spike_tagfex__order-3__lr-01__seed-069__summary.json,/nobackup/proj/disk/naiss2026-4-902/shared/yizhil/Avalanche/avalanche-master/search_result_spike-all/tagfex/order3/lr01/log/search_spike_tagfex__order-3__lr-01__seed-069.log
spike-all,spike,tagfex,3,69,0.1,15,18,51842388614775404,48585891405357336,3256497209418068,406245834693078486,3398746004382340,2161,1572765388423.1096,/nobackup/proj/disk/naiss2026-4-902/shared/yizhil/Avalanche/avalanche-master/search_result_spike-all/tagfex/order3/lr01/search_spike_tagfex__order-3__lr-01__seed-069__summary.json,/nobackup/proj/disk/naiss2026-4-902/shared/yizhil/Avalanche/avalanche-master/search_result_spike-all/tagfex/order3/lr01/log/search_spike_tagfex__order-3__lr-01__seed-069.log
spike-all,spike,tagfex,3,69,0.1,16,18,54040398273920389,50732878807209778,3307519466710611,460286232966998875,3568751151913199,2150,1659884256703.8135,/nobackup/proj/disk/naiss2026-4-902/shared/yizhil/Avalanche/avalanche-master/search_result_spike-all/tagfex/order3/lr01/search_spike_tagfex__order-3__lr-01__seed-069__summary.json,/nobackup/proj/disk/naiss2026-4-902/shared/yizhil/Avalanche/avalanche-master/search_result_spike-all/tagfex/order3/lr01/log/search_spike_tagfex__order-3__lr-01__seed-069.log
spike-all,spike,tagfex,3,69,0.1,17,18,56724897936319972,53348917991544964,3375979944775008,517011130903318847,3758512997413284,2159,1740858266518.427,/nobackup/proj/disk/naiss2026-4-902/shared/yizhil/Avalanche/avalanche-master/search_result_spike-all/tagfex/order3/lr01/search_spike_tagfex__order-3__lr-01__seed-069__summary.json,/nobackup/proj/disk/naiss2026-4-902/shared/yizhil/Avalanche/avalanche-master/search_result_spike-all/tagfex/order3/lr01/log/search_spike_tagfex__order-3__lr-01__seed-069.log
spike-all,spike,tagfex,3,69,0.1,18,18,59110807789920144,55676061949158186,3434745840761958,576121938693238991,3936349569457806,2156,1825765106427.5537,/nobackup/proj/disk/naiss2026-4-902/shared/yizhil/Avalanche/avalanche-master/search_result_spike-all/tagfex/order3/lr01/search_spike_tagfex__order-3__lr-01__seed-069__summary.json,/nobackup/proj/disk/naiss2026-4-902/shared/yizhil/Avalanche/avalanche-master/search_result_spike-all/tagfex/order3/lr01/log/search_spike_tagfex__order-3__lr-01__seed-069.log
spike-all,spike,tagfex,3,71,0.01,1,18,3243892533415310,3230446341138434,13446192276876,3243892533415310,174968511882598,483,362253647790.058,/nobackup/proj/disk/naiss2026-4-902/shared/yizhil/Avalanche/avalanche-master/search_result_spike-all/tagfex/order3/lr001/search_spike_tagfex__order-3__lr-001__seed-071__summary.json,/nobackup/proj/disk/naiss2026-4-902/shared/yizhil/Avalanche/avalanche-master/search_result_spike-all/tagfex/order3/lr001/log/search_spike_tagfex__order-3__lr-001__seed-071.log
spike-all,spike,tagfex,3,71,0.01,2,18,5910376099888443,5157043827326562,753332272561881,9154268633303753,329591904329705,644,511788671319.4177,/nobackup/proj/disk/naiss2026-4-902/shared/yizhil/Avalanche/avalanche-master/search_result_spike-all/tagfex/order3/lr001/search_spike_tagfex__order-3__lr-001__seed-071__summary.json,/nobackup/proj/disk/naiss2026-4-902/shared/yizhil/Avalanche/avalanche-master/search_result_spike-all/tagfex/order3/lr001/log/search_spike_tagfex__order-3__lr-001__seed-071.log
spike-all,spike,tagfex,3,71,0.01,3,18,8307021736246400,7342946689026636,964075047219764,17461290369550153,479220124341091,805,595304502287.0696,/nobackup/proj/disk/naiss2026-4-902/shared/yizhil/Avalanche/avalanche-master/search_result_spike-all/tagfex/order3/lr001/search_spike_tagfex__order-3__lr-001__seed-071__summary.json,/nobackup/proj/disk/naiss2026-4-902/shared/yizhil/Avalanche/avalanche-master/search_result_spike-all/tagfex/order3/lr001/log/search_spike_tagfex__order-3__lr-001__seed-071.log
spike-all,spike,tagfex,3,71,0.01,4,18,11070764383629559,9886981572807750,1183782810821809,28532054753179712,655740999515057,966,678820910471.0735,/nobackup/proj/disk/naiss2026-4-902/shared/yizhil/Avalanche/avalanche-master/search_result_spike-all/tagfex/order3/lr001/search_spike_tagfex__order-3__lr-001__seed-071__summary.json,/nobackup/proj/disk/naiss2026-4-902/shared/yizhil/Avalanche/avalanche-master/search_result_spike-all/tagfex/order3/lr001/log/search_spike_tagfex__order-3__lr-001__seed-071.log
spike-all,spike,tagfex,3,71,0.01,5,18,14202519441628732,12790065639524332,1412453802104400,42734574194808444,859153672312836,1127,762336887589.0293,/nobackup/proj/disk/naiss2026-4-902/shared/yizhil/Avalanche/avalanche-master/search_result_spike-all/tagfex/order3/lr001/search_spike_tagfex__order-3__lr-001__seed-071__summary.json,/nobackup/proj/disk/naiss2026-4-902/shared/yizhil/Avalanche/avalanche-master/search_result_spike-all/tagfex/order3/lr001/log/search_spike_tagfex__order-3__lr-001__seed-071.log
spike-all,spike,tagfex,3,71,0.01,6,18,17701453032767899,16051363416291978,1650089616475921,60436027227576343,1089458962881845,1288,845853232051.122,/nobackup/proj/disk/naiss2026-4-902/shared/yizhil/Avalanche/avalanche-master/search_result_spike-all/tagfex/order3/lr001/search_spike_tagfex__order-3__lr-001__seed-071__summary.json,/nobackup/proj/disk/naiss2026-4-902/shared/yizhil/Avalanche/avalanche-master/search_result_spike-all/tagfex/order3/lr001/log/search_spike_tagfex__order-3__lr-001__seed-071.log
spike-all,spike,tagfex,3,71,0.01,7,18,21568126011998992,19671437183659036,1896688828339956,82004153239575335,1346656116335201,1449,929369300438.372,/nobackup/proj/disk/naiss2026-4-902/shared/yizhil/Avalanche/avalanche-master/search_result_spike-all/tagfex/order3/lr001/search_spike_tagfex__order-3__lr-001__seed-071__summary.json,/nobackup/proj/disk/naiss2026-4-902/shared/yizhil/Avalanche/avalanche-master/search_result_spike-all/tagfex/order3/lr001/log/search_spike_tagfex__order-3__lr-001__seed-071.log
spike-all,spike,tagfex,3,71,0.01,8,18,25801812203180087,23649559505742398,2152252697437689,107805965442755422,1630677285536145,1610,1012843034494.5,/nobackup/proj/disk/naiss2026-4-902/shared/yizhil/Avalanche/avalanche-master/search_result_spike-all/tagfex/order3/lr001/search_spike_tagfex__order-3__lr-001__seed-071__summary.json,/nobackup/proj/disk/naiss2026-4-902/shared/yizhil/Avalanche/avalanche-master/search_result_spike-all/tagfex/order3/lr001/log/search_spike_tagfex__order-3__lr-001__seed-071.log
spike-all,spike,tagfex,3,71,0.01,9,18,30402814036963028,27986033903123124,2416780133839904,138208779479718450,1941727512171130,1771,1096401757295.9514,/nobackup/proj/disk/naiss2026-4-902/shared/yizhil/Avalanche/avalanche-master/search_result_spike-all/tagfex/order3/lr001/search_spike_tagfex__order-3__lr-001__seed-071__summary.json,/nobackup/proj/disk/naiss2026-4-902/shared/yizhil/Avalanche/avalanche-master/search_result_spike-all/tagfex/order3/lr001/log/search_spike_tagfex__order-3__lr-001__seed-071.log
spike-all,spike,tagfex,3,71,0.01,10,18,35390158617849626,32698494097260948,2691664520588678,173598938097568076,2280781628887598,1933,1179918069781.4785,/nobackup/proj/disk/naiss2026-4-902/shared/yizhil/Avalanche/avalanche-master/search_result_spike-all/tagfex/order3/lr001/search_spike_tagfex__order-3__lr-001__seed-071__summary.json,/nobackup/proj/disk/naiss2026-4-902/shared/yizhil/Avalanche/avalanche-master/search_result_spike-all/tagfex/order3/lr001/log/search_spike_tagfex__order-3__lr-001__seed-071.log
spike-all,spike,tagfex,3,71,0.01,11,18,40679088156123042,37736064338287900,2943023817835142,214278026253691118,2614664006900929,2093,1249242239321.992,/nobackup/proj/disk/naiss2026-4-902/shared/yizhil/Avalanche/avalanche-master/search_result_spike-all/tagfex/order3/lr001/search_spike_tagfex__order-3__lr-001__seed-071__summary.json,/nobackup/proj/disk/naiss2026-4-902/shared/yizhil/Avalanche/avalanche-master/search_result_spike-all/tagfex/order3/lr001/log/search_spike_tagfex__order-3__lr-001__seed-071.log
spike-all,spike,tagfex,3,71,0.01,12,18,44202396475119041,41138076763982040,3064319711137001,258480422728810159,2846825469745593,2149,1324721018960.2573,/nobackup/proj/disk/naiss2026-4-902/shared/yizhil/Avalanche/avalanche-master/search_result_spike-all/tagfex/order3/lr001/search_spike_tagfex__order-3__lr-001__seed-071__summary.json,/nobackup/proj/disk/naiss2026-4-902/shared/yizhil/Avalanche/avalanche-master/search_result_spike-all/tagfex/order3/lr001/log/search_spike_tagfex__order-3__lr-001__seed-071.log
spike-all,spike,tagfex,3,71,0.01,13,18,46657161030980884,43530844453840708,3126316577140176,305137583759791043,3028473403640888,2149,1409247744830.567,/nobackup/proj/disk/naiss2026-4-902/shared/yizhil/Avalanche/avalanche-master/search_result_spike-all/tagfex/order3/lr001/search_spike_tagfex__order-3__lr-001__seed-071__summary.json,/nobackup/proj/disk/naiss2026-4-902/shared/yizhil/Avalanche/avalanche-master/search_result_spike-all/tagfex/order3/lr001/log/search_spike_tagfex__order-3__lr-001__seed-071.log
spike-all,spike,tagfex,3,71,0.01,14,18,49268289330861431,46072789610787570,3195499720073861,354405873090652474,3217378603098989,2156,1492290632235.1526,/nobackup/proj/disk/naiss2026-4-902/shared/yizhil/Avalanche/avalanche-master/search_result_spike-all/tagfex/order3/lr001/search_spike_tagfex__order-3__lr-001__seed-071__summary.json,/nobackup/proj/disk/naiss2026-4-902/shared/yizhil/Avalanche/avalanche-master/search_result_spike-all/tagfex/order3/lr001/log/search_spike_tagfex__order-3__lr-001__seed-071.log
spike-all,spike,tagfex,3,71,0.01,15,18,51844582471048084,48588085261630016,3256497209418068,406250455561700558,3398746004382340,2161,1572765388423.1096,/nobackup/proj/disk/naiss2026-4-902/shared/yizhil/Avalanche/avalanche-master/search_result_spike-all/tagfex/order3/lr001/search_spike_tagfex__order-3__lr-001__seed-071__summary.json,/nobackup/proj/disk/naiss2026-4-902/shared/yizhil/Avalanche/avalanche-master/search_result_spike-all/tagfex/order3/lr001/log/search_spike_tagfex__order-3__lr-001__seed-071.log
spike-all,spike,tagfex,3,71,0.01,16,18,54040055474274313,50732536007563702,3307519466710611,460290511035974871,3568312380658535,2150,1659680177050.4814,/nobackup/proj/disk/naiss2026-4-902/shared/yizhil/Avalanche/avalanche-master/search_result_spike-all/tagfex/order3/lr001/search_spike_tagfex__order-3__lr-001__seed-071__summary.json,/nobackup/proj/disk/naiss2026-4-902/shared/yizhil/Avalanche/avalanche-master/search_result_spike-all/tagfex/order3/lr001/log/search_spike_tagfex__order-3__lr-001__seed-071.log
spike-all,spike,tagfex,3,71,0.01,17,18,56725220161053252,53349240216278244,3375979944775008,517015731197028123,3758512997413284,2159,1740858266518.427,/nobackup/proj/disk/naiss2026-4-902/shared/yizhil/Avalanche/avalanche-master/search_result_spike-all/tagfex/order3/lr001/search_spike_tagfex__order-3__lr-001__seed-071__summary.json,/nobackup/proj/disk/naiss2026-4-902/shared/yizhil/Avalanche/avalanche-master/search_result_spike-all/tagfex/order3/lr001/log/search_spike_tagfex__order-3__lr-001__seed-071.log
spike-all,spike,tagfex,3,71,0.01,18,18,59110807789920144,55676061949158186,3434745840761958,576126538986948267,3936788340712726,2156,1825968618141.3386,/nobackup/proj/disk/naiss2026-4-902/shared/yizhil/Avalanche/avalanche-master/search_result_spike-all/tagfex/order3/lr001/search_spike_tagfex__order-3__lr-001__seed-071__summary.json,/nobackup/proj/disk/naiss2026-4-902/shared/yizhil/Avalanche/avalanche-master/search_result_spike-all/tagfex/order3/lr001/log/search_spike_tagfex__order-3__lr-001__seed-071.log
spike-all,spike,tagfex,3,71,0.05,1,18,3243892533415310,3230446341138434,13446192276876,3243892533415310,174968511882598,483,362253647790.058,/nobackup/proj/disk/naiss2026-4-902/shared/yizhil/Avalanche/avalanche-master/search_result_spike-all/tagfex/order3/lr005/search_spike_tagfex__order-3__lr-005__seed-071__summary.json,/nobackup/proj/disk/naiss2026-4-902/shared/yizhil/Avalanche/avalanche-master/search_result_spike-all/tagfex/order3/lr005/log/search_spike_tagfex__order-3__lr-005__seed-071.log
spike-all,spike,tagfex,3,71,0.05,2,18,5910376099888443,5157043827326562,753332272561881,9154268633303753,329591904329705,644,511788671319.4177,/nobackup/proj/disk/naiss2026-4-902/shared/yizhil/Avalanche/avalanche-master/search_result_spike-all/tagfex/order3/lr005/search_spike_tagfex__order-3__lr-005__seed-071__summary.json,/nobackup/proj/disk/naiss2026-4-902/shared/yizhil/Avalanche/avalanche-master/search_result_spike-all/tagfex/order3/lr005/log/search_spike_tagfex__order-3__lr-005__seed-071.log
spike-all,spike,tagfex,3,71,0.05,3,18,8307021736246400,7342946689026636,964075047219764,17461290369550153,479220124341091,805,595304502287.0696,/nobackup/proj/disk/naiss2026-4-902/shared/yizhil/Avalanche/avalanche-master/search_result_spike-all/tagfex/order3/lr005/search_spike_tagfex__order-3__lr-005__seed-071__summary.json,/nobackup/proj/disk/naiss2026-4-902/shared/yizhil/Avalanche/avalanche-master/search_result_spike-all/tagfex/order3/lr005/log/search_spike_tagfex__order-3__lr-005__seed-071.log
spike-all,spike,tagfex,3,71,0.05,4,18,11070764383629559,9886981572807750,1183782810821809,28532054753179712,655740999515057,966,678820910471.0735,/nobackup/proj/disk/naiss2026-4-902/shared/yizhil/Avalanche/avalanche-master/search_result_spike-all/tagfex/order3/lr005/search_spike_tagfex__order-3__lr-005__seed-071__summary.json,/nobackup/proj/disk/naiss2026-4-902/shared/yizhil/Avalanche/avalanche-master/search_result_spike-all/tagfex/order3/lr005/log/search_spike_tagfex__order-3__lr-005__seed-071.log
spike-all,spike,tagfex,3,71,0.05,5,18,14202519441628732,12790065639524332,1412453802104400,42734574194808444,859153672312836,1127,762336887589.0293,/nobackup/proj/disk/naiss2026-4-902/shared/yizhil/Avalanche/avalanche-master/search_result_spike-all/tagfex/order3/lr005/search_spike_tagfex__order-3__lr-005__seed-071__summary.json,/nobackup/proj/disk/naiss2026-4-902/shared/yizhil/Avalanche/avalanche-master/search_result_spike-all/tagfex/order3/lr005/log/search_spike_tagfex__order-3__lr-005__seed-071.log
spike-all,spike,tagfex,3,71,0.05,6,18,17701453032767899,16051363416291978,1650089616475921,60436027227576343,1089458962881845,1288,845853232051.122,/nobackup/proj/disk/naiss2026-4-902/shared/yizhil/Avalanche/avalanche-master/search_result_spike-all/tagfex/order3/lr005/search_spike_tagfex__order-3__lr-005__seed-071__summary.json,/nobackup/proj/disk/naiss2026-4-902/shared/yizhil/Avalanche/avalanche-master/search_result_spike-all/tagfex/order3/lr005/log/search_spike_tagfex__order-3__lr-005__seed-071.log
spike-all,spike,tagfex,3,71,0.05,7,18,21568126011998992,19671437183659036,1896688828339956,82004153239575335,1346656116335201,1449,929369300438.372,/nobackup/proj/disk/naiss2026-4-902/shared/yizhil/Avalanche/avalanche-master/search_result_spike-all/tagfex/order3/lr005/search_spike_tagfex__order-3__lr-005__seed-071__summary.json,/nobackup/proj/disk/naiss2026-4-902/shared/yizhil/Avalanche/avalanche-master/search_result_spike-all/tagfex/order3/lr005/log/search_spike_tagfex__order-3__lr-005__seed-071.log
spike-all,spike,tagfex,3,71,0.05,8,18,25801812203180087,23649559505742398,2152252697437689,107805965442755422,1630677285536145,1610,1012843034494.5,/nobackup/proj/disk/naiss2026-4-902/shared/yizhil/Avalanche/avalanche-master/search_result_spike-all/tagfex/order3/lr005/search_spike_tagfex__order-3__lr-005__seed-071__summary.json,/nobackup/proj/disk/naiss2026-4-902/shared/yizhil/Avalanche/avalanche-master/search_result_spike-all/tagfex/order3/lr005/log/search_spike_tagfex__order-3__lr-005__seed-071.log
spike-all,spike,tagfex,3,71,0.05,9,18,30402814036963028,27986033903123124,2416780133839904,138208779479718450,1941727512171130,1771,1096401757295.9514,/nobackup/proj/disk/naiss2026-4-902/shared/yizhil/Avalanche/avalanche-master/search_result_spike-all/tagfex/order3/lr005/search_spike_tagfex__order-3__lr-005__seed-071__summary.json,/nobackup/proj/disk/naiss2026-4-902/shared/yizhil/Avalanche/avalanche-master/search_result_spike-all/tagfex/order3/lr005/log/search_spike_tagfex__order-3__lr-005__seed-071.log
spike-all,spike,tagfex,3,71,0.05,10,18,35390158617849626,32698494097260948,2691664520588678,173598938097568076,2280781628887598,1933,1179918069781.4785,/nobackup/proj/disk/naiss2026-4-902/shared/yizhil/Avalanche/avalanche-master/search_result_spike-all/tagfex/order3/lr005/search_spike_tagfex__order-3__lr-005__seed-071__summary.json,/nobackup/proj/disk/naiss2026-4-902/shared/yizhil/Avalanche/avalanche-master/search_result_spike-all/tagfex/order3/lr005/log/search_spike_tagfex__order-3__lr-005__seed-071.log
spike-all,spike,tagfex,3,71,0.05,11,18,40679088156123042,37736064338287900,2943023817835142,214278026253691118,2614664006900929,2093,1249242239321.992,/nobackup/proj/disk/naiss2026-4-902/shared/yizhil/Avalanche/avalanche-master/search_result_spike-all/tagfex/order3/lr005/search_spike_tagfex__order-3__lr-005__seed-071__summary.json,/nobackup/proj/disk/naiss2026-4-902/shared/yizhil/Avalanche/avalanche-master/search_result_spike-all/tagfex/order3/lr005/log/search_spike_tagfex__order-3__lr-005__seed-071.log
spike-all,spike,tagfex,3,71,0.05,12,18,44202396475119041,41138076763982040,3064319711137001,258480422728810159,2846825469745593,2149,1324721018960.2573,/nobackup/proj/disk/naiss2026-4-902/shared/yizhil/Avalanche/avalanche-master/search_result_spike-all/tagfex/order3/lr005/search_spike_tagfex__order-3__lr-005__seed-071__summary.json,/nobackup/proj/disk/naiss2026-4-902/shared/yizhil/Avalanche/avalanche-master/search_result_spike-all/tagfex/order3/lr005/log/search_spike_tagfex__order-3__lr-005__seed-071.log
spike-all,spike,tagfex,3,71,0.05,13,18,46657161030980884,43530844453840708,3126316577140176,305137583759791043,3028473403640888,2149,1409247744830.567,/nobackup/proj/disk/naiss2026-4-902/shared/yizhil/Avalanche/avalanche-master/search_result_spike-all/tagfex/order3/lr005/search_spike_tagfex__order-3__lr-005__seed-071__summary.json,/nobackup/proj/disk/naiss2026-4-902/shared/yizhil/Avalanche/avalanche-master/search_result_spike-all/tagfex/order3/lr005/log/search_spike_tagfex__order-3__lr-005__seed-071.log
spike-all,spike,tagfex,3,71,0.05,14,18,49268289330861431,46072789610787570,3195499720073861,354405873090652474,3217378603098989,2156,1492290632235.1526,/nobackup/proj/disk/naiss2026-4-902/shared/yizhil/Avalanche/avalanche-master/search_result_spike-all/tagfex/order3/lr005/search_spike_tagfex__order-3__lr-005__seed-071__summary.json,/nobackup/proj/disk/naiss2026-4-902/shared/yizhil/Avalanche/avalanche-master/search_result_spike-all/tagfex/order3/lr005/log/search_spike_tagfex__order-3__lr-005__seed-071.log
spike-all,spike,tagfex,3,71,0.05,15,18,51844582471048084,48588085261630016,3256497209418068,406250455561700558,3398746004382340,2161,1572765388423.1096,/nobackup/proj/disk/naiss2026-4-902/shared/yizhil/Avalanche/avalanche-master/search_result_spike-all/tagfex/order3/lr005/search_spike_tagfex__order-3__lr-005__seed-071__summary.json,/nobackup/proj/disk/naiss2026-4-902/shared/yizhil/Avalanche/avalanche-master/search_result_spike-all/tagfex/order3/lr005/log/search_spike_tagfex__order-3__lr-005__seed-071.log
spike-all,spike,tagfex,3,71,0.05,16,18,54040055474274313,50732536007563702,3307519466710611,460290511035974871,3568312380658535,2150,1659680177050.4814,/nobackup/proj/disk/naiss2026-4-902/shared/yizhil/Avalanche/avalanche-master/search_result_spike-all/tagfex/order3/lr005/search_spike_tagfex__order-3__lr-005__seed-071__summary.json,/nobackup/proj/disk/naiss2026-4-902/shared/yizhil/Avalanche/avalanche-master/search_result_spike-all/tagfex/order3/lr005/log/search_spike_tagfex__order-3__lr-005__seed-071.log
spike-all,spike,tagfex,3,71,0.05,17,18,56725220161053252,53349240216278244,3375979944775008,517015731197028123,3758512997413284,2159,1740858266518.427,/nobackup/proj/disk/naiss2026-4-902/shared/yizhil/Avalanche/avalanche-master/search_result_spike-all/tagfex/order3/lr005/search_spike_tagfex__order-3__lr-005__seed-071__summary.json,/nobackup/proj/disk/naiss2026-4-902/shared/yizhil/Avalanche/avalanche-master/search_result_spike-all/tagfex/order3/lr005/log/search_spike_tagfex__order-3__lr-005__seed-071.log
spike-all,spike,tagfex,3,71,0.05,18,18,59110807789920144,55676061949158186,3434745840761958,576126538986948267,3936788340712726,2156,1825968618141.3386,/nobackup/proj/disk/naiss2026-4-902/shared/yizhil/Avalanche/avalanche-master/search_result_spike-all/tagfex/order3/lr005/search_spike_tagfex__order-3__lr-005__seed-071__summary.json,/nobackup/proj/disk/naiss2026-4-902/shared/yizhil/Avalanche/avalanche-master/search_result_spike-all/tagfex/order3/lr005/log/search_spike_tagfex__order-3__lr-005__seed-071.log
spike-all,spike,tagfex,3,71,0.1,1,18,3243892533415310,3230446341138434,13446192276876,3243892533415310,174968511882598,483,362253647790.058,/nobackup/proj/disk/naiss2026-4-902/shared/yizhil/Avalanche/avalanche-master/search_result_spike-all/tagfex/order3/lr01/search_spike_tagfex__order-3__lr-01__seed-071__summary.json,/nobackup/proj/disk/naiss2026-4-902/shared/yizhil/Avalanche/avalanche-master/search_result_spike-all/tagfex/order3/lr01/log/search_spike_tagfex__order-3__lr-01__seed-071.log
spike-all,spike,tagfex,3,71,0.1,2,18,5910376099888443,5157043827326562,753332272561881,9154268633303753,329591904329705,644,511788671319.4177,/nobackup/proj/disk/naiss2026-4-902/shared/yizhil/Avalanche/avalanche-master/search_result_spike-all/tagfex/order3/lr01/search_spike_tagfex__order-3__lr-01__seed-071__summary.json,/nobackup/proj/disk/naiss2026-4-902/shared/yizhil/Avalanche/avalanche-master/search_result_spike-all/tagfex/order3/lr01/log/search_spike_tagfex__order-3__lr-01__seed-071.log
spike-all,spike,tagfex,3,71,0.1,3,18,8307021736246400,7342946689026636,964075047219764,17461290369550153,479220124341091,805,595304502287.0696,/nobackup/proj/disk/naiss2026-4-902/shared/yizhil/Avalanche/avalanche-master/search_result_spike-all/tagfex/order3/lr01/search_spike_tagfex__order-3__lr-01__seed-071__summary.json,/nobackup/proj/disk/naiss2026-4-902/shared/yizhil/Avalanche/avalanche-master/search_result_spike-all/tagfex/order3/lr01/log/search_spike_tagfex__order-3__lr-01__seed-071.log
spike-all,spike,tagfex,3,71,0.1,4,18,11070764383629559,9886981572807750,1183782810821809,28532054753179712,655740999515057,966,678820910471.0735,/nobackup/proj/disk/naiss2026-4-902/shared/yizhil/Avalanche/avalanche-master/search_result_spike-all/tagfex/order3/lr01/search_spike_tagfex__order-3__lr-01__seed-071__summary.json,/nobackup/proj/disk/naiss2026-4-902/shared/yizhil/Avalanche/avalanche-master/search_result_spike-all/tagfex/order3/lr01/log/search_spike_tagfex__order-3__lr-01__seed-071.log
spike-all,spike,tagfex,3,71,0.1,5,18,14202519441628732,12790065639524332,1412453802104400,42734574194808444,859153672312836,1127,762336887589.0293,/nobackup/proj/disk/naiss2026-4-902/shared/yizhil/Avalanche/avalanche-master/search_result_spike-all/tagfex/order3/lr01/search_spike_tagfex__order-3__lr-01__seed-071__summary.json,/nobackup/proj/disk/naiss2026-4-902/shared/yizhil/Avalanche/avalanche-master/search_result_spike-all/tagfex/order3/lr01/log/search_spike_tagfex__order-3__lr-01__seed-071.log
spike-all,spike,tagfex,3,71,0.1,6,18,17701453032767899,16051363416291978,1650089616475921,60436027227576343,1089458962881845,1288,845853232051.122,/nobackup/proj/disk/naiss2026-4-902/shared/yizhil/Avalanche/avalanche-master/search_result_spike-all/tagfex/order3/lr01/search_spike_tagfex__order-3__lr-01__seed-071__summary.json,/nobackup/proj/disk/naiss2026-4-902/shared/yizhil/Avalanche/avalanche-master/search_result_spike-all/tagfex/order3/lr01/log/search_spike_tagfex__order-3__lr-01__seed-071.log
spike-all,spike,tagfex,3,71,0.1,7,18,21568126011998992,19671437183659036,1896688828339956,82004153239575335,1346656116335201,1449,929369300438.372,/nobackup/proj/disk/naiss2026-4-902/shared/yizhil/Avalanche/avalanche-master/search_result_spike-all/tagfex/order3/lr01/search_spike_tagfex__order-3__lr-01__seed-071__summary.json,/nobackup/proj/disk/naiss2026-4-902/shared/yizhil/Avalanche/avalanche-master/search_result_spike-all/tagfex/order3/lr01/log/search_spike_tagfex__order-3__lr-01__seed-071.log
spike-all,spike,tagfex,3,71,0.1,8,18,25801812203180087,23649559505742398,2152252697437689,107805965442755422,1630677285536145,1610,1012843034494.5,/nobackup/proj/disk/naiss2026-4-902/shared/yizhil/Avalanche/avalanche-master/search_result_spike-all/tagfex/order3/lr01/search_spike_tagfex__order-3__lr-01__seed-071__summary.json,/nobackup/proj/disk/naiss2026-4-902/shared/yizhil/Avalanche/avalanche-master/search_result_spike-all/tagfex/order3/lr01/log/search_spike_tagfex__order-3__lr-01__seed-071.log
spike-all,spike,tagfex,3,71,0.1,9,18,30402814036963028,27986033903123124,2416780133839904,138208779479718450,1941727512171130,1771,1096401757295.9514,/nobackup/proj/disk/naiss2026-4-902/shared/yizhil/Avalanche/avalanche-master/search_result_spike-all/tagfex/order3/lr01/search_spike_tagfex__order-3__lr-01__seed-071__summary.json,/nobackup/proj/disk/naiss2026-4-902/shared/yizhil/Avalanche/avalanche-master/search_result_spike-all/tagfex/order3/lr01/log/search_spike_tagfex__order-3__lr-01__seed-071.log
spike-all,spike,tagfex,3,71,0.1,10,18,35390158617849626,32698494097260948,2691664520588678,173598938097568076,2280781628887598,1933,1179918069781.4785,/nobackup/proj/disk/naiss2026-4-902/shared/yizhil/Avalanche/avalanche-master/search_result_spike-all/tagfex/order3/lr01/search_spike_tagfex__order-3__lr-01__seed-071__summary.json,/nobackup/proj/disk/naiss2026-4-902/shared/yizhil/Avalanche/avalanche-master/search_result_spike-all/tagfex/order3/lr01/log/search_spike_tagfex__order-3__lr-01__seed-071.log
spike-all,spike,tagfex,3,71,0.1,11,18,40679088156123042,37736064338287900,2943023817835142,214278026253691118,2614664006900929,2093,1249242239321.992,/nobackup/proj/disk/naiss2026-4-902/shared/yizhil/Avalanche/avalanche-master/search_result_spike-all/tagfex/order3/lr01/search_spike_tagfex__order-3__lr-01__seed-071__summary.json,/nobackup/proj/disk/naiss2026-4-902/shared/yizhil/Avalanche/avalanche-master/search_result_spike-all/tagfex/order3/lr01/log/search_spike_tagfex__order-3__lr-01__seed-071.log
spike-all,spike,tagfex,3,71,0.1,12,18,44202396475119041,41138076763982040,3064319711137001,258480422728810159,2846825469745593,2149,1324721018960.2573,/nobackup/proj/disk/naiss2026-4-902/shared/yizhil/Avalanche/avalanche-master/search_result_spike-all/tagfex/order3/lr01/search_spike_tagfex__order-3__lr-01__seed-071__summary.json,/nobackup/proj/disk/naiss2026-4-902/shared/yizhil/Avalanche/avalanche-master/search_result_spike-all/tagfex/order3/lr01/log/search_spike_tagfex__order-3__lr-01__seed-071.log
spike-all,spike,tagfex,3,71,0.1,13,18,46657161030980884,43530844453840708,3126316577140176,305137583759791043,3028473403640888,2149,1409247744830.567,/nobackup/proj/disk/naiss2026-4-902/shared/yizhil/Avalanche/avalanche-master/search_result_spike-all/tagfex/order3/lr01/search_spike_tagfex__order-3__lr-01__seed-071__summary.json,/nobackup/proj/disk/naiss2026-4-902/shared/yizhil/Avalanche/avalanche-master/search_result_spike-all/tagfex/order3/lr01/log/search_spike_tagfex__order-3__lr-01__seed-071.log
spike-all,spike,tagfex,3,71,0.1,14,18,49268289330861431,46072789610787570,3195499720073861,354405873090652474,3217378603098989,2156,1492290632235.1526,/nobackup/proj/disk/naiss2026-4-902/shared/yizhil/Avalanche/avalanche-master/search_result_spike-all/tagfex/order3/lr01/search_spike_tagfex__order-3__lr-01__seed-071__summary.json,/nobackup/proj/disk/naiss2026-4-902/shared/yizhil/Avalanche/avalanche-master/search_result_spike-all/tagfex/order3/lr01/log/search_spike_tagfex__order-3__lr-01__seed-071.log
spike-all,spike,tagfex,3,71,0.1,15,18,51844582471048084,48588085261630016,3256497209418068,406250455561700558,3398746004382340,2161,1572765388423.1096,/nobackup/proj/disk/naiss2026-4-902/shared/yizhil/Avalanche/avalanche-master/search_result_spike-all/tagfex/order3/lr01/search_spike_tagfex__order-3__lr-01__seed-071__summary.json,/nobackup/proj/disk/naiss2026-4-902/shared/yizhil/Avalanche/avalanche-master/search_result_spike-all/tagfex/order3/lr01/log/search_spike_tagfex__order-3__lr-01__seed-071.log
spike-all,spike,tagfex,3,71,0.1,16,18,54040055474274313,50732536007563702,3307519466710611,460290511035974871,3568312380658535,2150,1659680177050.4814,/nobackup/proj/disk/naiss2026-4-902/shared/yizhil/Avalanche/avalanche-master/search_result_spike-all/tagfex/order3/lr01/search_spike_tagfex__order-3__lr-01__seed-071__summary.json,/nobackup/proj/disk/naiss2026-4-902/shared/yizhil/Avalanche/avalanche-master/search_result_spike-all/tagfex/order3/lr01/log/search_spike_tagfex__order-3__lr-01__seed-071.log
spike-all,spike,tagfex,3,71,0.1,17,18,56725220161053252,53349240216278244,3375979944775008,517015731197028123,3758512997413284,2159,1740858266518.427,/nobackup/proj/disk/naiss2026-4-902/shared/yizhil/Avalanche/avalanche-master/search_result_spike-all/tagfex/order3/lr01/search_spike_tagfex__order-3__lr-01__seed-071__summary.json,/nobackup/proj/disk/naiss2026-4-902/shared/yizhil/Avalanche/avalanche-master/search_result_spike-all/tagfex/order3/lr01/log/search_spike_tagfex__order-3__lr-01__seed-071.log
spike-all,spike,tagfex,3,71,0.1,18,18,59110807789920144,55676061949158186,3434745840761958,576126538986948267,3936788340712726,2156,1825968618141.3386,/nobackup/proj/disk/naiss2026-4-902/shared/yizhil/Avalanche/avalanche-master/search_result_spike-all/tagfex/order3/lr01/search_spike_tagfex__order-3__lr-01__seed-071__summary.json,/nobackup/proj/disk/naiss2026-4-902/shared/yizhil/Avalanche/avalanche-master/search_result_spike-all/tagfex/order3/lr01/log/search_spike_tagfex__order-3__lr-01__seed-071.log
