exp_name,method,dataset,order,seed,backbone,lr,lr_candidates,loss_selection,selection_loss,best_lr,best_loss,total_search_flops,storage_bytes,tasks,selection_loss_eval_flops,average_incremental_accuracy,final_average_accuracy,average_forgetting,mean_final_accuracy_loss,backward_transfer,worst_forgotten_task,forgetting_mean,forgetting_median,forgetting_std,forgetting_min,forgetting_q25,forgetting_q75,forgetting_max,forgetting_positive_fraction,task_end_seen_accuracy_curve,forgetting_per_task,intransigence,intransigence_mean,final_hidden_neurons,training_runtime_s,training_gpu_ms,initial_task_s,incremental_tasks_total_s,mean_incremental_task_s,median_incremental_task_s,terminal_flops_per_sample,overall_learning_flops,core_training_flops,learning_auxiliary_flops,single_sample_forward_flops,model_parameter_bytes,replay_sample_bytes,replay_label_bytes,auxiliary_bytes,persistent_storage_bytes,persistent_storage_mib,inference_latency_ms_per_sample,peak_allocated_gpu_memory_mib
uwave-all,ewc,uwave,1,48,resnet18_cifar,0.1,"[0.1,0.05,0.01]",last_epoch_train_mean,0.0004731733104692096,0.1,0.0004731733104692096,755491464912042,44691744,6,0,0.29989699134122905,0.12053571428571429,0.9938718662952646,0.9938718662952646,-0.9938718662952646,2,0.9938718662952646,1.0,0.012256267409470745,0.9693593314763231,1.0,1.0,1.0,1.0,"[0.9693593314763231,0.23779193205944799,0.19072164948453607,0.15406976744186046,0.12690355329949238,0.12053571428571429]","[0.9693593314763231,1.0,1.0,1.0,1.0]","[-0.00835654596100277,-0.017857142857142905,-0.06306306306306309,-0.018867924528301883,-0.020000000000000018,0.0]",-0.021357446068251778,512,283.62536868290044,283635.28125,37.89667800301686,245.72869067988358,49.145738135976714,49.97984315396752,40145038106.07476,251830488304014,239860828483358,11969659820656,1113554952,44691744,0,0,581031240,625722984,596.7359390258789,0.05500826578749444,1128.6962890625
uwave-all,ewc,uwave,1,48,resnet18_cifar,0.05,"[0.1,0.05,0.01]",last_epoch_train_mean,0.0021181156986549627,0.1,0.0004731733104692096,755491464912042,44691744,6,0,0.3003612438946181,0.12053571428571429,0.9944289693593316,0.9944289693593316,-0.9944289693593316,2,0.9944289693593316,1.0,0.011142061281337054,0.9721448467966574,1.0,1.0,1.0,1.0,"[0.9721448467966574,0.23779193205944799,0.19072164948453607,0.15406976744186046,0.12690355329949238,0.12053571428571429]","[0.9721448467966574,1.0,1.0,1.0,1.0]",,,512,279.1199878799962,279130.921875,37.00673145591281,242.11325642408337,48.42265128481667,49.34166182600893,40145038106.07476,251830488304014,239860828483358,11969659820656,1113554952,44691744,0,0,581031240,625722984,596.7359390258789,0.040268727778831295,1133.21240234375
uwave-all,ewc,uwave,1,48,resnet18_cifar,0.01,"[0.1,0.05,0.01]",last_epoch_train_mean,0.003160948791969732,0.1,0.0004731733104692096,755491464912042,44691744,6,0,0.3017540015547852,0.12053571428571429,0.9961002785515319,0.9961002785515319,-0.9961002785515319,2,0.9961002785515319,1.0,0.0077994428969359484,0.9805013927576601,1.0,1.0,1.0,1.0,"[0.9805013927576601,0.23779193205944799,0.19072164948453607,0.15406976744186046,0.12690355329949238,0.12053571428571429]","[0.9805013927576601,1.0,1.0,1.0,1.0]",,,512,275.49354769918136,275503.5078125,36.893438663100824,238.60010903608054,47.720021807216106,48.88817018503323,40145038106.07476,251830488304014,239860828483358,11969659820656,1113554952,44691744,0,0,581031240,625722984,596.7359390258789,0.038165838044993246,1133.21240234375
uwave-all,ewc,uwave,1,50,resnet18_cifar,0.1,"[0.1,0.05,0.01]",last_epoch_train_mean,0.01283285784971925,0.01,0.002123505395808282,755491464912042,44691744,6,0,0.30082549644800716,0.12053571428571429,0.9949860724233982,0.9949860724233982,-0.9949860724233982,2,0.9949860724233982,1.0,0.010027855153203325,0.9749303621169917,1.0,1.0,1.0,1.0,"[0.9749303621169917,0.23779193205944799,0.19072164948453607,0.15406976744186046,0.12690355329949238,0.12053571428571429]","[0.9749303621169917,1.0,1.0,1.0,1.0]",,,512,270.5334740158869,270543.67578125,36.101294854073785,234.4321791618131,46.88643583236262,47.717283064033836,40145038106.07476,251830488304014,239860828483358,11969659820656,1113554952,44691744,0,0,581031240,625722984,596.7359390258789,0.03839650552046286,1133.21240234375
uwave-all,ewc,uwave,1,50,resnet18_cifar,0.05,"[0.1,0.05,0.01]",last_epoch_train_mean,0.0034985992155013093,0.01,0.002123505395808282,755491464912042,44691744,6,0,0.29729282467456236,0.10491071428571429,0.8855087862340714,0.8855087862340714,-0.8855087862340714,2,0.8855087862340714,0.9716981132075472,0.19994738596771214,0.4864864864864865,0.9693593314763231,1.0,1.0,1.0,"[0.9693593314763231,0.23779193205944799,0.19072164948453607,0.15406976744186046,0.12690355329949238,0.10491071428571429]","[0.9693593314763231,1.0,0.4864864864864865,0.9716981132075472,1.0]",,,512,266.22312447603326,266233.07421875,35.25035404507071,230.97277043096256,46.19455408619251,47.26039144897368,40145038106.07476,251830488304014,239860828483358,11969659820656,1113554952,44691744,0,0,581031240,625722984,596.7359390258789,0.04259895104041789,1133.21240234375
uwave-all,ewc,uwave,1,50,resnet18_cifar,0.01,"[0.1,0.05,0.01]",last_epoch_train_mean,0.002123505395808282,0.01,0.002123505395808282,755491464912042,44691744,6,0,0.3012897490013962,0.12053571428571429,0.9955431754874653,0.9955431754874653,-0.9955431754874653,2,0.9955431754874653,1.0,0.008913649025069637,0.9777158774373259,1.0,1.0,1.0,1.0,"[0.9777158774373259,0.23779193205944799,0.19072164948453607,0.15406976744186046,0.12690355329949238,0.12053571428571429]","[0.9777158774373259,1.0,1.0,1.0,1.0]","[0.01114206128133699,0.0,-0.07207207207207211,-0.018867924528301883,0.0,0.0]",-0.013299655886506168,512,263.67824175104033,263687.646484375,34.68255548004527,228.99568627099507,45.79913725419901,46.51695312303491,40145038106.07476,251830488304014,239860828483358,11969659820656,1113554952,44691744,0,0,581031240,625722984,596.7359390258789,0.034309163830974806,1133.21240234375
uwave-all,ewc,uwave,1,52,resnet18_cifar,0.1,"[0.1,0.05,0.01]",last_epoch_train_mean,0.010025308582832855,0.01,0.0016938068075167362,755491464912042,44691744,6,0,0.29850423368106194,0.12053571428571429,0.9922005571030642,0.9922005571030642,-0.9922005571030642,2,0.9922005571030642,1.0,0.015598885793871852,0.9610027855153204,1.0,1.0,1.0,1.0,"[0.9610027855153204,0.23779193205944799,0.19072164948453607,0.15406976744186046,0.12690355329949238,0.12053571428571429]","[0.9610027855153204,1.0,1.0,1.0,1.0]",,,512,261.96089215937536,261969.9609375,34.624396547093056,227.3364956122823,45.46729912245646,46.012584868003614,40145038106.07476,251830488304014,239860828483358,11969659820656,1113554952,44691744,0,0,581031240,625722984,596.7359390258789,0.038444345851270816,1133.21240234375
uwave-all,ewc,uwave,1,52,resnet18_cifar,0.05,"[0.1,0.05,0.01]",last_epoch_train_mean,0.0027087712454387045,0.01,0.0016938068075167362,755491464912042,44691744,6,0,0.2998557506321716,0.12053571428571429,0.9933147632311978,0.9933147632311978,-0.9933147632311978,2,0.9933147632311978,1.0,0.013370473537604479,0.9665738161559888,1.0,1.0,1.0,1.0,"[0.9665738161559888,0.23779193205944799,0.19072164948453607,0.15406976744186046,0.12944162436548223,0.12053571428571429]","[0.9665738161559888,1.0,1.0,1.0,1.0]",,,512,264.2224202968646,264231.8125,34.51022314094007,229.7121971559245,45.9424394311849,46.51233910396695,40145038106.07476,251830488304014,239860828483358,11969659820656,1113554952,44691744,0,0,581031240,625722984,596.7359390258789,0.036181339445257824,1133.21240234375
uwave-all,ewc,uwave,1,52,resnet18_cifar,0.01,"[0.1,0.05,0.01]",last_epoch_train_mean,0.0016938068075167362,0.01,0.0016938068075167362,755491464912042,44691744,6,0,0.3012897490013962,0.12053571428571429,0.9955431754874653,0.9955431754874653,-0.9955431754874653,2,0.9955431754874653,1.0,0.008913649025069637,0.9777158774373259,1.0,1.0,1.0,1.0,"[0.9777158774373259,0.23779193205944799,0.19072164948453607,0.15406976744186046,0.12690355329949238,0.12053571428571429]","[0.9777158774373259,1.0,1.0,1.0,1.0]","[0.0,0.0,-0.05405405405405406,-0.009433962264150941,-0.010000000000000009,0.0]",-0.012248002719700835,512,264.75223903008737,264761.3515625,34.68885723606218,230.0633817940252,46.01267635880504,46.594879986019805,40145038106.07476,251830488304014,239860828483358,11969659820656,1113554952,44691744,0,0,581031240,625722984,596.7359390258789,0.03637971648069132,1133.21240234375
uwave-all,ewc,uwave,1,54,resnet18_cifar,0.1,"[0.1,0.05,0.01]",last_epoch_train_mean,0.0035302609914040143,0.05,0.0004761166480654208,755491464912042,44691744,6,0,0.30184933913271333,0.12946428571428573,0.980014554944917,0.980014554944917,-0.980014554944917,2,0.980014554944917,1.0,0.02818937055875831,0.9279279279279279,0.9721448467966574,1.0,1.0,1.0,"[0.9721448467966574,0.23779193205944799,0.19072164948453607,0.15406976744186046,0.12690355329949238,0.12946428571428573]","[0.9721448467966574,1.0,0.9279279279279279,1.0,1.0]",,,512,263.70203021808993,263711.3203125,34.583875654032454,229.11815456405748,45.823630912811495,46.386480157030746,40145038106.07476,251830488304014,239860828483358,11969659820656,1113554952,44691744,0,0,581031240,625722984,596.7359390258789,0.03628202141823879,1133.21240234375
uwave-all,ewc,uwave,1,54,resnet18_cifar,0.05,"[0.1,0.05,0.01]",last_epoch_train_mean,0.0004761166480654208,0.05,0.0004761166480654208,755491464912042,44691744,6,0,0.3017540015547852,0.12053571428571429,0.9961002785515319,0.9961002785515319,-0.9961002785515319,2,0.9961002785515319,1.0,0.0077994428969359484,0.9805013927576601,1.0,1.0,1.0,1.0,"[0.9805013927576601,0.23779193205944799,0.19072164948453607,0.15406976744186046,0.12690355329949238,0.12053571428571429]","[0.9805013927576601,1.0,1.0,1.0,1.0]","[-0.0027855153203342198,0.0,-0.07207207207207211,0.0,0.0,0.0]",-0.012476264565401055,512,262.8425513289403,262851.74609375,34.7960061019985,228.04654522694182,45.609309045388365,46.53744788700715,40145038106.07476,251830488304014,239860828483358,11969659820656,1113554952,44691744,0,0,581031240,625722984,596.7359390258789,0.03659943000197278,1133.21240234375
uwave-all,ewc,uwave,1,54,resnet18_cifar,0.01,"[0.1,0.05,0.01]",last_epoch_train_mean,0.0035723567552930486,0.05,0.0004761166480654208,755491464912042,44691744,6,0,0.3017540015547852,0.12053571428571429,0.9961002785515319,0.9961002785515319,-0.9961002785515319,2,0.9961002785515319,1.0,0.0077994428969359484,0.9805013927576601,1.0,1.0,1.0,1.0,"[0.9805013927576601,0.23779193205944799,0.19072164948453607,0.15406976744186046,0.12690355329949238,0.12053571428571429]","[0.9805013927576601,1.0,1.0,1.0,1.0]",,,512,263.8630935958354,263872.30859375,34.82171787391417,229.0413757219212,45.80827514438424,46.26487554505002,40145038106.07476,251830488304014,239860828483358,11969659820656,1113554952,44691744,0,0,581031240,625722984,596.7359390258789,0.036006682941141274,1133.21240234375
uwave-all,ewc,uwave,1,56,resnet18_cifar,0.1,"[0.1,0.05,0.01]",last_epoch_train_mean,0.0007108570961487702,0.05,0.00021350748303338094,755491464912042,44691744,6,0,0.29943273878784,0.12053571428571429,0.9933147632311978,0.9933147632311978,-0.9933147632311978,2,0.9933147632311978,1.0,0.013370473537604479,0.9665738161559888,1.0,1.0,1.0,1.0,"[0.9665738161559888,0.23779193205944799,0.19072164948453607,0.15406976744186046,0.12690355329949238,0.12053571428571429]","[0.9665738161559888,1.0,1.0,1.0,1.0]",,,512,262.92334964417387,262932.73046875,34.58627632795833,228.33707331621554,45.66741466324311,46.483929842012,40145038106.07476,251830488304014,239860828483358,11969659820656,1113554952,44691744,0,0,581031240,625722984,596.7359390258789,0.036581333655963784,1133.21240234375
uwave-all,ewc,uwave,1,56,resnet18_cifar,0.05,"[0.1,0.05,0.01]",last_epoch_train_mean,0.00021350748303338094,0.05,0.00021350748303338094,755491464912042,44691744,6,0,0.30082549644800716,0.12053571428571429,0.9949860724233982,0.9949860724233982,-0.9949860724233982,2,0.9949860724233982,1.0,0.010027855153203325,0.9749303621169917,1.0,1.0,1.0,1.0,"[0.9749303621169917,0.23779193205944799,0.19072164948453607,0.15406976744186046,0.12690355329949238,0.12053571428571429]","[0.9749303621169917,1.0,1.0,1.0,1.0]","[0.0055710306406684396,0.0,-0.09009009009009006,0.0,-0.010000000000000009,0.0]",-0.015753176574903605,512,263.3117079549702,263320.91015625,34.67393478495069,228.6377731700195,45.7275546340039,46.42096307198517,40145038106.07476,251830488304014,239860828483358,11969659820656,1113554952,44691744,0,0,581031240,625722984,596.7359390258789,0.0394735491551858,1133.21240234375
uwave-all,ewc,uwave,1,56,resnet18_cifar,0.01,"[0.1,0.05,0.01]",last_epoch_train_mean,0.005211790838171687,0.05,0.00021350748303338094,755491464912042,44691744,6,0,0.3012897490013962,0.12053571428571429,0.9955431754874653,0.9955431754874653,-0.9955431754874653,2,0.9955431754874653,1.0,0.008913649025069637,0.9777158774373259,1.0,1.0,1.0,1.0,"[0.9777158774373259,0.23779193205944799,0.19072164948453607,0.15406976744186046,0.12690355329949238,0.12053571428571429]","[0.9777158774373259,1.0,1.0,1.0,1.0]",,,512,262.7811242368771,262790.353515625,35.151045073987916,227.63007916288916,45.52601583257783,46.187163360998966,40145038106.07476,251830488304014,239860828483358,11969659820656,1113554952,44691744,0,0,581031240,625722984,596.7359390258789,0.03685823789315431,1133.21240234375
uwave-all,ewc,uwave,2,48,resnet18_cifar,0.1,"[0.1,0.05,0.01]",last_epoch_train_mean,0.03422097182094913,0.01,0.010205940909115876,755461271998773,44691744,6,0,0.2848629129070413,0.14174107142857142,0.9617021276595745,0.9617021276595745,-0.9617021276595745,2,0.9617021276595745,1.0,0.07659574468085108,0.8085106382978723,1.0,1.0,1.0,1.0,"[0.8085106382978723,0.270509977827051,0.18148820326678766,0.1638846737481032,0.14304291287386217,0.14174107142857142]","[0.8085106382978723,1.0,1.0,1.0,1.0]",,,512,256.6386882971274,256647.8671875,36.29690024792217,220.3417880492052,44.068357609841044,46.36347917607054,40144331310.185,251820423999591,239850764581638,11969659417953,1113554952,44691744,0,0,581031240,625722984,596.7359390258789,0.051562908473507765,1130.58740234375
uwave-all,ewc,uwave,2,48,resnet18_cifar,0.05,"[0.1,0.05,0.01]",last_epoch_train_mean,0.09387196486871732,0.01,0.010205940909115876,755461271998773,44691744,6,0,0.3061395086517222,0.14174107142857142,0.9872340425531915,0.9872340425531915,-0.9872340425531915,2,0.9872340425531915,1.0,0.02553191489361701,0.9361702127659575,1.0,1.0,1.0,1.0,"[0.9361702127659575,0.270509977827051,0.18148820326678766,0.1638846737481032,0.14304291287386217,0.14174107142857142]","[0.9361702127659575,1.0,1.0,1.0,1.0]",,,512,256.3061020640889,256315.21484375,36.494257541024126,219.8118445230648,43.96236890461296,46.30405642406549,40144331310.185,251820423999591,239850764581638,11969659417953,1113554952,44691744,0,0,581031240,625722984,596.7359390258789,0.03668730343114086,1130.58740234375
uwave-all,ewc,uwave,2,48,resnet18_cifar,0.01,"[0.1,0.05,0.01]",last_epoch_train_mean,0.010205940909115876,0.01,0.010205940909115876,755461271998773,44691744,6,0,0.3152580496851568,0.14174107142857142,0.998176291793313,0.998176291793313,-0.998176291793313,2,0.998176291793313,1.0,0.003647416413373872,0.9908814589665653,1.0,1.0,1.0,1.0,"[0.9908814589665653,0.270509977827051,0.18148820326678766,0.1638846737481032,0.14304291287386217,0.14174107142857142]","[0.9908814589665653,1.0,1.0,1.0,1.0]","[0.003039513677811634,-0.024590163934426257,0.0,0.0,-0.018181818181818188,-0.015748031496062964]",-0.009246749989082629,512,257.2905078299809,257299.626953125,37.00696797098499,220.28353985899594,44.056707971799185,46.532681023934856,40144331310.185,251820423999591,239850764581638,11969659417953,1113554952,44691744,0,0,581031240,625722984,596.7359390258789,0.03665959385606194,1130.58740234375
uwave-all,ewc,uwave,2,50,resnet18_cifar,0.1,"[0.1,0.05,0.01]",last_epoch_train_mean,0.0014097904439641304,0.05,4.451059446684633e-05,755461271998773,44691744,6,0,0.3142448784592196,0.14174107142857142,0.9969604863221886,0.9969604863221886,-0.9969604863221886,2,0.9969604863221886,1.0,0.00607902735562309,0.9848024316109423,1.0,1.0,1.0,1.0,"[0.9848024316109423,0.270509977827051,0.18148820326678766,0.1638846737481032,0.14304291287386217,0.14174107142857142]","[0.9848024316109423,1.0,1.0,1.0,1.0]",,,512,256.72131495620124,256730.275390625,36.31489372998476,220.40642122621648,44.081284245243296,46.36167144298088,40144331310.185,251820423999591,239850764581638,11969659417953,1113554952,44691744,0,0,581031240,625722984,596.7359390258789,0.03837624223836299,1130.58740234375
uwave-all,ewc,uwave,2,50,resnet18_cifar,0.05,"[0.1,0.05,0.01]",last_epoch_train_mean,4.451059446684633e-05,0.05,4.451059446684633e-05,755461271998773,44691744,6,0,0.31475146407218824,0.14174107142857142,0.9975683890577507,0.9975683890577507,-0.9975683890577507,2,0.9975683890577507,1.0,0.0048632218844984814,0.9878419452887538,1.0,1.0,1.0,1.0,"[0.9878419452887538,0.270509977827051,0.18148820326678766,0.1638846737481032,0.14304291287386217,0.14174107142857142]","[0.9878419452887538,1.0,1.0,1.0,1.0]","[0.003039513677811523,-0.016393442622950838,-0.010000000000000009,0.0,-0.018181818181818188,-0.023622047244094446]",-0.010859632395175326,512,256.3073656929191,256316.4765625,36.67530198500026,219.63206370791886,43.926412741583775,46.24028935900424,40144331310.185,251820423999591,239850764581638,11969659417953,1113554952,44691744,0,0,581031240,625722984,596.7359390258789,0.03720621641280429,1130.58740234375
uwave-all,ewc,uwave,2,50,resnet18_cifar,0.01,"[0.1,0.05,0.01]",last_epoch_train_mean,0.005077627633739151,0.05,4.451059446684633e-05,755461271998773,44691744,6,0,0.31475146407218824,0.14174107142857142,0.9975683890577507,0.9975683890577507,-0.9975683890577507,2,0.9975683890577507,1.0,0.0048632218844984814,0.9878419452887538,1.0,1.0,1.0,1.0,"[0.9878419452887538,0.270509977827051,0.18148820326678766,0.1638846737481032,0.14304291287386217,0.14174107142857142]","[0.9878419452887538,1.0,1.0,1.0,1.0]",,,512,254.9047428270569,254913.90234375,36.060208527953364,218.84453429910354,43.76890685982071,46.38021396996919,40144331310.185,251820423999591,239850764581638,11969659417953,1113554952,44691744,0,0,581031240,625722984,596.7359390258789,0.03672066096831778,1130.58740234375
uwave-all,ewc,uwave,2,52,resnet18_cifar,0.1,"[0.1,0.05,0.01]",last_epoch_train_mean,0.003004067476331224,0.05,0.001847351151927187,755461271998773,44691744,6,0,0.32714320926346846,0.14174107142857142,0.9969604863221886,0.9969604863221886,-0.9969604863221886,2,0.9969604863221886,1.0,0.00607902735562309,0.9848024316109423,1.0,1.0,1.0,1.0,"[0.9848024316109423,0.270509977827051,0.18148820326678766,0.24127465857359637,0.14304291287386217,0.14174107142857142]","[0.9848024316109423,1.0,1.0,1.0,1.0]",,,512,254.31526588404085,254324.158203125,36.10401313297916,218.2112527510617,43.64225055021234,45.871229787007906,40144331310.185,251820423999591,239850764581638,11969659417953,1113554952,44691744,0,0,581031240,625722984,596.7359390258789,0.036916234421369154,1130.58740234375
uwave-all,ewc,uwave,2,52,resnet18_cifar,0.05,"[0.1,0.05,0.01]",last_epoch_train_mean,0.001847351151927187,0.05,0.001847351151927187,755461271998773,44691744,6,0,0.3152580496851568,0.14174107142857142,0.998176291793313,0.998176291793313,-0.998176291793313,2,0.998176291793313,1.0,0.003647416413373872,0.9908814589665653,1.0,1.0,1.0,1.0,"[0.9908814589665653,0.270509977827051,0.18148820326678766,0.1638846737481032,0.14304291287386217,0.14174107142857142]","[0.9908814589665653,1.0,1.0,1.0,1.0]","[-0.04863221884498481,-0.016393442622950838,-0.010000000000000009,0.0,-0.018181818181818188,-0.03149606299212604]",-0.020783923773646646,512,253.9029332587961,253911.759765625,35.86268542392645,218.04024783486966,43.60804956697393,46.01959462300874,40144331310.185,251820423999591,239850764581638,11969659417953,1113554952,44691744,0,0,581031240,625722984,596.7359390258789,0.037403056921903044,1130.58740234375
uwave-all,ewc,uwave,2,52,resnet18_cifar,0.01,"[0.1,0.05,0.01]",last_epoch_train_mean,0.0049323618969090675,0.05,0.001847351151927187,755461271998773,44691744,6,0,0.3152580496851568,0.14174107142857142,0.998176291793313,0.998176291793313,-0.998176291793313,2,0.998176291793313,1.0,0.003647416413373872,0.9908814589665653,1.0,1.0,1.0,1.0,"[0.9908814589665653,0.270509977827051,0.18148820326678766,0.1638846737481032,0.14304291287386217,0.14174107142857142]","[0.9908814589665653,1.0,1.0,1.0,1.0]",,,512,254.58406788797583,254593.158203125,36.104825107962824,218.479242780013,43.6958485560026,46.00046121701598,40144331310.185,251820423999591,239850764581638,11969659417953,1113554952,44691744,0,0,581031240,625722984,596.7359390258789,0.03671190396354567,1130.58740234375
uwave-all,ewc,uwave,2,54,resnet18_cifar,0.1,"[0.1,0.05,0.01]",last_epoch_train_mean,0.0016158390892389947,0.1,0.0016158390892389947,755461271998773,44691744,6,0,0.3132317072332824,0.14174107142857142,0.9957446808510639,0.9957446808510639,-0.9957446808510639,2,0.9957446808510639,1.0,0.008510638297872354,0.9787234042553191,1.0,1.0,1.0,1.0,"[0.9787234042553191,0.270509977827051,0.18148820326678766,0.1638846737481032,0.14304291287386217,0.14174107142857142]","[0.9787234042553191,1.0,1.0,1.0,1.0]","[-0.006079027355623046,-0.016393442622950838,-0.020000000000000018,0.0,-0.045454545454545414,-0.023622047244094446]",-0.018591510446202292,512,254.68848383927252,254697.65234375,36.095750695094466,218.59273314417806,43.71854662883561,45.98170228302479,40144331310.185,251820423999591,239850764581638,11969659417953,1113554952,44691744,0,0,581031240,625722984,596.7359390258789,0.03582632364538897,1130.58740234375
uwave-all,ewc,uwave,2,54,resnet18_cifar,0.05,"[0.1,0.05,0.01]",last_epoch_train_mean,0.002699614287403522,0.1,0.0016158390892389947,755461271998773,44691744,6,0,0.3152580496851568,0.14174107142857142,0.998176291793313,0.998176291793313,-0.998176291793313,2,0.998176291793313,1.0,0.003647416413373872,0.9908814589665653,1.0,1.0,1.0,1.0,"[0.9908814589665653,0.270509977827051,0.18148820326678766,0.1638846737481032,0.14304291287386217,0.14174107142857142]","[0.9908814589665653,1.0,1.0,1.0,1.0]",,,512,254.92498256685212,254934.07421875,36.221303579979576,218.70367898687255,43.74073579737451,45.99124917399604,40144331310.185,251820423999591,239850764581638,11969659417953,1113554952,44691744,0,0,581031240,625722984,596.7359390258789,0.03756029010608992,1130.58740234375
uwave-all,ewc,uwave,2,54,resnet18_cifar,0.01,"[0.1,0.05,0.01]",last_epoch_train_mean,0.004669841912340622,0.1,0.0016158390892389947,755461271998773,44691744,6,0,0.31171195039437666,0.14174107142857142,0.993920972644377,0.993920972644377,-0.993920972644377,2,0.993920972644377,1.0,0.01215805471124618,0.9696048632218845,1.0,1.0,1.0,1.0,"[0.9696048632218845,0.270509977827051,0.18148820326678766,0.1638846737481032,0.14304291287386217,0.14174107142857142]","[0.9696048632218845,1.0,1.0,1.0,1.0]",,,512,253.48129848903045,253490.275390625,35.67506239109207,217.80623609793838,43.56124721958768,46.077165377908386,40144331310.185,251820423999591,239850764581638,11969659417953,1113554952,44691744,0,0,581031240,625722984,596.7359390258789,0.036980476579628885,1130.58740234375
uwave-all,ewc,uwave,2,56,resnet18_cifar,0.1,"[0.1,0.05,0.01]",last_epoch_train_mean,0.007070469281767381,0.05,0.00035258237913457404,755461271998773,44691744,6,0,0.3235994161287413,0.14174107142857142,0.9945288753799393,0.9945288753799393,-0.9945288753799393,2,0.9945288753799393,1.0,0.010942249240121571,0.9726443768996961,1.0,1.0,1.0,1.0,"[0.9726443768996961,0.270509977827051,0.18148820326678766,0.2321699544764795,0.14304291287386217,0.14174107142857142]","[0.9726443768996961,1.0,1.0,1.0,1.0]",,,512,254.24481417390052,254253.828125,36.298833132954314,217.9459810409462,43.58919620818924,46.043754586949944,40144331310.185,251820423999591,239850764581638,11969659417953,1113554952,44691744,0,0,581031240,625722984,596.7359390258789,0.03547048241411436,1130.58740234375
uwave-all,ewc,uwave,2,56,resnet18_cifar,0.05,"[0.1,0.05,0.01]",last_epoch_train_mean,0.00035258237913457404,0.05,0.00035258237913457404,755461271998773,44691744,6,0,0.31373829284625104,0.14174107142857142,0.996352583586626,0.996352583586626,-0.996352583586626,2,0.996352583586626,1.0,0.007294832826747699,0.9817629179331308,1.0,1.0,1.0,1.0,"[0.9817629179331308,0.270509977827051,0.18148820326678766,0.1638846737481032,0.14304291287386217,0.14174107142857142]","[0.9817629179331308,1.0,1.0,1.0,1.0]","[0.009118541033434568,-0.049180327868852514,0.0,0.0,-0.009090909090909038,-0.07086614173228345]",-0.020003139609768406,512,254.49925981101114,254508.25390625,35.90761596895754,218.5916438420536,43.71832876841072,46.08767458307557,40144331310.185,251820423999591,239850764581638,11969659417953,1113554952,44691744,0,0,581031240,625722984,596.7359390258789,0.0360407947092816,1130.58740234375
uwave-all,ewc,uwave,2,56,resnet18_cifar,0.01,"[0.1,0.05,0.01]",last_epoch_train_mean,0.007423767918940229,0.05,0.00035258237913457404,755461271998773,44691744,6,0,0.3152580496851568,0.14174107142857142,0.998176291793313,0.998176291793313,-0.998176291793313,2,0.998176291793313,1.0,0.003647416413373872,0.9908814589665653,1.0,1.0,1.0,1.0,"[0.9908814589665653,0.270509977827051,0.18148820326678766,0.1638846737481032,0.14304291287386217,0.14174107142857142]","[0.9908814589665653,1.0,1.0,1.0,1.0]",,,512,254.3545270949835,254363.646484375,36.28592292999383,218.06860416498967,43.613720832997934,45.97164037101902,40144331310.185,251820423999591,239850764581638,11969659417953,1113554952,44691744,0,0,581031240,625722984,596.7359390258789,0.03673954363746036,1130.58740234375
uwave-all,ewc,uwave,3,48,resnet18_cifar,0.1,"[0.1,0.05,0.01]",last_epoch_train_mean,4.769059929474405e-05,0.1,4.769059929474405e-05,755491455786240,44691744,6,0,0.3115367852957357,0.12053571428571429,0.9994117647058823,0.9994117647058823,-0.9994117647058823,2,0.9994117647058823,1.0,0.00117647058823529,0.9970588235294118,1.0,1.0,1.0,1.0,"[0.9970588235294118,0.27194860813704497,0.1763668430335097,0.16371681415929204,0.13959390862944163,0.12053571428571429]","[0.9970588235294118,1.0,1.0,1.0,1.0]","[-0.00588235294117645,-0.007874015748031482,-0.020000000000000018,-0.036036036036036,-0.036363636363636376,0.0]",-0.01769267351481339,512,260.4626837479882,260471.9453125,34.176203356008045,226.28648039198015,45.25729607839603,45.94022241991479,40145259006.23109,251830485262080,239860825586278,11969659675802,1113554952,44691744,0,0,581031240,625722984,596.7359390258789,0.03763508123353988,1132.9423828125
uwave-all,ewc,uwave,3,48,resnet18_cifar,0.05,"[0.1,0.05,0.01]",last_epoch_train_mean,0.0022812616265486035,0.1,4.769059929474405e-05,755491455786240,44691744,6,0,0.3115367852957357,0.12053571428571429,0.9994117647058823,0.9994117647058823,-0.9994117647058823,2,0.9994117647058823,1.0,0.00117647058823529,0.9970588235294118,1.0,1.0,1.0,1.0,"[0.9970588235294118,0.27194860813704497,0.1763668430335097,0.16371681415929204,0.13959390862944163,0.12053571428571429]","[0.9970588235294118,1.0,1.0,1.0,1.0]",,,512,262.5088800311787,262517.455078125,34.47061586601194,228.03826416516677,45.607652833033356,46.23996694700327,40145259006.23109,251830485262080,239860825586278,11969659675802,1113554952,44691744,0,0,581031240,625722984,596.7359390258789,0.03623391850331765,1132.9423828125
uwave-all,ewc,uwave,3,48,resnet18_cifar,0.01,"[0.1,0.05,0.01]",last_epoch_train_mean,0.0024698624630516345,0.1,4.769059929474405e-05,755491455786240,44691744,6,0,0.31055639313887295,0.12053571428571429,0.9982352941176471,0.9982352941176471,-0.9982352941176471,2,0.9982352941176471,1.0,0.0035294117647058695,0.9911764705882353,1.0,1.0,1.0,1.0,"[0.9911764705882353,0.27194860813704497,0.1763668430335097,0.16371681415929204,0.13959390862944163,0.12053571428571429]","[0.9911764705882353,1.0,1.0,1.0,1.0]",,,512,263.1321575139882,263140.59765625,35.08363483194262,228.0485226820456,45.60970453640912,46.65040331997443,40145259006.23109,251830485262080,239860825586278,11969659675802,1113554952,44691744,0,0,581031240,625722984,596.7359390258789,0.03599493889591291,1132.9423828125
uwave-all,ewc,uwave,3,50,resnet18_cifar,0.1,"[0.1,0.05,0.01]",last_epoch_train_mean,0.013679404347409716,0.05,0.0025599645388897805,755491455786240,44691744,6,0,0.2968309029427945,0.12053571428571429,0.9817647058823529,0.9817647058823529,-0.9817647058823529,2,0.9817647058823529,1.0,0.03647058823529413,0.9088235294117647,1.0,1.0,1.0,1.0,"[0.9088235294117647,0.27194860813704497,0.1763668430335097,0.16371681415929204,0.13959390862944163,0.12053571428571429]","[0.9088235294117647,1.0,1.0,1.0,1.0]",,,512,263.745344519848,263754.02734375,34.910411893972196,228.8349326258758,45.76698652517516,46.37663782003801,40145259006.23109,251830485262080,239860825586278,11969659675802,1113554952,44691744,0,0,581031240,625722984,596.7359390258789,0.03848432801792764,1132.9423828125
uwave-all,ewc,uwave,3,50,resnet18_cifar,0.05,"[0.1,0.05,0.01]",last_epoch_train_mean,0.0025599645388897805,0.05,0.0025599645388897805,755491455786240,44691744,6,0,0.3116046249315901,0.12388392857142858,0.9934181240063593,0.9934181240063593,-0.9934181240063593,2,0.9934181240063593,1.0,0.010473364388446494,0.972972972972973,0.9941176470588236,1.0,1.0,1.0,"[0.9941176470588236,0.27194860813704497,0.1763668430335097,0.16371681415929204,0.13959390862944163,0.12388392857142858]","[0.9941176470588236,1.0,1.0,0.972972972972973,1.0]","[0.002941176470588225,-0.007874015748031482,0.0,-0.027027027027026973,-0.027272727272727226,0.0]",-0.00987209892953291,512,263.33719058090355,263345.5234375,34.83212180307601,228.50506877782755,45.70101375556551,46.450635142973624,40145259006.23109,251830485262080,239860825586278,11969659675802,1113554952,44691744,0,0,581031240,625722984,596.7359390258789,0.03531007587298518,1132.9423828125
uwave-all,ewc,uwave,3,50,resnet18_cifar,0.01,"[0.1,0.05,0.01]",last_epoch_train_mean,0.0038690788082086144,0.05,0.0025599645388897805,755491455786240,44691744,6,0,0.3110465892173043,0.12053571428571429,0.9988235294117647,0.9988235294117647,-0.9988235294117647,2,0.9988235294117647,1.0,0.00235294117647058,0.9941176470588236,1.0,1.0,1.0,1.0,"[0.9941176470588236,0.27194860813704497,0.1763668430335097,0.16371681415929204,0.13959390862944163,0.12053571428571429]","[0.9941176470588236,1.0,1.0,1.0,1.0]",,,512,260.8426121289376,260851.060546875,35.009688985999674,225.83292314293794,45.166584628587586,45.95817386696581,40145259006.23109,251830485262080,239860825586278,11969659675802,1113554952,44691744,0,0,581031240,625722984,596.7359390258789,0.03672040150247215,1132.9423828125
uwave-all,ewc,uwave,3,52,resnet18_cifar,0.1,"[0.1,0.05,0.01]",last_epoch_train_mean,7.543388874665627e-05,0.1,7.543388874665627e-05,755491455786240,44691744,6,0,0.3100661970604416,0.12053571428571429,0.9976470588235294,0.9976470588235294,-0.9976470588235294,2,0.9976470588235294,1.0,0.00470588235294116,0.9882352941176471,1.0,1.0,1.0,1.0,"[0.9882352941176471,0.27194860813704497,0.1763668430335097,0.16371681415929204,0.13959390862944163,0.12053571428571429]","[0.9882352941176471,1.0,1.0,1.0,1.0]","[0.0,-0.023622047244094446,-0.16000000000000003,-0.036036036036036,-0.045454545454545414,0.0]",-0.044185438122445984,512,260.2789552320028,260287.26953125,34.39235768397339,225.88659754802939,45.17731950960588,45.862829834921286,40145259006.23109,251830485262080,239860825586278,11969659675802,1113554952,44691744,0,0,581031240,625722984,596.7359390258789,0.03546053124279881,1132.9423828125
uwave-all,ewc,uwave,3,52,resnet18_cifar,0.05,"[0.1,0.05,0.01]",last_epoch_train_mean,0.0028076036668390827,0.1,7.543388874665627e-05,755491455786240,44691744,6,0,0.3100661970604416,0.12053571428571429,0.9976470588235294,0.9976470588235294,-0.9976470588235294,2,0.9976470588235294,1.0,0.00470588235294116,0.9882352941176471,1.0,1.0,1.0,1.0,"[0.9882352941176471,0.27194860813704497,0.1763668430335097,0.16371681415929204,0.13959390862944163,0.12053571428571429]","[0.9882352941176471,1.0,1.0,1.0,1.0]",,,512,260.62906900187954,260637.470703125,34.49365154304542,226.13541745883413,45.22708349176683,46.00765586993657,40145259006.23109,251830485262080,239860825586278,11969659675802,1113554952,44691744,0,0,581031240,625722984,596.7359390258789,0.03547348777439246,1132.9423828125
uwave-all,ewc,uwave,3,52,resnet18_cifar,0.01,"[0.1,0.05,0.01]",last_epoch_train_mean,0.00471354174155709,0.1,7.543388874665627e-05,755491455786240,44691744,6,0,0.31055639313887295,0.12053571428571429,0.9982352941176471,0.9982352941176471,-0.9982352941176471,2,0.9982352941176471,1.0,0.0035294117647058695,0.9911764705882353,1.0,1.0,1.0,1.0,"[0.9911764705882353,0.27194860813704497,0.1763668430335097,0.16371681415929204,0.13959390862944163,0.12053571428571429]","[0.9911764705882353,1.0,1.0,1.0,1.0]",,,512,261.85842545796186,261866.837890625,34.72763522400055,227.1307902339613,45.42615804679226,46.21760205097962,40145259006.23109,251830485262080,239860825586278,11969659675802,1113554952,44691744,0,0,581031240,625722984,596.7359390258789,0.03470297243828619,1132.9423828125
uwave-all,ewc,uwave,3,54,resnet18_cifar,0.1,"[0.1,0.05,0.01]",last_epoch_train_mean,0.02902746985180188,0.01,0.002911285226299238,755491455786240,44691744,6,0,0.30633064033775254,0.12165178571428571,0.9909411764705883,0.9909411764705883,-0.9909411764705883,2,0.9909411764705883,1.0,0.013677450945255168,0.9647058823529412,0.99,1.0,1.0,1.0,"[0.9647058823529412,0.27194860813704497,0.1763668430335097,0.16371681415929204,0.13959390862944163,0.12165178571428571]","[0.9647058823529412,1.0,0.99,1.0,1.0]",,,512,262.56275976006873,262571.181640625,34.52325041894801,228.03950934112072,45.60790186822415,46.506463056080975,40145259006.23109,251830485262080,239860825586278,11969659675802,1113554952,44691744,0,0,581031240,625722984,596.7359390258789,0.035523201014646996,1132.9423828125
uwave-all,ewc,uwave,3,54,resnet18_cifar,0.05,"[0.1,0.05,0.01]",last_epoch_train_mean,0.0032375789643059264,0.01,0.002911285226299238,755491455786240,44691744,6,0,0.3095760009820102,0.12053571428571429,0.9970588235294118,0.9970588235294118,-0.9970588235294118,2,0.9970588235294118,1.0,0.00588235294117645,0.9852941176470589,1.0,1.0,1.0,1.0,"[0.9852941176470589,0.27194860813704497,0.1763668430335097,0.16371681415929204,0.13959390862944163,0.12053571428571429]","[0.9852941176470589,1.0,1.0,1.0,1.0]",,,512,262.6612742759753,262669.728515625,34.80533353704959,227.8559407389257,45.57118814778514,46.309158087009564,40145259006.23109,251830485262080,239860825586278,11969659675802,1113554952,44691744,0,0,581031240,625722984,596.7359390258789,0.0386998592927869,1132.9423828125
uwave-all,ewc,uwave,3,54,resnet18_cifar,0.01,"[0.1,0.05,0.01]",last_epoch_train_mean,0.002911285226299238,0.01,0.002911285226299238,755491455786240,44691744,6,0,0.31055639313887295,0.12053571428571429,0.9982352941176471,0.9982352941176471,-0.9982352941176471,2,0.9982352941176471,1.0,0.0035294117647058695,0.9911764705882353,1.0,1.0,1.0,1.0,"[0.9911764705882353,0.27194860813704497,0.1763668430335097,0.16371681415929204,0.13959390862944163,0.12053571428571429]","[0.9911764705882353,1.0,1.0,1.0,1.0]","[0.002941176470588225,-0.007874015748031482,-0.010000000000000009,-0.027027027027026973,-0.036363636363636376,0.0]",-0.013053917111351102,512,262.9221841628896,262930.595703125,34.92392647091765,227.99825769197196,45.59965153839439,46.30784032295924,40145259006.23109,251830485262080,239860825586278,11969659675802,1113554952,44691744,0,0,581031240,625722984,596.7359390258789,0.03621153700805735,1132.9423828125
uwave-all,ewc,uwave,3,56,resnet18_cifar,0.1,"[0.1,0.05,0.01]",last_epoch_train_mean,5.505821655764022e-05,0.1,5.505821655764022e-05,755491455786240,44691744,6,0,0.3100661970604416,0.12053571428571429,0.9976470588235294,0.9976470588235294,-0.9976470588235294,2,0.9976470588235294,1.0,0.00470588235294116,0.9882352941176471,1.0,1.0,1.0,1.0,"[0.9882352941176471,0.27194860813704497,0.1763668430335097,0.16371681415929204,0.13959390862944163,0.12053571428571429]","[0.9882352941176471,1.0,1.0,1.0,1.0]","[0.0,-0.007874015748031482,-0.010000000000000009,-0.018018018018018056,-0.0636363636363636,0.0]",-0.016588066233735526,512,262.62428373401053,262632.6640625,34.82925322302617,227.79503051098436,45.559006102196875,46.2282914329553,40145259006.23109,251830485262080,239860825586278,11969659675802,1113554952,44691744,0,0,581031240,625722984,596.7359390258789,0.03499378245968338,1132.9423828125
uwave-all,ewc,uwave,3,56,resnet18_cifar,0.05,"[0.1,0.05,0.01]",last_epoch_train_mean,0.0027691966965300054,0.1,5.505821655764022e-05,755491455786240,44691744,6,0,0.3115367852957357,0.12053571428571429,0.9994117647058823,0.9994117647058823,-0.9994117647058823,2,0.9994117647058823,1.0,0.00117647058823529,0.9970588235294118,1.0,1.0,1.0,1.0,"[0.9970588235294118,0.27194860813704497,0.1763668430335097,0.16371681415929204,0.13959390862944163,0.12053571428571429]","[0.9970588235294118,1.0,1.0,1.0,1.0]",,,512,262.4244781928137,262432.92578125,34.77271759696305,227.65176059585065,45.53035211917013,46.34942569292616,40145259006.23109,251830485262080,239860825586278,11969659675802,1113554952,44691744,0,0,581031240,625722984,596.7359390258789,0.03632760295399099,1132.9423828125
uwave-all,ewc,uwave,3,56,resnet18_cifar,0.01,"[0.1,0.05,0.01]",last_epoch_train_mean,0.0034324032165917806,0.1,5.505821655764022e-05,755491455786240,44691744,6,0,0.3115367852957357,0.12053571428571429,0.9994117647058823,0.9994117647058823,-0.9994117647058823,2,0.9994117647058823,1.0,0.00117647058823529,0.9970588235294118,1.0,1.0,1.0,1.0,"[0.9970588235294118,0.27194860813704497,0.1763668430335097,0.16371681415929204,0.13959390862944163,0.12053571428571429]","[0.9970588235294118,1.0,1.0,1.0,1.0]",,,512,261.54097018402535,261553.16796875,34.32522960403003,227.21574057999533,45.443148115999065,46.20039846596774,40145259006.23109,251830485262080,239860825586278,11969659675802,1113554952,44691744,0,0,581031240,625722984,596.7359390258789,0.03808447984608522,1132.9423828125
uwave-all,icarl,uwave,1,48,resnet18_cifar,0.1,"[0.1,0.05,0.01]",last_epoch_train_mean,0.12334507042587678,0.05,0.1135062519187445,3388884099395055,44691744,6,0,0.9521391054682523,0.9497767857142857,0.004802800382765681,-0.0015278875869615405,0.0015278875869615405,4,0.004802800382765681,0.0055710306406684396,0.004144003188744563,0.0,0.0,0.009009009009009028,0.009433962264150941,0.6,"[0.9777158774373259,0.9808917197452229,0.9432989690721649,0.9258720930232558,0.9352791878172588,0.9497767857142857]","[0.0055710306406684396,0.0,0.009009009009009028,0.009433962264150941,0.0]",,,512,426.35610087565146,426369.6796875,38.60506308497861,387.75103779067285,77.55020755813457,83.2115134599153,39796197221.5999,1129628033131685,847634202082174,281993831049511,1113560584,44691744,24576000,16000,89501520,158785264,151.42942810058594,0.05487847985412892,926.90771484375
uwave-all,icarl,uwave,1,48,resnet18_cifar,0.05,"[0.1,0.05,0.01]",last_epoch_train_mean,0.1135062519187445,0.05,0.1135062519187445,3388884099395055,44691744,6,0,0.9608387360572932,0.953125,0.008305325819253407,0.002729939111791224,-0.002729939111791224,3,0.008305325819253407,0.005571030640668551,0.009963169929838952,0.0,0.0,0.008928571428571397,0.027027027027027084,0.6,"[0.9832869080779945,0.9830148619957537,0.9570446735395189,0.9418604651162791,0.9467005076142132,0.953125]","[0.005571030640668551,0.008928571428571397,0.027027027027027084,0.0,0.0]","[-0.013927576601671321,0.0,0.09009009009009006,0.14150943396226412,0.0,0.0]",0.03627865790844714,512,424.21468099497724,424227.96484375,36.255290776025504,387.95939021895174,77.59187804379035,83.69787103298586,39796197221.5999,1129628033131685,847634202082174,281993831049511,1113560584,44691744,24576000,16000,89501520,158785264,151.42942810058594,0.03996728810307104,927.02099609375
uwave-all,icarl,uwave,1,48,resnet18_cifar,0.01,"[0.1,0.05,0.01]",last_epoch_train_mean,0.12196583593747355,0.05,0.1135062519187445,3388884099395055,44691744,6,0,0.9556957642709878,0.9430803571428571,0.014776580648552052,0.009201193941089869,-0.009201193941089869,4,0.014776580648552052,0.010000000000000009,0.017392997805514673,0.0,0.0,0.01671309192200554,0.047169811320754707,0.6,"[0.9805013927576601,0.9830148619957537,0.9484536082474226,0.9375,0.9416243654822335,0.9430803571428571]","[0.01671309192200554,0.0,0.0,0.047169811320754707,0.010000000000000009]",,,512,423.8498741000658,423863.30078125,37.12423541303724,386.72563868702855,77.3451277374057,83.53309279505629,39796197221.5999,1129628033131685,847634202082174,281993831049511,1113560584,44691744,24576000,16000,89501520,158785264,151.42942810058594,0.03909884032639509,927.02099609375
uwave-all,icarl,uwave,1,50,resnet18_cifar,0.1,"[0.1,0.05,0.01]",last_epoch_train_mean,0.13112200169442723,0.05,0.11463548430221894,3388884099395055,44691744,6,0,0.9598437920247122,0.9542410714285714,0.008305325819253362,-0.002356050120201081,0.002356050120201081,3,0.008305325819253362,0.0055710306406684396,0.009963169929838915,0.0,0.0,0.008928571428571397,0.027027027027026973,0.6,"[0.9749303621169917,0.9830148619957537,0.9536082474226805,0.938953488372093,0.9543147208121827,0.9542410714285714]","[0.0055710306406684396,0.008928571428571397,0.027027027027026973,0.0,0.0]",,,512,423.16378149285447,423177.16796875,36.92335455794819,386.2404269349063,77.24808538698126,83.65130238002166,39796197221.5999,1129628033131685,847634202082174,281993831049511,1113560584,44691744,24576000,16000,89501520,158785264,151.42942810058594,0.040252559041878806,927.02099609375
uwave-all,icarl,uwave,1,50,resnet18_cifar,0.05,"[0.1,0.05,0.01]",last_epoch_train_mean,0.11463548430221894,0.05,0.11463548430221894,3388884099395055,44691744,6,0,0.9612427778647326,0.9486607142857143,0.010810810810810811,0.0072072072072072,-0.0072072072072072,3,0.010810810810810811,0.0,0.021621621621621623,0.0,0.0,0.0,0.05405405405405406,0.2,"[0.9832869080779945,0.9872611464968153,0.9553264604810997,0.9462209302325582,0.9467005076142132,0.9486607142857143]","[0.0,0.0,0.05405405405405406,0.0,0.0]","[-0.011142061281337101,0.0,0.10810810810810811,0.13207547169811318,0.030000000000000027,0.0]",0.043173586420814036,512,421.2532633440569,421266.3671875,36.33829732099548,384.9149660230614,76.98299320461228,83.0342840020312,39796197221.5999,1129628033131685,847634202082174,281993831049511,1113560584,44691744,24576000,16000,89501520,158785264,151.42942810058594,0.04071405575294713,927.02099609375
uwave-all,icarl,uwave,1,50,resnet18_cifar,0.01,"[0.1,0.05,0.01]",last_epoch_train_mean,0.12405256586693239,0.05,0.11463548430221894,3388884099395055,44691744,6,0,0.9481673170637536,0.9386160714285714,0.012482120003011365,0.0009349501916906088,-0.0009349501916906088,3,0.012482120003011365,0.0,0.02103642565280075,0.0,0.0,0.00835654596100277,0.05405405405405406,0.4,"[0.9777158774373259,0.9787685774946921,0.9501718213058419,0.9186046511627907,0.9251269035532995,0.9386160714285714]","[0.00835654596100277,0.0,0.05405405405405406,0.0,0.0]",,,512,421.47134122706484,421484.69921875,37.173024444957264,384.2983167821076,76.85966335642152,82.18722804100253,39796197221.5999,1129628033131685,847634202082174,281993831049511,1113560584,44691744,24576000,16000,89501520,158785264,151.42942810058594,0.041530529155612124,927.02099609375
uwave-all,icarl,uwave,1,52,resnet18_cifar,0.1,"[0.1,0.05,0.01]",last_epoch_train_mean,0.12709620091790672,0.05,0.11068457024715853,3388884099395055,44691744,6,0,0.9522601613244518,0.9520089285714286,0.005274912795804165,-0.004500669271783986,0.004500669271783986,3,0.005274912795804165,0.0,0.0071464299993672705,0.0,0.0,0.00835654596100277,0.018018018018018056,0.4,"[0.9693593314763231,0.9830148619957537,0.9467353951890034,0.936046511627907,0.9263959390862944,0.9520089285714286]","[0.00835654596100277,0.0,0.018018018018018056,0.0,0.0]",,,512,409.9695076389471,409982.33203125,35.50857412000187,374.46093351894524,74.89218670378905,80.61723537393846,39796197221.5999,1129628033131685,847634202082174,281993831049511,1113560584,44691744,24576000,16000,89501520,158785264,151.42942810058594,0.041569713045776426,927.02099609375
uwave-all,icarl,uwave,1,52,resnet18_cifar,0.05,"[0.1,0.05,0.01]",last_epoch_train_mean,0.11068457024715853,0.05,0.11068457024715853,3388884099395055,44691744,6,0,0.9577465042892173,0.9486607142857143,0.014010007589972884,0.006563915945768039,-0.006563915945768039,3,0.014010007589972884,0.009433962264150941,0.01592288005453371,0.0,0.0055710306406684396,0.010000000000000009,0.04504504504504503,0.8,"[0.9805013927576601,0.9787685774946921,0.9501718213058419,0.940406976744186,0.9479695431472082,0.9486607142857143]","[0.0055710306406684396,0.0,0.04504504504504503,0.009433962264150941,0.010000000000000009]","[-0.01114206128133699,0.008928571428571397,0.1351351351351352,0.1132075471698113,0.010000000000000009,0.0]",0.04268819874203015,512,400.9621735609835,400975.05078125,35.33858298195992,365.6235905790236,73.12471811580471,78.44797073106747,39796197221.5999,1129628033131685,847634202082174,281993831049511,1113560584,44691744,24576000,16000,89501520,158785264,151.42942810058594,0.03795366176616101,927.02099609375
uwave-all,icarl,uwave,1,52,resnet18_cifar,0.01,"[0.1,0.05,0.01]",last_epoch_train_mean,0.11998758327708159,0.05,0.11068457024715853,3388884099395055,44691744,6,0,0.9556908096248842,0.9441964285714286,0.014992063909181685,0.0013973949773603111,-0.0013973949773603111,4,0.014992063909181685,0.00835654596100277,0.021213246536844255,0.0,0.0,0.010000000000000009,0.05660377358490565,0.6,"[0.9777158774373259,0.9830148619957537,0.9450171821305842,0.9375,0.9467005076142132,0.9441964285714286]","[0.00835654596100277,0.0,0.0,0.05660377358490565,0.010000000000000009]",,,512,395.828115605982,395840.66796875,34.73708225192968,361.09103335405234,72.21820667081047,77.64589788205922,39796197221.5999,1129628033131685,847634202082174,281993831049511,1113560584,44691744,24576000,16000,89501520,158785264,151.42942810058594,0.03782088151638163,927.02099609375
uwave-all,icarl,uwave,1,54,resnet18_cifar,0.1,"[0.1,0.05,0.01]",last_epoch_train_mean,0.13197694074660296,0.05,0.11318517538307153,3388884099395055,44691744,6,0,0.9569152564192124,0.953125,0.016773319280283094,0.005226149468962338,-0.005226149468962338,3,0.016773319280283094,0.0,0.03217197415915003,0.0,0.0,0.002785515320334331,0.08108108108108114,0.4,"[0.9832869080779945,0.9851380042462845,0.9484536082474226,0.9273255813953488,0.9441624365482234,0.953125]","[0.002785515320334331,0.0,0.08108108108108114,0.0,0.0]",,,512,398.578124351101,398590.703125,34.80979186901823,363.76833248208277,72.75366649641656,78.35441669204738,39796197221.5999,1129628033131685,847634202082174,281993831049511,1113560584,44691744,24576000,16000,89501520,158785264,151.42942810058594,0.03811440988751461,927.02099609375
uwave-all,icarl,uwave,1,54,resnet18_cifar,0.05,"[0.1,0.05,0.01]",last_epoch_train_mean,0.11318517538307153,0.05,0.11318517538307153,3388884099395055,44691744,6,0,0.964495069848601,0.9542410714285714,0.008491394637397676,0.004887791033794065,-0.004887791033794065,4,0.008491394637397676,0.0055710306406684396,0.008380513316765934,0.0,0.0,0.018018018018018056,0.018867924528301883,0.6,"[0.9888579387186629,0.9893842887473461,0.9604810996563574,0.9447674418604651,0.949238578680203,0.9542410714285714]","[0.0055710306406684396,0.0,0.018018018018018056,0.018867924528301883,0.0]","[-0.01114206128133699,0.0,0.08108108108108103,0.13207547169811318,0.020000000000000018,0.0]",0.03700241524964287,512,398.8181579611264,398830.7578125,34.51181854400784,364.3063394171186,72.86126788342372,78.48347072396427,39796197221.5999,1129628033131685,847634202082174,281993831049511,1113560584,44691744,24576000,16000,89501520,158785264,151.42942810058594,0.03791659258110615,927.02099609375
uwave-all,icarl,uwave,1,54,resnet18_cifar,0.01,"[0.1,0.05,0.01]",last_epoch_train_mean,0.12371498262464126,0.05,0.11318517538307153,3388884099395055,44691744,6,0,0.9485586169795724,0.9397321428571429,0.012123215137142717,0.012123215137142717,-0.012123215137142717,3,0.012123215137142717,0.005571030640668551,0.01688330974188516,0.0,0.0,0.010000000000000009,0.04504504504504503,0.6,"[0.9749303621169917,0.9787685774946921,0.9432989690721649,0.9244186046511628,0.9302030456852792,0.9397321428571429]","[0.005571030640668551,0.0,0.04504504504504503,0.0,0.010000000000000009]",,,512,398.7723453181097,398784.87890625,34.98144133097958,363.79090398713015,72.75818079742604,78.27308412606362,39796197221.5999,1129628033131685,847634202082174,281993831049511,1113560584,44691744,24576000,16000,89501520,158785264,151.42942810058594,0.03686276444828503,927.02099609375
uwave-all,icarl,uwave,1,56,resnet18_cifar,0.1,"[0.1,0.05,0.01]",last_epoch_train_mean,0.12088058162085578,0.05,0.10964077528790976,3388884099395055,44691744,6,0,0.9552362592926436,0.9553571428571429,0.0034731109940023598,-0.01154836735766469,0.01154836735766469,3,0.0034731109940023598,0.0,0.004258675940699346,0.0,0.0,0.00835654596100277,0.009009009009009028,0.4,"[0.9832869080779945,0.9808917197452229,0.9398625429553265,0.9215116279069767,0.950507614213198,0.9553571428571429]","[0.00835654596100277,0.0,0.009009009009009028,0.0,0.0]",,,512,399.9697190710576,399982.56640625,37.57330741803162,362.396411653026,72.4792823306052,78.18425979593303,39796197221.5999,1129628033131685,847634202082174,281993831049511,1113560584,44691744,24576000,16000,89501520,158785264,151.42942810058594,0.03697031921287167,927.02099609375
uwave-all,icarl,uwave,1,56,resnet18_cifar,0.05,"[0.1,0.05,0.01]",last_epoch_train_mean,0.10964077528790976,0.05,0.10964077528790976,3388884099395055,44691744,6,0,0.9626346028445263,0.9598214285714286,0.0072072072072072,-0.006012469342658022,0.006012469342658022,3,0.0072072072072072,0.0,0.014414414414414399,0.0,0.0,0.0,0.036036036036036,0.2,"[0.9805013927576601,0.9808917197452229,0.9553264604810997,0.9462209302325582,0.9530456852791879,0.9598214285714286]","[0.0,0.0,0.036036036036036,0.0,0.0]","[0.0,0.008928571428571397,0.06306306306306309,0.1132075471698113,0.010000000000000009,0.0]",0.032533196943574295,512,395.5113158461172,395523.69140625,34.96428127295803,360.5470345731592,72.10940691463183,77.62196196301375,39796197221.5999,1129628033131685,847634202082174,281993831049511,1113560584,44691744,24576000,16000,89501520,158785264,151.42942810058594,0.03740992971350871,927.02099609375
uwave-all,icarl,uwave,1,56,resnet18_cifar,0.01,"[0.1,0.05,0.01]",last_epoch_train_mean,0.12292586248763039,0.05,0.10964077528790976,3388884099395055,44691744,6,0,0.9369508666081772,0.9252232142857143,0.006946221988004697,-0.0023866621090303354,0.0023866621090303354,3,0.006946221988004697,0.0,0.00851735188139866,0.0,0.0,0.01671309192200554,0.018018018018017945,0.4,"[0.9805013927576601,0.9745222929936306,0.9243986254295533,0.9084302325581395,0.9086294416243654,0.9252232142857143]","[0.01671309192200554,0.0,0.018018018018017945,0.0,0.0]",,,512,395.8058232399635,395818.08203125,34.76343083905522,361.0423924009083,72.20847848018165,77.56216151395347,39796197221.5999,1129628033131685,847634202082174,281993831049511,1113560584,44691744,24576000,16000,89501520,158785264,151.42942810058594,0.039476009078498464,927.02099609375
uwave-all,icarl,uwave,2,48,resnet18_cifar,0.1,"[0.1,0.05,0.01]",last_epoch_train_mean,0.11113406758812099,0.05,0.0899820946282533,3400596460115649,44691744,6,0,0.9465496422683932,0.9464285714285714,0.008505111909367247,-0.0111869504754053,0.0111869504754053,1,0.008505111909367247,0.0,0.012952496564407164,0.0,0.0,0.00909090909090915,0.033434650455927084,0.4,"[0.8905775075987842,0.9334811529933481,0.9673321234119783,0.9817905918057663,0.9596879063719116,0.9464285714285714]","[0.033434650455927084,0.0,0.0,0.0,0.00909090909090915]",,,512,399.4592794610653,399472.07421875,35.90157176996581,363.5577076910995,72.7115415382199,78.1836347579956,39772994189.45377,1133532153371883,850980551824634,282551601547249,1113560584,44691744,24576000,16000,89501520,158785264,151.42942810058594,0.05256353467432616,932.43896484375
uwave-all,icarl,uwave,2,48,resnet18_cifar,0.05,"[0.1,0.05,0.01]",last_epoch_train_mean,0.0899820946282533,0.05,0.0899820946282533,3400596460115649,44691744,6,0,0.9587644240350769,0.9464285714285714,0.010675877314175186,0.007184681200028265,-0.007184681200028265,3,0.010675877314175186,0.015197568389057725,0.008850681501445861,0.0,0.0,0.018181818181818188,0.020000000000000018,0.6,"[0.9665653495440729,0.9556541019955654,0.9637023593466425,0.9696509863429439,0.9505851755526658,0.9464285714285714]","[0.015197568389057725,0.0,0.020000000000000018,0.0,0.018181818181818188]","[0.024316109422492405,0.016393442622950838,-0.010000000000000009,0.01851851851851849,0.054545454545454564,0.07086614173228345]",0.02910661114028329,512,400.25509156205226,400267.84765625,36.01006993895862,364.24502162309363,72.84900432461873,77.7371762819821,39772994189.45377,1133532153371883,850980551824634,282551601547249,1113560584,44691744,24576000,16000,89501520,158785264,151.42942810058594,0.03829650021154001,932.43896484375
uwave-all,icarl,uwave,2,48,resnet18_cifar,0.01,"[0.1,0.05,0.01]",last_epoch_train_mean,0.09908576072658769,0.05,0.0899820946282533,3400596460115649,44691744,6,0,0.9676997491230632,0.9419642857142857,0.00868140370268029,0.004829551850828428,-0.004829551850828428,1,0.00868140370268029,0.009090909090909038,0.008911609891610398,0.0,0.0,0.010000000000000009,0.024316109422492405,0.6,"[0.9787234042553191,0.9711751662971175,0.9745916515426497,0.9787556904400607,0.9609882964889467,0.9419642857142857]","[0.024316109422492405,0.0,0.010000000000000009,0.0,0.009090909090909038]",,,512,398.7693762049312,398781.984375,35.86982944596093,362.89954675897025,72.57990935179404,77.67933788604569,39772994189.45377,1133532153371883,850980551824634,282551601547249,1113560584,44691744,24576000,16000,89501520,158785264,151.42942810058594,0.037721782194109564,932.43896484375
uwave-all,icarl,uwave,2,50,resnet18_cifar,0.1,"[0.1,0.05,0.01]",last_epoch_train_mean,0.10008496185707252,0.05,0.08914095539396014,3400596460115649,44691744,6,0,0.9686383667820145,0.9285714285714286,0.017528046421663435,0.006184998455664647,-0.006184998455664647,5,0.017528046421663435,0.02127659574468077,0.015092021198430684,0.0,0.0,0.030000000000000027,0.036363636363636376,0.6,"[0.9908814589665653,0.9645232815964523,0.9764065335753176,0.9787556904400607,0.9726918075422627,0.9285714285714286]","[0.02127659574468077,0.0,0.030000000000000027,0.0,0.036363636363636376]",,,512,399.6948791918112,399707.41015625,36.655946664046496,363.0389325277647,72.60778650555294,77.69859063299373,39772994189.45377,1133532153371883,850980551824634,282551601547249,1113560584,44691744,24576000,16000,89501520,158785264,151.42942810058594,0.036732614976894444,932.43896484375
uwave-all,icarl,uwave,2,50,resnet18_cifar,0.05,"[0.1,0.05,0.01]",last_epoch_train_mean,0.08914095539396014,0.05,0.08914095539396014,3400596460115649,44691744,6,0,0.9720992096737681,0.9464285714285714,0.024022540417378235,0.019775293419520844,-0.019775293419520844,3,0.024022540417378235,0.027355623100303927,0.014518793925817593,0.0,0.016393442622950838,0.036363636363636376,0.040000000000000036,0.8,"[0.9848024316109423,0.9689578713968958,0.9764065335753176,0.9833080424886191,0.9726918075422627,0.9464285714285714]","[0.027355623100303927,0.016393442622950838,0.040000000000000036,0.0,0.036363636363636376]","[0.006079027355623046,0.008196721311475419,0.020000000000000018,0.01851851851851849,0.009090909090909038,0.10236220472440949]",0.027374563500155918,512,395.7729148999788,395785.6328125,36.15296213096008,359.6199527690187,71.92399055380375,76.73693661601283,39772994189.45377,1133532153371883,850980551824634,282551601547249,1113560584,44691744,24576000,16000,89501520,158785264,151.42942810058594,0.03913928568571074,932.43896484375
uwave-all,icarl,uwave,2,50,resnet18_cifar,0.01,"[0.1,0.05,0.01]",last_epoch_train_mean,0.09800870221091355,0.05,0.08914095539396014,3400596460115649,44691744,6,0,0.9683274344901452,0.9386160714285714,0.017052912569480404,0.001589860100498397,-0.001589860100498397,5,0.017052912569480404,0.01851851851851849,0.0071078521684419665,0.008196721311475419,0.010000000000000009,0.021276595744680882,0.027272727272727226,1.0,"[0.9787234042553191,0.9778270509977827,0.9655172413793104,0.9817905918057663,0.9674902470741222,0.9386160714285714]","[0.021276595744680882,0.008196721311475419,0.010000000000000009,0.01851851851851849,0.027272727272727226]",,,512,396.23201217409223,396244.5546875,35.74505429610144,360.4869578779908,72.09739157559815,77.56496539199725,39772994189.45377,1133532153371883,850980551824634,282551601547249,1113560584,44691744,24576000,16000,89501520,158785264,151.42942810058594,0.03883998228307713,932.43896484375
uwave-all,icarl,uwave,2,52,resnet18_cifar,0.1,"[0.1,0.05,0.01]",last_epoch_train_mean,0.10550355761814549,0.05,0.08266288424243762,3400596460115649,44691744,6,0,0.9682468050203933,0.9598214285714286,0.019456379866564722,0.01745637986656472,-0.01745637986656472,1,0.019456379866564722,0.010000000000000009,0.01352584410342433,0.008196721311475419,0.00925925925925919,0.027272727272727337,0.04255319148936165,1.0,"[0.9908814589665653,0.9401330376940134,0.969147005444646,0.9833080424886191,0.9661898569570871,0.9598214285714286]","[0.04255319148936165,0.008196721311475419,0.010000000000000009,0.00925925925925919,0.027272727272727337]",,,512,399.24213207594585,399254.52734375,36.062866269028746,363.1792658069171,72.63585316138342,77.69983552407939,39772994189.45377,1133532153371883,850980551824634,282551601547249,1113560584,44691744,24576000,16000,89501520,158785264,151.42942810058594,0.045272126044437755,932.43896484375
uwave-all,icarl,uwave,2,52,resnet18_cifar,0.05,"[0.1,0.05,0.01]",last_epoch_train_mean,0.08266288424243762,0.05,0.08266288424243762,3400596460115649,44691744,6,0,0.9837311826080183,0.9642857142857143,0.014204358599196443,0.014204358599196443,-0.014204358599196443,1,0.014204358599196443,0.016393442622950838,0.012264238362471638,0.0,0.0,0.027272727272727337,0.02735562310030404,0.6,"[0.993920972644377,0.991130820399113,0.9872958257713249,0.9878603945371776,0.9778933680104032,0.9642857142857143]","[0.02735562310030404,0.016393442622950838,0.0,0.0,0.027272727272727337]","[-0.05167173252279644,-0.008196721311475419,0.0,0.0092592592592593,0.009090909090909038,0.04724409448818889]",0.0009543015006808949,512,401.0292734982213,401041.703125,36.18575613107532,364.843517367146,72.9687034734292,78.1708230250515,39772994189.45377,1133532153371883,850980551824634,282551601547249,1113560584,44691744,24576000,16000,89501520,158785264,151.42942810058594,0.03816797756631526,932.43896484375
uwave-all,icarl,uwave,2,52,resnet18_cifar,0.01,"[0.1,0.05,0.01]",last_epoch_train_mean,0.09633708453403791,0.05,0.08266288424243762,3400596460115649,44691744,6,0,0.9677193292015264,0.9363839285714286,0.018081373470281735,0.0008026849456915786,-0.0008026849456915786,5,0.018081373470281735,0.01823708206686936,0.01532415283343735,0.0,0.008196721311475419,0.01851851851851849,0.045454545454545414,0.8,"[0.9848024316109423,0.9733924611973392,0.9600725952813067,0.9802731411229135,0.9713914174252276,0.9363839285714286]","[0.01823708206686936,0.008196721311475419,0.0,0.01851851851851849,0.045454545454545414]",,,512,396.9510123691289,396963.5625,35.66571017703973,361.28530219208915,72.25706043841782,77.41508662106935,39772994189.45377,1133532153371883,850980551824634,282551601547249,1113560584,44691744,24576000,16000,89501520,158785264,151.42942810058594,0.037273942975194325,932.43896484375
uwave-all,icarl,uwave,2,54,resnet18_cifar,0.1,"[0.1,0.05,0.01]",last_epoch_train_mean,0.10513638882934925,0.05,0.08631010096944314,3400596460115649,44691744,6,0,0.9660246492488006,0.9453125,0.02548857351229168,0.023488573512291677,-0.023488573512291677,3,0.02548857351229168,0.032786885245901676,0.0147484650545203,0.0,0.018181818181818188,0.03647416413373861,0.039999999999999925,0.8,"[0.9908814589665653,0.9623059866962306,0.9600725952813067,0.9726858877086495,0.9648894668400521,0.9453125]","[0.03647416413373861,0.032786885245901676,0.039999999999999925,0.0,0.018181818181818188]",,,512,398.81309259997215,398825.578125,36.19867613003589,362.61441646993626,72.52288329398725,78.03091762494296,39772994189.45377,1133532153371883,850980551824634,282551601547249,1113560584,44691744,24576000,16000,89501520,158785264,151.42942810058594,0.03931771542348932,932.43896484375
uwave-all,icarl,uwave,2,54,resnet18_cifar,0.05,"[0.1,0.05,0.01]",last_epoch_train_mean,0.08631010096944314,0.05,0.08631010096944314,3400596460115649,44691744,6,0,0.9717445957257556,0.9575892857142857,0.013897209173804926,0.012257864911509842,-0.012257864911509842,1,0.013897209173804926,0.00909090909090915,0.013717484126158731,0.0,0.0,0.030000000000000027,0.03039513677811545,0.6,"[0.9908814589665653,0.9667405764966741,0.9709618874773139,0.9742033383915023,0.9700910273081924,0.9575892857142857]","[0.03039513677811545,0.0,0.030000000000000027,0.0,0.00909090909090915]","[-0.006079027355623046,0.024590163934426257,0.010000000000000009,0.0,0.027272727272727226,0.047244094488189003]",0.01717132638995324,512,398.30216215201654,398314.6796875,36.12784113595262,362.1743210160639,72.43486420321278,77.66487777500879,39772994189.45377,1133532153371883,850980551824634,282551601547249,1113560584,44691744,24576000,16000,89501520,158785264,151.42942810058594,0.03803927120316075,932.43896484375
uwave-all,icarl,uwave,2,54,resnet18_cifar,0.01,"[0.1,0.05,0.01]",last_epoch_train_mean,0.09784819259229041,0.05,0.08631010096944314,3400596460115649,44691744,6,0,0.964764947587068,0.9520089285714286,0.0036474164133738496,0.0036474164133738496,-0.0036474164133738496,1,0.0036474164133738496,0.0,0.007294832826747699,0.0,0.0,0.0,0.018237082066869248,0.2,"[0.9756838905775076,0.9645232815964523,0.9655172413793104,0.9711684370257967,0.9596879063719116,0.9520089285714286]","[0.018237082066869248,0.0,0.0,0.0,0.0]",,,512,400.1012248059269,400113.96875,36.747213755967095,363.3540110499598,72.67080220999196,77.98647810693365,39772994189.45377,1133532153371883,850980551824634,282551601547249,1113560584,44691744,24576000,16000,89501520,158785264,151.42942810058594,0.03870853366346897,932.43896484375
uwave-all,icarl,uwave,2,56,resnet18_cifar,0.1,"[0.1,0.05,0.01]",last_epoch_train_mean,0.10985808012615836,0.05,0.09305600324041599,3400596460115649,44691744,6,0,0.9676887491213414,0.9341517857142857,0.019319284495426792,0.014279770817615223,-0.014279770817615223,1,0.019319284495426792,0.009090909090909038,0.021550173959590625,0.0,0.008196721311475419,0.01851851851851849,0.06079027355623101,0.8,"[0.9665653495440729,0.975609756097561,0.9764065335753176,0.9833080424886191,0.9700910273081924,0.9341517857142857]","[0.06079027355623101,0.008196721311475419,0.0,0.01851851851851849,0.009090909090909038]",,,512,400.5470055860933,400559.55859375,36.666842664941214,363.8801629211521,72.77603258423042,78.1857361519942,39772994189.45377,1133532153371883,850980551824634,282551601547249,1113560584,44691744,24576000,16000,89501520,158785264,151.42942810058594,0.04135345976205177,932.43896484375
uwave-all,icarl,uwave,2,56,resnet18_cifar,0.05,"[0.1,0.05,0.01]",last_epoch_train_mean,0.09305600324041599,0.05,0.09305600324041599,3400596460115649,44691744,6,0,0.9760145836127719,0.9430803571428571,0.0296087853806724,0.027969441118377313,-0.027969441118377313,5,0.0296087853806724,0.030000000000000027,0.012409458584744813,0.008196721311475419,0.027355623100303927,0.03703703703703709,0.045454545454545525,1.0,"[0.9908814589665653,0.9778270509977827,0.985480943738657,0.9848254931714719,0.9739921976592978,0.9430803571428571]","[0.027355623100303927,0.008196721311475419,0.030000000000000027,0.03703703703703709,0.045454545454545525]","[0.0,-0.024590163934426257,0.0,0.01851851851851849,0.018181818181818188,0.07874015748031493]",0.015141721707704225,512,400.54961878980976,400562.23828125,36.66940778098069,363.88021100882906,72.77604220176582,77.4562920659082,39772994189.45377,1133532153371883,850980551824634,282551601547249,1113560584,44691744,24576000,16000,89501520,158785264,151.42942810058594,0.049355004453640765,932.43896484375
uwave-all,icarl,uwave,2,56,resnet18_cifar,0.01,"[0.1,0.05,0.01]",last_epoch_train_mean,0.09404757081776355,0.05,0.09305600324041599,3400596460115649,44691744,6,0,0.9620512416483215,0.9196428571428571,0.028373343278819397,0.014733999016524325,-0.014733999016524325,3,0.028373343278819397,0.02777777777777779,0.010070015906706841,0.016393442622950838,0.018181818181818188,0.03951367781155013,0.040000000000000036,1.0,"[0.9878419452887538,0.9667405764966741,0.9600725952813067,0.9757207890743551,0.9622886866059818,0.9196428571428571]","[0.03951367781155013,0.016393442622950838,0.040000000000000036,0.02777777777777779,0.018181818181818188]",,,512,399.9760398409562,399988.71484375,35.63549542299006,364.34054441796616,72.86810888359324,78.01108195306733,39772994189.45377,1133532153371883,850980551824634,282551601547249,1113560584,44691744,24576000,16000,89501520,158785264,151.42942810058594,0.04684588969082272,932.43896484375
uwave-all,icarl,uwave,3,48,resnet18_cifar,0.1,"[0.1,0.05,0.01]",last_epoch_train_mean,0.11957540468815683,0.05,0.09914573790052782,3393712582558845,44691744,6,0,0.9604564179789544,0.9464285714285714,0.002941176470588225,-0.06063909528291185,0.06063909528291185,1,0.002941176470588225,0.0,0.00588235294117645,0.0,0.0,0.0,0.014705882352941124,0.2,"[1.0,0.9785867237687366,0.982363315696649,0.9365781710914455,0.9187817258883249,0.9464285714285714]","[0.014705882352941124,0.0,0.0,0.0,0.0]",,,512,395.6337993539637,395646.234375,34.68527318700217,360.9485261669615,72.1897052333923,77.89018793602008,39782746795.13565,1131237527519615,849105416629834,282132110889781,1113560584,44691744,24576000,16000,89501520,158785264,151.42942810058594,0.03899081600268671,928.61669921875
uwave-all,icarl,uwave,3,48,resnet18_cifar,0.05,"[0.1,0.05,0.01]",last_epoch_train_mean,0.09914573790052782,0.05,0.09914573790052782,3393712582558845,44691744,6,0,0.9566385489426055,0.9352678571428571,0.00117647058823529,-0.02196631285376076,0.02196631285376076,1,0.00117647058823529,0.0,0.00235294117647058,0.0,0.0,0.0,0.00588235294117645,0.2,"[0.9970588235294118,0.9721627408993576,0.9805996472663139,0.9321533923303835,0.9225888324873096,0.9352678571428571]","[0.00588235294117645,0.0,0.0,0.0,0.0]","[-0.00588235294117645,0.055118110236220375,0.030000000000000027,0.3063063063063064,0.10909090909090913,0.0]",0.08243882878204324,512,396.5468076718971,396559.3125,34.596576035022736,361.9502316368744,72.39004632737488,77.99352064193226,39782746795.13565,1131237527519615,849105416629834,282132110889781,1113560584,44691744,24576000,16000,89501520,158785264,151.42942810058594,0.03894227237261865,928.61669921875
uwave-all,icarl,uwave,3,48,resnet18_cifar,0.01,"[0.1,0.05,0.01]",last_epoch_train_mean,0.10949356977935716,0.05,0.09914573790052782,3393712582558845,44691744,6,0,0.9536764846203433,0.9207589285714286,0.01655673695506954,0.01655673695506954,-0.01655673695506954,4,0.01655673695506954,0.00909090909090915,0.019153412872276652,0.0,0.007874015748031482,0.01176470588235301,0.05405405405405406,0.8,"[0.9911764705882353,0.987152034261242,0.9735449735449735,0.93952802359882,0.9098984771573604,0.9207589285714286]","[0.01176470588235301,0.007874015748031482,0.0,0.05405405405405406,0.00909090909090915]",,,512,394.61747338308487,394629.8203125,35.099184600054286,359.5182887830306,71.90365775660612,77.33172803500202,39782746795.13565,1131237527519615,849105416629834,282132110889781,1113560584,44691744,24576000,16000,89501520,158785264,151.42942810058594,0.03996911501807127,928.61669921875
uwave-all,icarl,uwave,3,50,resnet18_cifar,0.1,"[0.1,0.05,0.01]",last_epoch_train_mean,0.1077678069642473,0.05,0.10574764205328209,3393712582558845,44691744,6,0,0.9528967217390564,0.9441964285714286,0.01564002505178974,-0.03845446313718666,0.03845446313718666,4,0.01564002505178974,0.00588235294117645,0.017801167905641523,0.0,0.0,0.027272727272727226,0.04504504504504503,0.6,"[1.0,0.9336188436830836,0.9559082892416225,0.948377581120944,0.9352791878172588,0.9441964285714286]","[0.00588235294117645,0.0,0.0,0.04504504504504503,0.027272727272727226]",,,512,392.79299525206443,392805.35546875,34.371773315011524,358.4212219370529,71.68424438741059,76.92449029395357,39782746795.13565,1131237527519615,849105416629834,282132110889781,1113560584,44691744,24576000,16000,89501520,158785264,151.42942810058594,0.04145642417695074,928.61669921875
uwave-all,icarl,uwave,3,50,resnet18_cifar,0.05,"[0.1,0.05,0.01]",last_epoch_train_mean,0.10574764205328209,0.05,0.10574764205328209,3393712582558845,44691744,6,0,0.9621331318240872,0.9397321428571429,0.002406417112299453,-0.008119794138321267,0.008119794138321267,5,0.002406417112299453,0.0,0.003531031875768788,0.0,0.0,0.002941176470588225,0.009090909090909038,0.4,"[0.9970588235294118,0.987152034261242,0.9805996472663139,0.9380530973451328,0.9302030456852792,0.9397321428571429]","[0.002941176470588225,0.0,0.0,0.0,0.009090909090909038]","[0.0,0.03149606299212604,0.040000000000000036,0.2792792792792793,0.10000000000000009,0.0]",0.07512922371190091,512,394.0214278619969,394033.7734375,34.5231857659528,359.4982420960441,71.89964841920883,77.76923427393194,39782746795.13565,1131237527519615,849105416629834,282132110889781,1113560584,44691744,24576000,16000,89501520,158785264,151.42942810058594,0.03673620280356512,928.61669921875
uwave-all,icarl,uwave,3,50,resnet18_cifar,0.01,"[0.1,0.05,0.01]",last_epoch_train_mean,0.10787271764159787,0.05,0.10574764205328209,3393712582558845,44691744,6,0,0.9544208632256205,0.9185267857142857,0.03059791611899072,0.017688825209899804,-0.017688825209899804,4,0.03059791611899072,0.02352941176470591,0.03328272313473129,0.0,0.0,0.03937007874015752,0.09009009009009017,0.6,"[0.9941176470588236,0.9892933618843683,0.982363315696649,0.9424778761061947,0.899746192893401,0.9185267857142857]","[0.02352941176470591,0.03937007874015752,0.0,0.09009009009009017,0.0]",,,512,395.8494632700458,395861.9296875,34.83209343301132,361.0173698370345,72.2034739674069,77.69631241902243,39782746795.13565,1131237527519615,849105416629834,282132110889781,1113560584,44691744,24576000,16000,89501520,158785264,151.42942810058594,0.03813694508737951,928.61669921875
uwave-all,icarl,uwave,3,52,resnet18_cifar,0.1,"[0.1,0.05,0.01]",last_epoch_train_mean,0.1163646199817953,0.05,0.09693778540823626,3393712582558845,44691744,6,0,0.9565360547443845,0.9475446428571429,0.0037647058823529365,-0.04493177939403046,0.04493177939403046,3,0.0037647058823529365,0.0,0.004625789000314701,0.0,0.0,0.008823529411764675,0.010000000000000009,0.4,"[0.9970588235294118,0.9807280513918629,0.982363315696649,0.9203539823008849,0.9111675126903553,0.9475446428571429]","[0.008823529411764675,0.0,0.010000000000000009,0.0,0.0]",,,512,394.98289114807267,394995.30859375,34.72950828901958,360.2533828590531,72.05067657181061,77.90100175596308,39782746795.13565,1131237527519615,849105416629834,282132110889781,1113560584,44691744,24576000,16000,89501520,158785264,151.42942810058594,0.0373114287088226,928.61669921875
uwave-all,icarl,uwave,3,52,resnet18_cifar,0.05,"[0.1,0.05,0.01]",last_epoch_train_mean,0.09693778540823626,0.05,0.09693778540823626,3393712582558845,44691744,6,0,0.9462663363686485,0.9296875,0.006406417112299478,-0.02691005823289285,0.02691005823289285,3,0.006406417112299478,0.002941176470588225,0.007564181992079502,0.0,0.0,0.00909090909090915,0.020000000000000018,0.6,"[0.9911764705882353,0.9571734475374732,0.9629629629629629,0.9203539823008849,0.916243654822335,0.9296875]","[0.002941176470588225,0.0,0.020000000000000018,0.0,0.00909090909090915]","[-0.008823529411764786,0.12598425196850394,0.050000000000000044,0.32432432432432423,0.08181818181818179,0.0]",0.09555053811654086,512,394.11838303506374,394130.765625,34.82245002302807,359.2959330120357,71.85918660240714,77.40487574890722,39782746795.13565,1131237527519615,849105416629834,282132110889781,1113560584,44691744,24576000,16000,89501520,158785264,151.42942810058594,0.03913625005225185,928.61669921875
uwave-all,icarl,uwave,3,52,resnet18_cifar,0.01,"[0.1,0.05,0.01]",last_epoch_train_mean,0.1007408574831233,0.05,0.09693778540823626,3393712582558845,44691744,6,0,0.9567076316908718,0.9319196428571429,0.01619116442645856,0.014191164426458559,-0.014191164426458559,4,0.01619116442645856,0.01764705882352946,0.014443318204492166,0.0,0.0,0.027272727272727337,0.036036036036036,0.6,"[0.9911764705882353,0.9764453961456103,0.9735449735449735,0.948377581120944,0.9187817258883249,0.9319196428571429]","[0.01764705882352946,0.0,0.0,0.036036036036036,0.027272727272727337]",,,512,393.7781275450252,393794.6640625,34.478032724000514,359.3000948210247,71.86001896420494,76.9994741739938,39782746795.13565,1131237527519615,849105416629834,282132110889781,1113560584,44691744,24576000,16000,89501520,158785264,151.42942810058594,0.03662529018453954,928.61669921875
uwave-all,icarl,uwave,3,54,resnet18_cifar,0.1,"[0.1,0.05,0.01]",last_epoch_train_mean,0.12583855629502075,0.01,0.10335128224450263,3393712582558845,44691744,6,0,0.9676353617826353,0.9508928571428571,0.005799402080087579,-0.008132214575938513,0.008132214575938513,5,0.005799402080087579,0.002941176470588225,0.006827354289847032,0.0,0.0,0.007874015748031482,0.018181818181818188,0.6,"[0.9970588235294118,0.9892933618843683,0.9876543209876543,0.9469026548672567,0.934010152284264,0.9508928571428571]","[0.002941176470588225,0.007874015748031482,0.0,0.0,0.018181818181818188]",,,512,394.51354160695337,394525.9609375,34.86184700403828,359.6516946029151,71.93033892058301,77.61663501500152,39782746795.13565,1131237527519615,849105416629834,282132110889781,1113560584,44691744,24576000,16000,89501520,158785264,151.42942810058594,0.03889869848145671,928.61669921875
uwave-all,icarl,uwave,3,54,resnet18_cifar,0.05,"[0.1,0.05,0.01]",last_epoch_train_mean,0.11164679936153075,0.01,0.10335128224450263,3393712582558845,44691744,6,0,0.9627188817232094,0.9441964285714286,0.0033395090319592313,-0.009491641373994341,0.009491641373994341,1,0.0033395090319592313,0.0,0.004101053338054448,0.0,0.0,0.007874015748031482,0.008823529411764675,0.4,"[0.9970588235294118,0.9892933618843683,0.9841269841269841,0.9542772861356932,0.9073604060913706,0.9441964285714286]","[0.008823529411764675,0.007874015748031482,0.0,0.0,0.0]",,,512,394.89418356784154,394906.390625,34.384563767001964,360.5096198008396,72.10192396016791,77.75993631896563,39782746795.13565,1131237527519615,849105416629834,282132110889781,1113560584,44691744,24576000,16000,89501520,158785264,151.42942810058594,0.038103022494137155,928.61669921875
uwave-all,icarl,uwave,3,54,resnet18_cifar,0.01,"[0.1,0.05,0.01]",last_epoch_train_mean,0.10335128224450263,0.01,0.10335128224450263,3393712582558845,44691744,6,0,0.9549510093121499,0.9174107142857143,0.04809755479509999,0.046097554795099985,-0.046097554795099985,4,0.04809755479509999,0.018181818181818188,0.06285170780603075,0.0,0.01176470588235301,0.03937007874015752,0.1711711711711712,0.8,"[0.9911764705882353,0.9807280513918629,0.9770723104056437,0.9572271386430679,0.9060913705583756,0.9174107142857143]","[0.01176470588235301,0.03937007874015752,0.0,0.1711711711711712,0.018181818181818188]","[0.002941176470588225,0.015748031496062964,0.040000000000000036,0.07207207207207211,0.17272727272727273,0.0]",0.05058142546099934,512,397.1093681199709,397121.6484375,34.76089870801661,362.3484694119543,72.46969388239086,77.57833078096155,39782746795.13565,1131237527519615,849105416629834,282132110889781,1113560584,44691744,24576000,16000,89501520,158785264,151.42942810058594,0.037859177349933555,928.61669921875
uwave-all,icarl,uwave,3,56,resnet18_cifar,0.1,"[0.1,0.05,0.01]",last_epoch_train_mean,0.10568383233971153,0.05,0.10203807635709862,3393712582558845,44691744,6,0,0.9648966802644194,0.9352678571428571,0.02609355879944115,0.009992544399214131,-0.009992544399214131,4,0.02609355879944115,0.010000000000000009,0.028159477055417645,0.0,0.002941176470588225,0.045454545454545525,0.072072072072072,0.8,"[1.0,0.987152034261242,0.9841269841269841,0.9424778761061947,0.9403553299492385,0.9352678571428571]","[0.002941176470588225,0.0,0.010000000000000009,0.072072072072072,0.045454545454545525]",,,512,394.7701750600245,394783.13671875,34.225624623009935,360.54455043701455,72.1089100874029,77.06211257295217,39782746795.13565,1131237527519615,849105416629834,282132110889781,1113560584,44691744,24576000,16000,89501520,158785264,151.42942810058594,0.03743700887883149,928.61669921875
uwave-all,icarl,uwave,3,56,resnet18_cifar,0.05,"[0.1,0.05,0.01]",last_epoch_train_mean,0.10203807635709862,0.05,0.10203807635709862,3393712582558845,44691744,6,0,0.9739000339789864,0.9575892857142857,0.007758346581875975,-0.0033912597173366477,0.0033912597173366477,4,0.007758346581875975,0.0,0.010657474241070277,0.0,0.0,0.0117647058823529,0.027027027027026973,0.4,"[1.0,0.987152034261242,0.9805996472663139,0.967551622418879,0.950507614213198,0.9575892857142857]","[0.0117647058823529,0.0,0.0,0.027027027027026973,0.0]","[-0.002941176470588225,0.03149606299212604,0.06000000000000005,0.10810810810810811,0.08181818181818179,0.0]",0.0464135294079713,512,398.29287432320416,398305.171875,34.71449845598545,363.5783758672187,72.71567517344374,78.40327618306037,39782746795.13565,1131237527519615,849105416629834,282132110889781,1113560584,44691744,24576000,16000,89501520,158785264,151.42942810058594,0.03909388864745519,928.61669921875
uwave-all,icarl,uwave,3,56,resnet18_cifar,0.01,"[0.1,0.05,0.01]",last_epoch_train_mean,0.10920798558541261,0.05,0.10203807635709862,3393712582558845,44691744,6,0,0.95003374322803,0.9185267857142857,0.009240389069013432,-0.00578499995637558,0.00578499995637558,2,0.009240389069013432,0.0,0.012500728051188044,0.0,0.0,0.014705882352941235,0.03149606299212593,0.4,"[0.9882352941176471,0.9785867237687366,0.9664902998236331,0.9410029498525073,0.9073604060913706,0.9185267857142857]","[0.014705882352941235,0.03149606299212593,0.0,0.0,0.0]",,,512,398.1971871940186,398209.796875,34.86589554895181,363.3312916450668,72.66625832901336,77.66425771208014,39782746795.13565,1131237527519615,849105416629834,282132110889781,1113560584,44691744,24576000,16000,89501520,158785264,151.42942810058594,0.042437716469326654,928.61669921875
uwave-all,er_ace,uwave,1,48,resnet18_cifar,0.1,"[0.1,0.05,0.01]",last_epoch_train_mean,0.0026963273881299966,0.05,0.0005335046992682547,2283733756244034,44691744,6,0,0.9567300189894876,0.953125,0.03657503757953118,0.005449286352476546,-0.005449286352476546,4,0.03657503757953118,0.009009009009008917,0.05322767352819282,0.0,0.005571030640668551,0.0267857142857143,0.14150943396226412,0.8,"[0.9665738161559888,0.9745222929936306,0.9570446735395189,0.9462209302325582,0.9428934010152284,0.953125]","[0.005571030640668551,0.0267857142857143,0.009009009009008917,0.14150943396226412,0.0]",,,512,157.2184697871562,157224.65625,37.90183778805658,119.31663199909963,23.863326399819925,24.3353281019954,20064661474.2104,761244585414678,587146938887078,174097646527600,1113554952,44691744,24576000,16000,44738376,114022120,108.7399673461914,0.05338013735516662,1382.24755859375
uwave-all,er_ace,uwave,1,48,resnet18_cifar,0.05,"[0.1,0.05,0.01]",last_epoch_train_mean,0.0005335046992682547,0.05,0.0005335046992682547,2283733756244034,44691744,6,0,0.9725287435859357,0.9732142857142857,0.008617531180205296,-0.012391817791407833,0.012391817791407833,1,0.008617531180205296,0.0,0.010787274898450877,0.0,0.0,0.018018018018018056,0.025069637883008422,0.4,"[0.9832869080779945,0.9851380042462845,0.9725085910652921,0.9476744186046512,0.9733502538071066,0.9732142857142857]","[0.025069637883008422,0.0,0.018018018018018056,0.0,0.0]","[-0.013927576601671321,0.0,0.009009009009009028,0.06603773584905659,0.020000000000000018,0.0]",0.01351986137606572,512,156.22077975806314,156226.990234375,36.24504618300125,119.9757335750619,23.99514671501238,24.46096108003985,20064661474.2104,761244585414678,587146938887078,174097646527600,1113554952,44691744,24576000,16000,44738376,114022120,108.7399673461914,0.04032134282689575,1385.49853515625
uwave-all,er_ace,uwave,1,48,resnet18_cifar,0.01,"[0.1,0.05,0.01]",last_epoch_train_mean,0.0024869681657415576,0.05,0.0005335046992682547,2283733756244034,44691744,6,0,0.9637012281141452,0.9620535714285714,0.01028884037240585,-0.0163523290989523,0.0163523290989523,1,0.01028884037240585,0.0,0.01351042233704791,0.0,0.0,0.018018018018018056,0.03342618384401119,0.4,"[0.9777158774373259,0.9808917197452229,0.9639175257731959,0.9433139534883721,0.9543147208121827,0.9620535714285714]","[0.03342618384401119,0.0,0.018018018018018056,0.0,0.0]",,,512,153.97967531601898,153985.833984375,35.86733475304209,118.1123405629769,23.622468112595378,24.037819977034815,20064661474.2104,761244585414678,587146938887078,174097646527600,1113554952,44691744,24576000,16000,44738376,114022120,108.7399673461914,0.04038558836327866,1385.49853515625
uwave-all,er_ace,uwave,1,50,resnet18_cifar,0.1,"[0.1,0.05,0.01]",last_epoch_train_mean,0.0007869294521077412,0.05,0.0006892606731920412,2283733756244034,44691744,6,0,0.95741347831436,0.9676339285714286,0.0023428173497811455,-0.012990066747253892,0.012990066747253892,2,0.0023428173497811455,0.0,0.0034650979115384596,0.0,0.0,0.002785515320334331,0.008928571428571397,0.4,"[0.9749303621169917,0.9617834394904459,0.9673539518900344,0.9375,0.9352791878172588,0.9676339285714286]","[0.002785515320334331,0.008928571428571397,0.0,0.0,0.0]",,,512,153.0027524541365,153008.595703125,35.404280875111,117.5984715790255,23.5196943158051,23.945806705974974,20064661474.2104,761244585414678,587146938887078,174097646527600,1113554952,44691744,24576000,16000,44738376,114022120,108.7399673461914,0.03890453444910236,1385.49853515625
uwave-all,er_ace,uwave,1,50,resnet18_cifar,0.05,"[0.1,0.05,0.01]",last_epoch_train_mean,0.0006892606731920412,0.05,0.0006892606731920412,2283733756244034,44691744,6,0,0.966078878449408,0.9698660714285714,0.004456824512534818,-0.013019481189739234,0.013019481189739234,1,0.004456824512534818,0.0,0.008913649025069637,0.0,0.0,0.0,0.02228412256267409,0.2,"[0.9693593314763231,0.9830148619957537,0.9707903780068728,0.9491279069767442,0.9543147208121827,0.9698660714285714]","[0.02228412256267409,0.0,0.0,0.0,0.0]","[0.0027855153203342198,0.008928571428571397,0.009009009009009028,0.06603773584905659,0.040000000000000036,0.0]",0.021126805267828546,512,153.19821253488772,153204.28125,35.23148847895209,117.96672405593563,23.593344811187126,24.12382809398696,20064661474.2104,761244585414678,587146938887078,174097646527600,1113554952,44691744,24576000,16000,44738376,114022120,108.7399673461914,0.03832865305802053,1385.49853515625
uwave-all,er_ace,uwave,1,50,resnet18_cifar,0.01,"[0.1,0.05,0.01]",last_epoch_train_mean,0.0017617014422188553,0.05,0.0006892606731920412,2283733756244034,44691744,6,0,0.9648061075669289,0.9631696428571429,0.007913847990449651,-0.013208708528333269,0.013208708528333269,1,0.007913847990449651,0.0,0.01187792073768152,0.0,0.0,0.008928571428571397,0.03064066852367686,0.4,"[0.9777158774373259,0.9787685774946921,0.9639175257731959,0.9534883720930233,0.9517766497461929,0.9631696428571429]","[0.03064066852367686,0.008928571428571397,0.0,0.0,0.0]",,,512,153.03262498788536,153038.697265625,35.61353414889891,117.41909083898645,23.48381816779729,24.04337047203444,20064661474.2104,761244585414678,587146938887078,174097646527600,1113554952,44691744,24576000,16000,44738376,114022120,108.7399673461914,0.04047753996668949,1385.49853515625
uwave-all,er_ace,uwave,1,52,resnet18_cifar,0.1,"[0.1,0.05,0.01]",last_epoch_train_mean,0.0014820006239203226,0.05,0.0007555704760628926,2283733756244034,44691744,6,0,0.9537799535909862,0.9654017857142857,0.004887791033794086,-0.02166872774913977,0.02166872774913977,4,0.004887791033794086,0.0,0.007315496599066592,0.0,0.0,0.005571030640668551,0.018867924528301883,0.4,"[0.9693593314763231,0.970276008492569,0.9570446735395189,0.9215116279069767,0.9390862944162437,0.9654017857142857]","[0.005571030640668551,0.0,0.0,0.018867924528301883,0.0]",,,512,151.5849389481591,151590.978515625,34.89306769100949,116.69187125714961,23.338374251429922,23.811402925057337,20064661474.2104,761244585414678,587146938887078,174097646527600,1113554952,44691744,24576000,16000,44738376,114022120,108.7399673461914,0.037662743514894306,1385.49853515625
uwave-all,er_ace,uwave,1,52,resnet18_cifar,0.05,"[0.1,0.05,0.01]",last_epoch_train_mean,0.0007555704760628926,0.05,0.0007555704760628926,2283733756244034,44691744,6,0,0.9601724685394365,0.9587053571428571,0.014776674804529977,-0.004688699064034107,0.004688699064034107,2,0.014776674804529977,0.011142061281337101,0.014410866262679702,0.0,0.0,0.027027027027027084,0.0357142857142857,0.6,"[0.9721448467966574,0.9766454352441614,0.9673539518900344,0.9331395348837209,0.9530456852791879,0.9587053571428571]","[0.011142061281337101,0.0357142857142857,0.027027027027027084,0.0,0.0]","[-0.0027855153203342198,0.008928571428571397,0.04504504504504503,0.08490566037735847,0.040000000000000036,0.02777777777777779]",0.03397858988473642,512,151.0633642139146,151069.30078125,34.80469118594192,116.25867302797269,23.25173460559454,23.710258472012356,20064661474.2104,761244585414678,587146938887078,174097646527600,1113554952,44691744,24576000,16000,44738376,114022120,108.7399673461914,0.03706947336468147,1385.49853515625
uwave-all,er_ace,uwave,1,52,resnet18_cifar,0.01,"[0.1,0.05,0.01]",last_epoch_train_mean,0.002205578756592838,0.05,0.0007555704760628926,2283733756244034,44691744,6,0,0.9642203934941386,0.9642857142857143,0.0102727528563183,-0.020113784624558796,0.020113784624558796,1,0.0102727528563183,0.008928571428571397,0.012251890802795751,0.0,0.0,0.009009009009009028,0.03342618384401108,0.6,"[0.9805013927576601,0.9808917197452229,0.9621993127147767,0.9418604651162791,0.9555837563451777,0.9642857142857143]","[0.03342618384401108,0.008928571428571397,0.009009009009009028,0.0,0.0]",,,512,151.5692709091818,151575.29296875,35.0859453571029,116.4833255520789,23.29666511041578,23.823982708039694,20064661474.2104,761244585414678,587146938887078,174097646527600,1113554952,44691744,24576000,16000,44738376,114022120,108.7399673461914,0.03913758908830849,1385.49853515625
uwave-all,er_ace,uwave,1,54,resnet18_cifar,0.1,"[0.1,0.05,0.01]",last_epoch_train_mean,0.0014252446126192808,0.05,0.0005432095938048994,2283733756244034,44691744,6,0,0.944047105480477,0.9520089285714286,0.02547252671286937,-0.0006068181306263965,0.0006068181306263965,4,0.02547252671286937,0.005571030640668551,0.03969985943093494,0.0,0.0,0.018018018018017945,0.10377358490566035,0.6,"[0.9693593314763231,0.9575371549893843,0.9587628865979382,0.8837209302325582,0.9428934010152284,0.9520089285714286]","[0.005571030640668551,0.0,0.018018018018017945,0.10377358490566035,0.0]",,,512,152.8224708980415,152828.564453125,35.87292699702084,116.94954390102066,23.38990878020413,23.772983305039816,20064661474.2104,761244585414678,587146938887078,174097646527600,1113554952,44691744,24576000,16000,44738376,114022120,108.7399673461914,0.038260694574481544,1385.49853515625
uwave-all,er_ace,uwave,1,54,resnet18_cifar,0.05,"[0.1,0.05,0.01]",last_epoch_train_mean,0.0005432095938048994,0.05,0.0005432095938048994,2283733756244034,44691744,6,0,0.967220050938094,0.9654017857142857,0.012345614127292782,-0.014537294526730605,0.014537294526730605,1,0.012345614127292782,0.0,0.015206811772928522,0.0,0.0,0.028301886792452824,0.03342618384401108,0.4,"[0.9777158774373259,0.9808917197452229,0.9673539518900344,0.9462209302325582,0.9657360406091371,0.9654017857142857]","[0.03342618384401108,0.0,0.0,0.028301886792452824,0.0]","[0.0,0.017857142857142905,0.018018018018017945,0.06603773584905659,0.040000000000000036,0.0]",0.023652149454036247,512,152.23871679697186,152244.75,35.00660828698892,117.23210850998294,23.446421701996588,23.83710473496467,20064661474.2104,761244585414678,587146938887078,174097646527600,1113554952,44691744,24576000,16000,44738376,114022120,108.7399673461914,0.03728022082733722,1385.49853515625
uwave-all,er_ace,uwave,1,54,resnet18_cifar,0.01,"[0.1,0.05,0.01]",last_epoch_train_mean,0.0021415783619854302,0.05,0.0005432095938048994,2283733756244034,44691744,6,0,0.9622536246140819,0.96875,0.00984614240185271,-0.03327868458146484,0.03327868458146484,1,0.00984614240185271,0.008928571428571397,0.009123791738670893,0.0,0.0,0.018018018018018056,0.02228412256267409,0.6,"[0.9749303621169917,0.9766454352441614,0.9604810996563574,0.934593023255814,0.9581218274111675,0.96875]","[0.02228412256267409,0.008928571428571397,0.018018018018018056,0.0,0.0]",,,512,150.9947816360509,151000.619140625,34.89327335509006,116.10150828096084,23.22030165619217,23.65199651196599,20064661474.2104,761244585414678,587146938887078,174097646527600,1113554952,44691744,24576000,16000,44738376,114022120,108.7399673461914,0.038124896231498236,1385.49853515625
uwave-all,er_ace,uwave,1,56,resnet18_cifar,0.1,"[0.1,0.05,0.01]",last_epoch_train_mean,0.001007707304304746,0.05,0.0007300044567554991,2283733756244034,44691744,6,0,0.9735592950448334,0.9787946428571429,0.007031212639033124,-0.028971057825501488,0.028971057825501488,1,0.007031212639033124,0.009009009009009028,0.00636081084521061,0.0,0.0,0.009433962264150941,0.016713091922005652,0.6,"[0.9832869080779945,0.9851380042462845,0.9621993127147767,0.9636627906976745,0.9682741116751269,0.9787946428571429]","[0.016713091922005652,0.0,0.009009009009009028,0.009433962264150941,0.0]",,,512,151.31329277902842,151319.302734375,35.11848329892382,116.1948094801046,23.238961896020918,23.67235808505211,20064661474.2104,761244585414678,587146938887078,174097646527600,1113554952,44691744,24576000,16000,44738376,114022120,108.7399673461914,0.03778378582605261,1385.49853515625
uwave-all,er_ace,uwave,1,56,resnet18_cifar,0.05,"[0.1,0.05,0.01]",last_epoch_train_mean,0.0007300044567554991,0.05,0.0007300044567554991,2283733756244034,44691744,6,0,0.9667366018581788,0.9676339285714286,0.013404244046883451,-0.02031483756842458,0.02031483756842458,1,0.013404244046883451,0.009433962264150941,0.0103329548560897,0.0,0.008928571428571397,0.018018018018018056,0.03064066852367686,0.8,"[0.9832869080779945,0.9808917197452229,0.9639175257731959,0.938953488372093,0.9657360406091371,0.9676339285714286]","[0.03064066852367686,0.008928571428571397,0.018018018018018056,0.009433962264150941,0.0]","[-0.002785515320334331,0.008928571428571397,0.0,0.07547169811320753,0.040000000000000036,0.01851851851851849]",0.02335554545666052,512,151.73341344390064,151739.466796875,35.381765333004296,116.35164811089635,23.27032962217927,23.679606374935247,20064661474.2104,761244585414678,587146938887078,174097646527600,1113554952,44691744,24576000,16000,44738376,114022120,108.7399673461914,0.038946393942751456,1385.49853515625
uwave-all,er_ace,uwave,1,56,resnet18_cifar,0.01,"[0.1,0.05,0.01]",last_epoch_train_mean,0.0021495261946610643,0.05,0.0007300044567554991,2283733756244034,44691744,6,0,0.9653669181393002,0.9654017857142857,0.009259624895300522,-0.028702299293038757,0.028702299293038757,1,0.009259624895300522,0.009009009009009028,0.010172199185025562,0.0,0.0,0.009433962264150941,0.027855153203342642,0.6,"[0.9777158774373259,0.9830148619957537,0.9639175257731959,0.938953488372093,0.9631979695431472,0.9654017857142857]","[0.027855153203342642,0.0,0.009009009009009028,0.009433962264150941,0.0]",,,512,151.19129823998082,151197.4140625,34.56695813697297,116.62434010300785,23.32486802060157,23.84366386302281,20064661474.2104,761244585414678,587146938887078,174097646527600,1113554952,44691744,24576000,16000,44738376,114022120,108.7399673461914,0.03972693528859444,1385.49853515625
uwave-all,er_ace,uwave,2,48,resnet18_cifar,0.1,"[0.1,0.05,0.01]",last_epoch_train_mean,0.005589511464876886,0.1,0.005589511464876886,2243608808007714,44691744,6,0,0.9573408447330487,0.953125,0.01821286561363298,-0.024214247042987892,0.024214247042987892,1,0.01821286561363298,0.024590163934426257,0.015339481361999112,0.0,0.0,0.030000000000000027,0.03647416413373861,0.6,"[0.9878419452887538,0.9600886917960089,0.969147005444646,0.9089529590288316,0.9648894668400521,0.953125]","[0.03647416413373861,0.024590163934426257,0.030000000000000027,0.0,0.0]","[0.0,0.08196721311475408,0.010000000000000009,0.0092592592592593,0.13636363636363635,-0.015748031496062964]",0.03697367954026446,512,150.8830803700257,150889.02734375,36.74633032409474,114.13675004593097,22.827350009186194,23.986233575968072,20064682948.292942,747869602669238,578236006350038,169633596319200,1113554952,44691744,24576000,16000,44738376,114022120,108.7399673461914,0.05383534568993907,1385.03515625
uwave-all,er_ace,uwave,2,48,resnet18_cifar,0.05,"[0.1,0.05,0.01]",last_epoch_train_mean,0.016450043410647822,0.1,0.005589511464876886,2243608808007714,44691744,6,0,0.9637979159320961,0.9654017857142857,0.004283462794101078,-0.04416194063142094,0.04416194063142094,1,0.004283462794101078,0.0,0.0053256344006999195,0.0,0.0,0.00925925925925919,0.012158054711246202,0.4,"[0.9848024316109423,0.9512195121951219,0.969147005444646,0.9681335356600911,0.9440832249674902,0.9654017857142857]","[0.012158054711246202,0.0,0.0,0.00925925925925919,0.0]",,,512,149.84184404101688,149847.83984375,36.58574692904949,113.25609711196739,22.651219422393478,23.665200019953772,20064682948.292942,747869602669238,578236006350038,169633596319200,1113554952,44691744,24576000,16000,44738376,114022120,108.7399673461914,0.039718869629723486,1385.03515625
uwave-all,er_ace,uwave,2,48,resnet18_cifar,0.01,"[0.1,0.05,0.01]",last_epoch_train_mean,0.006092916785870565,0.1,0.005589511464876886,2243608808007714,44691744,6,0,0.9788481118434195,0.9609375,0.01199376226094051,-0.0073305188010454716,0.0073305188010454716,1,0.01199376226094051,0.010000000000000009,0.008080845929096536,0.0,0.0092592592592593,0.016393442622950838,0.024316109422492405,0.8,"[0.993920972644377,0.975609756097561,0.9818511796733213,0.9893778452200304,0.9713914174252276,0.9609375]","[0.024316109422492405,0.016393442622950838,0.010000000000000009,0.0092592592592593,0.0]",,,512,149.62762482708786,149633.708984375,36.485776697983965,113.14184812910389,22.628369625820778,23.55673911096528,20064682948.292942,747869602669238,578236006350038,169633596319200,1113554952,44691744,24576000,16000,44738376,114022120,108.7399673461914,0.03888492847181624,1385.03515625
uwave-all,er_ace,uwave,2,50,resnet18_cifar,0.1,"[0.1,0.05,0.01]",last_epoch_train_mean,0.01025841294789975,0.01,0.005383466897364577,2243608808007714,44691744,6,0,0.8988076762274056,0.9363839285714286,0.0036474164133738496,-0.14384776997473198,0.14384776997473198,1,0.0036474164133738496,0.0,0.007294832826747699,0.0,0.0,0.0,0.018237082066869248,0.2,"[0.7537993920972644,0.8780487804878049,0.9165154264972777,0.9666160849772383,0.94148244473342,0.9363839285714286]","[0.018237082066869248,0.0,0.0,0.0,0.0]",,,512,149.94844878814183,149954.451171875,36.605575855006464,113.34287293313537,22.668574586627074,23.788904465036467,20064682948.292942,747869602669238,578236006350038,169633596319200,1113554952,44691744,24576000,16000,44738376,114022120,108.7399673461914,0.04571173667500261,1385.03515625
uwave-all,er_ace,uwave,2,50,resnet18_cifar,0.05,"[0.1,0.05,0.01]",last_epoch_train_mean,0.007218045971891896,0.01,0.005383466897364577,2243608808007714,44691744,6,0,0.9094938513279933,0.9609375,0.006255319148936156,-0.12928849979355733,0.12928849979355733,1,0.006255319148936156,0.0,0.008450425293526135,0.0,0.0,0.010000000000000009,0.02127659574468077,0.4,"[0.6382978723404256,0.9356984478935698,0.9818511796733213,0.9817905918057663,0.9583875162548765,0.9609375]","[0.02127659574468077,0.0,0.010000000000000009,0.0,0.0]",,,512,149.87215769093018,149878.419921875,36.7997794119874,113.07237827894278,22.614475655788556,23.762165523017757,20064682948.292942,747869602669238,578236006350038,169633596319200,1113554952,44691744,24576000,16000,44738376,114022120,108.7399673461914,0.03873139628142651,1385.03515625
uwave-all,er_ace,uwave,2,50,resnet18_cifar,0.01,"[0.1,0.05,0.01]",last_epoch_train_mean,0.005383466897364577,0.01,0.005383466897364577,2243608808007714,44691744,6,0,0.9773488395537709,0.9631696428571429,0.009534007673526324,-0.021262702598593797,0.021262702598593797,1,0.009534007673526324,0.010000000000000009,0.008566819432207676,0.0,0.0,0.016393442622950838,0.02127659574468077,0.6,"[0.9908814589665653,0.9645232815964523,0.9836660617059891,0.9878603945371776,0.9739921976592978,0.9631696428571429]","[0.02127659574468077,0.016393442622950838,0.010000000000000009,0.0,0.0]","[-0.003039513677811523,0.08196721311475408,0.010000000000000009,0.0092592592592593,0.045454545454545414,0.09448818897637801]",0.03968828218785422,512,149.76359527395107,149769.9609375,36.65755297197029,113.10604230198078,22.621208460396154,23.59604188706726,20064682948.292942,747869602669238,578236006350038,169633596319200,1113554952,44691744,24576000,16000,44738376,114022120,108.7399673461914,0.03921748118175726,1385.03515625
uwave-all,er_ace,uwave,2,52,resnet18_cifar,0.1,"[0.1,0.05,0.01]",last_epoch_train_mean,0.004853403575365661,0.05,0.0029908238961759257,2243608808007714,44691744,6,0,0.9658489893913549,0.9553571428571429,0.00607902735562309,-0.022144926602547833,0.022144926602547833,1,0.00607902735562309,0.0,0.01215805471124618,0.0,0.0,0.0,0.03039513677811545,0.2,"[0.9878419452887538,0.9667405764966741,0.9764065335753176,0.9620637329286799,0.9466840052015605,0.9553571428571429]","[0.03039513677811545,0.0,0.0,0.0,0.0]",,,512,149.69877111609094,149705.3125,36.7376234610565,112.96114765503444,22.592229531006886,23.47528210899327,20064682948.292942,747869602669238,578236006350038,169633596319200,1113554952,44691744,24576000,16000,44738376,114022120,108.7399673461914,0.03925354901314547,1385.03515625
uwave-all,er_ace,uwave,2,52,resnet18_cifar,0.05,"[0.1,0.05,0.01]",last_epoch_train_mean,0.0029908238961759257,0.05,0.0029908238961759257,2243608808007714,44691744,6,0,0.9761262791747995,0.9542410714285714,0.016934177089042813,-0.02092720988012233,0.02092720988012233,3,0.016934177089042813,0.008196721311475419,0.01768456457534417,0.0,0.0,0.03647416413373861,0.040000000000000036,0.6,"[0.9878419452887538,0.9645232815964523,0.985480943738657,0.9893778452200304,0.9752925877763329,0.9542410714285714]","[0.03647416413373861,0.008196721311475419,0.040000000000000036,0.0,0.0]","[-0.045592705167173286,0.09836065573770492,0.010000000000000009,0.01851851851851849,0.054545454545454564,0.10236220472440938]",0.039699021393152345,512,150.0014719691826,150007.609375,36.87971994606778,113.12175202311482,22.624350404622966,23.720092731993645,20064682948.292942,747869602669238,578236006350038,169633596319200,1113554952,44691744,24576000,16000,44738376,114022120,108.7399673461914,0.038177800109094405,1385.03515625
uwave-all,er_ace,uwave,2,52,resnet18_cifar,0.01,"[0.1,0.05,0.01]",last_epoch_train_mean,0.005915471646229266,0.05,0.0029908238961759257,2243608808007714,44691744,6,0,0.9815406714570676,0.96875,0.00995754646469682,-0.012530945007401217,0.012530945007401217,2,0.00995754646469682,0.010000000000000009,0.009379537187719523,0.0,0.0,0.015197568389057836,0.024590163934426257,0.6,"[0.993920972644377,0.975609756097561,0.9891107078039928,0.9878603945371776,0.9739921976592978,0.96875]","[0.015197568389057836,0.024590163934426257,0.010000000000000009,0.0,0.0]",,,512,149.45135166600812,149457.41796875,36.59493466990534,112.85641699610278,22.571283399220555,23.381071871030144,20064682948.292942,747869602669238,578236006350038,169633596319200,1113554952,44691744,24576000,16000,44738376,114022120,108.7399673461914,0.03865164528958433,1385.03515625
uwave-all,er_ace,uwave,2,54,resnet18_cifar,0.1,"[0.1,0.05,0.01]",last_epoch_train_mean,0.009274693576976072,0.01,0.006010378479708081,2243608808007714,44691744,6,0,0.9744765663324936,0.9609375,0.0058946634112312605,-0.029327062040002395,0.029327062040002395,1,0.0058946634112312605,0.0,0.008320390412498985,0.0,0.0,0.008196721311475419,0.021276595744680882,0.4,"[0.993920972644377,0.9623059866962306,0.9836660617059891,0.9772382397572079,0.9687906371911573,0.9609375]","[0.021276595744680882,0.008196721311475419,0.0,0.0,0.0]",,,512,149.5092062469339,149515.1953125,36.31581644201651,113.19338980491739,22.63867796098348,23.66238669597078,20064682948.292942,747869602669238,578236006350038,169633596319200,1113554952,44691744,24576000,16000,44738376,114022120,108.7399673461914,0.0410427510360023,1385.03515625
uwave-all,er_ace,uwave,2,54,resnet18_cifar,0.05,"[0.1,0.05,0.01]",last_epoch_train_mean,0.007219639297587664,0.01,0.006010378479708081,2243608808007714,44691744,6,0,0.9751261430706504,0.9609375,0.010565449200259125,-0.035349878944577216,0.035349878944577216,2,0.010565449200259125,0.010000000000000009,0.009789011600967741,0.0,0.0,0.01823708206686936,0.024590163934426257,0.6,"[0.993920972644377,0.9645232815964523,0.9872958257713249,0.9817905918057663,0.9622886866059818,0.9609375]","[0.01823708206686936,0.024590163934426257,0.010000000000000009,0.0,0.0]",,,512,150.36560090282,150377.869140625,36.788708869949915,113.57689203287009,22.71537840657402,23.4999970078934,20064682948.292942,747869602669238,578236006350038,169633596319200,1113554952,44691744,24576000,16000,44738376,114022120,108.7399673461914,0.039652653738033096,1385.03515625
uwave-all,er_ace,uwave,2,54,resnet18_cifar,0.01,"[0.1,0.05,0.01]",last_epoch_train_mean,0.006010378479708081,0.01,0.006010378479708081,2243608808007714,44691744,6,0,0.9738739046507635,0.9642857142857143,0.01147112462006079,-0.0159548010542081,0.0159548010542081,3,0.01147112462006079,0.0,0.014074065617020971,0.0,0.0,0.027355623100303927,0.030000000000000027,0.4,"[0.9726443768996961,0.9733924611973392,0.9782214156079855,0.9833080424886191,0.9713914174252276,0.9642857142857143]","[0.027355623100303927,0.0,0.030000000000000027,0.0,0.0]","[0.018237082066869248,0.0491803278688524,0.030000000000000027,0.01851851851851849,0.054545454545454564,0.055118110236220486]",0.037599915539319205,512,150.16692608303856,150173.193359375,36.69172549096402,113.47520059207454,22.69504011841491,23.874379281071015,20064682948.292942,747869602669238,578236006350038,169633596319200,1113554952,44691744,24576000,16000,44738376,114022120,108.7399673461914,0.039476404188982475,1385.03515625
uwave-all,er_ace,uwave,2,56,resnet18_cifar,0.1,"[0.1,0.05,0.01]",last_epoch_train_mean,0.013578063982601253,0.05,0.003974310829256839,2243608808007714,44691744,6,0,0.9628246964107768,0.9486607142857143,0.017542079824605115,-0.02883937117282078,0.02883937117282078,3,0.017542079824605115,0.008196721311475419,0.018384200562379088,0.0,0.0,0.03951367781155013,0.040000000000000036,0.6,"[0.9787234042553191,0.9689578713968958,0.9618874773139746,0.9681335356600911,0.9505851755526658,0.9486607142857143]","[0.03951367781155013,0.008196721311475419,0.040000000000000036,0.0,0.0]",,,512,147.143998382031,147150.033203125,36.33997637103312,110.80402201099787,22.160804402199574,23.18911905994173,20064682948.292942,747869602669238,578236006350038,169633596319200,1113554952,44691744,24576000,16000,44738376,114022120,108.7399673461914,0.04001842743101796,1385.03515625
uwave-all,er_ace,uwave,2,56,resnet18_cifar,0.05,"[0.1,0.05,0.01]",last_epoch_train_mean,0.003974310829256839,0.05,0.003974310829256839,2243608808007714,44691744,6,0,0.9644301256469711,0.9587053571428571,0.00607902735562309,-0.05644670801559535,0.05644670801559535,1,0.00607902735562309,0.0,0.01215805471124618,0.0,0.0,0.0,0.03039513677811545,0.2,"[0.9817629179331308,0.9445676274944568,0.9745916515426497,0.9620637329286799,0.9648894668400521,0.9587053571428571]","[0.03039513677811545,0.0,0.0,0.0,0.0]","[0.009118541033434568,0.11475409836065564,0.030000000000000027,0.04629629629629628,0.10000000000000009,0.07086614173228345]",0.06183917957044501,512,146.71795635996386,146723.98828125,36.16855157597456,110.5494047839893,22.10988095679786,22.909217713982798,20064682948.292942,747869602669238,578236006350038,169633596319200,1113554952,44691744,24576000,16000,44738376,114022120,108.7399673461914,0.03985263953966621,1385.03515625
uwave-all,er_ace,uwave,2,56,resnet18_cifar,0.01,"[0.1,0.05,0.01]",last_epoch_train_mean,0.006593138279552479,0.05,0.003974310829256839,2243608808007714,44691744,6,0,0.98021793924915,0.9720982142857143,0.0036474164133738717,-0.02954063900418975,0.02954063900418975,1,0.0036474164133738717,0.0,0.007294832826747743,0.0,0.0,0.0,0.01823708206686936,0.2,"[0.993920972644377,0.9689578713968958,0.9872958257713249,0.9863429438543247,0.9726918075422627,0.9720982142857143]","[0.01823708206686936,0.0,0.0,0.0,0.0]",,,512,145.7755843369523,145781.783203125,35.61064133606851,110.1649430008838,22.032988600176758,22.827124648960307,20064682948.292942,747869602669238,578236006350038,169633596319200,1113554952,44691744,24576000,16000,44738376,114022120,108.7399673461914,0.038514394873345736,1385.03515625
uwave-all,er_ace,uwave,3,48,resnet18_cifar,0.1,"[0.1,0.05,0.01]",last_epoch_train_mean,0.0017238031945034729,0.05,0.0007907257392689322,2283733747582914,44691744,6,0,0.9697288661051934,0.9464285714285714,0.037070907869425705,-0.002864668365363121,0.002864668365363121,2,0.037070907869425705,0.020000000000000018,0.04247791616434577,0.0,0.009009009009009028,0.038235294117647034,0.11811023622047245,0.8,"[0.9970588235294118,0.9807280513918629,0.9753086419753086,0.9823008849557522,0.9365482233502538,0.9464285714285714]","[0.038235294117647034,0.11811023622047245,0.020000000000000018,0.009009009009009028,0.0]",,,512,147.44537215691525,147451.2890625,34.108876595972106,113.33649556094315,22.66729911218863,23.148313972982578,20064649988.03767,761244582527638,587146936000038,174097646527600,1113554952,44691744,24576000,16000,44738376,114022120,108.7399673461914,0.03906363027843846,1385.03515625
uwave-all,er_ace,uwave,3,48,resnet18_cifar,0.05,"[0.1,0.05,0.01]",last_epoch_train_mean,0.0007907257392689322,0.05,0.0007907257392689322,2283733747582914,44691744,6,0,0.9824043183001344,0.9732142857142857,0.016239166447596286,-0.024846016086405177,0.024846016086405177,4,0.016239166447596286,0.015748031496062964,0.014785774634708771,0.0,0.0,0.02941176470588236,0.03603603603603611,0.6,"[1.0,0.987152034261242,0.9894179894179894,0.9852507374631269,0.9593908629441624,0.9732142857142857]","[0.02941176470588236,0.015748031496062964,0.0,0.03603603603603611,0.0]","[-0.008823529411764675,0.015748031496062964,0.040000000000000036,0.009009009009009028,0.10000000000000009,0.0092592592592593]",0.027532128392094457,512,147.04131747584324,147047.14453125,34.21561739395838,112.82570008188486,22.565140016376972,23.104724034899846,20064649988.03767,761244582527638,587146936000038,174097646527600,1113554952,44691744,24576000,16000,44738376,114022120,108.7399673461914,0.036595493059264426,1385.03515625
uwave-all,er_ace,uwave,3,48,resnet18_cifar,0.01,"[0.1,0.05,0.01]",last_epoch_train_mean,0.002395822188561469,0.05,0.0007907257392689322,2283733747582914,44691744,6,0,0.9769174172443381,0.9631696428571429,0.028703353654720033,-0.0011706620933114697,0.0011706620933114697,2,0.028703353654720033,0.026470588235294135,0.026348161917209,0.0,0.0,0.05405405405405406,0.06299212598425197,0.6,"[0.9911764705882353,0.9785867237687366,0.9894179894179894,0.9823008849557522,0.9568527918781726,0.9631696428571429]","[0.026470588235294135,0.06299212598425197,0.0,0.05405405405405406,0.0]",,,512,147.6730306620011,147679.103515625,33.53135384200141,114.1416768199997,22.82833536399994,23.0332919920329,20064649988.03767,761244582527638,587146936000038,174097646527600,1113554952,44691744,24576000,16000,44738376,114022120,108.7399673461914,0.04245115945065793,1385.03515625
uwave-all,er_ace,uwave,3,50,resnet18_cifar,0.1,"[0.1,0.05,0.01]",last_epoch_train_mean,0.0039474465214622625,0.05,0.0007764228642300035,2283733747582914,44691744,6,0,0.96006921181799,0.9453125,0.024470037429740986,-0.011891533792413856,0.011891533792413856,4,0.024470037429740986,0.01764705882352935,0.02983168735199386,0.0,0.0,0.023622047244094557,0.08108108108108103,0.6,"[0.9705882352941176,0.9635974304068522,0.9753086419753086,0.9601769911504425,0.9454314720812182,0.9453125]","[0.01764705882352935,0.023622047244094557,0.0,0.08108108108108103,0.0]",,,512,143.52395766496193,143529.76953125,33.0714944669744,110.45246319798753,22.090492639597507,22.56492039002478,20064649988.03767,761244582527638,587146936000038,174097646527600,1113554952,44691744,24576000,16000,44738376,114022120,108.7399673461914,0.037107083569156075,1385.03515625
uwave-all,er_ace,uwave,3,50,resnet18_cifar,0.05,"[0.1,0.05,0.01]",last_epoch_train_mean,0.0007764228642300035,0.05,0.0007764228642300035,2283733747582914,44691744,6,0,0.9813532688157837,0.9709821428571429,0.01529798997700802,-0.01600892820902087,0.01600892820902087,4,0.01529798997700802,0.014705882352941124,0.011770445006768713,0.0,0.010000000000000009,0.015748031496062964,0.036036036036036,0.8,"[0.9970588235294118,0.9807280513918629,0.9947089947089947,0.9852507374631269,0.9593908629441624,0.9709821428571429]","[0.014705882352941124,0.015748031496062964,0.010000000000000009,0.036036036036036,0.0]","[0.0,0.06299212598425197,0.020000000000000018,0.027027027027027084,0.09090909090909094,0.01851851851851849]",0.036574460406481414,512,142.3780388358282,142383.998046875,32.95593404304236,109.42210479278583,21.884420958557165,22.413914854987524,20064649988.03767,761244582527638,587146936000038,174097646527600,1113554952,44691744,24576000,16000,44738376,114022120,108.7399673461914,0.036926617992451484,1385.03515625
uwave-all,er_ace,uwave,3,50,resnet18_cifar,0.01,"[0.1,0.05,0.01]",last_epoch_train_mean,0.0024341925333740307,0.05,0.0007764228642300035,2283733747582914,44691744,6,0,0.9749495163758836,0.9587053571428571,0.03349172331201049,-0.00208021655914199,0.00208021655914199,2,0.03349172331201049,0.02352941176470591,0.028439815515814103,0.0,0.010000000000000009,0.06306306306306309,0.07086614173228345,0.8,"[0.9941176470588236,0.9785867237687366,0.9858906525573192,0.9793510324483776,0.9530456852791879,0.9587053571428571]","[0.02352941176470591,0.07086614173228345,0.010000000000000009,0.06306306306306309,0.0]",,,512,144.19071673916187,144196.330078125,33.265479022986256,110.92523771617562,22.18504754323512,22.70638188603334,20064649988.03767,761244582527638,587146936000038,174097646527600,1113554952,44691744,24576000,16000,44738376,114022120,108.7399673461914,0.03747756246801665,1385.03515625
uwave-all,er_ace,uwave,3,52,resnet18_cifar,0.1,"[0.1,0.05,0.01]",last_epoch_train_mean,0.002027528354304686,0.05,0.00051312852136799,2283733747582914,44691744,6,0,0.9698899005027246,0.9564732142857143,0.034703353654720034,-0.016923323845973236,0.016923323845973236,2,0.034703353654720034,0.030000000000000027,0.022221282423812133,0.0,0.026470588235294135,0.05405405405405406,0.06299212598425197,0.8,"[0.9941176470588236,0.9657387580299786,0.9841269841269841,0.9734513274336283,0.9454314720812182,0.9564732142857143]","[0.026470588235294135,0.06299212598425197,0.030000000000000027,0.05405405405405406,0.0]",,,512,142.1453342109453,142151.05078125,32.81411871802993,109.33121549291536,21.866243098583073,22.352771045989357,20064649988.03767,761244582527638,587146936000038,174097646527600,1113554952,44691744,24576000,16000,44738376,114022120,108.7399673461914,0.03595474338778461,1385.03515625
uwave-all,er_ace,uwave,3,52,resnet18_cifar,0.05,"[0.1,0.05,0.01]",last_epoch_train_mean,0.00051312852136799,0.05,0.00051312852136799,2283733747582914,44691744,6,0,0.9749804329460017,0.9564732142857143,0.047043534502543304,-0.00622666407196284,0.00622666407196284,2,0.047043534502543304,0.020000000000000018,0.04762727607152509,0.0,0.00588235294117645,0.09909909909909909,0.11023622047244097,0.8,"[0.9911764705882353,0.9764453961456103,0.9929453262786596,0.9734513274336283,0.9593908629441624,0.9564732142857143]","[0.00588235294117645,0.11023622047244097,0.020000000000000018,0.09909909909909909,0.0]","[-0.008823529411764786,0.06299212598425197,0.0,0.05405405405405406,0.10909090909090913,0.01851851851851849]",0.039305346372661476,512,143.00148953008465,143007.267578125,33.45906927494798,109.54242025513668,21.908484051027337,22.43119293800555,20064649988.03767,761244582527638,587146936000038,174097646527600,1113554952,44691744,24576000,16000,44738376,114022120,108.7399673461914,0.03588815512297775,1385.03515625
uwave-all,er_ace,uwave,3,52,resnet18_cifar,0.01,"[0.1,0.05,0.01]",last_epoch_train_mean,0.0022753853066535914,0.05,0.00051312852136799,2283733747582914,44691744,6,0,0.9762934673689213,0.953125,0.037562001093265594,0.00744460667665856,-0.00744460667665856,2,0.037562001093265594,0.02941176470588236,0.034603898975965615,0.0,0.020000000000000018,0.03603603603603611,0.10236220472440949,0.8,"[0.9911764705882353,0.9850107066381156,0.9911816578483245,0.9778761061946902,0.9593908629441624,0.953125]","[0.02941176470588236,0.10236220472440949,0.020000000000000018,0.03603603603603611,0.0]",,,512,142.24003564903978,142245.81640625,32.99883785098791,109.24119779805187,21.848239559610374,22.443998444010504,20064649988.03767,761244582527638,587146936000038,174097646527600,1113554952,44691744,24576000,16000,44738376,114022120,108.7399673461914,0.035648579276832085,1385.03515625
uwave-all,er_ace,uwave,3,54,resnet18_cifar,0.1,"[0.1,0.05,0.01]",last_epoch_train_mean,0.001179352381052367,0.05,0.0007348422546236389,2283733747582914,44691744,6,0,0.9565245643826424,0.9497767857142857,0.03761766583628556,-0.023848794771444172,0.023848794771444172,2,0.03761766583628556,0.03529411764705881,0.027173825587633375,0.0,0.020000000000000018,0.05405405405405406,0.07874015748031493,0.8,"[0.9823529411764705,0.9785867237687366,0.9788359788359788,0.8952802359882006,0.9543147208121827,0.9497767857142857]","[0.03529411764705881,0.07874015748031493,0.020000000000000018,0.05405405405405406,0.0]",,,512,142.389753533178,142395.501953125,33.220802323077805,109.1689512101002,21.83379024202004,22.383774710004218,20064649988.03767,761244582527638,587146936000038,174097646527600,1113554952,44691744,24576000,16000,44738376,114022120,108.7399673461914,0.03613723207048939,1385.03515625
uwave-all,er_ace,uwave,3,54,resnet18_cifar,0.05,"[0.1,0.05,0.01]",last_epoch_train_mean,0.0007348422546236389,0.05,0.0007348422546236389,2283733747582914,44691744,6,0,0.9669104730656374,0.9520089285714286,0.029966692955113516,-0.029748578508189415,0.029748578508189415,2,0.029966692955113516,0.010000000000000009,0.04066214098290625,0.0,0.009009009009008917,0.020588235294117685,0.11023622047244097,0.8,"[0.9911764705882353,0.961456102783726,0.982363315696649,0.9690265486725663,0.9454314720812182,0.9520089285714286]","[0.020588235294117685,0.11023622047244097,0.010000000000000009,0.009009009009008917,0.0]","[0.008823529411764675,0.07086614173228345,0.020000000000000018,0.072072072072072,0.17272727272727273,0.04629629629629628]",0.06513088537328153,512,142.17868561903015,142184.482421875,32.77922767098062,109.39945794804953,21.879891589609905,22.07025753695052,20064649988.03767,761244582527638,587146936000038,174097646527600,1113554952,44691744,24576000,16000,44738376,114022120,108.7399673461914,0.039198483396571,1385.03515625
uwave-all,er_ace,uwave,3,54,resnet18_cifar,0.01,"[0.1,0.05,0.01]",last_epoch_train_mean,0.002394678141196481,0.05,0.0007348422546236389,2283733747582914,44691744,6,0,0.9731231638930207,0.9520089285714286,0.04296740649867099,-0.001993558761506908,0.001993558761506908,2,0.04296740649867099,0.02941176470588236,0.03602508202889151,0.0,0.020000000000000018,0.06306306306306309,0.10236220472440949,0.8,"[0.9970588235294118,0.9807280513918629,0.9841269841269841,0.9705014749262537,0.9543147208121827,0.9520089285714286]","[0.02941176470588236,0.10236220472440949,0.020000000000000018,0.06306306306306309,0.0]",,,512,141.43527100002393,141441.263671875,32.76511417794973,108.6701568220742,21.73403136441484,22.229607561021112,20064649988.03767,761244582527638,587146936000038,174097646527600,1113554952,44691744,24576000,16000,44738376,114022120,108.7399673461914,0.03618316830917528,1385.03515625
uwave-all,er_ace,uwave,3,56,resnet18_cifar,0.1,"[0.1,0.05,0.01]",last_epoch_train_mean,0.0017689197855811996,0.1,0.0017689197855811996,2283733747582914,44691744,6,0,0.9429163327531707,0.9430803571428571,0.010000000000000009,-0.08670772975173162,0.08670772975173162,1,0.010000000000000009,0.0,0.020000000000000018,0.0,0.0,0.0,0.050000000000000044,0.2,"[0.9764705882352941,0.9400428265524625,0.9700176366843033,0.9306784660766961,0.8972081218274112,0.9430803571428571]","[0.050000000000000044,0.0,0.0,0.0,0.0]","[0.01176470588235301,0.18110236220472442,0.010000000000000009,0.19819819819819817,0.24545454545454548,0.0092592592592593]",0.10929651183318007,512,141.97883186512627,141984.69140625,32.81194424408022,109.16688762104604,21.833377524209208,22.384738930035383,20064649988.03767,761244582527638,587146936000038,174097646527600,1113554952,44691744,24576000,16000,44738376,114022120,108.7399673461914,0.03758927128468973,1385.03515625
uwave-all,er_ace,uwave,3,56,resnet18_cifar,0.05,"[0.1,0.05,0.01]",last_epoch_train_mean,0.0024345423985041876,0.1,0.0017689197855811996,2283733747582914,44691744,6,0,0.9648052147639702,0.9665178571428571,0.01729992614198266,-0.0386768292567274,0.0386768292567274,4,0.01729992614198266,0.008823529411764786,0.020303986428141796,0.0,0.0,0.023622047244094446,0.05405405405405406,0.6,"[0.9764705882352941,0.9593147751605996,0.9735449735449735,0.967551622418879,0.9454314720812182,0.9665178571428571]","[0.008823529411764786,0.023622047244094446,0.0,0.05405405405405406,0.0]",,,512,141.6534227952361,141659.591796875,33.005141900037415,108.6482808951987,21.72965617903974,22.158414906007238,20064649988.03767,761244582527638,587146936000038,174097646527600,1113554952,44691744,24576000,16000,44738376,114022120,108.7399673461914,0.03546873995219357,1385.03515625
uwave-all,er_ace,uwave,3,56,resnet18_cifar,0.01,"[0.1,0.05,0.01]",last_epoch_train_mean,0.002643962637974625,0.1,0.0017689197855811996,2283733747582914,44691744,6,0,0.9763672960717916,0.9676339285714286,0.016303126656067833,-0.024872416818688257,0.024872416818688257,4,0.016303126656067833,0.010000000000000009,0.017325059485113925,0.0,0.0,0.026470588235294135,0.04504504504504503,0.6,"[0.9941176470588236,0.9828693790149893,0.9894179894179894,0.9749262536873157,0.949238578680203,0.9676339285714286]","[0.026470588235294135,0.0,0.010000000000000009,0.04504504504504503,0.0]",,,512,142.28967193199787,142295.55078125,33.113143649999984,109.17652828199789,21.835305656399576,22.43511824007146,20064649988.03767,761244582527638,587146936000038,174097646527600,1113554952,44691744,24576000,16000,44738376,114022120,108.7399673461914,0.03726802008584075,1385.03515625
uwave-all,fecam,uwave,1,48,resnet18_cifar,0.1,"[0.1,0.05,0.01]",last_epoch_train_mean,1.9103842878763655,0.1,1.9103842878763655,276875181130542,44691744,6,542890013892,0.8473798782310026,0.8169642857142857,0.04220681303051092,0.04220681303051092,-0.04220681303051092,1,0.04220681303051092,0.036036036036036,0.037440545087855465,0.0,0.009433962264150941,0.0625,0.10306406685236769,0.8,"[0.9442896935933147,0.9278131634819533,0.8075601374570447,0.7906976744186046,0.7969543147208121,0.8169642857142857]","[0.10306406685236769,0.0625,0.036036036036036,0.009433962264150941,0.0]","[0.016713091922005652,0.044642857142857095,0.44144144144144143,0.2075471698113207,0.030000000000000027,0.02777777777777779]",0.1280203896825671,512,40.99306113412604,40996.07745361328,36.78782390500419,4.205237229121849,0.8410474458243697,0.9035665870178491,10029243958.98644,92291727043514,88301077120938,3990649922576,10423540400,44691744,0,0,53118888,97810632,93.27948760986328,1.5588911809183108,475.07763671875
uwave-all,fecam,uwave,1,48,resnet18_cifar,0.05,"[0.1,0.05,0.01]",last_epoch_train_mean,1.939719208573873,0.1,1.9103842878763655,276875181130542,44691744,6,542890013892,0.8830997450906404,0.8649553571428571,0.045291637149917505,0.045291637149917505,-0.045291637149917505,2,0.045291637149917505,0.028301886792452824,0.04110017492329416,0.0,0.018018018018018056,0.06406685236768805,0.1160714285714286,0.8,"[0.9303621169916435,0.9171974522292994,0.8797250859106529,0.8561046511627907,0.850253807106599,0.8649553571428571]","[0.06406685236768805,0.1160714285714286,0.018018018018018056,0.028301886792452824,0.0]",,,512,36.74094602721743,36743.37187194824,35.64312990801409,1.097816119203344,0.2195632238406688,0.1903207520954311,10029243958.98644,92291727043514,88301077120938,3990649922576,10423540400,44691744,0,0,53118888,97810632,93.27948760986328,1.4660683851356484,478.95263671875
uwave-all,fecam,uwave,1,48,resnet18_cifar,0.01,"[0.1,0.05,0.01]",last_epoch_train_mean,2.0294225912178514,0.1,1.9103842878763655,276875181130542,44691744,6,542890013892,0.9657768854658383,0.9564732142857143,0.024496680663575087,0.024496680663575087,-0.024496680663575087,3,0.024496680663575087,0.018867924528301883,0.01772895893910831,0.0,0.013927576601671321,0.044642857142857095,0.04504504504504514,0.8,"[0.9805013927576601,0.9808917197452229,0.9673539518900344,0.9563953488372093,0.9530456852791879,0.9564732142857143]","[0.013927576601671321,0.044642857142857095,0.04504504504504514,0.018867924528301883,0.0]",,,512,36.93659682094585,36939.13607788086,35.949307705974206,0.9872891149716452,0.19745782299432904,0.19977777998428792,10029243958.98644,92291727043514,88301077120938,3990649922576,10423540400,44691744,0,0,53118888,97810632,93.27948760986328,1.583938221041795,478.95263671875
uwave-all,fecam,uwave,1,50,resnet18_cifar,0.1,"[0.1,0.05,0.01]",last_epoch_train_mean,1.8777979285316129,0.1,1.8777979285316129,276875181130542,44691744,6,542890013892,0.8111029434339337,0.7511160714285714,0.05805082988821886,0.05805082988821886,-0.05805082988821886,2,0.05805082988821886,0.055710306406685284,0.04087875746979769,0.0,0.028301886792452824,0.09909909909909909,0.1071428571428571,0.8,"[0.947075208913649,0.851380042462845,0.7972508591065293,0.7659883720930233,0.7538071065989848,0.7511160714285714]","[0.055710306406685284,0.1071428571428571,0.09909909909909909,0.028301886792452824,0.0]","[0.03064066852367686,0.3392857142857143,0.25225225225225234,0.24528301886792458,0.18999999999999995,0.2685185185185185]",0.2209966954080144,512,36.627651133108884,36630.10615539551,35.66568294703029,0.9619681860785931,0.19239363721571862,0.1942160470644012,10029243958.98644,92291727043514,88301077120938,3990649922576,10423540400,44691744,0,0,53118888,97810632,93.27948760986328,1.5568135625341841,478.95263671875
uwave-all,fecam,uwave,1,50,resnet18_cifar,0.05,"[0.1,0.05,0.01]",last_epoch_train_mean,1.9495235206806554,0.1,1.8777979285316129,276875181130542,44691744,6,542890013892,0.8816736348361632,0.8582589285714286,0.04714950724700027,0.04714950724700027,-0.04714950724700027,2,0.04714950724700027,0.036036036036036,0.05921668699823217,0.0,0.0,0.03899721448467963,0.1607142857142857,0.6,"[0.9442896935933147,0.9023354564755839,0.8865979381443299,0.8546511627906976,0.8439086294416244,0.8582589285714286]","[0.03899721448467963,0.1607142857142857,0.036036036036036,0.0,0.0]",,,512,36.12579857301898,36128.21473693848,35.181012407061644,0.9447861659573391,0.18895723319146782,0.19242774799931794,10029243958.98644,92291727043514,88301077120938,3990649922576,10423540400,44691744,0,0,53118888,97810632,93.27948760986328,1.4509815479998776,478.95263671875
uwave-all,fecam,uwave,1,50,resnet18_cifar,0.01,"[0.1,0.05,0.01]",last_epoch_train_mean,2.0310400228584764,0.1,1.8777979285316129,276875181130542,44691744,6,542890013892,0.9581794751271061,0.9486607142857143,0.024952705560526024,0.024952705560526024,-0.024952705560526024,2,0.024952705560526024,0.01671309192200554,0.0207561728357475,0.0,0.009433962264150941,0.04504504504504503,0.0535714285714286,0.8,"[0.9777158774373259,0.9766454352441614,0.9587628865979382,0.9418604651162791,0.9454314720812182,0.9486607142857143]","[0.01671309192200554,0.0535714285714286,0.04504504504504503,0.009433962264150941,0.0]",,,512,36.63731071201619,36639.76307678223,35.67193683201913,0.9653738799970597,0.19307477599941195,0.1977780549786985,10029243958.98644,92291727043514,88301077120938,3990649922576,10423540400,44691744,0,0,53118888,97810632,93.27948760986328,1.5795270267387553,478.95263671875
uwave-all,fecam,uwave,1,52,resnet18_cifar,0.1,"[0.1,0.05,0.01]",last_epoch_train_mean,2.0072815819124203,0.05,1.9402085363337425,276875181130542,44691744,6,542890013892,0.8199969926283958,0.7779017857142857,0.06700888617333671,0.06700888617333671,-0.06700888617333671,1,0.06700888617333671,0.047169811320754707,0.04530131401562675,0.020000000000000018,0.027027027027026973,0.1071428571428572,0.13370473537604466,1.0,"[0.9303621169916435,0.8747346072186837,0.8230240549828178,0.75,0.7639593908629442,0.7779017857142857]","[0.13370473537604466,0.1071428571428572,0.027027027027026973,0.047169811320754707,0.020000000000000018]",,,512,36.239503754884936,36241.89907836914,35.295331232016906,0.9441725228680298,0.18883450457360595,0.19135186995845288,10029243958.98644,92291727043514,88301077120938,3990649922576,10423540400,44691744,0,0,53118888,97810632,93.27948760986328,1.7885556795330817,478.95263671875
uwave-all,fecam,uwave,1,52,resnet18_cifar,0.05,"[0.1,0.05,0.01]",last_epoch_train_mean,1.9402085363337425,0.05,1.9402085363337425,276875181130542,44691744,6,542890013892,0.8910366630524774,0.875,0.024886760019071995,0.024886760019071995,-0.024886760019071995,2,0.024886760019071995,0.009009009009009028,0.027172381690326288,0.0,0.0,0.05292479108635095,0.0625,0.6,"[0.9442896935933147,0.9278131634819533,0.8865979381443299,0.8546511627906976,0.8578680203045685,0.875]","[0.05292479108635095,0.0625,0.009009009009009028,0.0,0.0]","[0.025069637883008422,0.017857142857142905,0.19819819819819817,0.2735849056603774,0.06999999999999995,0.0]",0.09745164743312114,512,35.977646738057956,35980.10877990723,35.016715288045816,0.96093145001214,0.19218629000242798,0.19356854096986353,10029243958.98644,92291727043514,88301077120938,3990649922576,10423540400,44691744,0,0,53118888,97810632,93.27948760986328,1.4701510022600164,478.95263671875
uwave-all,fecam,uwave,1,52,resnet18_cifar,0.01,"[0.1,0.05,0.01]",last_epoch_train_mean,2.0280292139644116,0.05,1.9402085363337425,276875181130542,44691744,6,542890013892,0.96084680759474,0.9542410714285714,0.008617531180205251,0.008617531180205251,-0.008617531180205251,1,0.008617531180205251,0.0,0.010787274898450824,0.0,0.0,0.018018018018017945,0.02506963788300831,0.4,"[0.9805013927576601,0.9766454352441614,0.9553264604810997,0.9491279069767442,0.949238578680203,0.9542410714285714]","[0.02506963788300831,0.0,0.018018018018017945,0.0,0.0]",,,512,36.02604665304534,36028.506744384766,35.089315489982255,0.9367311630630866,0.18734623261261732,0.18793985398951918,10029243958.98644,92291727043514,88301077120938,3990649922576,10423540400,44691744,0,0,53118888,97810632,93.27948760986328,1.6071275055894927,478.95263671875
uwave-all,fecam,uwave,1,54,resnet18_cifar,0.1,"[0.1,0.05,0.01]",last_epoch_train_mean,1.8253622139449668,0.1,1.8253622139449668,276875181130542,44691744,6,542890013892,0.7182937766510281,0.6484375,0.02097095105451654,0.02097095105451654,-0.02097095105451654,2,0.02097095105451654,0.0,0.028356468898808735,0.0,0.0,0.03342618384401119,0.07142857142857151,0.4,"[0.8662952646239555,0.8492569002123143,0.6958762886597938,0.6191860465116279,0.6307106598984772,0.6484375]","[0.03342618384401119,0.07142857142857151,0.0,0.0,0.0]","[0.11142061281337046,0.1071428571428571,0.9099099099099099,0.8018867924528301,0.19999999999999996,0.2129629629629629]",0.3905538558803217,512,35.904621298075654,35907.02731323242,34.95892440795433,0.9456968901213259,0.18913937802426517,0.19185168202966452,10029243958.98644,92291727043514,88301077120938,3990649922576,10423540400,44691744,0,0,53118888,97810632,93.27948760986328,1.4126140735502954,478.95263671875
uwave-all,fecam,uwave,1,54,resnet18_cifar,0.05,"[0.1,0.05,0.01]",last_epoch_train_mean,1.9752607092393184,0.1,1.8253622139449668,276875181130542,44691744,6,542890013892,0.9236210806134894,0.9040178571428571,0.014270791882212497,0.014270791882212497,-0.014270791882212497,1,0.014270791882212497,0.0,0.01836042188307192,0.0,0.0,0.0267857142857143,0.04456824512534818,0.4,"[0.9665738161559888,0.9575371549893843,0.9261168384879725,0.8953488372093024,0.8921319796954315,0.9040178571428571]","[0.04456824512534818,0.0267857142857143,0.0,0.0,0.0]",,,512,36.152389925089665,36154.84471130371,35.21927214798052,0.9331177771091461,0.18662355542182923,0.1884073370601982,10029243958.98644,92291727043514,88301077120938,3990649922576,10423540400,44691744,0,0,53118888,97810632,93.27948760986328,1.468837584980065,478.95263671875
uwave-all,fecam,uwave,1,54,resnet18_cifar,0.01,"[0.1,0.05,0.01]",last_epoch_train_mean,2.029575820517751,0.1,1.8253622139449668,276875181130542,44691744,6,542890013892,0.9580594513366779,0.9441964285714286,0.024739183274002218,0.024739183274002218,-0.024739183274002218,3,0.024739183274002218,0.020000000000000018,0.01860748456096254,0.0,0.013927576601671321,0.0357142857142857,0.05405405405405406,0.8,"[0.9805013927576601,0.9851380042462845,0.9604810996563574,0.938953488372093,0.9390862944162437,0.9441964285714286]","[0.013927576601671321,0.0357142857142857,0.05405405405405406,0.0,0.020000000000000018]",,,512,35.94335610908456,35945.751861572266,34.990079775918275,0.9532763331662863,0.19065526663325727,0.19254587905015796,10029243958.98644,92291727043514,88301077120938,3990649922576,10423540400,44691744,0,0,53118888,97810632,93.27948760986328,1.5931617255254034,478.95263671875
uwave-all,fecam,uwave,1,56,resnet18_cifar,0.1,"[0.1,0.05,0.01]",last_epoch_train_mean,1.96669647756931,0.1,1.96669647756931,276875181130542,44691744,6,542890013892,0.8548940142414064,0.8303571428571429,0.0646179328650291,0.0646179328650291,-0.0646179328650291,2,0.0646179328650291,0.018018018018018056,0.08319378384346633,0.0,0.009433962264150941,0.07242339832869082,0.2232142857142857,0.8,"[0.9610027855153204,0.8726114649681529,0.8505154639175257,0.8052325581395349,0.8096446700507615,0.8303571428571429]","[0.07242339832869082,0.2232142857142857,0.018018018018018056,0.009433962264150941,0.0]","[-0.005571030640668551,0.2142857142857143,0.08108108108108103,0.30188679245283023,0.040000000000000036,-0.03703703703703709]",0.09910758669032,512,36.1169650281081,36119.355728149414,35.174730740021914,0.9422342880861834,0.18844685761723667,0.19071369303856045,10029243958.98644,92291727043514,88301077120938,3990649922576,10423540400,44691744,0,0,53118888,97810632,93.27948760986328,1.5368508035992687,478.95263671875
uwave-all,fecam,uwave,1,56,resnet18_cifar,0.05,"[0.1,0.05,0.01]",last_epoch_train_mean,2.021271359604017,0.1,1.96669647756931,276875181130542,44691744,6,542890013892,0.9093318192381986,0.8928571428571429,0.03862205753268453,0.03862205753268453,-0.03862205753268453,1,0.03862205753268453,0.0267857142857143,0.03828395297878511,0.0,0.018867924528301883,0.036036036036036,0.11142061281337046,0.8,"[0.9665738161559888,0.9363057324840764,0.8969072164948454,0.8851744186046512,0.8781725888324873,0.8928571428571429]","[0.11142061281337046,0.0267857142857143,0.036036036036036,0.018867924528301883,0.0]",,,512,36.12773060577456,36130.2580871582,35.19236936396919,0.9353612418053672,0.18707224836107345,0.19068210700061172,10029243958.98644,92291727043514,88301077120938,3990649922576,10423540400,44691744,0,0,53118888,97810632,93.27948760986328,1.5385723706588448,478.95263671875
uwave-all,fecam,uwave,1,56,resnet18_cifar,0.01,"[0.1,0.05,0.01]",last_epoch_train_mean,2.031468923112987,0.1,1.96669647756931,276875181130542,44691744,6,542890013892,0.9612755275573992,0.9542410714285714,0.009289039337785864,0.009289039337785864,-0.009289039337785864,1,0.009289039337785864,0.008928571428571508,0.00840396080844128,0.0,0.0,0.018018018018018056,0.01949860724233976,0.6,"[0.9805013927576601,0.9787685774946921,0.9570446735395189,0.9491279069767442,0.9479695431472082,0.9542410714285714]","[0.01949860724233976,0.008928571428571508,0.018018018018018056,0.0,0.0]",,,512,35.786386679974385,35788.655349731445,34.85217244492378,0.9342142350506037,0.18684284701012074,0.18654953700024635,10029243958.98644,92291727043514,88301077120938,3990649922576,10423540400,44691744,0,0,53118888,97810632,93.27948760986328,1.586940319092329,478.95263671875
uwave-all,fecam,uwave,2,48,resnet18_cifar,0.1,"[0.1,0.05,0.01]",last_epoch_train_mean,1.7504408133773275,0.1,1.7504408133773275,282897812700582,44691744,6,521634410918,0.6307168243562858,0.49888392857142855,0.018844984802431596,0.018844984802431596,-0.018844984802431596,1,0.018844984802431596,0.0,0.03768996960486319,0.0,0.0,0.0,0.09422492401215798,0.2,"[0.817629179331307,0.7095343680709535,0.6116152450090744,0.5887708649468892,0.5578673602080624,0.49888392857142855]","[0.09422492401215798,0.0,0.0,0.0,0.0]","[0.17021276595744683,0.4918032786885246,0.7,0.5092592592592593,0.5545454545454546,0.7322834645669292]",0.526350703836269,512,37.57315785996616,37575.67628479004,36.632001408026554,0.9411564519396052,0.18823129038792102,0.18997795192990452,10029270448.250881,94299270900194,90308620977618,3990649922576,10423540400,44691744,0,0,53118888,97810632,93.27948760986328,1.4639597086768066,478.95263671875
uwave-all,fecam,uwave,2,48,resnet18_cifar,0.05,"[0.1,0.05,0.01]",last_epoch_train_mean,2.026003901457401,0.1,1.7504408133773275,282897812700582,44691744,6,521634410918,0.8644592434148684,0.7756696428571429,0.03426005734760531,0.03426005734760531,-0.03426005734760531,1,0.03426005734760531,0.020000000000000018,0.039146260787501046,0.0,0.009090909090909038,0.032786885245901676,0.10942249240121582,0.8,"[0.9635258358662614,0.8869179600886918,0.8784029038112523,0.8512898330804249,0.8309492847854356,0.7756696428571429]","[0.10942249240121582,0.032786885245901676,0.020000000000000018,0.0,0.009090909090909038]",,,512,37.568817036924884,37571.29016113281,36.642709902022034,0.9261071349028498,0.18522142698056995,0.18917016894556582,10029270448.250881,94299270900194,90308620977618,3990649922576,10423540400,44691744,0,0,53118888,97810632,93.27948760986328,1.3924168853398962,478.95263671875
uwave-all,fecam,uwave,2,48,resnet18_cifar,0.01,"[0.1,0.05,0.01]",last_epoch_train_mean,2.0343418253486756,0.1,1.7504408133773275,282897812700582,44691744,6,521634410918,0.9793508514159684,0.9609375,0.01619585158475987,0.01619585158475987,-0.01619585158475987,5,0.01619585158475987,0.008196721311475419,0.0203148023439271,0.0,0.0,0.01823708206686936,0.054545454545454564,0.6,"[0.993920972644377,0.9844789356984479,0.9818511796733213,0.9848254931714719,0.9700910273081924,0.9609375]","[0.01823708206686936,0.008196721311475419,0.0,0.0,0.054545454545454564]",,,512,37.65298394893762,37655.46287536621,36.75298914103769,0.8999948078999296,0.1799989615799859,0.18383286392781883,10029270448.250881,94299270900194,90308620977618,3990649922576,10423540400,44691744,0,0,53118888,97810632,93.27948760986328,1.5930758606503201,478.95263671875
uwave-all,fecam,uwave,2,50,resnet18_cifar,0.1,"[0.1,0.05,0.01]",last_epoch_train_mean,1.9871213353533668,0.05,1.9832014299705452,282897812700582,44691744,6,521634410918,0.8347738147289386,0.7477678571428571,0.05961943114437011,0.05961943114437011,-0.05961943114437011,3,0.05961943114437011,0.042553191489361764,0.057757094724221476,0.0,0.036363636363636265,0.04918032786885246,0.17000000000000004,0.8,"[0.9848024316109423,0.8425720620842572,0.822141560798548,0.8103186646433991,0.8010403120936281,0.7477678571428571]","[0.042553191489361764,0.04918032786885246,0.17000000000000004,0.0,0.036363636363636265]",,,512,37.85553346888628,37858.02452087402,36.91715483402368,0.9383786348626018,0.18767572697252036,0.1942640709457919,10029270448.250881,94299270900194,90308620977618,3990649922576,10423540400,44691744,0,0,53118888,97810632,93.27948760986328,1.630256446463006,478.95263671875
uwave-all,fecam,uwave,2,50,resnet18_cifar,0.05,"[0.1,0.05,0.01]",last_epoch_train_mean,1.9832014299705452,0.05,1.9832014299705452,282897812700582,44691744,6,521634410918,0.8995391824858054,0.8526785714285714,0.044170430197636355,0.044170430197636355,-0.044170430197636355,1,0.044170430197636355,0.008196721311475419,0.06739905364344759,0.0,0.0,0.036363636363636376,0.17629179331307,0.6,"[0.9817629179331308,0.8980044345898004,0.9001814882032668,0.8998482549317147,0.8647594278283485,0.8526785714285714]","[0.17629179331307,0.008196721311475419,0.0,0.0,0.036363636363636376]","[0.009118541033434568,0.0,0.050000000000000044,0.10185185185185186,0.17272727272727273,0.15748031496062997]",0.0818629967621982,512,37.90076082292944,37903.14010620117,36.9846487659961,0.9161120569333434,0.18322241138666867,0.19020249391905963,10029270448.250881,94299270900194,90308620977618,3990649922576,10423540400,44691744,0,0,53118888,97810632,93.27948760986328,1.4702125870046854,478.95263671875
uwave-all,fecam,uwave,2,50,resnet18_cifar,0.01,"[0.1,0.05,0.01]",last_epoch_train_mean,2.0305573989832926,0.05,1.9832014299705452,282897812700582,44691744,6,521634410918,0.9793915506809953,0.9564732142857143,0.009715390991986728,0.009715390991986728,-0.009715390991986728,1,0.009715390991986728,0.0,0.012509985943406623,0.0,0.0,0.018181818181818188,0.03039513677811545,0.4,"[0.9908814589665653,0.9844789356984479,0.985480943738657,0.9863429438543247,0.9726918075422627,0.9564732142857143]","[0.03039513677811545,0.0,0.0,0.0,0.018181818181818188]",,,512,37.68317588418722,37685.61952209473,36.78318955504801,0.8999863291392103,0.17999726582784206,0.18426779401488602,10029270448.250881,94299270900194,90308620977618,3990649922576,10423540400,44691744,0,0,53118888,97810632,93.27948760986328,1.564501857241599,478.95263671875
uwave-all,fecam,uwave,2,52,resnet18_cifar,0.1,"[0.1,0.05,0.01]",last_epoch_train_mean,1.902990680368613,0.05,1.8587749031895027,282897812700582,44691744,6,521634410918,0.902521376858596,0.8660714285714286,0.038682726412060206,0.038682726412060206,-0.038682726412060206,1,0.038682726412060206,0.008196721311475419,0.04778459132383909,0.0,0.0,0.0636363636363636,0.12158054711246202,0.6,"[0.9513677811550152,0.8980044345898004,0.9001814882032668,0.9074355083459787,0.8920676202860858,0.8660714285714286]","[0.12158054711246202,0.008196721311475419,0.0,0.0,0.0636363636363636]",,,512,37.23200236307457,37234.51086425781,36.32262701296713,0.9093753501074389,0.18187507002148778,0.184022082015872,10029270448.250881,94299270900194,90308620977618,3990649922576,10423540400,44691744,0,0,53118888,97810632,93.27948760986328,1.484201437441308,478.95263671875
uwave-all,fecam,uwave,2,52,resnet18_cifar,0.05,"[0.1,0.05,0.01]",last_epoch_train_mean,1.8587749031895027,0.05,1.8587749031895027,282897812700582,44691744,6,521634410918,0.7741450458494237,0.7042410714285714,0.05492241765907616,0.05492241765907616,-0.05492241765907616,1,0.05492241765907616,0.010000000000000009,0.06535044994968435,0.0,0.0,0.10655737704918028,0.15805471124620052,0.6,"[0.9057750759878419,0.7849223946784922,0.764065335753176,0.787556904400607,0.6983094928478544,0.7042410714285714]","[0.15805471124620052,0.10655737704918028,0.010000000000000009,0.0,0.0]","[0.03647416413373861,0.4098360655737705,0.05999999999999994,0.06481481481481477,0.6909090909090909,0.15748031496062986]",0.23658574173200744,512,37.35350565495901,37355.8698425293,36.432376356911846,0.9211292980471626,0.18422585960943252,0.18880458502098918,10029270448.250881,94299270900194,90308620977618,3990649922576,10423540400,44691744,0,0,53118888,97810632,93.27948760986328,1.5544222533208085,478.95263671875
uwave-all,fecam,uwave,2,52,resnet18_cifar,0.01,"[0.1,0.05,0.01]",last_epoch_train_mean,2.0280076306631605,0.05,1.8587749031895027,282897812700582,44691744,6,521634410918,0.9698348006387865,0.9386160714285714,0.010073500967117987,0.010073500967117987,-0.010073500967117987,1,0.010073500967117987,0.00909090909090915,0.009251605762343185,0.0,0.0,0.020000000000000018,0.02127659574468077,0.6,"[0.9908814589665653,0.975609756097561,0.9745916515426497,0.9757207890743551,0.9635890767230169,0.9386160714285714]","[0.02127659574468077,0.0,0.020000000000000018,0.0,0.00909090909090915]",,,512,37.67655410908628,37679.0634765625,36.79964566300623,0.8769084460800514,0.17538168921601027,0.1807264209492132,10029270448.250881,94299270900194,90308620977618,3990649922576,10423540400,44691744,0,0,53118888,97810632,93.27948760986328,1.5785518995211791,478.95263671875
uwave-all,fecam,uwave,2,54,resnet18_cifar,0.1,"[0.1,0.05,0.01]",last_epoch_train_mean,1.8989258517293952,0.1,1.8989258517293952,282897812700582,44691744,6,521634410918,0.8684197431632573,0.8035714285714286,0.035640666971675006,0.035640666971675006,-0.035640666971675006,1,0.035640666971675006,0.016393442622950838,0.03592502387144367,0.0,0.010000000000000009,0.054545454545454564,0.09726443768996962,0.8,"[0.9696048632218845,0.8647450110864745,0.8548094373865699,0.8725341426403642,0.8452535760728218,0.8035714285714286]","[0.09726443768996962,0.016393442622950838,0.010000000000000009,0.0,0.054545454545454564]","[0.003039513677811523,0.20491803278688525,0.13,0.02777777777777779,0.21818181818181825,0.3779527559055118]",0.16031164972163411,512,37.71081146004144,37713.271224975586,36.811473857960664,0.8993376020807773,0.17986752041615545,0.18188367201946676,10029270448.250881,94299270900194,90308620977618,3990649922576,10423540400,44691744,0,0,53118888,97810632,93.27948760986328,1.5470959842787124,478.95263671875
uwave-all,fecam,uwave,2,54,resnet18_cifar,0.05,"[0.1,0.05,0.01]",last_epoch_train_mean,1.9036756167510915,0.1,1.8989258517293952,282897812700582,44691744,6,521634410918,0.9174807418553476,0.8359375,0.015976236529428034,0.015976236529428034,-0.015976236529428034,1,0.015976236529428034,0.00909090909090915,0.022811844813251825,0.0,0.0,0.010000000000000009,0.06079027355623101,0.6,"[0.9756838905775076,0.9578713968957872,0.9183303085299456,0.921092564491654,0.8959687906371911,0.8359375]","[0.06079027355623101,0.0,0.010000000000000009,0.0,0.00909090909090915]",,,512,37.17080286506098,37173.30561828613,36.23991375300102,0.9308891120599583,0.18617782241199166,0.19419572199694812,10029270448.250881,94299270900194,90308620977618,3990649922576,10423540400,44691744,0,0,53118888,97810632,93.27948760986328,1.4067964228680856,478.95263671875
uwave-all,fecam,uwave,2,54,resnet18_cifar,0.01,"[0.1,0.05,0.01]",last_epoch_train_mean,2.0287020289044455,0.1,1.8989258517293952,282897812700582,44691744,6,521634410918,0.9765607542898618,0.9598214285714286,0.023647416413373847,0.023647416413373847,-0.023647416413373847,5,0.023647416413373847,0.0,0.03882419257930861,0.0,0.0,0.018237082066869248,0.09999999999999998,0.4,"[0.9908814589665653,0.9778270509977827,0.9800362976406534,0.9833080424886191,0.9674902470741222,0.9598214285714286]","[0.018237082066869248,0.0,0.0,0.0,0.09999999999999998]",,,512,37.66655335004907,37669.10902404785,36.72421004099306,0.9423433090560138,0.18846866181120275,0.19112252804916352,10029270448.250881,94299270900194,90308620977618,3990649922576,10423540400,44691744,0,0,53118888,97810632,93.27948760986328,1.5997447745965994,478.95263671875
uwave-all,fecam,uwave,2,56,resnet18_cifar,0.1,"[0.1,0.05,0.01]",last_epoch_train_mean,1.9261347570265137,0.1,1.9261347570265137,282897812700582,44691744,6,521634410918,0.8973808888322675,0.8125,0.022541685729687132,0.022541685729687132,-0.022541685729687132,1,0.022541685729687132,0.009090909090909038,0.029637833083817722,0.0,0.0,0.024590163934426257,0.07902735562310037,0.6,"[0.9696048632218845,0.9401330376940134,0.9165154264972777,0.8846737481031867,0.8608582574772432,0.8125]","[0.07902735562310037,0.024590163934426257,0.0,0.0,0.009090909090909038]","[0.02127659574468077,-0.016393442622950838,0.09999999999999998,0.2777777777777778,0.2272727272727273,0.4645669291338582]",0.1790834312176822,512,37.37993869499769,37382.49932861328,36.45558934495784,0.9243493500398472,0.18486987000796945,0.1901051519671455,10029270448.250881,94299270900194,90308620977618,3990649922576,10423540400,44691744,0,0,53118888,97810632,93.27948760986328,1.5399289095512358,478.95263671875
uwave-all,fecam,uwave,2,56,resnet18_cifar,0.05,"[0.1,0.05,0.01]",last_epoch_train_mean,1.9295659935226617,0.1,1.9261347570265137,282897812700582,44691744,6,521634410918,0.8981834224962723,0.8214285714285714,0.04033610407729695,0.04033610407729695,-0.04033610407729695,1,0.04033610407729695,0.024590163934426257,0.050719701860067835,0.0,0.010000000000000009,0.027272727272727226,0.13981762917933127,0.8,"[0.9787234042553191,0.9334811529933481,0.9001814882032668,0.8892261001517451,0.8660598179453837,0.8214285714285714]","[0.13981762917933127,0.024590163934426257,0.010000000000000009,0.0,0.027272727272727226]",,,512,37.45592686312739,37458.35810852051,36.53974562406074,0.9161812390666455,0.1832362478133291,0.18692371004726738,10029270448.250881,94299270900194,90308620977618,3990649922576,10423540400,44691744,0,0,53118888,97810632,93.27948760986328,1.480070184827907,478.95263671875
uwave-all,fecam,uwave,2,56,resnet18_cifar,0.01,"[0.1,0.05,0.01]",last_epoch_train_mean,2.0319460545070727,0.1,1.9261347570265137,282897812700582,44691744,6,521634410918,0.9810811042649156,0.9620535714285714,0.0154146376818159,0.0154146376818159,-0.0154146376818159,5,0.0154146376818159,0.016393442622950727,0.014101609225596104,0.0,0.0,0.024316109422492405,0.036363636363636376,0.6,"[0.993920972644377,0.9844789356984479,0.985480943738657,0.9878603945371776,0.9726918075422627,0.9620535714285714]","[0.024316109422492405,0.016393442622950727,0.0,0.0,0.036363636363636376]",,,512,37.529558769077994,37532.0744934082,36.60347407392692,0.9260846951510757,0.18521693903021513,0.18954094604123384,10029270448.250881,94299270900194,90308620977618,3990649922576,10423540400,44691744,0,0,53118888,97810632,93.27948760986328,1.5895772331922282,478.95263671875
uwave-all,fecam,uwave,3,48,resnet18_cifar,0.1,"[0.1,0.05,0.01]",last_epoch_train_mean,1.8131839785955648,0.1,1.8131839785955648,280486347271782,44691744,6,542890013892,0.7183659332360026,0.6473214285714286,0.09314682495877494,0.09314682495877494,-0.09314682495877494,1,0.09314682495877494,0.06000000000000005,0.07663255700507386,0.009090909090909094,0.05405405405405406,0.11023622047244092,0.23235294117647054,1.0,"[0.9205882352941176,0.7451820128479657,0.7248677248677249,0.6592920353982301,0.6129441624365483,0.6473214285714286]","[0.23235294117647054,0.11023622047244092,0.06000000000000005,0.05405405405405406,0.009090909090909094]","[0.07058823529411773,0.5826771653543308,0.20999999999999996,0.14414414414414423,0.5,0.05555555555555558]",0.26049418339135805,512,36.12754686118569,36129.81562805176,35.19280509103555,0.9347417701501399,0.186948354030028,0.1871959239942953,10029229936.316288,93495449090594,89504799168018,3990649922576,10423540400,44691744,0,0,53118888,97810632,93.27948760986328,1.5955118228053575,478.95263671875
uwave-all,fecam,uwave,3,48,resnet18_cifar,0.05,"[0.1,0.05,0.01]",last_epoch_train_mean,1.9255432871590674,0.1,1.8131839785955648,280486347271782,44691744,6,542890013892,0.8905140843081472,0.8325892857142857,0.03833630851787408,0.03833630851787408,-0.03833630851787408,3,0.03833630851787408,0.03149606299212604,0.03878222067789326,0.0,0.009009009009009028,0.04117647058823537,0.10999999999999999,0.8,"[0.9941176470588236,0.9464668094218416,0.8853615520282186,0.8584070796460177,0.8261421319796954,0.8325892857142857]","[0.04117647058823537,0.03149606299212604,0.10999999999999999,0.009009009009009028,0.0]",,,512,36.13301540189423,36135.51467895508,35.193763268063776,0.9392521338304505,0.1878504267660901,0.19036357500590384,10029229936.316288,93495449090594,89504799168018,3990649922576,10423540400,44691744,0,0,53118888,97810632,93.27948760986328,1.3763735691359866,478.95263671875
uwave-all,fecam,uwave,3,48,resnet18_cifar,0.01,"[0.1,0.05,0.01]",last_epoch_train_mean,2.0246455774898022,0.1,1.8131839785955648,280486347271782,44691744,6,542890013892,0.9666745284419246,0.9497767857142857,0.017326790431005358,0.017326790431005358,-0.017326790431005358,4,0.017326790431005358,0.010000000000000009,0.01896847661915685,0.0,0.007874015748031482,0.014705882352941235,0.05405405405405406,0.8,"[0.9941176470588236,0.9721627408993576,0.9735449735449735,0.967551622418879,0.9428934010152284,0.9497767857142857]","[0.014705882352941235,0.007874015748031482,0.010000000000000009,0.05405405405405406,0.0]",,,512,35.69659192196559,35699.056243896484,34.740925002028234,0.9556669199373573,0.19113338398747146,0.19516944396309555,10029229936.316288,93495449090594,89504799168018,3990649922576,10423540400,44691744,0,0,53118888,97810632,93.27948760986328,1.6017622443281911,478.95263671875
uwave-all,fecam,uwave,3,50,resnet18_cifar,0.1,"[0.1,0.05,0.01]",last_epoch_train_mean,1.8229819103679825,0.1,1.8229819103679825,280486347271782,44691744,6,542890013892,0.7177971446628232,0.6015625,0.0356489115331172,0.0356489115331172,-0.0356489115331172,2,0.0356489115331172,0.020000000000000018,0.0391066077761906,0.0,0.0,0.055882352941176494,0.10236220472440949,0.6,"[0.861764705882353,0.8072805139186295,0.7671957671957672,0.6814159292035398,0.5875634517766497,0.6015625]","[0.055882352941176494,0.10236220472440949,0.020000000000000018,0.0,0.0]","[0.12941176470588234,0.31496062992125984,0.22999999999999998,0.6666666666666667,0.8909090909090909,0.2777777777777778]",0.4182876549967796,512,36.2365715339547,36239.068283081055,35.293630827916786,0.9429407060379162,0.18858814120758324,0.19237607694230974,10029229936.316288,93495449090594,89504799168018,3990649922576,10423540400,44691744,0,0,53118888,97810632,93.27948760986328,1.6074936416511523,478.95263671875
uwave-all,fecam,uwave,3,50,resnet18_cifar,0.05,"[0.1,0.05,0.01]",last_epoch_train_mean,1.9816970150027655,0.1,1.8229819103679825,280486347271782,44691744,6,542890013892,0.9183251760897934,0.890625,0.016030694891278487,0.016030694891278487,-0.016030694891278487,2,0.016030694891278487,0.00588235294117645,0.018504868746180445,0.0,0.0,0.027027027027027084,0.04724409448818889,0.6,"[0.9911764705882353,0.9336188436830836,0.9118165784832452,0.9070796460176991,0.8756345177664975,0.890625]","[0.00588235294117645,0.04724409448818889,0.0,0.027027027027027084,0.0]",,,512,35.98463626787998,35986.973571777344,35.03277657693252,0.9518596909474581,0.19037193818949164,0.19210742495488375,10029229936.316288,93495449090594,89504799168018,3990649922576,10423540400,44691744,0,0,53118888,97810632,93.27948760986328,1.4928079698230639,478.95263671875
uwave-all,fecam,uwave,3,50,resnet18_cifar,0.01,"[0.1,0.05,0.01]",last_epoch_train_mean,2.02099585744132,0.1,1.8229819103679825,280486347271782,44691744,6,542890013892,0.958121957325722,0.9397321428571429,0.016474460565243355,0.016474460565243355,-0.016474460565243355,4,0.016474460565243355,0.015748031496062964,0.011945146019523126,0.0,0.010000000000000009,0.020588235294117685,0.03603603603603611,0.8,"[0.9941176470588236,0.961456102783726,0.9647266313932981,0.9572271386430679,0.9314720812182741,0.9397321428571429]","[0.020588235294117685,0.015748031496062964,0.010000000000000009,0.03603603603603611,0.0]",,,512,36.320845355978236,36323.234466552734,35.37665290595032,0.9441924500279129,0.18883849000558256,0.19244694104418159,10029229936.316288,93495449090594,89504799168018,3990649922576,10423540400,44691744,0,0,53118888,97810632,93.27948760986328,1.581480638638563,478.95263671875
uwave-all,fecam,uwave,3,52,resnet18_cifar,0.1,"[0.1,0.05,0.01]",last_epoch_train_mean,1.9011710512954576,0.1,1.9011710512954576,280486347271782,44691744,6,542890013892,0.7811062570857886,0.6953125,0.08890117402762147,0.08890117402762147,-0.08890117402762147,2,0.08890117402762147,0.040000000000000036,0.08743123850423676,0.009090909090909094,0.018018018018018056,0.14117647058823535,0.23622047244094485,1.0,"[0.961764705882353,0.8715203426124197,0.7671957671957672,0.7271386430678466,0.6637055837563451,0.6953125]","[0.14117647058823535,0.23622047244094485,0.040000000000000036,0.018018018018018056,0.009090909090909094]","[0.026470588235294135,0.26771653543307095,0.2799999999999999,0.09909909909909909,0.6545454545454545,0.01851851851851849]",0.2243916993052395,512,36.5063728839159,36508.875900268555,35.54002427589148,0.9663486080244184,0.19326972160488368,0.19901878002565354,10029229936.316288,93495449090594,89504799168018,3990649922576,10423540400,44691744,0,0,53118888,97810632,93.27948760986328,1.6377373002407174,478.95263671875
uwave-all,fecam,uwave,3,52,resnet18_cifar,0.05,"[0.1,0.05,0.01]",last_epoch_train_mean,1.9717243498405523,0.1,1.9011710512954576,280486347271782,44691744,6,542890013892,0.8733757576279474,0.8058035714285714,0.01973148229285331,0.01973148229285331,-0.01973148229285331,1,0.01973148229285331,0.015748031496062964,0.02075881060560524,0.0,0.0,0.027027027027027084,0.055882352941176494,0.6,"[0.9764705882352941,0.9271948608137045,0.890652557319224,0.8584070796460177,0.7817258883248731,0.8058035714285714]","[0.055882352941176494,0.015748031496062964,0.0,0.027027027027027084,0.0]",,,512,36.121578409918584,36124.008865356445,35.18561831000261,0.9359600999159738,0.18719201998319476,0.18817074899561703,10029229936.316288,93495449090594,89504799168018,3990649922576,10423540400,44691744,0,0,53118888,97810632,93.27948760986328,1.4485965758857284,478.95263671875
uwave-all,fecam,uwave,3,52,resnet18_cifar,0.01,"[0.1,0.05,0.01]",last_epoch_train_mean,2.0215273831797913,0.1,1.9011710512954576,280486347271782,44691744,6,542890013892,0.9551731698985838,0.9229910714285714,0.005566507684154764,0.005566507684154764,-0.005566507684154764,3,0.005566507684154764,0.008823529411764786,0.004562606176647598,0.0,0.0,0.009009009009009028,0.010000000000000009,0.6,"[0.9911764705882353,0.9700214132762313,0.9700176366843033,0.9631268436578171,0.9137055837563451,0.9229910714285714]","[0.008823529411764786,0.0,0.010000000000000009,0.009009009009009028,0.0]",,,512,36.43645926495083,36438.7834777832,35.49149551498704,0.9449637499637902,0.18899274999275803,0.19167179998476058,10029229936.316288,93495449090594,89504799168018,3990649922576,10423540400,44691744,0,0,53118888,97810632,93.27948760986328,1.615101600431704,478.95263671875
uwave-all,fecam,uwave,3,54,resnet18_cifar,0.1,"[0.1,0.05,0.01]",last_epoch_train_mean,1.8723554358018184,0.1,1.8723554358018184,280486347271782,44691744,6,542890013892,0.7481477013961199,0.6473214285714286,0.11746228859707322,0.11746228859707322,-0.11746228859707322,2,0.11746228859707322,0.13235294117647056,0.06552525522975257,0.0,0.10810810810810811,0.14999999999999997,0.19685039370078738,0.8,"[0.9088235294117647,0.8265524625267666,0.7389770723104057,0.7123893805309734,0.6548223350253807,0.6473214285714286]","[0.13235294117647056,0.19685039370078738,0.14999999999999997,0.10810810810810811,0.0]","[0.0794117647058824,0.22834645669291342,0.52,0.12612612612612617,0.5090909090909091,0.19444444444444442]",0.27623661684337925,512,36.1507291799644,36152.9387512207,35.21016699203756,0.9405621879268438,0.18811243758536875,0.19134851393755525,10029229936.316288,93495449090594,89504799168018,3990649922576,10423540400,44691744,0,0,53118888,97810632,93.27948760986328,1.9827374020938546,478.95263671875
uwave-all,fecam,uwave,3,54,resnet18_cifar,0.05,"[0.1,0.05,0.01]",last_epoch_train_mean,1.9917234910272918,0.1,1.8723554358018184,280486347271782,44691744,6,542890013892,0.8980989225154429,0.8504464285714286,0.015593330245483993,0.015593330245483993,-0.015593330245483993,2,0.015593330245483993,0.019999999999999907,0.01324337030217629,0.0,0.0,0.026470588235294024,0.03149606299212604,0.6,"[0.9823529411764705,0.9271948608137045,0.9065255731922398,0.8908554572271387,0.8312182741116751,0.8504464285714286]","[0.026470588235294024,0.03149606299212604,0.019999999999999907,0.0,0.0]",,,512,36.196065112249926,36198.49369812012,35.23936266603414,0.956702446215786,0.19134048924315722,0.19252794899512082,10029229936.316288,93495449090594,89504799168018,3990649922576,10423540400,44691744,0,0,53118888,97810632,93.27948760986328,1.483931448612046,478.95263671875
uwave-all,fecam,uwave,3,54,resnet18_cifar,0.01,"[0.1,0.05,0.01]",last_epoch_train_mean,2.0214474095707446,0.1,1.8723554358018184,280486347271782,44691744,6,542890013892,0.962732726428786,0.9375,0.00953134792968049,0.00953134792968049,-0.00953134792968049,4,0.00953134792968049,0.010000000000000009,0.005845073737995373,0.0,0.007874015748031482,0.01176470588235301,0.018018018018017945,0.8,"[0.9911764705882353,0.9785867237687366,0.9770723104056437,0.9631268436578171,0.9289340101522843,0.9375]","[0.01176470588235301,0.007874015748031482,0.010000000000000009,0.018018018018017945,0.0]",,,512,35.88767158507835,35890.08720397949,34.95903839706443,0.9286331880139187,0.18572663760278374,0.18826311000157148,10029229936.316288,93495449090594,89504799168018,3990649922576,10423540400,44691744,0,0,53118888,97810632,93.27948760986328,1.5197030009273607,478.95263671875
uwave-all,fecam,uwave,3,56,resnet18_cifar,0.1,"[0.1,0.05,0.01]",last_epoch_train_mean,1.9645786116608477,0.1,1.9645786116608477,280486347271782,44691744,6,542890013892,0.8714027402228782,0.7935267857142857,0.049000460901340935,0.049000460901340935,-0.049000460901340935,3,0.049000460901340935,0.038235294117647034,0.038520639603526224,0.00909090909090915,0.023622047244094446,0.05405405405405406,0.12,1.0,"[0.9823529411764705,0.9379014989293362,0.8871252204585538,0.8407079646017699,0.7868020304568528,0.7935267857142857]","[0.038235294117647034,0.023622047244094446,0.12,0.05405405405405406,0.00909090909090915]","[0.005882352941176561,0.17322834645669294,0.27,0.32432432432432423,0.36363636363636365,0.07407407407407407]",0.20185757690543857,512,36.27329957706388,36275.66093444824,35.319987530005164,0.9533120470587164,0.19066240941174328,0.19214019004721195,10029229936.316288,93495449090594,89504799168018,3990649922576,10423540400,44691744,0,0,53118888,97810632,93.27948760986328,1.4667967333090408,478.95263671875
uwave-all,fecam,uwave,3,56,resnet18_cifar,0.05,"[0.1,0.05,0.01]",last_epoch_train_mean,2.0092120550375068,0.1,1.9645786116608477,280486347271782,44691744,6,542890013892,0.9466594535560112,0.9252232142857143,0.004154742978272385,0.004154742978272385,-0.004154742978272385,1,0.004154742978272385,0.0,0.0051625788467616895,0.0,0.0,0.009009009009009028,0.0117647058823529,0.4,"[1.0,0.9464668094218416,0.9453262786596119,0.9454277286135693,0.9175126903553299,0.9252232142857143]","[0.0117647058823529,0.0,0.0,0.009009009009009028,0.0]",,,512,36.25768822885584,36260.179779052734,35.32135607604869,0.9363321528071538,0.18726643056143075,0.1878812729846686,10029229936.316288,93495449090594,89504799168018,3990649922576,10423540400,44691744,0,0,53118888,97810632,93.27948760986328,1.5158858837561897,478.95263671875
uwave-all,fecam,uwave,3,56,resnet18_cifar,0.01,"[0.1,0.05,0.01]",last_epoch_train_mean,2.0255137418223694,0.1,1.9645786116608477,280486347271782,44691744,6,542890013892,0.9702476954961693,0.9486607142857143,0.02682933790668853,0.02682933790668853,-0.02682933790668853,4,0.02682933790668853,0.026470588235294135,0.017213175503938548,0.0,0.023622047244094446,0.030000000000000027,0.05405405405405406,0.8,"[0.9970588235294118,0.9850107066381156,0.9788359788359788,0.9690265486725663,0.9428934010152284,0.9486607142857143]","[0.026470588235294135,0.023622047244094446,0.030000000000000027,0.05405405405405406,0.0]",,,512,36.089231766876765,36091.401794433594,35.12679204903543,0.9624397178413346,0.19248794356826693,0.19327466597314924,10029229936.316288,93495449090594,89504799168018,3990649922576,10423540400,44691744,0,0,53118888,97810632,93.27948760986328,1.6338501204050513,478.95263671875
uwave-all,tagfex,uwave,1,48,resnet18_cifar,0.1,"[0.1,0.05,0.01]",last_epoch_train_mean,1.593406293213879,0.05,1.4215387936558195,16826913817530159,331728684,6,0,0.9366747780066924,0.9732142857142857,0.0050009985809639,0.0004136814588278304,-0.0004136814588278304,5,0.0050009985809639,0.005571030640668551,0.004358579868871907,0.0,0.0,0.009433962264150941,0.010000000000000009,0.6,"[0.947075208913649,0.970276008492569,0.8109965635738832,0.9476744186046512,0.9708121827411168,0.9732142857142857]","[0.005571030640668551,0.0,0.0,0.009433962264150941,0.010000000000000009]",,,3072,1073.3866910549114,1073419.375,75.48914892191533,997.897542132996,199.5795084265992,214.07118248497136,147809187830.79254,5608971272510053,5049104403777806,559866868732247,6681329672,331728684,24576000,16000,166029420,522350104,498.1518783569336,0.21830400224384253,2193.74658203125
uwave-all,tagfex,uwave,1,48,resnet18_cifar,0.05,"[0.1,0.05,0.01]",last_epoch_train_mean,1.4215387936558195,0.05,1.4215387936558195,16826913817530159,331728684,6,0,0.9727611979339489,0.9698660714285714,0.014580039649677533,-0.0035229690193688823,0.0035229690193688823,3,0.014580039649677533,0.0,0.01866589329317502,0.0,0.0,0.027855153203342642,0.04504504504504503,0.4,"[0.9832869080779945,0.9830148619957537,0.9639175257731959,0.9694767441860465,0.9670050761421319,0.9698660714285714]","[0.027855153203342642,0.0,0.04504504504504503,0.0,0.0]","[-0.013927576601671321,0.0,0.06306306306306309,0.018867924528301883,-0.010000000000000009,0.0]",0.00966723516494894,3072,1071.775828946149,1071808.359375,72.28842871903908,999.4874002271099,199.897480045422,213.80887402093504,147809187830.79254,5608971272510053,5049104403777806,559866868732247,6681329672,331728684,24576000,16000,166029420,522350104,498.1518783569336,0.2066636071893819,2198.24658203125
uwave-all,tagfex,uwave,1,48,resnet18_cifar,0.01,"[0.1,0.05,0.01]",last_epoch_train_mean,1.4675139534044714,0.05,1.4215387936558195,16826913817530159,331728684,6,0,0.9769125463369769,0.9732142857142857,0.013420331562970955,0.013420331562970955,-0.013420331562970955,1,0.013420331562970955,0.009433962264150941,0.0130979685844679,0.0,0.0,0.027027027027026973,0.03064066852367686,0.6,"[0.9805013927576601,0.9830148619957537,0.9828178694158075,0.9723837209302325,0.9695431472081218,0.9732142857142857]","[0.03064066852367686,0.0,0.027027027027026973,0.009433962264150941,0.0]",,,3072,1078.4976788003696,1078530.421875,73.20898992603179,1005.2886888743378,201.05773777486758,215.3114382160129,147809187830.79254,5608971272510053,5049104403777806,559866868732247,6681329672,331728684,24576000,16000,166029420,522350104,498.1518783569336,0.2249647968710633,2198.24658203125
uwave-all,tagfex,uwave,1,50,resnet18_cifar,0.1,"[0.1,0.05,0.01]",last_epoch_train_mean,1.582772972708485,0.05,1.4126686585597423,16826921607481713,331728684,6,0,0.9729013554324756,0.9776785714285714,0.007161705248634376,-0.005450907363978241,0.005450907363978241,3,0.007161705248634376,0.008356545961002881,0.006738402887269579,0.0,0.0,0.009433962264150941,0.018018018018018056,0.6,"[0.9749303621169917,0.9787685774946921,0.9604810996563574,0.9709302325581395,0.9746192893401016,0.9776785714285714]","[0.008356545961002881,0.0,0.018018018018018056,0.009433962264150941,0.0]",,,3072,1078.6470194928115,1078679.9609375,73.09764325292781,1005.5493762398837,201.10987524797673,215.38777497503906,147809187830.79254,5608973869160571,5049107000428324,559866868732247,6681329672,331728684,24576000,16000,166029420,522350104,498.1518783569336,0.21324142523683673,2189.27392578125
uwave-all,tagfex,uwave,1,50,resnet18_cifar,0.05,"[0.1,0.05,0.01]",last_epoch_train_mean,1.4126686585597423,0.05,1.4126686585597423,16826921607481713,331728684,6,0,0.9697198894864045,0.9720982142857143,0.006900720029431873,-0.00751369438498255,0.00751369438498255,1,0.006900720029431873,0.0,0.009791697533763835,0.0,0.0,0.009433962264150941,0.025069637883008422,0.4,"[0.9749303621169917,0.9787685774946921,0.9587628865979382,0.9680232558139535,0.9657360406091371,0.9720982142857143]","[0.025069637883008422,0.0,0.0,0.009433962264150941,0.0]","[-0.002785515320334331,0.0,0.05405405405405406,0.0,0.010000000000000009,0.0]",0.010211423122286623,3072,1082.8681654368993,1082901.0859375,74.26403253397439,1008.6041329029249,201.72082658058497,217.59375755593646,147809187830.79254,5608973869160571,5049107000428324,559866868732247,6681329672,331728684,24576000,16000,166029420,522350104,498.1518783569336,0.21655405998899369,2189.27392578125
uwave-all,tagfex,uwave,1,50,resnet18_cifar,0.01,"[0.1,0.05,0.01]",last_epoch_train_mean,1.4688327396261873,0.05,1.4126686585597423,16826921607481713,331728684,6,0,0.980693532481383,0.9821428571428571,0.0069462219880047195,0.0069462219880047195,-0.0069462219880047195,3,0.0069462219880047195,0.0,0.008517351881398691,0.0,0.0,0.01671309192200554,0.018018018018018056,0.4,"[0.9888579387186629,0.9851380042462845,0.979381443298969,0.9752906976744186,0.9733502538071066,0.9821428571428571]","[0.01671309192200554,0.0,0.018018018018018056,0.0,0.0]",,,3072,1069.4048877150053,1069437.3671875,73.65933542395942,995.7455522910459,199.14911045820918,214.46023887500633,147809187830.79254,5608973869160571,5049107000428324,559866868732247,6681329672,331728684,24576000,16000,166029420,522350104,498.1518783569336,0.20289830458101019,2189.27392578125
uwave-all,tagfex,uwave,1,52,resnet18_cifar,0.1,"[0.1,0.05,0.01]",last_epoch_train_mean,1.6249178232686783,0.05,1.4307809337139326,16826898237627051,331728684,6,0,0.9799381726597104,0.9821428571428571,0.00784930092230245,0.007292197858235605,-0.007292197858235605,3,0.00784930092230245,0.0027855153203342198,0.010189811624133223,0.0,0.0,0.009433962264150941,0.027027027027027084,0.6,"[0.9777158774373259,0.9851380042462845,0.9810996563573883,0.9738372093023255,0.9796954314720813,0.9821428571428571]","[0.0027855153203342198,0.0,0.027027027027027084,0.009433962264150941,0.0]",,,3072,1070.7425463559339,1070775.578125,72.87151887803338,997.8710274779005,199.5742054955801,215.7315413209144,147808126674.06268,5608966079209017,5049099210476770,559866868732247,6681329672,331728684,24576000,16000,166029420,522350104,498.1518783569336,0.21999627980611486,2207.46923828125
uwave-all,tagfex,uwave,1,52,resnet18_cifar,0.05,"[0.1,0.05,0.01]",last_epoch_train_mean,1.4307809337139326,0.05,1.4307809337139326,16826898237627051,331728684,6,0,0.9709851020328663,0.9732142857142857,0.0063436169653650065,0.003984712099496334,-0.003984712099496334,1,0.0063436169653650065,0.0,0.008767831902738223,0.0,0.0,0.009433962264150941,0.02228412256267409,0.4,"[0.9721448467966574,0.9808917197452229,0.9673539518900344,0.9665697674418605,0.9657360406091371,0.9732142857142857]","[0.02228412256267409,0.0,0.0,0.009433962264150941,0.0]","[-0.0027855153203342198,0.0,0.018018018018018056,0.0,0.0,0.0]",0.0025387504496139726,3072,1050.6717406989774,1050704.0625,72.8835456520319,977.7881950469455,195.5576390093891,211.74424051097594,147808126674.06268,5608966079209017,5049099210476770,559866868732247,6681329672,331728684,24576000,16000,166029420,522350104,498.1518783569336,0.20066378108042823,2207.46923828125
uwave-all,tagfex,uwave,1,52,resnet18_cifar,0.01,"[0.1,0.05,0.01]",last_epoch_train_mean,1.4866183386269909,0.05,1.4307809337139326,16826898237627051,331728684,6,0,0.975636267687198,0.9743303571428571,0.010976436046073923,0.010976436046073923,-0.010976436046073923,1,0.010976436046073923,0.0,0.01344588419207589,0.0,0.0,0.027027027027027084,0.02785515320334253,0.4,"[0.9805013927576601,0.9830148619957537,0.9707903780068728,0.9680232558139535,0.9771573604060914,0.9743303571428571]","[0.02785515320334253,0.0,0.027027027027027084,0.0,0.0]",,,3072,1024.9992251988733,1025030.984375,69.68648641300388,955.3127387858694,191.0625477571739,205.6731501900358,147808126674.06268,5608966079209017,5049099210476770,559866868732247,6681329672,331728684,24576000,16000,166029420,522350104,498.1518783569336,0.20171742068799045,2207.46923828125
uwave-all,tagfex,uwave,1,54,resnet18_cifar,0.1,"[0.1,0.05,0.01]",last_epoch_train_mean,1.5531096048607453,0.05,1.4117694820098892,16826921607481713,331728684,6,0,0.961174447203962,0.9676339285714286,0.004030214058069204,0.0023589048658686496,-0.0023589048658686496,1,0.004030214058069204,0.0,0.004981860017145835,0.0,0.0,0.009009009009009028,0.01114206128133699,0.4,"[0.9554317548746518,0.9639065817409767,0.9604810996563574,0.9563953488372093,0.9631979695431472,0.9676339285714286]","[0.01114206128133699,0.0,0.009009009009009028,0.0,0.0]",,,3072,1024.568627455039,1024599.765625,70.12693299900275,954.4416944560362,190.88833889120724,203.68996123899706,147809187830.79254,5608973869160571,5049107000428324,559866868732247,6681329672,331728684,24576000,16000,166029420,522350104,498.1518783569336,0.20269867958891805,2189.27392578125
uwave-all,tagfex,uwave,1,54,resnet18_cifar,0.05,"[0.1,0.05,0.01]",last_epoch_train_mean,1.4117694820098892,0.05,1.4117694820098892,16826921607481713,331728684,6,0,0.9741783898787947,0.9754464285714286,0.00334261838440113,0.00334261838440113,-0.00334261838440113,1,0.00334261838440113,0.0,0.006685236768802261,0.0,0.0,0.0,0.016713091922005652,0.2,"[0.9749303621169917,0.9808917197452229,0.9707903780068728,0.9709302325581395,0.9720812182741116,0.9754464285714286]","[0.016713091922005652,0.0,0.0,0.0,0.0]","[0.0027855153203342198,0.0,-0.009009009009009028,0.0,0.0,0.0]",-0.001037248948112468,3072,1027.6997654610313,1027731.0,70.5335004569497,957.1662650040817,191.43325300081634,205.39503645792138,147809187830.79254,5608973869160571,5049107000428324,559866868732247,6681329672,331728684,24576000,16000,166029420,522350104,498.1518783569336,0.20849207612627652,2189.27392578125
uwave-all,tagfex,uwave,1,54,resnet18_cifar,0.01,"[0.1,0.05,0.01]",last_epoch_train_mean,1.4580881858558912,0.05,1.4117694820098892,16826921607481713,331728684,6,0,0.9775913096125647,0.9799107142857143,0.008060428116138408,0.008060428116138408,-0.008060428116138408,1,0.008060428116138408,0.0,0.009963720034291681,0.0,0.0,0.018018018018017945,0.02228412256267409,0.4,"[0.9832869080779945,0.9787685774946921,0.9776632302405498,0.9738372093023255,0.9720812182741116,0.9799107142857143]","[0.02228412256267409,0.0,0.018018018018017945,0.0,0.0]",,,3072,1027.6300290400395,1027661.3359375,71.02383802796248,956.606191012077,191.3212382024154,204.77098958403803,147809187830.79254,5608973869160571,5049107000428324,559866868732247,6681329672,331728684,24576000,16000,166029420,522350104,498.1518783569336,0.2467940926830384,2189.27392578125
uwave-all,tagfex,uwave,1,56,resnet18_cifar,0.1,"[0.1,0.05,0.01]",last_epoch_train_mean,1.5888596685701455,0.05,1.4364418140785715,16826906027578605,331728684,6,0,0.9719106600463578,0.9799107142857143,0.003114206128133712,0.003114206128133712,-0.003114206128133712,5,0.003114206128133712,0.0,0.004063126465094095,0.0,0.0,0.005571030640668551,0.010000000000000009,0.4,"[0.9721448467966574,0.9723991507430998,0.9656357388316151,0.9680232558139535,0.9733502538071066,0.9799107142857143]","[0.005571030640668551,0.0,0.0,0.0,0.010000000000000009]",,,3072,1027.8811240899377,1027912.4453125,70.06418712891173,957.8169369610259,191.5633873922052,206.216223911033,147809187830.79254,5608968675859535,5049101807127288,559866868732247,6681329672,331728684,24576000,16000,166029420,522350104,498.1518783569336,0.20456734377408534,2207.46923828125
uwave-all,tagfex,uwave,1,56,resnet18_cifar,0.05,"[0.1,0.05,0.01]",last_epoch_train_mean,1.4364418140785715,0.05,1.4364418140785715,16826906027578605,331728684,6,0,0.9684590862947347,0.9720982142857143,0.012162703829598253,0.004870505971362649,-0.004870505971362649,4,0.012162703829598253,0.013927576601671321,0.006855189524238139,0.0,0.010000000000000009,0.018018018018018056,0.018867924528301883,0.8,"[0.9721448467966574,0.9723991507430998,0.9656357388316151,0.9563953488372093,0.9720812182741116,0.9720982142857143]","[0.013927576601671321,0.0,0.018018018018018056,0.018867924528301883,0.010000000000000009]","[0.00835654596100277,0.0,-0.027027027027026973,0.009433962264150941,-0.010000000000000009,0.0092592592592593]",-0.0016628765904356617,3072,1027.538275843137,1027569.359375,70.2658037430374,957.2724721000995,191.4544944200199,205.87499445700087,147809187830.79254,5608968675859535,5049101807127288,559866868732247,6681329672,331728684,24576000,16000,166029420,522350104,498.1518783569336,0.1949953537924947,2207.46923828125
uwave-all,tagfex,uwave,1,56,resnet18_cifar,0.01,"[0.1,0.05,0.01]",last_epoch_train_mean,1.4668115345273254,0.05,1.4364418140785715,16826906027578605,331728684,6,0,0.9794487820507692,0.9776785714285714,0.008617531180205274,0.008617531180205274,-0.008617531180205274,1,0.008617531180205274,0.0,0.010787274898450844,0.0,0.0,0.018018018018018056,0.02506963788300831,0.4,"[0.9860724233983287,0.9830148619957537,0.9776632302405498,0.9738372093023255,0.9784263959390863,0.9776785714285714]","[0.02506963788300831,0.0,0.018018018018018056,0.0,0.0]",,,3072,1024.8201730806613,1024851.1015625,71.040241752984,953.7799313276773,190.75598626553546,205.36881641496439,147809187830.79254,5608968675859535,5049101807127288,559866868732247,6681329672,331728684,24576000,16000,166029420,522350104,498.1518783569336,0.20154152233382255,2207.46923828125
uwave-all,tagfex,uwave,2,48,resnet18_cifar,0.1,"[0.1,0.05,0.01]",last_epoch_train_mean,1.6159606637829023,0.05,1.4316397123713862,16862105132121648,331728684,6,0,0.9615760494367597,0.9709821428571429,0.01220181283662274,-0.004019124928089024,0.004019124928089024,2,0.01220181283662274,0.018181818181818188,0.010231565418180323,0.0,0.0,0.01823708206686936,0.024590163934426146,0.6,"[0.9270516717325228,0.9733924611973392,0.9491833030852994,0.9787556904400607,0.9700910273081924,0.9709821428571429]","[0.01823708206686936,0.024590163934426146,0.0,0.0,0.018181818181818188]",,,3072,1027.5206511123106,1027551.3046875,72.92894628003705,954.5917048322735,190.9183409664547,205.09583929809742,147774778190.3289,5620701710707216,5060008689814308,560693020892908,6681329672,331728684,24576000,16000,166029420,522350104,498.1518783569336,0.30474785061025095,2184.64892578125
uwave-all,tagfex,uwave,2,48,resnet18_cifar,0.05,"[0.1,0.05,0.01]",last_epoch_train_mean,1.4316397123713862,0.05,1.4316397123713862,16862105132121648,331728684,6,0,0.9832741396722321,0.9765625,0.005894663411231238,-0.025622330233421975,0.025622330233421975,1,0.005894663411231238,0.0,0.008320390412498945,0.0,0.0,0.008196721311475419,0.02127659574468077,0.4,"[0.9878419452887538,0.991130820399113,0.9909255898366606,0.9908952959028832,0.9622886866059818,0.9765625]","[0.02127659574468077,0.008196721311475419,0.0,0.0,0.0]","[0.003039513677811523,-0.024590163934426257,-0.010000000000000009,0.0,0.17272727272727273,0.0]",0.023529437078443,3072,1027.4528052699752,1027484.3125,72.70291606499813,954.7498892049771,190.94997784099542,205.92275986704044,147774778190.3289,5620701710707216,5060008689814308,560693020892908,6681329672,331728684,24576000,16000,166029420,522350104,498.1518783569336,0.20377218840751862,2184.64892578125
uwave-all,tagfex,uwave,2,48,resnet18_cifar,0.01,"[0.1,0.05,0.01]",last_epoch_train_mean,1.4689762906541148,0.05,1.4316397123713862,16862105132121648,331728684,6,0,0.9877062047260902,0.9787946428571429,0.012133403394652098,0.011525500659089772,-0.011525500659089772,5,0.012133403394652098,0.010000000000000009,0.009009512621711228,0.0,0.008196721311475419,0.015197568389057836,0.027272727272727226,0.8,"[0.9908814589665653,0.991130820399113,0.9927404718693285,0.9908952959028832,0.9817945383615084,0.9787946428571429]","[0.015197568389057836,0.008196721311475419,0.010000000000000009,0.0,0.027272727272727226]",,,3072,1030.1540943511063,1030185.1953125,74.10078705695923,956.0533072941471,191.2106614588294,204.82118243107107,147774778190.3289,5620701710707216,5060008689814308,560693020892908,6681329672,331728684,24576000,16000,166029420,522350104,498.1518783569336,0.20329045439991336,2184.64892578125
uwave-all,tagfex,uwave,2,50,resnet18_cifar,0.1,"[0.1,0.05,0.01]",last_epoch_train_mean,1.599823457994414,0.01,1.4768208359572208,16862108780039748,331728684,6,0,0.9689903765567253,0.9587053571428571,0.010997060142508341,0.0085654492002591,-0.0085654492002591,1,0.010997060142508341,0.0,0.013593114751171465,0.0,0.0,0.024590163934426257,0.03039513677811545,0.4,"[0.9756838905775076,0.9866962305986696,0.9401088929219601,0.9787556904400607,0.9739921976592978,0.9587053571428571]","[0.03039513677811545,0.024590163934426257,0.0,0.0,0.0]",,,3072,1026.0438243880635,1026074.953125,72.58214106503874,953.4616833230248,190.69233666460497,205.7686280880589,147774778190.3289,5620702926679916,5060009905787008,560693020892908,6681329672,331728684,24576000,16000,166029420,522350104,498.1518783569336,0.19951831680893,2184.64892578125
uwave-all,tagfex,uwave,2,50,resnet18_cifar,0.05,"[0.1,0.05,0.01]",last_epoch_train_mean,1.5367923780563832,0.01,1.4768208359572208,16862108780039748,331728684,6,0,0.9886256856824883,0.9776785714285714,0.007718371617918196,0.005292287064174062,-0.005292287064174062,1,0.007718371617918196,0.0,0.01177441529636969,0.0,0.0,0.008196721311475419,0.03039513677811556,0.4,"[0.9908814589665653,0.9933481152993349,0.9945553539019963,0.9908952959028832,0.9843953185955787,0.9776785714285714]","[0.03039513677811556,0.008196721311475419,0.0,0.0,0.0]",,,3072,1014.4200208910042,1014450.78125,71.75296918395907,942.6670517070452,188.53341034140902,201.7830154330004,147774778190.3289,5620702926679916,5060009905787008,560693020892908,6681329672,331728684,24576000,16000,166029420,522350104,498.1518783569336,0.1935536071999065,2184.64892578125
uwave-all,tagfex,uwave,2,50,resnet18_cifar,0.01,"[0.1,0.05,0.01]",last_epoch_train_mean,1.4768208359572208,0.01,1.4768208359572208,16862108780039748,331728684,6,0,0.9828935261647537,0.9743303571428571,0.014627897390366873,0.014019994654804569,-0.014019994654804569,5,0.014627897390366873,0.021276595744680882,0.012093754019175187,0.0,0.0,0.024590163934426257,0.027272727272727226,0.6,"[0.9848024316109423,0.9866962305986696,0.9872958257713249,0.9863429438543247,0.9778933680104032,0.9743303571428571]","[0.021276595744680882,0.024590163934426257,0.0,0.0,0.027272727272727226]","[0.003039513677811523,-0.008196721311475419,-0.010000000000000009,0.0,0.0,-0.007874015748031482]",-0.0038385372302825647,3072,1022.4437818760052,1022475.0390625,73.12708050897345,949.3167013670318,189.86334027340635,205.32487049594056,147774778190.3289,5620702926679916,5060009905787008,560693020892908,6681329672,331728684,24576000,16000,166029420,522350104,498.1518783569336,0.19566787744094785,2184.64892578125
uwave-all,tagfex,uwave,2,52,resnet18_cifar,0.1,"[0.1,0.05,0.01]",last_epoch_train_mean,1.566351196714838,0.05,1.4233771796281491,16862112427957848,331728684,6,0,0.967768035052848,0.9720982142857143,0.003039513677811567,-0.06466780516309638,0.06466780516309638,1,0.003039513677811567,0.0,0.006079027355623134,0.0,0.0,0.0,0.015197568389057836,0.2,"[0.9696048632218845,0.9800443458980045,0.9745916515426497,0.9817905918057663,0.9284785435630689,0.9720982142857143]","[0.015197568389057836,0.0,0.0,0.0,0.0]",,,3072,1023.3339273619931,1023365.3671875,74.02734480600338,949.3065825559897,189.86131651119794,205.22007388505153,147774778190.3289,5620704142652616,5060011121759708,560693020892908,6681329672,331728684,24576000,16000,166029420,522350104,498.1518783569336,0.1998383082276892,2184.64892578125
uwave-all,tagfex,uwave,2,52,resnet18_cifar,0.05,"[0.1,0.05,0.01]",last_epoch_train_mean,1.4233771796281491,0.05,1.4233771796281491,16862112427957848,331728684,6,0,0.9859390063974892,0.9776785714285714,0.006502566146793565,0.0034685788574871034,-0.0034685788574871034,1,0.006502566146793565,0.0,0.0094556077037649,0.0,0.0,0.008196721311475419,0.024316109422492405,0.4,"[0.9878419452887538,0.991130820399113,0.9891107078039928,0.9893778452200304,0.9804941482444733,0.9776785714285714]","[0.024316109422492405,0.008196721311475419,0.0,0.0,0.0]","[-0.045592705167173286,0.0,-0.010000000000000009,0.0,0.018181818181818188,0.0]",-0.006235147830892518,3072,1098.006813566899,1098040.1484375,73.94955613801721,1024.0572574288817,204.81145148577633,214.1551925879903,147774778190.3289,5620704142652616,5060011121759708,560693020892908,6681329672,331728684,24576000,16000,166029420,522350104,498.1518783569336,0.21871334398123768,2184.64892578125
uwave-all,tagfex,uwave,2,52,resnet18_cifar,0.01,"[0.1,0.05,0.01]",last_epoch_train_mean,1.4716634842669944,0.05,1.4233771796281491,16862112427957848,331728684,6,0,0.9883950512050642,0.9810267857142857,0.009101961867919317,0.009101961867919317,-0.009101961867919317,5,0.009101961867919317,0.0,0.01150794739283251,0.0,0.0,0.018237082066869248,0.027272727272727337,0.4,"[0.9908814589665653,0.9889135254988913,0.9927404718693285,0.992412746585736,0.9843953185955787,0.9810267857142857]","[0.018237082066869248,0.0,0.0,0.0,0.027272727272727337]",,,3072,1136.6420294750715,1136676.578125,81.64959166396875,1054.9924378111027,210.99848756222053,225.2326860370813,147774778190.3289,5620704142652616,5060011121759708,560693020892908,6681329672,331728684,24576000,16000,166029420,522350104,498.1518783569336,0.2207006503210453,2184.64892578125
uwave-all,tagfex,uwave,2,54,resnet18_cifar,0.1,"[0.1,0.05,0.01]",last_epoch_train_mean,1.5925384308203834,0.01,1.4662467286457144,16862121747532896,331728684,6,0,0.9701625507891717,0.9698660714285714,0.01117589769839511,0.0030968703427719955,-0.0030968703427719955,1,0.01117589769839511,0.00909090909090915,0.011408334515314174,0.0,0.0,0.016393442622950838,0.03039513677811556,0.6,"[0.9544072948328267,0.9844789356984479,0.985480943738657,0.9878603945371776,0.9388816644993498,0.9698660714285714]","[0.03039513677811556,0.016393442622950838,0.0,0.0,0.00909090909090915]",,,3072,1084.1861496770289,1084219.0078125,77.80231951700989,1006.383830160019,201.2767660320038,215.26450710499194,147774778190.3289,5620707249177632,5060014228284724,560693020892908,6681329672,331728684,24576000,16000,166029420,522350104,498.1518783569336,0.21236362395679212,2182.64892578125
uwave-all,tagfex,uwave,2,54,resnet18_cifar,0.05,"[0.1,0.05,0.01]",last_epoch_train_mean,1.4999846477288588,0.01,1.4662467286457144,16862121747532896,331728684,6,0,0.9731218185624538,0.9642857142857143,0.006101644612282908,-0.003016896421151749,0.003016896421151749,1,0.006101644612282908,0.009090909090909038,0.005099930776353782,0.0,0.0,0.0092592592592593,0.012158054711246202,0.6,"[0.9422492401215805,0.9822616407982262,0.985480943738657,0.9878603945371776,0.976592977893368,0.9642857142857143]","[0.012158054711246202,0.0,0.0,0.0092592592592593,0.009090909090909038]",,,3072,1095.2979147109436,1095336.125,79.70953461900353,1015.58838009194,203.117676018388,217.6538727210136,147774778190.3289,5620707249177632,5060014228284724,560693020892908,6681329672,331728684,24576000,16000,166029420,522350104,498.1518783569336,0.2421555914874521,2182.64892578125
uwave-all,tagfex,uwave,2,54,resnet18_cifar,0.01,"[0.1,0.05,0.01]",last_epoch_train_mean,1.4662467286457144,0.01,1.4662467286457144,16862121747532896,331728684,6,0,0.9772291000933627,0.9754464285714286,0.013951585212833906,0.00258579718154186,-0.00258579718154186,5,0.013951585212833906,0.010000000000000009,0.012224833127941103,0.0,0.008196721311475419,0.015197568389057725,0.036363636363636376,0.8,"[0.9422492401215805,0.9866962305986696,0.9891107078039928,0.9893778452200304,0.9804941482444733,0.9754464285714286]","[0.015197568389057725,0.008196721311475419,0.010000000000000009,0.0,0.036363636363636376]","[0.04863221884498481,0.016393442622950838,0.0,0.0,0.009090909090909038,0.007874015748031482]",0.013665097717812694,3072,1113.6876588201849,1113721.328125,82.01224978710525,1031.6754090330796,206.33508180661593,219.76585175597575,147774778190.3289,5620707249177632,5060014228284724,560693020892908,6681329672,331728684,24576000,16000,166029420,522350104,498.1518783569336,0.2078923952077665,2182.64892578125
uwave-all,tagfex,uwave,2,56,resnet18_cifar,0.1,"[0.1,0.05,0.01]",last_epoch_train_mean,1.6905113535225882,0.05,1.4452863707770234,16862117087745220,331728684,6,0,0.971464180293545,0.9665178571428571,0.019235365262571413,0.011332629700261387,-0.011332629700261387,5,0.019235365262571413,0.008196721311475419,0.021495452165588774,0.0,0.0,0.033434650455927084,0.054545454545454564,0.6,"[0.9452887537993921,0.9778270509977827,0.9818511796733213,0.9833080424886191,0.9739921976592978,0.9665178571428571]","[0.033434650455927084,0.008196721311475419,0.0,0.0,0.054545454545454564]",,,3072,1091.364061661996,1091397.1796875,77.80844918393996,1013.555612478056,202.7111224956112,218.23327651200816,147774778190.3289,5620705695915124,5060012675022216,560693020892908,6681329672,331728684,24576000,16000,166029420,522350104,498.1518783569336,0.21157289068339327,2183.14892578125
uwave-all,tagfex,uwave,2,56,resnet18_cifar,0.05,"[0.1,0.05,0.01]",last_epoch_train_mean,1.4452863707770234,0.05,1.4452863707770234,16862117087745220,331728684,6,0,0.9872331589236133,0.9732142857142857,0.009954565838765372,0.009954565838765372,-0.009954565838765372,5,0.009954565838765372,0.015197568389057836,0.008183185848765663,0.0,0.0,0.016393442622950838,0.018181818181818188,0.6,"[0.993920972644377,0.991130820399113,0.9909255898366606,0.992412746585736,0.9817945383615084,0.9732142857142857]","[0.015197568389057836,0.016393442622950838,0.0,0.0,0.018181818181818188]","[-0.003039513677811634,-0.032786885245901676,0.0,0.0,0.00909090909090915,0.0]",-0.004455914972134027,3072,1109.2973186529707,1109330.6015625,79.16088033898268,1030.136438313988,206.02728766279762,222.18656040297356,147774778190.3289,5620705695914972,5060012675022064,560693020892908,6681329672,331728684,24576000,16000,166029420,522350104,498.1518783569336,0.2150699319827254,2183.14892578125
uwave-all,tagfex,uwave,2,56,resnet18_cifar,0.01,"[0.1,0.05,0.01]",last_epoch_train_mean,1.4699467410758458,0.05,1.4452863707770234,16862117087745220,331728684,6,0,0.985941318765985,0.9765625,0.013167390683958535,0.013167390683958535,-0.013167390683958535,5,0.013167390683958535,0.008196721311475419,0.013966337595857801,0.0,0.0,0.021276595744680882,0.036363636363636376,0.6,"[0.993920972644377,0.9866962305986696,0.9872958257713249,0.9893778452200304,0.9817945383615084,0.9765625]","[0.021276595744680882,0.008196721311475419,0.0,0.0,0.036363636363636376]",,,3072,1106.6964767948957,1106734.3359375,80.04607883899007,1026.6503979559056,205.33007959118112,222.56155990599655,147774778190.3289,5620705695915124,5060012675022216,560693020892908,6681329672,331728684,24576000,16000,166029420,522350104,498.1518783569336,0.22102354458703694,2183.14892578125
uwave-all,tagfex,uwave,3,48,resnet18_cifar,0.1,"[0.1,0.05,0.01]",last_epoch_train_mean,1.6089325075277174,0.05,1.438478783314989,16842374083814148,331728684,6,0,0.975466626874815,0.9732142857142857,0.004914312181565572,-0.030400434119748576,0.030400434119748576,2,0.004914312181565572,0.0,0.006404730223699574,0.0,0.0,0.008823529411764786,0.015748031496063075,0.4,"[0.9852941176470589,0.987152034261242,0.9858906525573192,0.9631268436578171,0.9581218274111675,0.9732142857142857]","[0.008823529411764786,0.015748031496063075,0.0,0.0,0.0]",,,3072,1079.6854323229054,1079718.03125,73.58161808701698,1006.1038142358884,201.2207628471777,219.11860303895082,147801063578.74548,5614124694604716,5054089178227402,560035516377314,6681329672,331728684,24576000,16000,166029420,522350104,498.1518783569336,0.20647584720531345,2192.24658203125
uwave-all,tagfex,uwave,3,48,resnet18_cifar,0.05,"[0.1,0.05,0.01]",last_epoch_train_mean,1.438478783314989,0.05,1.438478783314989,16842374083814148,331728684,6,0,0.9815502199467395,0.9709821428571429,0.012348518040968237,0.001926184469028347,-0.001926184469028347,4,0.012348518040968237,0.007874015748031482,0.016771889514005687,0.0,0.0,0.008823529411764675,0.04504504504504503,0.6,"[0.9970588235294118,0.9892933618843683,0.9894179894179894,0.9793510324483776,0.9631979695431472,0.9709821428571429]","[0.008823529411764675,0.007874015748031482,0.0,0.04504504504504503,0.0]","[-0.00588235294117645,0.0,0.010000000000000009,0.018018018018018056,0.06363636363636371,0.0]",0.014295338118867554,3072,1067.1605938269058,1067192.9140625,73.34658075298648,993.8140130739193,198.76280261478388,215.10659127298277,147801063578.74548,5614124694604716,5054089178227402,560035516377314,6681329672,331728684,24576000,16000,166029420,522350104,498.1518783569336,0.2024173624834345,2192.24658203125
uwave-all,tagfex,uwave,3,48,resnet18_cifar,0.01,"[0.1,0.05,0.01]",last_epoch_train_mean,1.4832533627541444,0.05,1.438478783314989,16842374083814148,331728684,6,0,0.9826441660855697,0.9743303571428571,0.016086359634298518,0.014268177816116712,-0.014268177816116712,4,0.016086359634298518,0.01176470588235301,0.016921055949264505,0.0,0.0,0.023622047244094557,0.04504504504504503,0.6,"[0.9882352941176471,0.9892933618843683,0.9894179894179894,0.9837758112094396,0.9708121827411168,0.9743303571428571]","[0.01176470588235301,0.023622047244094557,0.0,0.04504504504504503,0.0]",,,3072,1076.1231573768891,1076155.171875,72.6925734860124,1003.4305838908767,200.68611677817535,217.1881485079648,147801063578.74548,5614124694604716,5054089178227402,560035516377314,6681329672,331728684,24576000,16000,166029420,522350104,498.1518783569336,0.20327503352746135,2192.24658203125
uwave-all,tagfex,uwave,3,50,resnet18_cifar,0.1,"[0.1,0.05,0.01]",last_epoch_train_mean,1.5861349003773881,0.05,1.4321660941164494,16842390699225384,331728684,6,0,0.9841214575228553,0.9765625,0.012726134699270397,0.011151331549664101,-0.011151331549664101,4,0.012726134699270397,0.01176470588235301,0.008828828875883953,0.0,0.009090909090909038,0.015748031496062964,0.027027027027026973,0.8,"[0.9941176470588236,0.9914346895074947,0.9911816578483245,0.9793510324483776,0.9720812182741116,0.9765625]","[0.01176470588235301,0.015748031496062964,0.0,0.027027027027026973,0.009090909090909038]",,,3072,1060.7735126961488,1060809.5078125,75.32020849105902,985.4533042050898,197.09066084101795,209.9427285300335,147801063578.74548,5614130233075128,5054094716697814,560035516377314,6681329672,331728684,24576000,16000,166029420,522350104,498.1518783569336,0.20088440396648366,2185.14892578125
uwave-all,tagfex,uwave,3,50,resnet18_cifar,0.05,"[0.1,0.05,0.01]",last_epoch_train_mean,1.4321660941164494,0.05,1.4321660941164494,16842390699225384,331728684,6,0,0.9844065118490032,0.9776785714285714,0.0108955324434713,-0.011619896371170113,0.011619896371170113,2,0.0108955324434713,0.010000000000000009,0.007556333932086359,0.0,0.009090909090909038,0.0117647058823529,0.023622047244094557,0.8,"[1.0,0.9892933618843683,0.9964726631393298,0.9734513274336283,0.9695431472081218,0.9776785714285714]","[0.0117647058823529,0.023622047244094557,0.010000000000000009,0.0,0.009090909090909038]","[-0.002941176470588225,0.03149606299212604,0.0,0.10810810810810811,0.00909090909090915,0.0]",0.02429231728675918,3072,1079.4588644710602,1079492.7421875,74.4326899079606,1005.0261745630996,201.00523491261993,215.34202422900125,147801063578.74548,5614130233075128,5054094716697814,560035516377314,6681329672,331728684,24576000,16000,166029420,522350104,498.1518783569336,0.21011379911734757,2185.14892578125
uwave-all,tagfex,uwave,3,50,resnet18_cifar,0.01,"[0.1,0.05,0.01]",last_epoch_train_mean,1.496986897054087,0.05,1.4321660941164494,16842390699225384,331728684,6,0,0.9839969677311315,0.9765625,0.012709754682890395,0.010891572864708588,-0.010891572864708588,4,0.012709754682890395,0.01176470588235301,0.013246247568224569,0.0,0.0,0.015748031496062964,0.036036036036036,0.6,"[0.9882352941176471,0.987152034261242,0.9894179894179894,0.9867256637168141,0.9758883248730964,0.9765625]","[0.01176470588235301,0.015748031496062964,0.0,0.036036036036036,0.0]",,,3072,1231.364381610998,1231402.3515625,72.66060015093535,1158.7037814600626,231.74075629201252,219.42749809706584,147801063578.74548,5614130233075128,5054094716697814,560035516377314,6681329672,331728684,24576000,16000,166029420,522350104,498.1518783569336,0.3370654456895344,2185.14892578125
uwave-all,tagfex,uwave,3,52,resnet18_cifar,0.1,"[0.1,0.05,0.01]",last_epoch_train_mean,1.6453674585175213,0.05,1.4203802942986092,16842376154830404,331728684,6,0,0.9845176922198361,0.9732142857142857,0.01802239942582693,0.0005707172497352753,-0.0005707172497352753,2,0.01802239942582693,0.014705882352941124,0.016975438513658486,0.0,0.0,0.036036036036036,0.03937007874015752,0.6,"[1.0,0.9914346895074947,0.9929453262786596,0.9837758112094396,0.9657360406091371,0.9732142857142857]","[0.014705882352941124,0.03937007874015752,0.0,0.036036036036036,0.0]",,,3072,1285.4229060980724,1285465.6875,89.83091590600088,1195.5919901920715,239.1183980384143,259.0552174769109,147800002422.01562,5614125384943468,5054089868566154,560035516377314,6681329672,331728684,24576000,16000,166029420,522350104,498.1518783569336,0.27793905467530877,2199.21923828125
uwave-all,tagfex,uwave,3,52,resnet18_cifar,0.05,"[0.1,0.05,0.01]",last_epoch_train_mean,1.4203802942986092,0.05,1.4203802942986092,16842376154830404,331728684,6,0,0.9816870478284376,0.9720982142857143,0.008842056507642426,0.004842056507642423,-0.004842056507642423,2,0.008842056507642426,0.0,0.01087167633906082,0.0,0.0,0.020588235294117685,0.023622047244094446,0.4,"[0.9941176470588236,0.987152034261242,0.9876543209876543,0.9808259587020649,0.9682741116751269,0.9720982142857143]","[0.020588235294117685,0.023622047244094446,0.0,0.0,0.0]","[-0.01176470588235301,-0.007874015748031482,0.010000000000000009,0.04504504504504503,0.0,0.0]",0.0059010539024434245,3072,1178.6641678239685,1178699.6171875,85.3889314639382,1093.2752363600302,218.65504727200604,227.0734766109381,147800002422.01562,5614125384943468,5054089868566154,560035516377314,6681329672,331728684,24576000,16000,166029420,522350104,498.1518783569336,0.2154996496496356,2199.21923828125
uwave-all,tagfex,uwave,3,52,resnet18_cifar,0.01,"[0.1,0.05,0.01]",last_epoch_train_mean,1.4816424099825136,0.05,1.4203802942986092,16842376154830404,331728684,6,0,0.9838822328361704,0.9709821428571429,0.021626003029430563,0.021626003029430563,-0.021626003029430563,4,0.021626003029430563,0.014705882352941235,0.021678038658138103,0.0,0.0,0.03937007874015752,0.05405405405405406,0.6,"[0.9941176470588236,0.9914346895074947,0.9947089947089947,0.9837758112094396,0.9682741116751269,0.9709821428571429]","[0.014705882352941235,0.03937007874015752,0.0,0.05405405405405406,0.0]",,,3072,1128.5302737249294,1128564.234375,76.27508543094154,1052.2551882939879,210.4510376587976,226.27775465208106,147800002422.01562,5614125384943468,5054089868566154,560035516377314,6681329672,331728684,24576000,16000,166029420,522350104,498.1518783569336,0.21795719970084196,2199.21923828125
uwave-all,tagfex,uwave,3,54,resnet18_cifar,0.1,"[0.1,0.05,0.01]",last_epoch_train_mean,1.6121691340176387,0.05,1.433401160474987,16842416140096314,331728684,6,0,0.9775125546609548,0.9787946428571429,0.005783022063707577,0.0051947867695899316,-0.0051947867695899316,5,0.005783022063707577,0.007874015748031482,0.003667173121310932,0.0,0.002941176470588225,0.009009009009009028,0.00909090909090915,0.8,"[0.9764705882352941,0.9807280513918629,0.9805996472663139,0.976401179941003,0.9720812182741116,0.9787946428571429]","[0.002941176470588225,0.007874015748031482,0.0,0.009009009009009028,0.00909090909090915]",,,3072,1331.3785829130793,1331422.8515625,75.96061824203935,1255.41796467104,251.08359293420799,297.81933799700346,147801063578.74548,5614138713365438,5054103196988124,560035516377314,6681329672,331728684,24576000,16000,166029420,522350104,498.1518783569336,0.31270140724310685,2184.39892578125
uwave-all,tagfex,uwave,3,54,resnet18_cifar,0.05,"[0.1,0.05,0.01]",last_epoch_train_mean,1.433401160474987,0.05,1.433401160474987,16842416140096314,331728684,6,0,0.9774612145370595,0.96875,0.020845928837591666,0.014546716239166457,-0.014546716239166457,2,0.020845928837591666,0.020000000000000018,0.015190062007558023,0.0,0.008823529411764786,0.036036036036036,0.03937007874015752,0.8,"[0.9911764705882353,0.9828693790149893,0.9876543209876543,0.9749262536873157,0.9593908629441624,0.96875]","[0.008823529411764786,0.03937007874015752,0.020000000000000018,0.036036036036036,0.0]","[0.008823529411764675,0.015748031496063075,0.0,0.036036036036036,0.00909090909090915,0.0]",0.01161641767246215,3072,1286.506198459072,1286545.171875,92.8640526359668,1193.6421458231052,238.72842916462105,256.1965447709663,147801063578.74548,5614138713365438,5054103196988124,560035516377314,6681329672,331728684,24576000,16000,166029420,522350104,498.1518783569336,0.22741797095347596,2184.39892578125
uwave-all,tagfex,uwave,3,54,resnet18_cifar,0.01,"[0.1,0.05,0.01]",last_epoch_train_mean,1.4847904827139744,0.05,1.433401160474987,16842416140096314,331728684,6,0,0.9882445360036335,0.9776785714285714,0.014872793126614358,0.012466376014314906,-0.012466376014314906,4,0.014872793126614358,0.014705882352941235,0.013905826894046482,0.0,0.0,0.023622047244094557,0.036036036036036,0.6,"[0.9941176470588236,0.9957173447537473,0.9947089947089947,0.9926253687315634,0.9746192893401016,0.9776785714285714]","[0.014705882352941235,0.023622047244094557,0.0,0.036036036036036,0.0]",,,3072,1165.5085412750486,1165544.109375,80.22767173498869,1085.28086954006,217.056173908012,232.74376698001288,147801063578.74548,5614138713365438,5054103196988124,560035516377314,6681329672,331728684,24576000,16000,166029420,522350104,498.1518783569336,0.24123962638051516,2184.39892578125
uwave-all,tagfex,uwave,3,56,resnet18_cifar,0.1,"[0.1,0.05,0.01]",last_epoch_train_mean,1.5744482960854933,0.05,1.4442466470383604,16842383427027900,331728684,6,0,0.9824505468985136,0.9787946428571429,0.006716113983367378,-0.004715692154321105,0.004715692154321105,2,0.006716113983367378,0.008823529411764786,0.006024723652048524,0.0,0.0,0.009009009009009028,0.015748031496063075,0.6,"[0.9882352941176471,0.987152034261242,0.9911816578483245,0.9734513274336283,0.9758883248730964,0.9787946428571429]","[0.008823529411764786,0.015748031496063075,0.0,0.009009009009009028,0.0]",,,3072,1132.6236771037802,1132662.2890625,77.04007131198887,1055.5836057917913,211.11672115835827,225.8220061470056,147799862345.6324,5614127809009300,5054092292631986,560035516377314,6681329672,331728684,24576000,16000,166029420,522350104,498.1518783569336,0.2269931575418533,2198.34423828125
uwave-all,tagfex,uwave,3,56,resnet18_cifar,0.05,"[0.1,0.05,0.01]",last_epoch_train_mean,1.4442466470383604,0.05,1.4442466470383604,16842383427027900,331728684,6,0,0.985601252540036,0.9776785714285714,0.011306285442459619,-0.001359426798055763,0.001359426798055763,4,0.011306285442459619,0.00588235294117645,0.011695323249184554,0.0,0.0,0.023622047244094557,0.027027027027027084,0.6,"[0.9970588235294118,0.9892933618843683,0.9911816578483245,0.9837758112094396,0.9746192893401016,0.9776785714285714]","[0.00588235294117645,0.023622047244094557,0.0,0.027027027027027084,0.0]","[0.0,0.023622047244094446,0.010000000000000009,0.027027027027026973,0.045454545454545414,0.0]",0.017683936620944474,3072,1131.4083796039922,1131443.3125,77.51046677993145,1053.8979128240608,210.77958256481216,227.11376723402645,147799862345.6324,5614127809009300,5054092292631986,560035516377314,6681329672,331728684,24576000,16000,166029420,522350104,498.1518783569336,0.21186552645044035,2198.34423828125
uwave-all,tagfex,uwave,3,56,resnet18_cifar,0.01,"[0.1,0.05,0.01]",last_epoch_train_mean,1.4748670386693212,0.05,1.4442466470383604,16842383427027900,331728684,6,0,0.986626464345432,0.9743303571428571,0.01686449766116278,0.013228134024799143,-0.013228134024799143,4,0.01686449766116278,0.015748031496062964,0.016784715608477753,0.0,0.0,0.02352941176470591,0.04504504504504503,0.6,"[0.9941176470588236,0.9935760171306209,0.9947089947089947,0.9896755162241888,0.9733502538071066,0.9743303571428571]","[0.02352941176470591,0.015748031496062964,0.0,0.04504504504504503,0.0]",,,3072,1125.6636394310044,1125697.984375,76.83187378698494,1048.8317656440195,209.7663531288039,226.3196727039758,147799862345.6324,5614127809009300,5054092292631986,560035516377314,6681329672,331728684,24576000,16000,166029420,522350104,498.1518783569336,0.20896363392759149,2198.34423828125
uwave-all,cwr_star,uwave,1,48,resnet18_cifar,0.1,"[0.1,0.05,0.01]",last_epoch_train_mean,0.0,0.1,0.0,416035518919950,44691744,6,0,0.5243787170340676,0.3359375,0.5372537640915209,0.5372537640915209,-0.5372537640915209,2,0.5372537640915209,0.44339622641509435,0.27761872435612395,0.27,0.2792792792792793,0.6935933147632312,1.0,1.0,"[0.9805013927576601,0.4883227176220807,0.5429553264604811,0.40261627906976744,0.39593908629441626,0.3359375]","[0.6935933147632312,1.0,0.2792792792792793,0.44339622641509435,0.27]","[-0.01949860724233976,-0.017857142857142905,0.45945945945945943,0.0,0.54,0.05555555555555558]",0.16960987748592204,512,57.597560322028585,57600.9208984375,36.47430365195032,21.123256670078263,4.224651334015652,4.185484086978249,8912535747.162024,138678506306650,138678506298458,8192,1113554952,44691744,0,0,44746768,89438512,85.29521179199219,0.054425860460988976,475.07763671875
uwave-all,cwr_star,uwave,1,48,resnet18_cifar,0.05,"[0.1,0.05,0.01]",last_epoch_train_mean,0.0,0.1,0.0,416035518919950,44691744,6,0,0.4734525388353292,0.25892857142857145,0.572674255692598,0.572674255692598,-0.572674255692598,2,0.572674255692598,0.6601671309192201,0.3965743708745996,0.07207207207207209,0.15,0.9811320754716981,1.0,1.0,"[0.9832869080779945,0.5116772823779193,0.43470790378006874,0.3386627906976744,0.3134517766497462,0.25892857142857145]","[0.6601671309192201,1.0,0.07207207207207209,0.9811320754716981,0.15]",,,512,56.102082008263096,56105.186279296875,35.650010833051056,20.45207117521204,4.090414235042408,4.174241270055063,8912535747.162024,138678506306650,138678506298458,8192,1113554952,44691744,0,0,44746768,89438512,85.29521179199219,0.03901606110697945,478.95263671875
uwave-all,cwr_star,uwave,1,48,resnet18_cifar,0.01,"[0.1,0.05,0.01]",last_epoch_train_mean,0.0,0.1,0.0,416035518919950,44691744,6,0,0.6492669655226914,0.4609375,0.004229609802611318,0.004229609802611318,-0.004229609802611318,4,0.004229609802611318,0.0027855153203342198,0.004172053018469777,0.0,0.0,0.008928571428571428,0.009433962264150941,0.6,"[0.9777158774373259,0.7473460721868365,0.6048109965635738,0.5857558139534884,0.5190355329949239,0.4609375]","[0.0027855153203342198,0.008928571428571428,0.0,0.009433962264150941,0.0]",,,512,56.25295616895892,56256.137939453125,35.853224184014834,20.399731984944083,4.079946396988817,4.159122708952054,8912535747.162024,138678506306650,138678506298458,8192,1113554952,44691744,0,0,44746768,89438512,85.29521179199219,0.03776331141125411,478.95263671875
uwave-all,cwr_star,uwave,1,50,resnet18_cifar,0.1,"[0.1,0.05,0.01]",last_epoch_train_mean,1.5269667158391126e-06,0.05,0.0,416035518919950,44691744,6,0,0.44466406254769036,0.32700892857142855,0.4521324073850484,0.4521324073850484,-0.4521324073850484,2,0.4521324073850484,0.36036036036036034,0.3734249292624008,0.020000000000000018,0.12264150943396224,0.7576601671309192,1.0,1.0,"[0.9554317548746518,0.4140127388535032,0.3797250859106529,0.28343023255813954,0.3083756345177665,0.32700892857142855]","[0.7576601671309192,1.0,0.36036036036036034,0.12264150943396224,0.020000000000000018]",,,512,55.944118045968935,55947.37158203125,35.40820127201732,20.535916773951612,4.1071833547903225,4.1856014099903405,8912535747.162024,138678506306650,138678506298458,8192,1113554952,44691744,0,0,44746768,89438512,85.29521179199219,0.040135598153158626,478.95263671875
uwave-all,cwr_star,uwave,1,50,resnet18_cifar,0.05,"[0.1,0.05,0.01]",last_epoch_train_mean,0.0,0.05,0.0,416035518919950,44691744,6,0,0.5444653912823777,0.32142857142857145,0.4204724169995101,0.4204724169995101,-0.4204724169995101,2,0.4204724169995101,0.38738738738738737,0.2736456499119837,0.010000000000000009,0.28301886792452835,0.6183844011142061,0.8035714285714286,1.0,"[0.9777158774373259,0.6284501061571125,0.5498281786941581,0.43023255813953487,0.35913705583756345,0.32142857142857145]","[0.6183844011142061,0.8035714285714286,0.38738738738738737,0.28301886792452835,0.010000000000000009]","[-0.005571030640668551,0.1964285714285714,0.5495495495495495,0.10377358490566035,0.050000000000000044,1.0]",0.3156967792071855,512,55.76806013297755,55771.007080078125,35.25657368998509,20.511486442992464,4.102297288598493,4.182010508025996,8912535747.162024,138678506306650,138678506298458,8192,1113554952,44691744,0,0,44746768,89438512,85.29521179199219,0.03788145451315878,478.95263671875
uwave-all,cwr_star,uwave,1,50,resnet18_cifar,0.01,"[0.1,0.05,0.01]",last_epoch_train_mean,0.0,0.05,0.0,416035518919950,44691744,6,0,0.6402733225892645,0.43638392857142855,0.005603603603603604,0.005603603603603604,-0.005603603603603604,3,0.005603603603603604,0.0,0.007316380342300768,0.0,0.0,0.010000000000000002,0.018018018018018018,0.4,"[0.9832869080779945,0.7515923566878981,0.6116838487972509,0.5625,0.49619289340101524,0.43638392857142855]","[0.0,0.0,0.018018018018018018,0.0,0.010000000000000002]",,,512,56.2222903581569,56225.361083984375,35.77694147499278,20.445348883164115,4.089069776632823,4.182145023019984,8912535747.162024,138678506306650,138678506298458,8192,1113554952,44691744,0,0,44746768,89438512,85.29521179199219,0.03753514088852431,478.95263671875
uwave-all,cwr_star,uwave,1,52,resnet18_cifar,0.1,"[0.1,0.05,0.01]",last_epoch_train_mean,0.0,0.1,0.0,416035518919950,44691744,6,0,0.5095411787998784,0.25892857142857145,0.6991425347330378,0.6991425347330378,-0.6991425347330378,2,0.6991425347330378,0.9192200557103064,0.33380985521646067,0.07999999999999996,0.6132075471698113,0.9279279279279279,0.9553571428571429,1.0,"[0.9526462395543176,0.6518046709129511,0.5137457044673539,0.3793604651162791,0.30076142131979694,0.25892857142857145]","[0.9192200557103064,0.9553571428571429,0.9279279279279279,0.6132075471698113,0.07999999999999996]","[0.01949860724233976,0.044642857142857095,-0.009009009009008917,0.16981132075471694,-0.010000000000000009,0.01851851851851849]",0.03891038244157056,512,55.671412247931585,55674.376953125,35.30288533994462,20.36852690798696,4.073705381597392,4.162496504955925,8912535747.162024,138678506306650,138678506298458,8192,1113554952,44691744,0,0,44746768,89438512,85.29521179199219,0.037961128457806935,478.95263671875
uwave-all,cwr_star,uwave,1,52,resnet18_cifar,0.05,"[0.1,0.05,0.01]",last_epoch_train_mean,0.0,0.1,0.0,416035518919950,44691744,6,0,0.7146989745970768,0.5133928571428571,0.1841054785386262,0.1841054785386262,-0.1841054785386262,2,0.1841054785386262,0.05405405405405406,0.19854560454182285,0.0,0.01999999999999999,0.3732590529247911,0.4732142857142857,0.8,"[0.9749303621169917,0.8789808917197452,0.8041237113402062,0.5901162790697675,0.5266497461928934,0.5133928571428571]","[0.3732590529247911,0.4732142857142857,0.05405405405405406,0.0,0.01999999999999999]",,,512,55.293346298043616,55296.421630859375,35.03495824406855,20.258388053975068,4.051677610795013,4.133749152999371,8912535747.162024,138678506306650,138678506298458,8192,1113554952,44691744,0,0,44746768,89438512,85.29521179199219,0.0370627220555824,478.95263671875
uwave-all,cwr_star,uwave,1,52,resnet18_cifar,0.01,"[0.1,0.05,0.01]",last_epoch_train_mean,0.0,0.1,0.0,416035518919950,44691744,6,0,0.6402346833413542,0.44419642857142855,0.005458221024258759,0.005458221024258759,-0.005458221024258759,2,0.005458221024258759,0.0,0.007196058800114551,0.0,0.0,0.009433962264150941,0.017857142857142856,0.4,"[0.9805013927576601,0.7515923566878981,0.6082474226804123,0.5581395348837209,0.4987309644670051,0.44419642857142855]","[0.0,0.017857142857142856,0.0,0.009433962264150941,0.0]",,,512,55.284714936162345,55287.623291015625,35.15599267708603,20.128722259076312,4.025744451815262,4.082432032912038,8912535747.162024,138678506306650,138678506298458,8192,1113554952,44691744,0,0,44746768,89438512,85.29521179199219,0.039243408666931955,478.95263671875
uwave-all,cwr_star,uwave,1,54,resnet18_cifar,0.1,"[0.1,0.05,0.01]",last_epoch_train_mean,4.843985625388286e-06,0.05,0.0,416035518919950,44691744,6,0,0.3982044999988082,0.3002232142857143,0.6195923962013203,0.6195923962013203,-0.6195923962013203,2,0.6195923962013203,0.8828828828828829,0.3978348669851176,0.030000000000000027,0.2547169811320755,0.9303621169916435,1.0,1.0,"[0.9303621169916435,0.37367303609341823,0.32130584192439865,0.2136627906976744,0.25,0.3002232142857143]","[0.9303621169916435,1.0,0.8828828828828829,0.2547169811320755,0.030000000000000027]",,,512,55.135582073940895,55138.576904296875,34.9728299039416,20.162752169999294,4.032550433999859,4.117044473998249,8912535747.162024,138678506306650,138678506298458,8192,1113554952,44691744,0,0,44746768,89438512,85.29521179199219,0.03853274081068646,478.95263671875
uwave-all,cwr_star,uwave,1,54,resnet18_cifar,0.05,"[0.1,0.05,0.01]",last_epoch_train_mean,0.0,0.05,0.0,416035518919950,44691744,6,0,0.6913985935704069,0.4654017857142857,0.28441554306861494,0.28441554306861494,-0.28441554306861494,2,0.28441554306861494,0.2882882882882883,0.21763475857699222,0.019999999999999962,0.06603773584905659,0.4763231197771587,0.5714285714285714,1.0,"[0.9805013927576601,0.8768577494692145,0.7903780068728522,0.5377906976744186,0.49746192893401014,0.4654017857142857]","[0.4763231197771587,0.5714285714285714,0.2882882882882883,0.06603773584905659,0.019999999999999962]","[-0.0027855153203342198,0.4285714285714286,0.48648648648648646,0.08490566037735847,0.71,0.05555555555555558]",0.29378893594508243,512,55.82351657713298,55826.5361328125,35.392795036081225,20.430721541051753,4.086144308210351,4.176264506997541,8912535747.162024,138678506306650,138678506298458,8192,1113554952,44691744,0,0,44746768,89438512,85.29521179199219,0.04116857586008597,478.95263671875
uwave-all,cwr_star,uwave,1,54,resnet18_cifar,0.01,"[0.1,0.05,0.01]",last_epoch_train_mean,0.0,0.05,0.0,416035518919950,44691744,6,0,0.6447212328240436,0.4486607142857143,0.005357142857142857,0.005357142857142857,-0.005357142857142857,2,0.005357142857142857,0.0,0.010714285714285714,0.0,0.0,0.0,0.026785714285714284,0.2,"[0.9777158774373259,0.7515923566878981,0.6082474226804123,0.5770348837209303,0.5050761421319797,0.4486607142857143]","[0.0,0.026785714285714284,0.0,0.0,0.0]",,,512,55.46409398911055,55467.253662109375,35.18233376299031,20.28176022612024,4.056352045224048,4.120224451995455,8912535747.162024,138678506306650,138678506298458,8192,1113554952,44691744,0,0,44746768,89438512,85.29521179199219,0.03703658577640973,478.95263671875
uwave-all,cwr_star,uwave,1,56,resnet18_cifar,0.1,"[0.1,0.05,0.01]",last_epoch_train_mean,0.0,0.1,0.0,416035518919950,44691744,6,0,0.4752246164526905,0.24330357142857142,0.6360773850531037,0.6360773850531037,-0.6360773850531037,1,0.6360773850531037,0.875,0.32449702300637345,0.10377358490566035,0.41,0.8918918918918919,0.8997214484679666,1.0,"[0.9610027855153204,0.5265392781316348,0.4518900343642612,0.3386627906976744,0.3299492385786802,0.24330357142857142]","[0.8997214484679666,0.875,0.8918918918918919,0.10377358490566035,0.41]","[-0.005571030640668551,0.125,0.0,0.018867924528301883,0.52,0.04629629629629628]",0.11743219836398827,512,55.01375257503241,55016.77685546875,34.90120779606514,20.112544778967276,4.022508955793455,4.101047346019186,8912535747.162024,138678506306650,138678506298458,8192,1113554952,44691744,0,0,44746768,89438512,85.29521179199219,0.03645474563589752,478.95263671875
uwave-all,cwr_star,uwave,1,56,resnet18_cifar,0.05,"[0.1,0.05,0.01]",last_epoch_train_mean,0.0,0.1,0.0,416035518919950,44691744,6,0,0.5051559647232832,0.26785714285714285,0.5576001755684312,0.5576001755684312,-0.5576001755684312,2,0.5576001755684312,0.6740947075208914,0.32683456569130687,0.17,0.1891891891891892,0.7547169811320755,1.0,1.0,"[0.9749303621169917,0.6072186836518046,0.5360824742268041,0.3313953488372093,0.3134517766497462,0.26785714285714285]","[0.6740947075208914,1.0,0.1891891891891892,0.7547169811320755,0.17]",,,512,55.23363446886651,55236.60009765625,35.04651574289892,20.187118725967593,4.037423745193519,4.118675024015829,8912535747.162024,138678506306650,138678506298458,8192,1113554952,44691744,0,0,44746768,89438512,85.29521179199219,0.04212825219188484,478.95263671875
uwave-all,cwr_star,uwave,1,56,resnet18_cifar,0.01,"[0.1,0.05,0.01]",last_epoch_train_mean,0.0,0.1,0.0,416035518919950,44691744,6,0,0.6544740774344072,0.4609375,0.015089278096241877,0.015089278096241877,-0.015089278096241877,2,0.015089278096241877,0.01,0.016043448478717817,0.0,0.0027855153203342198,0.018018018018018018,0.044642857142857144,0.8,"[0.9805013927576601,0.7579617834394905,0.6168384879725086,0.5915697674418605,0.5190355329949239,0.4609375]","[0.0027855153203342198,0.044642857142857144,0.018018018018018018,0.0,0.01]",,,512,55.55513650900684,55558.151611328125,35.31067160505336,20.244464903953485,4.048892980790697,4.136745675001293,8912535747.162024,138678506306650,138678506298458,8192,1113554952,44691744,0,0,44746768,89438512,85.29521179199219,0.037712959705718925,478.95263671875
uwave-all,cwr_star,uwave,2,48,resnet18_cifar,0.1,"[0.1,0.05,0.01]",last_epoch_train_mean,2.753101211209097e-10,0.01,0.0,420053737811850,44691744,6,0,0.6355956840793681,0.43191964285714285,0.47339898998287555,0.47339898998287555,-0.47339898998287555,2,0.47339898998287555,0.61,0.36524241174163213,0.018181818181818188,0.09259259259259267,0.662613981762918,0.9836065573770492,1.0,"[0.9878419452887538,0.7427937915742794,0.6079854809437386,0.5553869499241275,0.48764629388816644,0.43191964285714285]","[0.662613981762918,0.9836065573770492,0.61,0.09259259259259267,0.018181818181818188]",,,512,56.639089812058955,56642.115966796875,36.931618234026246,19.70747157803271,3.941494315606542,4.0970414619660005,8912561668.526896,140017912603950,140017912595758,8192,1113554952,44691744,0,0,44746768,89438512,85.29521179199219,0.052954174212313125,478.95263671875
uwave-all,cwr_star,uwave,2,48,resnet18_cifar,0.05,"[0.1,0.05,0.01]",last_epoch_train_mean,1.6518607103156951e-09,0.01,0.0,420053737811850,44691744,6,0,0.5719484521551516,0.33482142857142855,0.2872838706462704,0.2872838706462704,-0.2872838706462704,2,0.2872838706462704,0.0,0.3551925859656045,0.0,0.0,0.6413373860182372,0.7950819672131147,0.4,"[0.9817629179331308,0.7117516629711752,0.5807622504537205,0.44157814871016693,0.3810143042912874,0.33482142857142855]","[0.6413373860182372,0.7950819672131147,0.0,0.0,0.0]",,,512,59.04840458196122,59051.5986328125,38.80125322099775,20.24715136096347,4.049430272192694,4.205051371944137,8912561668.526896,140017912603950,140017912595758,8192,1113554952,44691744,0,0,44746768,89438512,85.29521179199219,0.038011587873500376,478.95263671875
uwave-all,cwr_star,uwave,2,48,resnet18_cifar,0.01,"[0.1,0.05,0.01]",last_epoch_train_mean,0.0,0.01,0.0,420053737811850,44691744,6,0,0.6023289186537144,0.3872767857142857,0.011111111111111113,0.011111111111111113,-0.011111111111111113,4,0.011111111111111113,0.0,0.022222222222222227,0.0,0.0,0.0,0.055555555555555566,0.2,"[0.9787234042553191,0.7139689578713969,0.5843920145190563,0.511380880121396,0.43823146944083224,0.3872767857142857]","[0.0,0.0,0.0,0.055555555555555566,0.0]","[0.015197568389057836,0.9754098360655737,1.0,0.8611111111111112,0.9272727272727272,0.9055118110236221]",0.7807505089770154,512,58.94631512300111,58949.509765625,38.52514243405312,20.42117268894799,4.084234537789598,4.2280709790065885,8912561668.526896,140017912603950,140017912595758,8192,1113554952,44691744,0,0,44746768,89438512,85.29521179199219,0.03823950984432096,478.95263671875
uwave-all,cwr_star,uwave,2,50,resnet18_cifar,0.1,"[0.1,0.05,0.01]",last_epoch_train_mean,1.5895545931519443e-06,0.01,0.0,420053737811850,44691744,6,0,0.4560035748983205,0.33370535714285715,0.6034898734047671,0.6034898734047671,-0.6034898734047671,2,0.6034898734047671,0.8600000000000001,0.39846330488892595,0.0092592592592593,0.24545454545454548,0.9027355623100304,1.0,1.0,"[0.9027355623100304,0.4567627494456763,0.3502722323049002,0.40515933232169954,0.28738621586475943,0.33370535714285715]","[0.9027355623100304,1.0,0.8600000000000001,0.0092592592592593,0.24545454545454548]",,,512,58.25605429895222,58259.19970703125,37.938875830033794,20.317178468918428,4.063435693783686,4.2036829149583355,8912561668.526896,140017912603950,140017912595758,8192,1113554952,44691744,0,0,44746768,89438512,85.29521179199219,0.03854003560783375,478.95263671875
uwave-all,cwr_star,uwave,2,50,resnet18_cifar,0.05,"[0.1,0.05,0.01]",last_epoch_train_mean,1.927170503241346e-09,0.01,0.0,420053737811850,44691744,6,0,0.5109798524545316,0.43973214285714285,0.1966905526103294,0.1966905526103294,-0.1966905526103294,3,0.1966905526103294,0.11818181818181828,0.13688371124002588,0.06557377049180328,0.07407407407407407,0.35562310030395133,0.37,1.0,"[0.6808510638297872,0.5144124168514412,0.4882032667876588,0.5265553869499241,0.41612483745123535,0.43973214285714285]","[0.35562310030395133,0.06557377049180328,0.37,0.07407407407407407,0.11818181818181828]",,,512,58.019411178072914,58022.629638671875,37.91675876697991,20.102652411093004,4.020530482218601,4.177277885028161,8912561668.526896,140017912603950,140017912595758,8192,1113554952,44691744,0,0,44746768,89438512,85.29521179199219,0.044672281027097985,478.95263671875
uwave-all,cwr_star,uwave,2,50,resnet18_cifar,0.01,"[0.1,0.05,0.01]",last_epoch_train_mean,0.0,0.01,0.0,420053737811850,44691744,6,0,0.6690864157976019,0.47879464285714285,0.017639344262295083,0.017639344262295083,-0.017639344262295083,3,0.017639344262295083,0.0,0.03134151850258434,0.0,0.0,0.00819672131147541,0.08,0.4,"[0.993920972644377,0.729490022172949,0.6134301270417423,0.644916540212443,0.5539661898569571,0.47879464285714285]","[0.0,0.00819672131147541,0.08,0.0,0.0]","[-0.006079027355623157,0.9590163934426229,0.9,0.11111111111111116,0.9727272727272728,0.9527559055118111]",0.6482552759061991,512,58.21177907299716,58215.15576171875,37.9005933010485,20.311185771948658,4.062237154389732,4.2191064839717,8912561668.526896,140017912603950,140017912595758,8192,1113554952,44691744,0,0,44746768,89438512,85.29521179199219,0.03846982365627939,478.95263671875
uwave-all,cwr_star,uwave,2,52,resnet18_cifar,0.1,"[0.1,0.05,0.01]",last_epoch_train_mean,1.5033487348315735e-05,0.05,0.0,420053737811850,44691744,6,0,0.43798181935384034,0.28683035714285715,0.6521087675130228,0.6521087675130228,-0.6521087675130228,2,0.6521087675130228,0.8905775075987842,0.3610729663398038,0.14814814814814814,0.28181818181818186,0.94,1.0,1.0,"[0.8905775075987842,0.4789356984478936,0.37568058076225047,0.3292867981790592,0.2665799739921977,0.28683035714285715]","[0.8905775075987842,1.0,0.94,0.14814814814814814,0.28181818181818186]",,,512,57.71662499080412,57719.76513671875,37.62973137793597,20.086893612868153,4.01737872257363,4.179613253916614,8912561668.526896,140017912603950,140017912595758,8192,1113554952,44691744,0,0,44746768,89438512,85.29521179199219,0.03815354804308819,478.95263671875
uwave-all,cwr_star,uwave,2,52,resnet18_cifar,0.05,"[0.1,0.05,0.01]",last_epoch_train_mean,0.0,0.05,0.0,420053737811850,44691744,6,0,0.6264828503694068,0.40401785714285715,0.4278421989590459,0.4278421989590459,-0.4278421989590459,2,0.4278421989590459,0.42,0.3460241362257088,0.0,0.10909090909090913,0.6838905775075987,0.9262295081967213,0.8,"[0.9878419452887538,0.7516629711751663,0.6787658802177858,0.511380880121396,0.42522756827048114,0.40401785714285715]","[0.6838905775075987,0.9262295081967213,0.42,0.0,0.10909090909090913]","[-0.045592705167173286,-0.016393442622950838,0.56,0.0,-0.018181818181818188,0.6062992125984251]",0.18102187443774712,512,57.55959335004445,57562.639404296875,37.57888000109233,19.980713348952122,3.9961426697904243,4.149397874018177,8912561668.526896,140017912603950,140017912595758,8192,1113554952,44691744,0,0,44746768,89438512,85.29521179199219,0.04173465510705553,478.95263671875
uwave-all,cwr_star,uwave,2,52,resnet18_cifar,0.01,"[0.1,0.05,0.01]",last_epoch_train_mean,0.0,0.05,0.0,420053737811850,44691744,6,0,0.6781067935984604,0.49888392857142855,0.033704773078334284,0.033704773078334284,-0.033704773078334284,3,0.033704773078334284,0.009090909090909094,0.053442622673702526,0.0,0.003039513677811523,0.016393442622950817,0.13999999999999999,0.8,"[0.9908814589665653,0.7339246119733924,0.6406533575317604,0.6282245827010622,0.576072821846554,0.49888392857142855]","[0.003039513677811523,0.016393442622950817,0.13999999999999999,0.0,0.009090909090909094]",,,512,57.5590865239501,57562.563232421875,37.21079777297564,20.34828875097446,4.069657750194892,4.252307773916982,8912561668.526896,140017912603950,140017912595758,8192,1113554952,44691744,0,0,44746768,89438512,85.29521179199219,0.039590042433701456,478.95263671875
uwave-all,cwr_star,uwave,2,54,resnet18_cifar,0.1,"[0.1,0.05,0.01]",last_epoch_train_mean,1.33135462893538e-06,0.05,0.0,420053737811850,44691744,6,0,0.44104001426838474,0.2924107142857143,0.606690374437148,0.606690374437148,-0.606690374437148,1,0.606690374437148,0.8852459016393442,0.3801714691009198,0.1272727272727272,0.15740740740740744,0.8999999999999999,0.9635258358662614,1.0,"[0.9635258358662614,0.401330376940133,0.3629764065335753,0.3490136570561457,0.27698309492847856,0.2924107142857143]","[0.9635258358662614,0.8852459016393442,0.8999999999999999,0.15740740740740744,0.1272727272727272]",,,512,57.39002078794874,57392.9765625,37.321736262063496,20.068284525885247,4.013656905177049,4.156995999976061,8912561668.526896,140017912603950,140017912595758,8192,1113554952,44691744,0,0,44746768,89438512,85.29521179199219,0.037890838159780414,478.95263671875
uwave-all,cwr_star,uwave,2,54,resnet18_cifar,0.05,"[0.1,0.05,0.01]",last_epoch_train_mean,0.0,0.05,0.0,420053737811850,44691744,6,0,0.6265549253570283,0.49330357142857145,0.17295326108092066,0.17295326108092066,-0.17295326108092066,1,0.17295326108092066,0.018181818181818188,0.27561119080136265,0.0,0.0092592592592593,0.12,0.7173252279635258,0.8,"[0.9756838905775076,0.7117516629711752,0.5245009074410163,0.5690440060698028,0.4850455136540962,0.49330357142857145]","[0.7173252279635258,0.0,0.12,0.0092592592592593,0.018181818181818188]","[0.00911854103343468,0.9918032786885246,0.050000000000000044,0.02777777777777779,0.16363636363636358,0.30708661417322836]",0.25823709588488813,512,56.83037579001393,56833.49755859375,36.958296669996344,19.872079120017588,3.9744158240035175,4.121780717978254,8912561668.526896,140017912603950,140017912595758,8192,1113554952,44691744,0,0,44746768,89438512,85.29521179199219,0.037933016756142024,478.95263671875
uwave-all,cwr_star,uwave,2,54,resnet18_cifar,0.01,"[0.1,0.05,0.01]",last_epoch_train_mean,0.0,0.05,0.0,420053737811850,44691744,6,0,0.610173316208426,0.38839285714285715,0.0020000000000000005,0.0020000000000000005,-0.0020000000000000005,3,0.0020000000000000005,0.0,0.004000000000000001,0.0,0.0,0.0,0.010000000000000002,0.2,"[0.993920972644377,0.7250554323725056,0.6025408348457351,0.5128983308042488,0.43823146944083224,0.38839285714285715]","[0.0,0.0,0.010000000000000002,0.0,0.0]",,,512,56.881715620169416,56884.84375,36.887511299108155,19.99420432106126,3.9988408642122524,4.19391703302972,8912561668.526896,140017912603950,140017912595758,8192,1113554952,44691744,0,0,44746768,89438512,85.29521179199219,0.03909191946149804,478.95263671875
uwave-all,cwr_star,uwave,2,56,resnet18_cifar,0.1,"[0.1,0.05,0.01]",last_epoch_train_mean,0.0,0.1,0.0,420053737811850,44691744,6,0,0.5611564328096145,0.31919642857142855,0.5836325565687268,0.5836325565687268,-0.5836325565687268,2,0.5836325565687268,0.78,0.3967456806670164,0.09999999999999998,0.11111111111111116,0.9270516717325228,1.0,1.0,"[0.9878419452887538,0.6895787139689579,0.515426497277677,0.48558421851289835,0.3693107932379714,0.31919642857142855]","[0.9270516717325228,1.0,0.78,0.11111111111111116,0.09999999999999998]","[0.003039513677811523,-0.024590163934426257,0.17999999999999994,0.0,-0.018181818181818188,0.4645669291338582]",0.10080574344923754,512,57.29221204004716,57295.477294921875,37.231018238002434,20.061193802044727,4.012238760408946,4.152615935076028,8912561668.526896,140017912603950,140017912595758,8192,1113554952,44691744,0,0,44746768,89438512,85.29521179199219,0.038712890532873905,478.95263671875
uwave-all,cwr_star,uwave,2,56,resnet18_cifar,0.05,"[0.1,0.05,0.01]",last_epoch_train_mean,0.0,0.1,0.0,420053737811850,44691744,6,0,0.6587743972476592,0.4810267857142857,0.3624468311597715,0.3624468311597715,-0.3624468311597715,3,0.3624468311597715,0.24545454545454548,0.3253038981129539,0.0,0.07377049180327866,0.6930091185410334,0.7999999999999999,0.8,"[0.9878419452887538,0.7671840354767184,0.6787658802177858,0.5371775417298937,0.5006501950585176,0.4810267857142857]","[0.6930091185410334,0.07377049180327866,0.7999999999999999,0.0,0.24545454545454548]",,,512,56.938669527182356,56941.82763671875,37.03896783501841,19.899701692163944,3.979940338432789,4.121362560079433,8912561668.526896,140017912603950,140017912595758,8192,1113554952,44691744,0,0,44746768,89438512,85.29521179199219,0.040076207629421594,478.95263671875
uwave-all,cwr_star,uwave,2,56,resnet18_cifar,0.01,"[0.1,0.05,0.01]",last_epoch_train_mean,0.0,0.1,0.0,420053737811850,44691744,6,0,0.6669782126154434,0.4732142857142857,0.016000000000000004,0.016000000000000004,-0.016000000000000004,3,0.016000000000000004,0.0,0.03200000000000001,0.0,0.0,0.0,0.08000000000000002,0.2,"[0.9908814589665653,0.7228381374722838,0.6333938294010889,0.6327769347496206,0.5487646293888166,0.4732142857142857]","[0.0,0.0,0.08000000000000002,0.0,0.0]",,,512,56.314019293989986,56317.037353515625,36.504409300978296,19.80960999301169,3.961921998602338,4.084100337931886,8912561668.526896,140017912603950,140017912595758,8192,1113554952,44691744,0,0,44746768,89438512,85.29521179199219,0.038513364155993,478.95263671875
uwave-all,cwr_star,uwave,3,48,resnet18_cifar,0.1,"[0.1,0.05,0.01]",last_epoch_train_mean,0.0,0.1,0.0,418444042094310,44691744,6,0,0.5282061983485884,0.33482142857142855,0.47503346750683473,0.47503346750683473,-0.47503346750683473,1,0.47503346750683473,0.6535433070866141,0.3206848417443068,0.009090909090909094,0.18018018018018023,0.7,0.8323529411764706,1.0,"[0.9882352941176471,0.7066381156316917,0.5097001763668431,0.3392330383480826,0.2906091370558376,0.33482142857142855]","[0.8323529411764706,0.6535433070866141,0.7,0.18018018018018023,0.009090909090909094]","[0.002941176470588225,0.0,0.27,-0.036036036036036,0.9181818181818182,0.0]",0.19251449310272842,512,54.89713104511611,54900.02587890625,34.76860641792882,20.12852462718729,4.0257049254374575,4.095775795052759,8912521414.504374,139481347364770,139481347356578,8192,1113554952,44691744,0,0,44746768,89438512,85.29521179199219,0.03837168852831902,478.95263671875
uwave-all,cwr_star,uwave,3,48,resnet18_cifar,0.05,"[0.1,0.05,0.01]",last_epoch_train_mean,1.2078921351824656e-07,0.1,0.0,418444042094310,44691744,6,0,0.5918984681043367,0.43861607142857145,0.2995115105842294,0.2995115105842294,-0.2995115105842294,1,0.2995115105842294,0.26771653543307095,0.23157367435209258,0.0,0.1351351351351351,0.42999999999999994,0.6647058823529413,0.8,"[0.9911764705882353,0.702355460385439,0.49559082892416223,0.49852507374631266,0.4251269035532995,0.43861607142857145]","[0.6647058823529413,0.26771653543307095,0.42999999999999994,0.1351351351351351,0.0]",,,512,55.4973085320089,55500.329833984375,35.32009956706315,20.17720896494575,4.0354417929891495,4.11496678495314,8912521414.504374,139481347364770,139481347356578,8192,1113554952,44691744,0,0,44746768,89438512,85.29521179199219,0.041472324872821834,478.95263671875
uwave-all,cwr_star,uwave,3,48,resnet18_cifar,0.01,"[0.1,0.05,0.01]",last_epoch_train_mean,0.0,0.1,0.0,418444042094310,44691744,6,0,0.6929206902741109,0.5033482142857143,0.011050486336266794,0.011050486336266794,-0.011050486336266794,2,0.011050486336266794,0.00588235294117645,0.01465632242269987,0.0,0.0,0.009999999999999995,0.03937007874015752,0.6,"[0.9941176470588236,0.8029978586723768,0.6701940035273368,0.6386430678466076,0.5482233502538071,0.5033482142857143]","[0.00588235294117645,0.03937007874015752,0.009999999999999995,0.0,0.0]",,,512,58.65275660494808,58656.08349609375,35.758455720031634,22.894300884916447,4.578860176983289,4.664241382037289,8912521414.504374,139481347364770,139481347356578,8192,1113554952,44691744,0,0,44746768,89438512,85.29521179199219,0.045366685039230754,478.95263671875
uwave-all,cwr_star,uwave,3,50,resnet18_cifar,0.1,"[0.1,0.05,0.01]",last_epoch_train_mean,0.0,0.1,0.0,418444042094310,44691744,6,0,0.6047469785486511,0.4575892857142857,0.45004022170302865,0.45004022170302865,-0.45004022170302865,1,0.45004022170302865,0.3700787401574803,0.29981598580090785,0.08181818181818179,0.20000000000000007,0.7747747747747749,0.8235294117647058,1.0,"[0.9941176470588236,0.7558886509635975,0.562610229276896,0.44837758112094395,0.4098984771573604,0.4575892857142857]","[0.8235294117647058,0.3700787401574803,0.20000000000000007,0.7747747747747749,0.08181818181818179]","[-0.002941176470588225,-0.015748031496062964,0.20999999999999996,0.0,0.07272727272727275,0.03703703703703709]",0.0501791836329431,512,65.61750029411633,65620.99169921875,42.10145817510784,23.51604211900849,4.703208423801698,4.781845842022449,8912521414.504374,139481347364770,139481347356578,8192,1113554952,44691744,0,0,44746768,89438512,85.29521179199219,0.046551359186456205,478.95263671875
uwave-all,cwr_star,uwave,3,50,resnet18_cifar,0.05,"[0.1,0.05,0.01]",last_epoch_train_mean,0.0,0.1,0.0,418444042094310,44691744,6,0,0.578789777692399,0.40066964285714285,0.4122303406610956,0.4122303406610956,-0.4122303406610956,1,0.4122303406610956,0.2992125984251969,0.3604714284247892,0.018181818181818188,0.1100000000000001,0.6396396396396395,0.9941176470588236,1.0,"[1.0,0.721627408993576,0.49559082892416223,0.5147492625368731,0.3401015228426396,0.40066964285714285]","[0.9941176470588236,0.2992125984251969,0.1100000000000001,0.6396396396396395,0.018181818181818188]",,,512,68.13570397195872,68139.39208984375,43.62984081101604,24.50586316094268,4.901172632188536,4.970157161937095,8912521414.504374,139481347364770,139481347356578,8192,1113554952,44691744,0,0,44746768,89438512,85.29521179199219,0.04900131248827425,478.95263671875
uwave-all,cwr_star,uwave,3,50,resnet18_cifar,0.01,"[0.1,0.05,0.01]",last_epoch_train_mean,0.0,0.1,0.0,418444042094310,44691744,6,0,0.6346553076254867,0.48325892857142855,0.010569455556023408,0.010569455556023408,-0.010569455556023408,3,0.010569455556023408,0.007874015748031496,0.010204703567181348,0.0,0.00588235294117645,0.009090909090909087,0.030000000000000006,0.8,"[0.9941176470588236,0.7323340471092077,0.6137566137566137,0.5250737463126843,0.4593908629441624,0.48325892857142855]","[0.00588235294117645,0.007874015748031496,0.030000000000000006,0.0,0.009090909090909087]",,,512,70.56484605115838,70568.49951171875,45.32653206808027,25.238313983078115,5.047662796615623,5.076778360060416,8912521414.504374,139481347364770,139481347356578,8192,1113554952,44691744,0,0,44746768,89438512,85.29521179199219,0.049020658480003476,478.95263671875
uwave-all,cwr_star,uwave,3,52,resnet18_cifar,0.1,"[0.1,0.05,0.01]",last_epoch_train_mean,0.0,0.1,0.0,418444042094310,44691744,6,0,0.6210977604115372,0.37611607142857145,0.4043839706479818,0.4043839706479818,-0.4043839706479818,3,0.4043839706479818,0.08661417322834641,0.4012026022691163,0.06363636363636363,0.08108108108108114,0.8705882352941177,0.92,1.0,"[1.0,0.8822269807280514,0.6243386243386243,0.44542772861356933,0.39847715736040606,0.37611607142857145]","[0.8705882352941177,0.08661417322834641,0.92,0.08108108108108114,0.06363636363636363]","[-0.0117647058823529,0.21259842519685046,-0.08000000000000007,-0.009009009009009028,0.8818181818181818,0.0092592592592593]",0.16715035856382157,512,68.65723853709642,68660.95458984375,44.72329134005122,23.9339471970452,4.78678943940904,4.864225576980971,8912521414.504374,139481347364770,139481347356578,8192,1113554952,44691744,0,0,44746768,89438512,85.29521179199219,0.04332205129945318,478.95263671875
uwave-all,cwr_star,uwave,3,52,resnet18_cifar,0.05,"[0.1,0.05,0.01]",last_epoch_train_mean,0.0,0.1,0.0,418444042094310,44691744,6,0,0.5184862386652802,0.3872767857142857,0.4473998859695942,0.4473998859695942,-0.4473998859695942,2,0.4473998859695942,0.41000000000000003,0.35220025525294135,0.045454545454545456,0.10810810810810811,0.6970588235294118,0.9763779527559056,1.0,"[0.9852941176470589,0.49678800856531047,0.42680776014109345,0.4365781710914454,0.37817258883248733,0.3872767857142857]","[0.6970588235294118,0.9763779527559056,0.41000000000000003,0.10810810810810811,0.045454545454545456]",,,512,68.89502127200831,68898.67041015625,44.829048927058466,24.06597234494984,4.813194468989968,4.898157609044574,8912521414.504374,139481347364770,139481347356578,8192,1113554952,44691744,0,0,44746768,89438512,85.29521179199219,0.04387106465791086,478.95263671875
uwave-all,cwr_star,uwave,3,52,resnet18_cifar,0.01,"[0.1,0.05,0.01]",last_epoch_train_mean,0.0,0.1,0.0,418444042094310,44691744,6,0,0.7084189497153613,0.5189732142857143,0.0075396433951320395,0.0075396433951320395,-0.0075396433951320395,2,0.0075396433951320395,0.009009009009009,0.005542240444581009,0.0,0.002941176470588225,0.010000000000000009,0.015748031496062964,0.8,"[0.9941176470588236,0.8094218415417559,0.7301587301587301,0.644542772861357,0.5532994923857868,0.5189732142857143]","[0.002941176470588225,0.015748031496062964,0.010000000000000009,0.009009009009009,0.0]",,,512,68.33028956479393,68333.9931640625,43.84086793102324,24.48942163377069,4.897884326754138,4.944364874972962,8912521414.504374,139481347364770,139481347356578,8192,1113554952,44691744,0,0,44746768,89438512,85.29521179199219,0.04568936505425621,478.95263671875
uwave-all,cwr_star,uwave,3,54,resnet18_cifar,0.1,"[0.1,0.05,0.01]",last_epoch_train_mean,0.0,0.1,0.0,418444042094310,44691744,6,0,0.5522000081368036,0.3671875,0.5363269615145484,0.5363269615145484,-0.5363269615145484,4,0.5363269615145484,0.6141732283464567,0.3094030727556147,0.1,0.29999999999999993,0.6764705882352942,0.990990990990991,1.0,"[0.9705882352941176,0.6488222698072805,0.5714285714285714,0.41887905604719766,0.3362944162436548,0.3671875]","[0.6764705882352942,0.6141732283464567,0.1,0.990990990990991,0.29999999999999993]","[0.01764705882352946,-0.03937007874015752,0.69,-0.036036036036036,0.0818181818181819,0.10185185185185186]",0.13598516295289495,512,71.22766255412716,71231.166015625,45.538480026996695,25.68918252713047,5.137836505426094,5.241160262026824,8912521414.504374,139481347364770,139481347356578,8192,1113554952,44691744,0,0,44746768,89438512,85.29521179199219,0.04521348767281909,478.95263671875
uwave-all,cwr_star,uwave,3,54,resnet18_cifar,0.05,"[0.1,0.05,0.01]",last_epoch_train_mean,0.0,0.1,0.0,418444042094310,44691744,6,0,0.5597656868834816,0.38392857142857145,0.32009292757324254,0.32009292757324254,-0.32009292757324254,2,0.32009292757324254,0.06306306306306309,0.3672004298781063,0.0,0.0,0.75,0.7874015748031495,0.6,"[0.9823529411764705,0.715203426124197,0.4497354497354497,0.45427728613569324,0.3730964467005076,0.38392857142857145]","[0.75,0.7874015748031495,0.0,0.06306306306306309,0.0]",,,512,69.3806256611133,69384.43798828125,44.38498328102287,24.99564238009043,4.999128476018086,5.072619741084054,8912521414.504374,139481347364770,139481347356578,8192,1113554952,44691744,0,0,44746768,89438512,85.29521179199219,0.04936001343074687,478.95263671875
uwave-all,cwr_star,uwave,3,54,resnet18_cifar,0.01,"[0.1,0.05,0.01]",last_epoch_train_mean,0.0,0.1,0.0,418444042094310,44691744,6,0,0.7644962276375923,0.5993303571428571,0.01081519221861973,0.01081519221861973,-0.01081519221861973,2,0.01081519221861973,0.0,0.01537155920625022,0.0,0.0,0.014705882352941235,0.03937007874015741,0.4,"[0.9852941176470589,0.8886509635974305,0.7389770723104057,0.7389380530973452,0.6357868020304569,0.5993303571428571]","[0.014705882352941235,0.03937007874015741,0.0,0.0,0.0]",,,512,70.00496423931327,70008.3642578125,44.88938483106904,25.11557940824423,5.023115881648846,5.065801750053652,8912521414.504374,139481347364770,139481347356578,8192,1113554952,44691744,0,0,44746768,89438512,85.29521179199219,0.046120001180887424,478.95263671875
uwave-all,cwr_star,uwave,3,56,resnet18_cifar,0.1,"[0.1,0.05,0.01]",last_epoch_train_mean,0.0,0.1,0.0,418444042094310,44691744,6,0,0.6457713646321197,0.44419642857142855,0.43918179048980344,0.43918179048980344,-0.43918179048980344,1,0.43918179048980344,0.52,0.2633833409664017,0.018181818181818188,0.26771653543307083,0.6576576576576576,0.7323529411764707,1.0,"[0.9852941176470589,0.721627408993576,0.6631393298059964,0.5870206489675516,0.4733502538071066,0.44419642857142855]","[0.7323529411764707,0.26771653543307083,0.52,0.6576576576576576,0.018181818181818188]","[0.002941176470588225,0.0,0.4,0.04504504504504503,0.1454545454545455,0.10185185185185186]",0.1158821031370051,512,68.38047063408885,68384.107421875,43.783052723971196,24.597417910117656,4.919483582023531,5.002274863072671,8912521414.504374,139481347364770,139481347356578,8192,1113554952,44691744,0,0,44746768,89438512,85.29521179199219,0.04525538068784434,478.95263671875
uwave-all,cwr_star,uwave,3,56,resnet18_cifar,0.05,"[0.1,0.05,0.01]",last_epoch_train_mean,1.4241814178317086e-08,0.1,0.0,418444042094310,44691744,6,0,0.5713252173755593,0.4296875,0.3144641849310678,0.3144641849310678,-0.3144641849310678,2,0.3144641849310678,0.07207207207207211,0.33914107271318267,0.009090909090909094,0.039999999999999925,0.6558823529411766,0.7952755905511811,1.0,"[0.9852941176470589,0.7194860813704497,0.4514991181657848,0.4498525073746313,0.39213197969543145,0.4296875]","[0.6558823529411766,0.7952755905511811,0.039999999999999925,0.07207207207207211,0.009090909090909094]",,,512,68.1854331450304,68189.03857421875,44.18316367792431,24.00226946710609,4.800453893421218,4.8932654310483485,8912521414.504374,139481347364770,139481347356578,8192,1113554952,44691744,0,0,44746768,89438512,85.29521179199219,0.05181554791176625,478.95263671875
uwave-all,cwr_star,uwave,3,56,resnet18_cifar,0.01,"[0.1,0.05,0.01]",last_epoch_train_mean,0.0,0.1,0.0,418444042094310,44691744,6,0,0.6568260211228367,0.5133928571428571,0.03459585628830649,0.03459585628830649,-0.03459585628830649,3,0.03459585628830649,0.009009009009009028,0.04331385997551294,0.007874015748031496,0.008823529411764675,0.027272727272727282,0.12,1.0,"[0.9941176470588236,0.7301927194860813,0.6313932980599647,0.5693215339233039,0.5025380710659898,0.5133928571428571]","[0.008823529411764675,0.007874015748031496,0.12,0.009009009009009028,0.027272727272727282]",,,512,69.96419303514995,69968.0546875,44.63416992605198,25.330023109097965,5.066004621819593,5.119670160929672,8912521414.504374,139481347364770,139481347356578,8192,1113554952,44691744,0,0,44746768,89438512,85.29521179199219,0.05237720220715606,478.95263671875
